{
  "entangled_qft_b2": {
    "metrics": {
      "0.01": {
        "mean_mse": 0.15478711388384708,
        "std_mse": 0.07653594625359988,
        "mean_psnr": 8.709993380290493,
        "std_psnr": 2.4141870969898753,
        "mean_ssim": 0.10876782434889654,
        "std_ssim": 0.02224901626594407,
        "nan_count": 0
      },
      "0.02": {
        "mean_mse": 0.09643915727054374,
        "std_mse": 0.05294427139373464,
        "mean_psnr": 10.883636448336372,
        "std_psnr": 2.623478715432941,
        "mean_ssim": 0.22164706438873702,
        "std_ssim": 0.039722873318411914,
        "nan_count": 0
      },
      "0.05": {
        "mean_mse": 0.014624494942673429,
        "std_mse": 0.007823729972811732,
        "mean_psnr": 19.063197357996188,
        "std_psnr": 2.6166410561120044,
        "mean_ssim": 0.5265351511843257,
        "std_ssim": 0.08676477478908362,
        "nan_count": 0
      },
      "0.1": {
        "mean_mse": 0.0026643402278657123,
        "std_mse": 0.0017588757082335257,
        "mean_psnr": 26.932301275244235,
        "std_psnr": 3.5678519005272356,
        "mean_ssim": 0.7929680542769882,
        "std_ssim": 0.06556794088336822,
        "nan_count": 0
      },
      "0.15": {
        "mean_mse": 0.0014394329294069735,
        "std_mse": 0.0010117975542740555,
        "mean_psnr": 29.764785717336952,
        "std_psnr": 3.880548104643912,
        "mean_ssim": 0.8705950819748643,
        "std_ssim": 0.04745082346284893,
        "nan_count": 0
      },
      "0.2": {
        "mean_mse": 0.0008785500984412134,
        "std_mse": 0.0006481913871714182,
        "mean_psnr": 32.04590896037262,
        "std_psnr": 4.130462360343715,
        "mean_ssim": 0.9122803884056329,
        "std_ssim": 0.03593234494245249,
        "nan_count": 0
      }
    },
    "seed": 98,
    "init": "family_random_basis",
    "objective": "top10pct_mse",
    "steps": 1008,
    "epochs_completed": 112,
    "elapsed_seconds": 159.2
  }
}