{
  "fft": {
    "metrics": {
      "0.01": {
        "mean_mse": 0.05783570565283298,
        "std_mse": 0.009786419507100883,
        "mean_psnr": 12.444109882498909,
        "std_psnr": 0.7714945643691642,
        "mean_ssim": 0.2176451230940779,
        "std_ssim": 0.04140736352372402,
        "nan_count": 0
      },
      "0.05": {
        "mean_mse": 0.03190968826413155,
        "std_mse": 0.0065469852593678,
        "mean_psnr": 15.058246451324552,
        "std_psnr": 0.9387136545515467,
        "mean_ssim": 0.4926679686888004,
        "std_ssim": 0.04232187952645556,
        "nan_count": 0
      },
      "0.1": {
        "mean_mse": 0.01985895907506347,
        "std_mse": 0.004320604269948642,
        "mean_psnr": 17.131767893132515,
        "std_psnr": 1.008902309916662,
        "mean_ssim": 0.6132825298420466,
        "std_ssim": 0.06421414389020846,
        "nan_count": 0
      },
      "0.15": {
        "mean_mse": 0.013480285499244928,
        "std_mse": 0.0029839469713567874,
        "mean_psnr": 18.821412959850786,
        "std_psnr": 1.0483669941947047,
        "mean_ssim": 0.6719477416340883,
        "std_ssim": 0.07371129937522776,
        "nan_count": 0
      },
      "0.2": {
        "mean_mse": 0.009450688175857067,
        "std_mse": 0.0021376776907383547,
        "mean_psnr": 20.371423987931323,
        "std_psnr": 1.0885472526425175,
        "mean_ssim": 0.7098356013758983,
        "std_ssim": 0.07812874361427094,
        "nan_count": 0
      }
    },
    "time": 0.12335533648729324
  },
  "dct": {
    "metrics": {
      "0.01": {
        "mean_mse": 0.05116705611348152,
        "std_mse": 0.008124578592693095,
        "mean_psnr": 12.967761813670414,
        "std_psnr": 0.7189869202639688,
        "mean_ssim": 0.2872966042853426,
        "std_ssim": 0.045662704519424294,
        "nan_count": 0
      },
      "0.05": {
        "mean_mse": 0.02574531773105264,
        "std_mse": 0.00467773941951472,
        "mean_psnr": 15.970120719933616,
        "std_psnr": 0.8356893641472537,
        "mean_ssim": 0.5546226285653363,
        "std_ssim": 0.06269516457543056,
        "nan_count": 0
      },
      "0.1": {
        "mean_mse": 0.015082809124141932,
        "std_mse": 0.0029022541312327425,
        "mean_psnr": 18.301563241741544,
        "std_psnr": 0.8837922866065013,
        "mean_ssim": 0.652973517291706,
        "std_ssim": 0.0782638491103172,
        "nan_count": 0
      },
      "0.15": {
        "mean_mse": 0.009707062877714634,
        "std_mse": 0.0018751164368215158,
        "mean_psnr": 20.216439352985876,
        "std_psnr": 0.8895826043783689,
        "mean_ssim": 0.7008899334963681,
        "std_ssim": 0.0840547534145559,
        "nan_count": 0
      },
      "0.2": {
        "mean_mse": 0.00650049441959709,
        "std_mse": 0.001288856316165984,
        "mean_psnr": 21.961551876023847,
        "std_psnr": 0.9063438806438376,
        "mean_ssim": 0.7330275784008282,
        "std_ssim": 0.08405663913735703,
        "nan_count": 0
      }
    },
    "time": 0.08219162374734879
  },
  "block_fft_8": {
    "metrics": {
      "0.01": {
        "mean_mse": 0.06017836444079876,
        "std_mse": 0.013396135135691817,
        "mean_psnr": 12.316278646827495,
        "std_psnr": 0.991328973024489,
        "mean_ssim": 0.34621914203250204,
        "std_ssim": 0.11846700686969641,
        "nan_count": 0
      },
      "0.05": {
        "mean_mse": 0.028539531081914902,
        "std_mse": 0.008320503203944224,
        "mean_psnr": 15.650816053630972,
        "std_psnr": 1.385107135007754,
        "mean_ssim": 0.6348281066378505,
        "std_ssim": 0.0643198024052631,
        "nan_count": 0
      },
      "0.1": {
        "mean_mse": 0.015672531267628072,
        "std_mse": 0.005580305877978408,
        "mean_psnr": 18.353904277538263,
        "std_psnr": 1.6889810114570898,
        "mean_ssim": 0.7568773340949602,
        "std_ssim": 0.04604536157586752,
        "nan_count": 0
      },
      "0.15": {
        "mean_mse": 0.00964678210671991,
        "std_mse": 0.003998589469241543,
        "mean_psnr": 20.57893043867926,
        "std_psnr": 2.0031850859756104,
        "mean_ssim": 0.8129772074316449,
        "std_ssim": 0.043027717321954075,
        "nan_count": 0
      },
      "0.2": {
        "mean_mse": 0.00622966546099633,
        "std_mse": 0.0029629409413570646,
        "mean_psnr": 22.638921891073085,
        "std_psnr": 2.3870667449913445,
        "mean_ssim": 0.8509051037807644,
        "std_ssim": 0.039140681743951876,
        "nan_count": 0
      }
    },
    "time": 0.10247991234064102
  },
  "block_dct_8": {
    "metrics": {
      "0.01": {
        "mean_mse": 0.05675392173230648,
        "std_mse": 0.012983454643134428,
        "mean_psnr": 12.577761951379262,
        "std_psnr": 1.0241935600454402,
        "mean_ssim": 0.3911887066695459,
        "std_ssim": 0.11727575103091517,
        "nan_count": 0
      },
      "0.05": {
        "mean_mse": 0.022659766525030135,
        "std_mse": 0.007178674619118986,
        "mean_psnr": 16.698004249773582,
        "std_psnr": 1.54519695504553,
        "mean_ssim": 0.7044327641302915,
        "std_ssim": 0.05938129715055378,
        "nan_count": 0
      },
      "0.1": {
        "mean_mse": 0.01072616847231984,
        "std_mse": 0.00433362381115232,
        "mean_psnr": 20.112914067206276,
        "std_psnr": 2.0232814131949586,
        "mean_ssim": 0.8152365306669729,
        "std_ssim": 0.0405005523552531,
        "nan_count": 0
      },
      "0.15": {
        "mean_mse": 0.0057093663897830995,
        "std_mse": 0.002745740799944304,
        "mean_psnr": 23.033828417980512,
        "std_psnr": 2.4531968474339907,
        "mean_ssim": 0.8678625311780191,
        "std_ssim": 0.032709172165983784,
        "nan_count": 0
      },
      "0.2": {
        "mean_mse": 0.003190351881785318,
        "std_mse": 0.0017625316788735,
        "mean_psnr": 25.778729199802168,
        "std_psnr": 2.905364555820817,
        "mean_ssim": 0.9038075267676727,
        "std_ssim": 0.028490701736559883,
        "nan_count": 0
      }
    },
    "time": 0.09001702442765236
  },
  "mera": {
    "skipped": "incompatible_qubits"
  }
}