{
  "div2k_8q": {
    "qft": {
      "max": {
        "0.01": 21.215108429184156,
        "0.05": 25.235157452752265,
        "0.1": 28.086038557196133,
        "0.2": 32.26053939214657
      },
      "argmax_at_.20": "8x8",
      "candidates": {
        "full": {
          "0.01": 21.21441174901959,
          "0.05": 25.234743679291444,
          "0.1": 27.811497116979464,
          "0.2": 31.65947248176157
        },
        "4x4": {
          "0.01": 8.709993554220556,
          "0.05": 19.063192178002886,
          "0.1": 26.93231025267604,
          "0.2": 32.04586254225797
        },
        "8x8": {
          "0.01": 14.920206558617007,
          "0.05": 25.18484259286322,
          "0.1": 28.086038557196133,
          "0.2": 32.26053939214657
        },
        "16x16": {
          "0.01": 21.215108429184156,
          "0.05": 25.235157452752265,
          "0.1": 27.811877295155018,
          "0.2": 31.6601452315378
        }
      }
    },
    "entangled_qft": {
      "max": {
        "0.01": 21.21491913245101,
        "0.05": 25.235059215996017,
        "0.1": 28.086092058345415,
        "0.2": 32.26082639898932
      },
      "argmax_at_.20": "8x8",
      "candidates": {
        "full": {
          "0.01": 21.21491913245101,
          "0.05": 25.235059215996017,
          "0.1": 27.811834777090993,
          "0.2": 31.659975531459537
        },
        "4x4": {
          "0.01": 8.709993380290493,
          "0.05": 19.063197357996188,
          "0.1": 26.932301275244235,
          "0.2": 32.04590896037262
        },
        "8x8": {
          "0.01": 14.920215890253628,
          "0.05": 25.184810051107892,
          "0.1": 28.086092058345415,
          "0.2": 32.26082639898932
        },
        "16x16": {
          "0.01": 21.214523521208143,
          "0.05": 25.234916566163168,
          "0.1": 27.811644470540934,
          "0.2": 31.65964847616455
        }
      }
    },
    "tebd": {
      "max": {
        "0.01": 21.335406355520274,
        "0.05": 25.23495390521483,
        "0.1": 28.08582703372485,
        "0.2": 32.26039326935292
      },
      "argmax_at_.20": "8x8",
      "candidates": {
        "full": {
          "0.01": 21.335406355520274,
          "0.05": 25.093412186422743,
          "0.1": 27.571953123937277,
          "0.2": 31.29348456271595
        },
        "4x4": {
          "0.01": 8.709993608589906,
          "0.05": 19.06319953504209,
          "0.1": 26.93232881030069,
          "0.2": 32.04589756601329
        },
        "8x8": {
          "0.01": 14.920183515528523,
          "0.05": 25.184675526621266,
          "0.1": 28.08582703372485,
          "0.2": 32.26039326935292
        },
        "16x16": {
          "0.01": 21.214623583074076,
          "0.05": 25.23495390521483,
          "0.1": 27.811728019028962,
          "0.2": 31.659860657205385
        }
      }
    },
    "mera": {
      "max": {
        "0.01": 21.335367516768493,
        "0.05": 25.23495314192152,
        "0.1": 27.811729884069155,
        "0.2": 32.04589756601329
      },
      "argmax_at_.20": "4x4",
      "candidates": {
        "full": {
          "0.01": 21.335367516768493,
          "0.05": 25.09348065734599,
          "0.1": 27.572072683754627,
          "0.2": 31.293508411599106
        },
        "4x4": {
          "0.01": 8.709993608589906,
          "0.05": 19.06319953504209,
          "0.1": 26.93232881030069,
          "0.2": 32.04589756601329
        },
        "16x16": {
          "0.01": 21.214624761402273,
          "0.05": 25.23495314192152,
          "0.1": 27.811729884069155,
          "0.2": 31.65986125254759
        }
      }
    },
    "rich": {
      "max": {
        "0.01": 21.886570079684585,
        "0.05": 26.14612338165775,
        "0.1": 29.0519837659378,
        "0.2": 33.55676759600685
      },
      "argmax_at_.20": "8x8",
      "candidates": {
        "full": {
          "0.01": 21.886570079684585,
          "0.05": 26.14612338165775,
          "0.1": 28.836305061356203,
          "0.2": 32.74967395930175
        },
        "4x4": {
          "0.01": 8.710109306808706,
          "0.05": 19.087679924677587,
          "0.1": 27.432104251681885,
          "0.2": 32.94264097706453
        },
        "8x8": {
          "0.01": 14.925434589294381,
          "0.05": 25.851962018069507,
          "0.1": 29.0519837659378,
          "0.2": 33.55676759600685
        }
      }
    }
  },
  "quickdraw_5q": {
    "qft": {
      "max": {
        "0.01": 12.31760357227895,
        "0.05": 17.429821042006523,
        "0.1": 21.627694299556243,
        "0.2": 28.91689566794196
      },
      "argmax_at_.20": "16x16",
      "candidates": {
        "full": {
          "0.01": 12.315502221808353,
          "0.05": 17.42557368385748,
          "0.1": 21.620275204587028,
          "0.2": 28.91070719201793
        },
        "4x4": {
          "0.01": 12.317378495129866,
          "0.05": 17.42275950551833,
          "0.1": 21.610852317975162,
          "0.2": 28.889974168348157
        },
        "8x8": {
          "0.01": 12.314696421276851,
          "0.05": 17.429178806598735,
          "0.1": 21.618223926393767,
          "0.2": 28.901850193786007
        },
        "16x16": {
          "0.01": 12.31760357227895,
          "0.05": 17.429821042006523,
          "0.1": 21.627694299556243,
          "0.2": 28.91689566794196
        }
      }
    },
    "entangled_qft": {
      "max": {
        "0.01": 12.665204875265651,
        "0.05": 17.428565109912224,
        "0.1": 21.6200247597506,
        "0.2": 28.91323447041295
      },
      "argmax_at_.20": "16x16",
      "candidates": {
        "full": {
          "0.01": 12.665204875265651,
          "0.05": 16.196747220642266,
          "0.1": 18.9227437424047,
          "0.2": 23.44498649281188
        },
        "4x4": {
          "0.01": 12.317285098753748,
          "0.05": 17.42372374780498,
          "0.1": 21.612483952021567,
          "0.2": 28.889294350965862
        },
        "8x8": {
          "0.01": 12.315052629895241,
          "0.05": 17.428565109912224,
          "0.1": 21.617320027690734,
          "0.2": 28.89684763761197
        },
        "16x16": {
          "0.01": 12.316648919834098,
          "0.05": 17.428555190740923,
          "0.1": 21.6200247597506,
          "0.2": 28.91323447041295
        }
      }
    },
    "tebd": {
      "max": {
        "0.01": 12.658347136005482,
        "0.05": 17.425462685046735,
        "0.1": 21.619346565367653,
        "0.2": 28.90360321304736
      },
      "argmax_at_.20": "8x8",
      "candidates": {
        "full": {
          "0.01": 12.658347136005482,
          "0.05": 15.240488961858368,
          "0.1": 17.252088628087552,
          "0.2": 20.499760692577375
        },
        "4x4": {
          "0.01": 12.317486503981108,
          "0.05": 17.423711352124144,
          "0.1": 21.61031618376594,
          "0.2": 28.890379597976104
        },
        "8x8": {
          "0.01": 12.315643826352982,
          "0.05": 17.425037414252802,
          "0.1": 21.618833484242295,
          "0.2": 28.90360321304736
        },
        "16x16": {
          "0.01": 12.31694703719288,
          "0.05": 17.425462685046735,
          "0.1": 21.619346565367653,
          "0.2": 28.902248106737954
        }
      }
    },
    "mera": {
      "max": {
        "0.01": 12.317486503981108,
        "0.05": 17.425438046071793,
        "0.1": 21.619283569778602,
        "0.2": 28.902112458699488
      },
      "argmax_at_.20": "16x16",
      "candidates": {
        "4x4": {
          "0.01": 12.317486503981108,
          "0.05": 17.423711352124144,
          "0.1": 21.61031618376594,
          "0.2": 28.890379597976104
        },
        "16x16": {
          "0.01": 12.316893553879545,
          "0.05": 17.425438046071793,
          "0.1": 21.619283569778602,
          "0.2": 28.902112458699488
        }
      }
    },
    "rich": {
      "max": {
        "0.01": 12.965851111892714,
        "0.05": 18.390767601636952,