{
  "qft_progressive_k2": {
    "metrics": {
      "0.05": {
        "mean_mse": 0.17294664113185404,
        "std_mse": 0.008822368856376534,
        "mean_psnr": 7.626540599214303,
        "std_psnr": 0.2218971934166841,
        "mean_ssim": 0.6367234894385146,
        "std_ssim": 0.043280786908781066,
        "nan_count": 0
      },
      "0.1": {
        "mean_mse": 0.00027566832998684787,
        "std_mse": 0.0003304709663622332,
        "mean_psnr": 41.9020638016133,
        "std_psnr": 11.588225564857671,
        "mean_ssim": 0.9939858711052035,
        "std_ssim": 0.005929636933836469,
        "nan_count": 0
      },
      "0.15": {
        "mean_mse": 8.079151005361795e-06,
        "std_mse": 1.9485067056621216e-05,
        "mean_psnr": 67.73655608863801,
        "std_psnr": 18.59178187976723,
        "mean_ssim": 0.9996545271892834,
        "std_ssim": 0.0005458286579482418,
        "nan_count": 0
      },
      "0.2": {
        "mean_mse": 9.342168626442636e-08,
        "std_mse": 2.3052309294577115e-07,
        "mean_psnr": 87.05261237396464,
        "std_psnr": 14.848999344783435,
        "mean_ssim": 0.9999918363097382,
        "std_ssim": 2.888053017437066e-05,
        "nan_count": 0
      }
    },
    "time": 130.66913948208094,
    "_pdft_py": {
      "family": "qft",
      "stage_k": 2,
      "n_trainable": 6,
      "block_size": 4,
      "steps": 1008,
      "epochs_completed": 112,
      "device": "cuda:0",
      "n_test": 50
    }
  }
}