{
  "real_rich_8": {
    "metrics": {
      "0.05": {
        "mean_mse": 0.003329810804655779,
        "std_mse": 0.0021827328294700037,
        "mean_psnr": 25.968398945067342,
        "std_psnr": 3.587272250725638,
        "mean_ssim": 0.7395754920160862,
        "std_ssim": 0.08035169013578779,
        "nan_count": 0
      },
      "0.1": {
        "mean_mse": 0.0016766858831307621,
        "std_mse": 0.0011842703602656368,
        "mean_psnr": 29.162458789612245,
        "std_psnr": 4.030095104042959,
        "mean_ssim": 0.8510984442139028,
        "std_ssim": 0.05642042047680518,
        "nan_count": 0
      },
      "0.15": {
        "mean_mse": 0.0010057098462283526,
        "std_mse": 0.0007519435645208038,
        "mean_psnr": 31.54918028166622,
        "std_psnr": 4.347378673632202,
        "mean_ssim": 0.9022578069733762,
        "std_ssim": 0.04170306587224366,
        "nan_count": 0
      },
      "0.2": {
        "mean_mse": 0.0006431505042728383,
        "std_mse": 0.0005050349387359464,
        "mean_psnr": 33.641680836170316,
        "std_psnr": 4.603184750965287,
        "mean_ssim": 0.932377242240467,
        "std_ssim": 0.03139404757633994,
        "nan_count": 0
      }
    },
    "time": 291.3379475399852,
    "_pdft_py": {
      "basis": "real_rich_8",
      "lam": 1.0,
      "regulariser": "L1InitAnchorMSELoss",
      "steps": 1008,
      "epochs_completed": 112,
      "device": "cuda:0",
      "n_test": 50
    }
  }
}