{
  "entangled_qft_b4": {
    "metrics": {
      "0.01": {
        "mean_mse": 0.06009883194733831,
        "std_mse": 0.0126374147218583,
        "mean_psnr": 12.316648919834098,
        "std_psnr": 0.9828582679635611,
        "mean_ssim": 0.43821902421014547,
        "std_ssim": 0.10765644822997227,
        "nan_count": 0
      },
      "0.02": {
        "mean_mse": 0.04175638461344782,
        "std_mse": 0.01061453597752037,
        "mean_psnr": 13.94501412671911,
        "std_psnr": 1.1783485054859657,
        "mean_ssim": 0.5894236122229143,
        "std_ssim": 0.09688249532632223,
        "nan_count": 0
      },
      "0.05": {
        "mean_mse": 0.019236603728067417,
        "std_mse": 0.006464758712455934,
        "mean_psnr": 17.428555190740923,
        "std_psnr": 1.576949162239236,
        "mean_ssim": 0.8009466468436856,
        "std_ssim": 0.05317029505071197,
        "nan_count": 0
      },
      "0.1": {
        "mean_mse": 0.007649341505427117,
        "std_mse": 0.0034429026766265975,
        "mean_psnr": 21.6200247597506,
        "std_psnr": 2.0448109415930946,
        "mean_ssim": 0.9115299775252259,
        "std_ssim": 0.03004733571428258,
        "nan_count": 0
      },
      "0.15": {
        "mean_mse": 0.0034792596739929974,
        "std_mse": 0.0019630305323038305,
        "mean_psnr": 25.30182450733885,
        "std_psnr": 2.5960545166435556,
        "mean_ssim": 0.9520537920538392,
        "std_ssim": 0.01957718532802145,
        "nan_count": 0
      },
      "0.2": {
        "mean_mse": 0.0016698847332639957,
        "std_mse": 0.0011623780971069344,
        "mean_psnr": 28.91323447041295,
        "std_psnr": 3.3628017459893176,
        "mean_ssim": 0.9752496055127865,
        "std_ssim": 0.012551220007710754,
        "nan_count": 0
      }
    },
    "seed": 98,
    "init": "family_random_basis",
    "objective": "top10pct_mse",
    "steps": 1008,
    "epochs_completed": 112,
    "elapsed_seconds": 36.2
  }
}