{
  "tebd_b4": {
    "metrics": {
      "0.01": {
        "mean_mse": 0.06009841863212897,
        "std_mse": 0.012656423336908298,
        "mean_psnr": 12.31694703719288,
        "std_psnr": 0.983958622572805,
        "mean_ssim": 0.4374296532073061,
        "std_ssim": 0.10746482087993106,
        "nan_count": 0
      },
      "0.02": {
        "mean_mse": 0.041763412318217376,
        "std_mse": 0.010613785863156795,
        "mean_psnr": 13.944120899426848,
        "std_psnr": 1.1775938646490853,
        "mean_ssim": 0.5890171133020732,
        "std_ssim": 0.09720669778703679,
        "nan_count": 0
      },
      "0.05": {
        "mean_mse": 0.01925201276123044,
        "std_mse": 0.0064740212841962845,
        "mean_psnr": 17.425462685046735,
        "std_psnr": 1.5781061303680524,
        "mean_ssim": 0.8018501385144887,
        "std_ssim": 0.053452285045910854,
        "nan_count": 0
      },
      "0.1": {
        "mean_mse": 0.007649247247391684,
        "std_mse": 0.003442509948664125,
        "mean_psnr": 21.619346565367653,
        "std_psnr": 2.0426722603818703,
        "mean_ssim": 0.9121388632195385,
        "std_ssim": 0.029907710508827654,
        "nan_count": 0
      },
      "0.15": {
        "mean_mse": 0.003479752424532102,
        "std_mse": 0.0019578631074791005,
        "mean_psnr": 25.298895318282995,
        "std_psnr": 2.592993118612551,
        "mean_ssim": 0.9531631792874693,
        "std_ssim": 0.01895577298027085,
        "nan_count": 0
      },
      "0.2": {
        "mean_mse": 0.0016728060323165537,
        "std_mse": 0.001161147157616757,
        "mean_psnr": 28.902248106737954,
        "std_psnr": 3.359165555018501,
        "mean_ssim": 0.9765158265513871,
        "std_ssim": 0.012318825601775024,
        "nan_count": 0
      }
    },
    "seed": 98,
    "init": "family_random_basis",
    "objective": "top10pct_mse",
    "steps": 1008,
    "epochs_completed": 112,
    "elapsed_seconds": 27.6
  }
}