{
  "rich_8": {
    "metrics": {
      "0.05": {
        "mean_mse": 0.0034147589594213136,
        "std_mse": 0.0022168901520932156,
        "mean_psnr": 25.824955122076418,
        "std_psnr": 3.51721441107837,
        "mean_ssim": 0.7328573625116246,
        "std_ssim": 0.07974132235557556,
        "nan_count": 0
      },
      "0.1": {
        "mean_mse": 0.0017254730716373407,
        "std_mse": 0.001203864904031447,
        "mean_psnr": 28.990112683340953,
        "std_psnr": 3.9341177323008165,
        "mean_ssim": 0.8457554855918193,
        "std_ssim": 0.05659625947113451,
        "nan_count": 0
      },
      "0.15": {
        "mean_mse": 0.0010349537493638576,
        "std_mse": 0.0007623388307583158,
        "mean_psnr": 31.364852882322303,
        "std_psnr": 4.229288509026624,
        "mean_ssim": 0.8983938530107881,
        "std_ssim": 0.04203013382409948,
        "nan_count": 0
      },
      "0.2": {
        "mean_mse": 0.0006619844071340214,
        "std_mse": 0.0005117457372083306,
        "mean_psnr": 33.448901779759574,
        "std_psnr": 4.4755137331905805,
        "mean_ssim": 0.9295972233732939,
        "std_ssim": 0.031663920761409635,
        "nan_count": 0
      }
    },
    "time": 291.36760370247066,
    "_pdft_py": {
      "basis": "rich_8",
      "lam": 10.0,
      "init_mode": "identity",
      "regulariser": "L1InitAnchorMSELoss",
      "steps": 1008,
      "epochs_completed": 112,
      "device": "cuda:0",
      "n_test": 50
    }
  }
}