{
  "rich_progressive_k8": {
    "metrics": {
      "0.05": {
        "mean_mse": 0.0017328906038665943,
        "std_mse": 0.0011931864991459571,
        "mean_psnr": 29.327658935147884,
        "std_psnr": 4.985474206715767,
        "mean_ssim": 0.9128524598060841,
        "std_ssim": 0.0415072754890257,
        "nan_count": 0
      },
      "0.1": {
        "mean_mse": 0.0006256534366233795,
        "std_mse": 0.0005360816812735866,
        "mean_psnr": 34.82971431448777,
        "std_psnr": 6.627228149657164,
        "mean_ssim": 0.9446556082338273,
        "std_ssim": 0.03313171484416753,
        "nan_count": 0
      },
      "0.15": {
        "mean_mse": 0.00025317806754505105,
        "std_mse": 0.00025327015329639456,
        "mean_psnr": 39.84861150992459,
        "std_psnr": 7.782585961950295,
        "mean_ssim": 0.9650680991381405,
        "std_ssim": 0.026454345289742026,
        "nan_count": 0
      },
      "0.2": {
        "mean_mse": 0.00010470488645903716,
        "std_mse": 0.00011942409561196919,
        "mean_psnr": 44.88488194486535,
        "std_psnr": 8.926240691008097,
        "mean_ssim": 0.9792970450182534,
        "std_ssim": 0.018987871423787047,
        "nan_count": 0
      }
    },
    "time": 1416.2408228768036,
    "_pdft_py": {
      "family": "rich",
      "stage_k": 8,
      "n_trainable": 72,
      "block_size": 256,
      "steps": 1008,
      "epochs_completed": 112,
      "device": "cuda:0",
      "n_test": 50
    }
  }
}