{
  "label": "Adam 1008 steps, random init (100 seeds)",
  "source": "results/training/2_direct_training/random_seed/dct_div2k_8q_controlled_500img/seed_sweep.json:agg",
  "topk_ratio": 0.2,
  "epochs": 1008,
  "n_seeds": 100,
  "psnr_mean": {
    "0.01": 20.881164915064428,
    "0.05": 24.097674589157545,
    "0.1": 26.145674066934717,
    "0.2": 29.173827397688946
  },
  "psnr_std": {
    "0.01": 0.37173606696232353,
    "0.05": 0.41841653218422953,
    "0.1": 0.4691854919557786,
    "0.2": 0.5499626715522711
  }
}