{
  "rich_full": {
    "metrics": {
      "0.01": {
        "mean_mse": 0.049472713722220646,
        "std_mse": 0.010332430347455573,
        "mean_psnr": 13.155163707070708,
        "std_psnr": 0.9397790184705712,
        "mean_ssim": 0.4795487204600289,
        "std_ssim": 0.08742427720689826,
        "nan_count": 0
      },
      "0.05": {
        "mean_mse": 0.01610461683848115,
        "std_mse": 0.0054029609034948675,
        "mean_psnr": 18.18346750658723,
        "std_psnr": 1.5116558575962258,
        "mean_ssim": 0.7891016932173368,
        "std_ssim": 0.04517489558577916,
        "nan_count": 0
      },
      "0.1": {
        "mean_mse": 0.006630273056738969,
        "std_mse": 0.0028476979169796825,
        "mean_psnr": 22.215637508889937,
        "std_psnr": 2.011537928159915,
        "mean_ssim": 0.8736465159373925,
        "std_ssim": 0.02995353121496268,
        "nan_count": 0
      },
      "0.15": {
        "mean_mse": 0.003137658046317513,
        "std_mse": 0.0015673132378552278,
        "mean_psnr": 25.638447881892603,
        "std_psnr": 2.432907650828726,
        "mean_ssim": 0.9147389856673303,
        "std_ssim": 0.02164551176162526,
        "nan_count": 0
      },
      "0.2": {
        "mean_mse": 0.0015969726411125184,
        "std_mse": 0.0008971459990782132,
        "mean_psnr": 28.758173321065875,
        "std_psnr": 2.835007605838437,
        "mean_ssim": 0.9374378741421246,
        "std_ssim": 0.020681871920624022,
        "nan_count": 0
      }
    },
    "time": 26.52498302794993,
    "_pdft_py": {
      "warmup_s": 6.93947827629745,
      "device": "cuda:0",
      "epochs_completed": 112,
      "steps": 1008,
      "n_test": 50,
      "eval_failed_count": {
        "0.01": 0,
        "0.05": 0,
        "0.1": 0,
        "0.15": 0,
        "0.2": 0
      }
    }
  }
}