{
  "entangled_qft_progressive_k8": {
    "metrics": {
      "0.05": {
        "mean_mse": 0.003935744059758894,
        "std_mse": 0.0023926068784833098,
        "mean_psnr": 25.093401075932558,
        "std_psnr": 3.350228726522012,
        "mean_ssim": 0.7224464483299662,
        "std_ssim": 0.0781236255423528,
        "nan_count": 0
      },
      "0.1": {
        "mean_mse": 0.002307314318059769,
        "std_mse": 0.0014882372441032757,
        "mean_psnr": 27.5720157068414,
        "std_psnr": 3.699369395502158,
        "mean_ssim": 0.8172507855484755,
        "std_ssim": 0.059324302645122215,
        "nan_count": 0
      },
      "0.15": {
        "mean_mse": 0.0015142900309351975,
        "std_mse": 0.0010242561402322569,
        "mean_psnr": 29.53237192045178,
        "std_psnr": 3.9761916801001176,
        "mean_ssim": 0.8688277771223101,
        "std_ssim": 0.04732235528875767,
        "nan_count": 0
      },
      "0.2": {
        "mean_mse": 0.0010378400349590306,
        "std_mse": 0.0007331823400505904,
        "mean_psnr": 31.29353213038022,
        "std_psnr": 4.209030676671601,
        "mean_ssim": 0.9025861627834808,
        "std_ssim": 0.03839143555447757,
        "nan_count": 0
      }
    },
    "time": 551.7482052249834,
    "_pdft_py": {
      "family": "entangled_qft",
      "stage_k": 8,
      "n_trainable": 80,
      "block_size": 256,
      "steps": 1008,
      "epochs_completed": 112,
      "device": "cuda:0",
      "n_test": 50
    }
  }
}