{
  "qft_identity_reg": {
    "metrics": {
      "0.05": {
        "mean_mse": 0.021679715879118325,
        "std_mse": 0.01098633872926044,
        "mean_psnr": 17.239529989227126,
        "std_psnr": 2.39355079665791,
        "mean_ssim": 0.8184349363652137,
        "std_ssim": 0.06928810723774703,
        "nan_count": 0
      },
      "0.1": {
        "mean_mse": 0.00633573819543257,
        "std_mse": 0.00479314700958021,
        "mean_psnr": 23.333045425713152,
        "std_psnr": 3.6765901401343797,
        "mean_ssim": 0.9452155629531537,
        "std_ssim": 0.03226871485834782,
        "nan_count": 0
      },
      "0.15": {
        "mean_mse": 0.002053434834680336,
        "std_mse": 0.002183634433843152,
        "mean_psnr": 30.05992078227122,
        "std_psnr": 6.5011989490726885,
        "mean_ssim": 0.9801501967433078,
        "std_ssim": 0.016873879706630027,
        "nan_count": 0
      },
      "0.2": {
        "mean_mse": 0.0006361752474925377,
        "std_mse": 0.0009341890458352252,
        "mean_psnr": 40.619240184548254,
        "std_psnr": 14.944993666105798,
        "mean_ssim": 0.9932881238310428,
        "std_ssim": 0.008328019583493773,
        "nan_count": 0
      }
    },
    "time": 20.784246429800987,
    "_pdft_py": {
      "reg": "L1",
      "lam": 0.1,
      "outer_weight": null,
      "inner_m": null,
      "inner_n": null,
      "steps": 1008,
      "epochs_completed": 112,
      "device": "cuda:0",
      "n_test": 50
    }
  }
}