{
  "rich_progressive_k3": {
    "metrics": {
      "0.05": {
        "mean_mse": 0.019319234770818906,
        "std_mse": 0.010368215320305714,
        "mean_psnr": 17.80004683472325,
        "std_psnr": 2.499894340965768,
        "mean_ssim": 0.8236776238504716,
        "std_ssim": 0.06154909085048818,
        "nan_count": 0
      },
      "0.1": {
        "mean_mse": 0.005355887172963921,
        "std_mse": 0.0041899606912768235,
        "mean_psnr": 24.064592162436167,
        "std_psnr": 3.6095669465431106,
        "mean_ssim": 0.9327246145032256,
        "std_ssim": 0.024470192098302607,
        "nan_count": 0
      },
      "0.15": {
        "mean_mse": 0.0017735046769301304,
        "std_mse": 0.001773747786528904,
        "mean_psnr": 29.77047940836264,
        "std_psnr": 4.841601548513385,
        "mean_ssim": 0.9643286881743539,
        "std_ssim": 0.013987356097652157,
        "nan_count": 0
      },
      "0.2": {
        "mean_mse": 0.0006307304455745065,
        "std_mse": 0.0007675663355332342,
        "mean_psnr": 35.456172308724106,
        "std_psnr": 6.2095411716167295,
        "mean_ssim": 0.9797748396564384,
        "std_ssim": 0.010642772726711094,
        "nan_count": 0
      }
    },
    "time": 14.692659691907465,
    "_pdft_py": {
      "family": "rich",
      "stage_k": 3,
      "n_trainable": 12,
      "block_size": 8,
      "steps": 1008,
      "epochs_completed": 112,
      "device": "cuda:0",
      "n_test": 50
    }
  }
}