{
  "rich_8": {
    "metrics": {
      "0.05": {
        "mean_mse": 0.0033673132864483653,
        "std_mse": 0.002193321214273828,
        "mean_psnr": 25.899269852300502,
        "std_psnr": 3.5488913755819356,
        "mean_ssim": 0.7358816272397307,
        "std_ssim": 0.08006038075385921,
        "nan_count": 0
      },
      "0.1": {
        "mean_mse": 0.0016878793236798667,
        "std_mse": 0.0011828853744327728,
        "mean_psnr": 29.104180009119347,
        "std_psnr": 3.976047355922481,
        "mean_ssim": 0.8486871980515813,
        "std_ssim": 0.056485275532101684,
        "nan_count": 0
      },
      "0.15": {
        "mean_mse": 0.001008404710588043,
        "std_mse": 0.0007470535880815332,
        "mean_psnr": 31.50438041767426,
        "std_psnr": 4.28851369857501,
        "mean_ssim": 0.9011629559879314,
        "std_ssim": 0.041438063812267056,
        "nan_count": 0
      },
      "0.2": {
        "mean_mse": 0.0006422876304636714,
        "std_mse": 0.0004991455986517866,
        "mean_psnr": 33.61239000730954,
        "std_psnr": 4.545389641184398,
        "mean_ssim": 0.9317598827916861,
        "std_ssim": 0.03126780897122559,
        "nan_count": 0
      }
    },
    "time": 290.6963793588802,
    "_pdft_py": {
      "basis": "rich_8",
      "lam": 1.0,
      "regulariser": "L1InitAnchorMSELoss",
      "steps": 1008,
      "epochs_completed": 112,
      "device": "cuda:0",
      "n_test": 50
    }
  }
}