{
  "mera_progressive_k8": {
    "metrics": {
      "0.05": {
        "mean_mse": 0.003825984100192861,
        "std_mse": 0.002377061807332429,
        "mean_psnr": 25.234820585567284,
        "std_psnr": 3.3528115390199185,
        "mean_ssim": 0.7263809785735528,
        "std_ssim": 0.07762847024411555,
        "nan_count": 0
      },
      "0.1": {
        "mean_mse": 0.00219970007699661,
        "std_mse": 0.0014534945145267095,
        "mean_psnr": 27.811535458610074,
        "std_psnr": 3.718948176301259,
        "mean_ssim": 0.8235070201080583,
        "std_ssim": 0.058792808783205024,
        "nan_count": 0
      },
      "0.15": {
        "mean_mse": 0.0014242705878618589,
        "std_mse": 0.0009883104694055351,
        "mean_psnr": 29.84126594969151,
        "std_psnr": 4.005239323823396,
        "mean_ssim": 0.8751824093359448,
        "std_ssim": 0.04627016810423657,
        "nan_count": 0
      },
      "0.2": {
        "mean_mse": 0.00096516624492517,
        "std_mse": 0.000699515162726911,
        "mean_psnr": 31.65949014151821,
        "std_psnr": 4.244769040841471,
        "mean_ssim": 0.9084880903860043,
        "std_ssim": 0.03689210752194932,
        "nan_count": 0
      }
    },
    "time": 542.5962726799771,
    "_pdft_py": {
      "family": "mera",
      "stage_k": 8,
      "n_trainable": 44,
      "block_size": 256,
      "steps": 1008,
      "epochs_completed": 112,
      "device": "cuda:0",
      "n_test": 50
    }
  }
}