{
  "qft_b4": {
    "metrics": {
      "0.01": {
        "mean_mse": 0.06008503791969416,
        "std_mse": 0.01263247018096402,
        "mean_psnr": 12.31760357227895,
        "std_psnr": 0.9826457845599574,
        "mean_ssim": 0.43741553853433407,
        "std_ssim": 0.10758582402349365,
        "nan_count": 0
      },
      "0.02": {
        "mean_mse": 0.04173200825556845,
        "std_mse": 0.010624210319007312,
        "mean_psnr": 13.947992344054109,
        "std_psnr": 1.180036579968278,
        "mean_ssim": 0.5888965277511583,
        "std_ssim": 0.09748482465694254,
        "nan_count": 0
      },
      "0.05": {
        "mean_mse": 0.019242002984385376,
        "std_mse": 0.006483759565132125,
        "mean_psnr": 17.429821042006523,
        "std_psnr": 1.5860743880856765,
        "mean_ssim": 0.8018479024501786,
        "std_ssim": 0.05460015006689889,
        "nan_count": 0
      },
      "0.1": {
        "mean_mse": 0.007640084404611221,
        "std_mse": 0.0034450011455396663,
        "mean_psnr": 21.627694299556243,
        "std_psnr": 2.0516385263051005,
        "mean_ssim": 0.9110618583835006,
        "std_ssim": 0.030030901822889904,
        "nan_count": 0
      },
      "0.15": {
        "mean_mse": 0.0034768549034715724,
        "std_mse": 0.001960446606049179,
        "mean_psnr": 25.30560468851489,
        "std_psnr": 2.5983437860310774,
        "mean_ssim": 0.9519517180801111,
        "std_ssim": 0.018876721918416117,
        "nan_count": 0
      },
      "0.2": {
        "mean_mse": 0.0016675906937887411,
        "std_mse": 0.001157652441715587,
        "mean_psnr": 28.91689566794196,
        "std_psnr": 3.359322652733385,
        "mean_ssim": 0.9756263941822894,
        "std_ssim": 0.012636635658465846,
        "nan_count": 0
      }
    },
    "seed": 98,
    "init": "family_random_basis",
    "objective": "top10pct_mse",
    "steps": 1008,
    "epochs_completed": 112,
    "elapsed_seconds": 36.1
  }
}