{
  "rich_progressive_k6": {
    "metrics": {
      "0.05": {
        "mean_mse": 0.00057496145461849,
        "std_mse": 0.0005330529111972839,
        "mean_psnr": 35.52674096442035,
        "std_psnr": 7.103319356981594,
        "mean_ssim": 0.9569111624551678,
        "std_ssim": 0.026673792586239472,
        "nan_count": 0
      },
      "0.1": {
        "mean_mse": 8.92735230166259e-05,
        "std_mse": 0.00010683686192538132,
        "mean_psnr": 45.863928997664324,
        "std_psnr": 9.285715062496276,
        "mean_ssim": 0.9861517469702147,
        "std_ssim": 0.012972488197004254,
        "nan_count": 0
      },
      "0.15": {
        "mean_mse": 1.7469602660343083e-05,
        "std_mse": 2.3993289258176472e-05,
        "mean_psnr": 54.63023672050486,
        "std_psnr": 10.193789708604415,
        "mean_ssim": 0.9957799091920471,
        "std_ssim": 0.004992222613487518,
        "nan_count": 0
      },
      "0.2": {
        "mean_mse": 3.479390817641528e-06,
        "std_mse": 5.349038451713109e-06,
        "mean_psnr": 62.11614676881315,
        "std_psnr": 10.044937801146965,
        "mean_ssim": 0.9988351503569031,
        "std_ssim": 0.0015743514672848678,
        "nan_count": 0
      }
    },
    "time": 859.5298431226984,
    "_pdft_py": {
      "family": "rich",
      "stage_k": 6,
      "n_trainable": 42,
      "block_size": 64,
      "steps": 1008,
      "epochs_completed": 112,
      "device": "cuda:0",
      "n_test": 50
    }
  }
}