{
  "tebd_progressive_k3": {
    "metrics": {
      "0.05": {
        "mean_mse": 0.0009110422019221232,
        "std_mse": 0.0007858999085027178,
        "mean_psnr": 33.54909562095214,
        "std_psnr": 7.827266405253104,
        "mean_ssim": 0.9775167827304057,
        "std_ssim": 0.015783153914818854,
        "nan_count": 0
      },
      "0.1": {
        "mean_mse": 0.00012622832569864813,
        "std_mse": 0.00016667084248201666,
        "mean_psnr": 48.35701806983649,
        "std_psnr": 15.14120269516634,
        "mean_ssim": 0.994991137082783,
        "std_ssim": 0.005717886690149532,
        "nan_count": 0
      },
      "0.15": {
        "mean_mse": 1.5955387554743098e-05,
        "std_mse": 2.9455447920426673e-05,
        "mean_psnr": 65.93986655186573,
        "std_psnr": 20.24062350409922,
        "mean_ssim": 0.9991404904229689,
        "std_ssim": 0.0014133155706621203,
        "nan_count": 0
      },
      "0.2": {
        "mean_mse": 8.319344329993192e-07,
        "std_mse": 2.3335721085301664e-06,
        "mean_psnr": 87.5464956103515,
        "std_psnr": 30.785292805721767,
        "mean_ssim": 0.9999281956791876,
        "std_ssim": 0.00015370206546630577,
        "nan_count": 0
      }
    },
    "time": 228.49937633331865,
    "_pdft_py": {
      "family": "tebd",
      "stage_k": 3,
      "n_trainable": 12,
      "block_size": 8,
      "steps": 1008,
      "epochs_completed": 112,
      "device": "cuda:0",
      "n_test": 50
    }
  }
}