{
  "tebd_progressive_k6": {
    "metrics": {
      "0.05": {
        "mean_mse": 0.0015834667978576722,
        "std_mse": 0.0010606615483982334,
        "mean_psnr": 29.66623517141248,
        "std_psnr": 4.901848462506071,
        "mean_ssim": 0.9389960199480825,
        "std_ssim": 0.033617019007729856,
        "nan_count": 0
      },
      "0.1": {
        "mean_mse": 0.0005526163858466649,
        "std_mse": 0.0004584303530419524,
        "mean_psnr": 35.61248003618541,
        "std_psnr": 7.658928203122476,
        "mean_ssim": 0.9646327227427162,
        "std_ssim": 0.02479029620287302,
        "nan_count": 0
      },
      "0.15": {
        "mean_mse": 0.00021235752820672498,
        "std_mse": 0.00021144387865316362,
        "mean_psnr": 42.35378897968934,
        "std_psnr": 13.045611512752695,
        "mean_ssim": 0.9804665299539566,
        "std_ssim": 0.017719975150748135,
        "nan_count": 0
      },
      "0.2": {
        "mean_mse": 8.186420413392431e-05,
        "std_mse": 9.863080171212992e-05,
        "mean_psnr": 50.17102051626917,
        "std_psnr": 18.20502699388049,
        "mean_ssim": 0.9904093292048334,
        "std_ssim": 0.011104314663258077,
        "nan_count": 0
      }
    },
    "time": 421.5572470910847,
    "_pdft_py": {
      "family": "tebd",
      "stage_k": 6,
      "n_trainable": 24,
      "block_size": 64,
      "steps": 1008,
      "epochs_completed": 112,
      "device": "cuda:0",
      "n_test": 50
    }
  }
}