{
  "qft_progressive_k8": {
    "metrics": {
      "0.05": {
        "mean_mse": 0.0019204971949425848,
        "std_mse": 0.0011625430465341741,
        "mean_psnr": 28.4322469327293,
        "std_psnr": 4.084724841117544,
        "mean_ssim": 0.9165056943367407,
        "std_ssim": 0.04171379372914567,
        "nan_count": 0
      },
      "0.1": {
        "mean_mse": 0.000774670072794955,
        "std_mse": 0.0005639908576523257,
        "mean_psnr": 33.16181920208654,
        "std_psnr": 5.66887496295895,
        "mean_ssim": 0.9451134553136086,
        "std_ssim": 0.03293582680495396,
        "nan_count": 0
      },
      "0.15": {
        "mean_mse": 0.00034664245669524784,
        "std_mse": 0.0002966842635894077,
        "mean_psnr": 38.065558767157306,
        "std_psnr": 8.795111840147412,
        "mean_ssim": 0.9650591930857706,
        "std_ssim": 0.026014872042207766,
        "nan_count": 0
      },
      "0.2": {
        "mean_mse": 0.0001577215455399269,
        "std_mse": 0.00015858046201469293,
        "mean_psnr": 44.20967533163287,
        "std_psnr": 15.029619540330474,
        "mean_ssim": 0.9796014211735904,
        "std_ssim": 0.018715778298584874,
        "nan_count": 0
      }
    },
    "time": 548.2391445348039,
    "_pdft_py": {
      "family": "qft",
      "stage_k": 8,
      "n_trainable": 72,
      "block_size": 256,
      "steps": 1008,
      "epochs_completed": 112,
      "device": "cuda:0",
      "n_test": 50
    }
  }
}