{
  "real_rich_32": {
    "metrics": {
      "0.05": {
        "mean_mse": 0.0030706869222261934,
        "std_mse": 0.0020235880981059264,
        "mean_psnr": 26.3425223663812,
        "std_psnr": 3.648540545164543,
        "mean_ssim": 0.7603156546721324,
        "std_ssim": 0.07728241079070762,
        "nan_count": 0
      },
      "0.1": {
        "mean_mse": 0.0016606458594900868,
        "std_mse": 0.0011717568516410252,
        "mean_psnr": 29.20708602865323,
        "std_psnr": 4.05311998090835,
        "mean_ssim": 0.8539400017084006,
        "std_ssim": 0.05561821680413377,
        "nan_count": 0
      },
      "0.15": {
        "mean_mse": 0.0010322587486775385,
        "std_mse": 0.0007684268252307728,
        "mean_psnr": 31.42762365655126,
        "std_psnr": 4.348953302097663,
        "mean_ssim": 0.900926543539834,
        "std_ssim": 0.041924526130937764,
        "nan_count": 0
      },
      "0.2": {
        "mean_mse": 0.0006780649164052568,
        "std_mse": 0.000528968642013194,
        "mean_psnr": 33.39546279519275,
        "std_psnr": 4.591837803652221,
        "mean_ssim": 0.9296972764487076,
        "std_ssim": 0.0323948103184337,
        "nan_count": 0
      }
    },
    "time": 636.9790993435308,
    "_pdft_py": {
      "warmup_s": 2.1695947218686342,
      "device": "cuda:0",
      "epochs_completed": 112,
      "steps": 1008,
      "n_test": 50,
      "eval_failed_count": {
        "0.05": 0,
        "0.1": 0,
        "0.15": 0,
        "0.2": 0
      }
    }
  }
}