{
  "qft_identity_reg": {
    "metrics": {
      "0.05": {
        "mean_mse": 0.0038259865701758934,
        "std_mse": 0.0023770476675473826,
        "mean_psnr": 25.234801198450885,
        "std_psnr": 3.352778885077501,
        "mean_ssim": 0.7264008617823062,
        "std_ssim": 0.0776428772930511,
        "nan_count": 0
      },
      "0.1": {
        "mean_mse": 0.002199685475306819,
        "std_mse": 0.0014534838489255995,
        "mean_psnr": 27.811541692504015,
        "std_psnr": 3.718882511946165,
        "mean_ssim": 0.8235119675182745,
        "std_ssim": 0.05880552680266117,
        "nan_count": 0
      },
      "0.15": {
        "mean_mse": 0.0014242517473064516,
        "std_mse": 0.0009882755411372553,
        "mean_psnr": 29.84128836400462,
        "std_psnr": 4.005196345302645,
        "mean_ssim": 0.8751815731208061,
        "std_ssim": 0.04625936742190377,
        "nan_count": 0
      },
      "0.2": {
        "mean_mse": 0.0009651647455618133,
        "std_mse": 0.0006995335758315198,
        "mean_psnr": 31.659531884660634,
        "std_psnr": 4.244802848074981,
        "mean_ssim": 0.9084897576582003,
        "std_ssim": 0.03689190001830417,
        "nan_count": 0
      }
    },
    "time": 563.7824462540448,
    "_pdft_py": {
      "reg": "L1",
      "lam": 0.1,
      "outer_weight": null,
      "inner_m": null,
      "inner_n": null,
      "steps": 1008,
      "epochs_completed": 112,
      "device": "cuda:0",
      "n_test": 50
    }
  }
}