{
  "qft_progressive_k5": {
    "metrics": {
      "0.05": {
        "mean_mse": 0.017602414828725113,
        "std_mse": 0.008508800317236814,
        "mean_psnr": 18.12590411647027,
        "std_psnr": 2.388763753745228,
        "mean_ssim": 0.8244669110309378,
        "std_ssim": 0.0594212878836275,
        "nan_count": 0
      },
      "0.1": {
        "mean_mse": 0.007068791864727617,
        "std_mse": 0.004354436488515177,
        "mean_psnr": 22.412571748004275,
        "std_psnr": 2.984063413125023,
        "mean_ssim": 0.9157438845728721,
        "std_ssim": 0.03177944116900801,
        "nan_count": 0
      },
      "0.15": {
        "mean_mse": 0.0032059653223963634,
        "std_mse": 0.002329529477472403,
        "mean_psnr": 26.218274205677666,
        "std_psnr": 3.5799642302546433,
        "mean_ssim": 0.9554814528906992,
        "std_ssim": 0.019171317606851406,
        "nan_count": 0
      },
      "0.2": {
        "mean_mse": 0.0015253803937798223,
        "std_mse": 0.0013028475145326493,
        "mean_psnr": 30.058705267945253,
        "std_psnr": 4.522492544474491,
        "mean_ssim": 0.9750687716267562,
        "std_ssim": 0.012279809719732235,
        "nan_count": 0
      }
    },
    "time": 14.135064854286611,
    "_pdft_py": {
      "family": "qft",
      "stage_k": 5,
      "n_trainable": 30,
      "block_size": 32,
      "steps": 1008,
      "epochs_completed": 112,
      "device": "cuda:0",
      "n_test": 50
    }
  }
}