{
  "qft_progressive_k5": {
    "metrics": {
      "0.05": {
        "mean_mse": 0.0038259829104823105,
        "std_mse": 0.002377046857929482,
        "mean_psnr": 25.234781455501267,
        "std_psnr": 3.3527033998095144,
        "mean_ssim": 0.7263661913660822,
        "std_ssim": 0.07766144411004082,
        "nan_count": 0
      },
      "0.1": {
        "mean_mse": 0.002199672329472526,
        "std_mse": 0.0014534852825100553,
        "mean_psnr": 27.81154370389465,
        "std_psnr": 3.718795252518811,
        "mean_ssim": 0.8235136567504968,
        "std_ssim": 0.05879897503876495,
        "nan_count": 0
      },
      "0.15": {
        "mean_mse": 0.0014242718793115903,
        "std_mse": 0.0009883085868234334,
        "mean_psnr": 29.84121069689966,
        "std_psnr": 4.0051465474255465,
        "mean_ssim": 0.8751676911138415,
        "std_ssim": 0.04625938813153571,
        "nan_count": 0
      },
      "0.2": {
        "mean_mse": 0.0009651562345831903,
        "std_mse": 0.0006995243960825625,
        "mean_psnr": 31.659530212857202,
        "std_psnr": 4.244727835297678,
        "mean_ssim": 0.9085082520881558,
        "std_ssim": 0.03689656372025247,
        "nan_count": 0
      }
    },
    "time": 500.3696856899187,
    "_pdft_py": {
      "stage_k": 5,
      "n_trainable": 30,
      "n_frozen": 42,
      "inner_m": 5,
      "inner_n": 5,
      "block_size": 32,
      "steps": 1008,
      "epochs_completed": 112,
      "device": "cuda:0",
      "n_test": 50
    }
  }
}