{
  "rich_progressive_k4": {
    "metrics": {
      "0.05": {
        "mean_mse": 0.015164962481390406,
        "std_mse": 0.008295424813093664,
        "mean_psnr": 18.912902203693513,
        "std_psnr": 2.653822834766674,
        "mean_ssim": 0.8302568412513164,
        "std_ssim": 0.05075482455050415,
        "nan_count": 0
      },
      "0.1": {
        "mean_mse": 0.005286539895525986,
        "std_mse": 0.003801432042119696,
        "mean_psnr": 23.956628399394646,
        "std_psnr": 3.4231782614076054,
        "mean_ssim": 0.9160307283932894,
        "std_ssim": 0.02249505588696149,
        "nan_count": 0
      },
      "0.15": {
        "mean_mse": 0.002105557282125585,
        "std_mse": 0.0018415565241136282,
        "mean_psnr": 28.489958518261737,
        "std_psnr": 4.166967910275677,
        "mean_ssim": 0.951562861594862,
        "std_ssim": 0.014248053181924349,
        "nan_count": 0
      },
      "0.2": {
        "mean_mse": 0.0009055402376853266,
        "std_mse": 0.0009289281966607224,
        "mean_psnr": 32.830947733698935,
        "std_psnr": 5.005834816759754,
        "mean_ssim": 0.9662180331759376,
        "std_ssim": 0.010672716346754395,
        "nan_count": 0
      }
    },
    "time": 21.41380429174751,
    "_pdft_py": {
      "family": "rich",
      "stage_k": 4,
      "n_trainable": 20,
      "block_size": 16,
      "steps": 1008,
      "epochs_completed": 112,
      "device": "cuda:0",
      "n_test": 50
    }
  }
}