{
  "qft_identity_reg": {
    "metrics": {
      "0.05": {
        "mean_mse": 1.4390212684048322e-05,
        "std_mse": 3.808455723030711e-05,
        "mean_psnr": 68.69458322430154,
        "std_psnr": 24.66901447022962,
        "mean_ssim": 0.9985432776049626,
        "std_ssim": 0.002375859634290197,
        "nan_count": 0
      },
      "0.1": {
        "mean_mse": 2.5085858003995664e-08,
        "std_mse": 8.726533707044769e-08,
        "mean_psnr": 104.54290216854024,
        "std_psnr": 14.262566162354648,
        "mean_ssim": 0.9999904927116203,
        "std_ssim": 3.8309706659537996e-05,
        "nan_count": 0
      },
      "0.15": {
        "mean_mse": 8.55622034140734e-12,
        "std_mse": 7.648249515202767e-12,
        "mean_psnr": 114.27831053343816,
        "std_psnr": 8.317615095144653,
        "mean_ssim": 0.9999999804843712,
        "std_ssim": 2.1274150694237624e-08,
        "nan_count": 0
      },
      "0.2": {
        "mean_mse": 3.690764401731747e-12,
        "std_mse": 3.632264270121194e-12,
        "mean_psnr": 120.46832047274626,
        "std_psnr": 12.216115925504317,
        "mean_ssim": 0.999999994385395,
        "std_ssim": 7.938928247666211e-09,
        "nan_count": 0
      }
    },
    "time": 542.4780044164509,
    "_pdft_py": {
      "reg": "L1",
      "lam": 10.0,
      "outer_weight": null,
      "inner_m": null,
      "inner_n": null,
      "steps": 1008,
      "epochs_completed": 112,
      "device": "cuda:0",
      "n_test": 50
    }
  }
}