{
  "entangled_qft": {
    "metrics": {
      "0.01": {
        "mean_mse": 0.055317201342181314,
        "std_mse": 0.011084857062461055,
        "mean_psnr": 12.66231448638038,
        "std_psnr": 0.8996159349889111,
        "mean_ssim": 0.3759743107215768,
        "std_ssim": 0.12607221759584367,
        "nan_count": 0
      },
      "0.05": {
        "mean_mse": 0.025057358488996043,
        "std_mse": 0.007129431530626213,
        "mean_psnr": 16.196167369385964,
        "std_psnr": 1.2914464638796896,
        "mean_ssim": 0.6676515939121689,
        "std_ssim": 0.07528105138581336,
        "nan_count": 0
      },
      "0.1": {
        "mean_mse": 0.013637439927384427,
        "std_mse": 0.004668999572013716,
        "mean_psnr": 18.92398167483188,
        "std_psnr": 1.5698738577359639,
        "mean_ssim": 0.7779294222606733,
        "std_ssim": 0.0604044296488149,
        "nan_count": 0
      },
      "0.15": {
        "mean_mse": 0.00815894954102601,
        "std_mse": 0.003244882273916776,
        "mean_psnr": 21.26493042662551,
        "std_psnr": 1.885542627869526,
        "mean_ssim": 0.8279186965600244,
        "std_ssim": 0.051615881991153155,
        "nan_count": 0
      },
      "0.2": {
        "mean_mse": 0.005100119467162807,
        "std_mse": 0.002278829266393714,
        "mean_psnr": 23.44903323160208,
        "std_psnr": 2.2647641285172537,
        "mean_ssim": 0.8640270720918032,
        "std_ssim": 0.04795399512702485,
        "nan_count": 0
      }
    },
    "time": 21.09123307466507,
    "_pdft_py": {
      "warmup_s": 9.164711637422442,
      "device": "cuda:0",
      "epochs_completed": 112,
      "steps": 1008,
      "n_test": 50,
      "eval_failed_count": {
        "0.01": 0,
        "0.05": 0,
        "0.1": 0,
        "0.15": 0,
        "0.2": 0
      }
    }
  }
}