{
  "entangled_qft": {
    "metrics": {
      "0.05": {
        "mean_mse": 0.023291368447527595,
        "std_mse": 0.009366624620909291,
        "mean_psnr": 16.718000807640852,
        "std_psnr": 1.9136021158119687,
        "mean_ssim": 0.6931596447305773,
        "std_ssim": 0.08785603865539149,
        "nan_count": 0
      },
      "0.1": {
        "mean_mse": 0.01252212990313003,
        "std_mse": 0.005932582991320125,
        "mean_psnr": 19.575512330629667,
        "std_psnr": 2.298532411183538,
        "mean_ssim": 0.7972791384355437,
        "std_ssim": 0.057823026587616254,
        "nan_count": 0
      },
      "0.15": {
        "mean_mse": 0.007382607927646945,
        "std_mse": 0.003974863369531646,
        "mean_psnr": 22.048127738942725,
        "std_psnr": 2.6595754599732406,
        "mean_ssim": 0.8425876403664866,
        "std_ssim": 0.04826325363394977,
        "nan_count": 0
      },
      "0.2": {
        "mean_mse": 0.004583559127268893,
        "std_mse": 0.0027740978538556803,
        "mean_psnr": 24.349324763792847,
        "std_psnr": 3.085476133218741,
        "mean_ssim": 0.8761167696854044,
        "std_ssim": 0.042699762555416985,
        "nan_count": 0
      }
    },
    "time": 18.90582180581987,
    "_pdft_py": {
      "warmup_s": 4.884253388270736,
      "device": "cuda:1",
      "epochs_completed": 112,
      "steps": 1008,
      "n_test": 50,
      "eval_failed_count": {
        "0.05": 0,
        "0.1": 0,
        "0.15": 0,
        "0.2": 0
      }
    }
  }
}