{
  "qft_topk05": {
    "metrics": {
      "0.05": {
        "mean_mse": 0.025049255134068388,
        "std_mse": 0.007132105324665502,
        "mean_psnr": 16.19750945946226,
        "std_psnr": 1.2906471679511644,
        "mean_ssim": 0.6667825228931211,
        "std_ssim": 0.07145472771256692,
        "nan_count": 0
      },
      "0.1": {
        "mean_mse": 0.013629621261720007,
        "std_mse": 0.0046759053442569885,
        "mean_psnr": 18.927312799172558,
        "std_psnr": 1.5720127946608085,
        "mean_ssim": 0.7706551549077819,
        "std_ssim": 0.060076441576475806,
        "nan_count": 0
      },
      "0.15": {
        "mean_mse": 0.008151523357530529,
        "std_mse": 0.00324502043522818,
        "mean_psnr": 21.268397894890068,
        "std_psnr": 1.882948703526804,
        "mean_ssim": 0.8181178634955433,
        "std_ssim": 0.055874069175662226,
        "nan_count": 0
      },
      "0.2": {
        "mean_mse": 0.005110075240422312,
        "std_mse": 0.0023012207904311204,
        "mean_psnr": 23.443170858153266,
        "std_psnr": 2.265661236584336,
        "mean_ssim": 0.8546309666522288,
        "std_ssim": 0.05411761744878947,
        "nan_count": 0
      }
    },
    "time": 17.081260261125863,
    "_pdft_py": {
      "train_ratio": 0.05,
      "train_k": 51,
      "steps": 1008,
      "epochs_completed": 112,
      "device": "cuda:0",
      "n_test": 50
    }
  }
}