{
  "qft_freeze_outer": {
    "metrics": {
      "0.05": {
        "mean_mse": 0.0038778602107992373,
        "std_mse": 0.002429811091531305,
        "mean_psnr": 25.184705329089816,
        "std_psnr": 3.3482307040640538,
        "mean_ssim": 0.71384544719055,
        "std_ssim": 0.07921811591682724,
        "nan_count": 0
      },
      "0.1": {
        "mean_mse": 0.002078244251477508,
        "std_mse": 0.0013924555309688257,
        "mean_psnr": 28.085931699722824,
        "std_psnr": 3.7455314441806475,
        "mean_ssim": 0.8256711734033807,
        "std_ssim": 0.05838873841926038,
        "nan_count": 0
      },
      "0.15": {
        "mean_mse": 0.0012943727834384682,
        "std_mse": 0.0009115779499084885,
        "mean_psnr": 30.296771346937454,
        "std_psnr": 4.054507796934067,
        "mean_ssim": 0.8810538910529077,
        "std_ssim": 0.04485583758024964,
        "nan_count": 0
      },
      "0.2": {
        "mean_mse": 0.0008518701551394081,
        "std_mse": 0.0006275258376004823,
        "mean_psnr": 32.260744887277404,
        "std_psnr": 4.328570100178452,
        "mean_ssim": 0.9151693127293109,
        "std_ssim": 0.034954718163746304,
        "nan_count": 0
      }
    },
    "time": 464.92921663075686,
    "_pdft_py": {
      "mode": "freeze_outer",
      "trainable_count": 12,
      "frozen_count": 60,
      "steps": 1008,
      "epochs_completed": 112,
      "device": "cuda:0",
      "n_test": 50
    }
  }
}