{
  "block_dct_8": {
    "metrics": {
      "0.05": 26.113799712562695,
      "0.10": 29.408267486841922,
      "0.15": 31.86277287853919,
      "0.20": 34.007107442323466
    }
  }
}