basis,keep_ratio,mean,std
block_dct_8,0.05,0.0208663119841367,0.008492249731694372
block_dct_8,0.1,0.009919406669214368,0.005188427826927296
block_dct_8,0.15,0.005310077564790845,0.0033277233445870064
block_dct_8,0.2,0.002973047574632801,0.0021768335433750745
block_fft_8,0.05,0.027197601664811374,0.010223482690230658
block_fft_8,0.1,0.014989074310287833,0.0069577305689556695
block_fft_8,0.15,0.00921059881336987,0.005007250865854423
block_fft_8,0.2,0.005889888296369463,0.0037080325107016806
block_pca_8,0.05,0.021610971155006414,0.007590354957998944
block_pca_8,0.1,0.010152785199133962,0.004740571830405665
block_pca_8,0.15,0.005518302670335731,0.0030664566223316744
block_pca_8,0.2,0.003173904668507208,0.00200996336038351
dct,0.05,0.025376474149525166,0.007110676367348119
dct,0.1,0.014955568760633468,0.0044379725496100095
dct,0.15,0.00972980421036482,0.002995304916587051
dct,0.2,0.006582279326394201,0.0020606951400771066
fft,0.05,0.030848570819944143,0.008122758543179849
fft,0.1,0.019327272661030293,0.005454182437069883
fft,0.15,0.013139002155512572,0.003921084635752372
fft,0.2,0.009240550324320793,0.0029244729961812946
pca,0.05,0.017726404596255112,0.006431366409708004
pca,0.1,0.009177930503888578,0.0036763995099807056
pca,0.15,0.005309378752269643,0.0022848991686042165
pca,0.2,0.003237056278432828,0.0014626049403583304
tebd,0.05,0.023661717810789892,0.009416128569720274
tebd,0.1,0.013059500694706811,0.006264767842064581
tebd,0.15,0.007906046048506487,0.004313364089155119
tebd,0.2,0.005047540880899572,0.0031119904070316964
