{
  "tebd_u4": {
    "metrics": {
      "0.01": {
        "mean_mse": 0.04961588418328709,
        "std_mse": 0.01041870570711826,
        "mean_psnr": 13.144867362432219,
        "std_psnr": 0.9536299901375765,
        "mean_ssim": 0.4764844530478627,
        "std_ssim": 0.08469535586310027,
        "nan_count": 0
      },
      "0.05": {
        "mean_mse": 0.016192398900918788,
        "std_mse": 0.005417892137882681,
        "mean_psnr": 18.15865463141652,
        "std_psnr": 1.5075829947181087,
        "mean_ssim": 0.7799609673938447,
        "std_ssim": 0.04623728016834694,
        "nan_count": 0
      },
      "0.1": {
        "mean_mse": 0.006692025687216012,
        "std_mse": 0.0028861747079409043,
        "mean_psnr": 22.180486439262996,
        "std_psnr": 2.023930890551086,
        "mean_ssim": 0.8721721504621769,
        "std_ssim": 0.03193012625416889,
        "nan_count": 0
      },
      "0.15": {
        "mean_mse": 0.003194888291263283,
        "std_mse": 0.0016106038345484028,
        "mean_psnr": 25.569644345131692,
        "std_psnr": 2.4504524491814554,
        "mean_ssim": 0.9078770141338809,
        "std_ssim": 0.027066192205768093,
        "nan_count": 0
      },
      "0.2": {
        "mean_mse": 0.0016158852716185136,
        "std_mse": 0.0009241445743314502,
        "mean_psnr": 28.734544953032877,
        "std_psnr": 2.877865809791211,
        "mean_ssim": 0.9329019879376704,
        "std_ssim": 0.02203816271631155,
        "nan_count": 0
      }
    },
    "time": 19.99893536232412,
    "_pdft_py": {
      "warmup_s": 6.082147724926472,
      "device": "cuda:0",
      "epochs_completed": 112,
      "steps": 1008,
      "n_test": 50,
      "eval_failed_count": {
        "0.01": 0,
        "0.05": 0,
        "0.1": 0,
        "0.15": 0,
        "0.2": 0
      }
    }
  }
}