{
  "mera_progressive_k2": {
    "metrics": {
      "0.05": {
        "mean_mse": 0.014624510816096857,
        "std_mse": 0.007823728574766407,
        "mean_psnr": 19.06318623284485,
        "std_psnr": 2.6166245260036156,
        "mean_ssim": 0.5265541132013489,
        "std_ssim": 0.08676473033369686,
        "nan_count": 0
      },
      "0.1": {
        "mean_mse": 0.0026643361402505766,
        "std_mse": 0.0017588166885046136,
        "mean_psnr": 26.932258139744008,
        "std_psnr": 3.567770281862238,
        "mean_ssim": 0.7929872246361334,
        "std_ssim": 0.06556749311541761,
        "nan_count": 0
      },
      "0.15": {
        "mean_mse": 0.0014394119860522768,
        "std_mse": 0.0010117122091605935,
        "mean_psnr": 29.76473733791634,
        "std_psnr": 3.8804240608035947,
        "mean_ssim": 0.8706205649087893,
        "std_ssim": 0.04746862143924766,
        "nan_count": 0
      },
      "0.2": {
        "mean_mse": 0.0008785436629676847,
        "std_mse": 0.0006481617063827907,
        "mean_psnr": 32.04590160443396,
        "std_psnr": 4.1304949367631485,
        "mean_ssim": 0.9122831844751262,
        "std_ssim": 0.03593417637169685,
        "nan_count": 0
      }
    },
    "time": 132.78285833448172,
    "_pdft_py": {
      "family": "mera",
      "stage_k": 2,
      "n_trainable": 8,
      "block_size": 4,
      "steps": 1008,
      "epochs_completed": 112,
      "device": "cuda:0",
      "n_test": 50
    }
  }
}