{
  "tebd_progressive_k5": {
    "metrics": {
      "0.05": {
        "mean_mse": 0.02328196994030853,
        "std_mse": 0.009362051541264885,
        "mean_psnr": 16.71857367931447,
        "std_psnr": 1.909055417998758,
        "mean_ssim": 0.6945373809628612,
        "std_ssim": 0.0872015204623413,
        "nan_count": 0
      },
      "0.1": {
        "mean_mse": 0.012508283583189218,
        "std_mse": 0.005917378006726086,
        "mean_psnr": 19.57848332035783,
        "std_psnr": 2.294197832907166,
        "mean_ssim": 0.798826797352513,
        "std_ssim": 0.05699149279035501,
        "nan_count": 0
      },
      "0.15": {
        "mean_mse": 0.007369433590380791,
        "std_mse": 0.00396832283772726,
        "mean_psnr": 22.056650172846762,
        "std_psnr": 2.6620581196495365,
        "mean_ssim": 0.8389915878827182,
        "std_ssim": 0.04610586463428076,
        "nan_count": 0
      },
      "0.2": {
        "mean_mse": 0.004578944949254799,
        "std_mse": 0.002773499855033364,
        "mean_psnr": 24.35554753050309,
        "std_psnr": 3.0892196454687437,
        "mean_ssim": 0.8746563551281359,
        "std_ssim": 0.04434123232872857,
        "nan_count": 0
      }
    },
    "time": 16.788404333405197,
    "_pdft_py": {
      "family": "tebd",
      "stage_k": 5,
      "n_trainable": 20,
      "block_size": 32,
      "steps": 1008,
      "epochs_completed": 112,
      "device": "cuda:0",
      "n_test": 50
    }
  }
}