{
  "basis": "dct4_canonical",
  "dataset": "div2k_8q",
  "m": 8,
  "n": 8,
  "epochs": 112,
  "steps": 1008,
  "K_train": 6554,
  "rho": 0.1,
  "batch_size": 50,
  "n_train": 500,
  "val_split": 0.15,
  "seed": 42,
  "lr_peak": 0.003,
  "elapsed_seconds": 1648.9263473711908,
  "elapsed_minutes": 27.482105789519846,
  "seconds_per_step": 1.6358396303285623,
  "data_load_seconds": 49.49025387689471,
  "init_loss": 174.5522521753783,
  "final_loss": 114.0738613332725,
  "final_val_loss": 101.78267434461476,
  "epochs_completed": 112,
  "device": "cuda:0",
  "pdft_version": "0.2.2",
  "pdft_path": "/workspaces/parametric-dft-paper/pdft-dct4main/src/pdft"
}