{
  "basis": "dct4_canonical",
  "dataset": "div2k_8q",
  "m": 8,
  "n": 8,
  "dtype": "complex128",
  "device": "cuda:0",
  "gpu_name": "NVIDIA RTX A6000",
  "note_card": "profiled on this card; the baseline 1008-step run is on a separate card (see scratchpad timing). FP64 penalty class is the same across A6000/RTX-6000-Ada.",
  "batch_size": 50,
  "K_train": 6554,
  "rho": 0.1,
  "n_gates": 214,
  "n_manifold_groups": 3,
  "epochs": 112,
  "n_batches_per_epoch": 9,
  "total_steps": 1008,
  "reps": 20,
  "derived_seconds": {
    "warm_step": 3.4366861605085433,
    "forward_loss": 1.4227671958506107,
    "backward_only": 2.042150827124715,
    "optimizer_only": -0.02823186246678233,
    "value_and_grad": 3.4649180229753256,
    "compile_time": 5.5084646749310195,
    "validation_per_epoch": 2.1354253948666155
  },
  "per_step_attribution_pct": {
    "forward_loss": 41.39939259510612,
    "backward": 59.42209243868017,
    "optimizer": -0.8214850337862892
  },
  "forward_breakdown_seconds": {
    "forward_transform": 0.7037975052371621,
    "topk_sort": 0.006150069180876017,
    "inverse_transform": 0.7103191507048905
  },
  "extrapolated_total": {
    "compile_s": 5.5084646749310195,
    "steps_s": 3464.1796497926116,
    "validation_s": 239.16764422506094,
    "est_total_s": 3708.8557586926036,
    "est_total_min": 61.81426264487673
  },
  "raw_groups": {
    "light": {
      "group": "light",
      "device": "cuda:0",
      "gpu_name": "NVIDIA RTX A6000",
      "n_gates": 214,
      "n_manifold_groups": 3,
      "forward_transform": {
        "median": 0.7037975052371621,
        "mean": 0.7037191204726696,
        "std": 0.00028428021943680806,
        "min": 0.7032741587609053,
        "reps": 20
      },
      "topk_sort": {
        "median": 0.006150069180876017,
        "mean": 0.006086155259981752,
        "std": 0.00014333321995210554,
        "min": 0.0058711227029562,
        "reps": 20
      },
      "inverse_transform": {
        "median": 0.7103191507048905,
        "mean": 0.7091597266029567,
        "std": 0.0022040233264684806,
        "min": 0.7052880385890603,
        "reps": 20
      },
      "loss_forward": {
        "median": 1.4227671958506107,
        "mean": 1.4228875652886928,
        "std": 0.0009433001585434388,
        "min": 1.4220709716901183,
        "reps": 20
      },
      "validation_pass": {
        "median": 2.1354253948666155,
        "mean": 2.135477056680247,
        "std": 0.0007761441081288219,
        "min": 2.134612469933927,
        "reps": 20
      }
    },
    "vag": {
      "group": "vag",
      "device": "cuda:0",
      "gpu_name": "NVIDIA RTX A6000",
      "n_gates": 214,
      "n_manifold_groups": 3,
      "cold_seconds": 21.61827366054058,
      "value_and_grad": {
        "median": 3.4649180229753256,
        "mean": 3.459050490474328,
        "std": 0.013156633136815777,
        "min": 3.4394906191155314,
        "reps": 20
      }
    },
    "step": {
      "group": "step",
      "device": "cuda:0",
      "gpu_name": "NVIDIA RTX A6000",
      "n_gates": 214,
      "n_manifold_groups": 3,
      "cold_seconds": 8.945150835439563,
      "full_step": {
        "median": 3.4366861605085433,
        "mean": 3.444298403756693,
        "std": 0.012104357107160462,
        "min": 3.434533344581723,
        "reps": 20
      },
      "trace_captured": true
    }
  },
  "trace_captured": true
}