{
  "qft_progressive_k1": {
    "metrics": {
      "0.05": {
        "mean_mse": 0.13407297059227466,
        "std_mse": 0.07098327745168966,
        "mean_psnr": 9.426448265832109,
        "std_psnr": 2.6025376103120887,
        "mean_ssim": 0.17408959523384102,
        "std_ssim": 0.033631471261827826,
        "nan_count": 0
      },
      "0.1": {
        "mean_mse": 0.06941085385960834,
        "std_mse": 0.042301264867572866,
        "mean_psnr": 12.472865545833066,
        "std_psnr": 2.8986944497239153,
        "mean_ssim": 0.36048866856697453,
        "std_ssim": 0.04522261930452691,
        "nan_count": 0
      },
      "0.15": {
        "mean_mse": 0.030601466176201284,
        "std_mse": 0.01983330277015332,
        "mean_psnr": 16.17563501115969,
        "std_psnr": 3.1389738305614663,
        "mean_ssim": 0.5366444881018317,
        "std_ssim": 0.05542416628111759,
        "nan_count": 0
      },
      "0.2": {
        "mean_mse": 0.009774258150988034,
        "std_mse": 0.006221410890822402,
        "mean_psnr": 21.138936255562786,
        "std_psnr": 3.2174668982433365,
        "mean_ssim": 0.7106751013246416,
        "std_ssim": 0.05538469173634953,
        "nan_count": 0
      }
    },
    "time": 67.29608839377761,
    "_pdft_py": {
      "family": "qft",
      "stage_k": 1,
      "n_trainable": 2,
      "block_size": 2,
      "steps": 1008,
      "epochs_completed": 112,
      "device": "cuda:0",
      "n_test": 50
    }
  }
}