{
  "mera_progressive_k8": {
    "metrics": {
      "0.05": {
        "mean_mse": 0.0012144282190929899,
        "std_mse": 0.0009294033607463504,
        "mean_psnr": 31.493233062406322,
        "std_psnr": 6.234957093643733,
        "mean_ssim": 0.9577550298204585,
        "std_ssim": 0.025892236884957197,
        "nan_count": 0
      },
      "0.1": {
        "mean_mse": 0.0003397224499327347,
        "std_mse": 0.0003317894433673905,
        "mean_psnr": 39.9458214106878,
        "std_psnr": 12.217238023180746,
        "mean_ssim": 0.9802232718635184,
        "std_ssim": 0.016764099208090376,
        "nan_count": 0
      },
      "0.15": {
        "mean_mse": 0.00010315820921895464,
        "std_mse": 0.00012293771528377776,
        "mean_psnr": 49.51819734811573,
        "std_psnr": 17.86795570947931,
        "mean_ssim": 0.9914839898788381,
        "std_ssim": 0.009727348812673071,
        "nan_count": 0
      },
      "0.2": {
        "mean_mse": 2.9847766324529746e-05,
        "std_mse": 4.3431492542213536e-05,
        "mean_psnr": 62.87810539282432,
        "std_psnr": 24.025558986643006,
        "mean_ssim": 0.9969883137597728,
        "std_ssim": 0.004282182446345978,
        "nan_count": 0
      }
    },
    "time": 542.0127386264503,
    "_pdft_py": {
      "family": "mera",
      "stage_k": 8,
      "n_trainable": 44,
      "block_size": 256,
      "steps": 1008,
      "epochs_completed": 112,
      "device": "cuda:0",
      "n_test": 50
    }
  }
}