{
  "entangled_qft_progressive_k4": {
    "metrics": {
      "0.05": {
        "mean_mse": 0.0012144710777311969,
        "std_mse": 0.0009294430571226241,
        "mean_psnr": 31.493378681044696,
        "std_psnr": 6.236086588059172,
        "mean_ssim": 0.9577750276859607,
        "std_ssim": 0.025887602756783458,
        "nan_count": 0
      },
      "0.1": {
        "mean_mse": 0.0003397293311639997,
        "std_mse": 0.000331786814948337,
        "mean_psnr": 39.89607686201099,
        "std_psnr": 12.02748936802928,
        "mean_ssim": 0.9802306197937799,
        "std_ssim": 0.01676323656581319,
        "nan_count": 0
      },
      "0.15": {
        "mean_mse": 0.0001031642465756194,
        "std_mse": 0.0001229394590084245,
        "mean_psnr": 52.22596171578166,
        "std_psnr": 28.892872445417638,
        "mean_ssim": 0.9914913806419087,
        "std_ssim": 0.009731409722823037,
        "nan_count": 0
      },
      "0.2": {
        "mean_mse": 2.984806988572631e-05,
        "std_mse": 4.3436980608613396e-05,
        "mean_psnr": 70.09761681503358,
        "std_psnr": 42.15387867997034,
        "mean_ssim": 0.9969938420504687,
        "std_ssim": 0.004278918979315514,
        "nan_count": 0
      }
    },
    "time": 263.0189756648615,
    "_pdft_py": {
      "family": "entangled_qft",
      "stage_k": 4,
      "n_trainable": 24,
      "block_size": 16,
      "steps": 1008,
      "epochs_completed": 112,
      "device": "cuda:0",
      "n_test": 50
    }
  }
}