{
  "entangled_qft_progressive_k5": {
    "metrics": {
      "0.05": {
        "mean_mse": 0.0040675243010805905,
        "std_mse": 0.002445071858545811,
        "mean_psnr": 24.912142546205736,
        "std_psnr": 3.2687404771726225,
        "mean_ssim": 0.7156158462111535,
        "std_ssim": 0.07713919014706262,
        "nan_count": 0
      },
      "0.1": {
        "mean_mse": 0.002419592499436384,
        "std_mse": 0.0015341686805992619,
        "mean_psnr": 27.30396521085631,
        "std_psnr": 3.565815453272141,
        "mean_ssim": 0.8100238418510406,
        "std_ssim": 0.05914505238722801,
        "nan_count": 0
      },
      "0.15": {
        "mean_mse": 0.001605321351209141,
        "std_mse": 0.0010635993127124039,
        "mean_psnr": 29.200646279914384,
        "std_psnr": 3.810187795283285,
        "mean_ssim": 0.8617702375385705,
        "std_ssim": 0.047589719320020006,
        "nan_count": 0
      },
      "0.2": {
        "mean_mse": 0.0011106986652798085,
        "std_mse": 0.0007665166449989386,
        "mean_psnr": 30.90618646108869,
        "std_psnr": 4.020051451990401,
        "mean_ssim": 0.896251657567004,
        "std_ssim": 0.03913540011572159,
        "nan_count": 0
      }
    },
    "time": 337.92062722705305,
    "_pdft_py": {
      "family": "entangled_qft",
      "stage_k": 5,
      "n_trainable": 35,
      "block_size": 32,
      "steps": 1008,
      "epochs_completed": 112,
      "device": "cuda:0",
      "n_test": 50
    }
  }
}