{
  "mera_progressive_k8": {
    "metrics": {
      "0.05": {
        "mean_mse": 0.004067377440728184,
        "std_mse": 0.0024449636294443444,
        "mean_psnr": 24.912345271785256,
        "std_psnr": 3.2688425230157607,
        "mean_ssim": 0.7155891256939317,
        "std_ssim": 0.07716801216682452,
        "nan_count": 0
      },
      "0.1": {
        "mean_mse": 0.002419476001199556,
        "std_mse": 0.001534112990431457,
        "mean_psnr": 27.304201703557865,
        "std_psnr": 3.5658820895837,
        "mean_ssim": 0.8100832552088711,
        "std_ssim": 0.0591791972761374,
        "nan_count": 0
      },
      "0.15": {
        "mean_mse": 0.0016052504909049266,
        "std_mse": 0.0010635386185058318,
        "mean_psnr": 29.20091751990245,
        "std_psnr": 3.810531449847175,
        "mean_ssim": 0.8617746715136165,
        "std_ssim": 0.04762913580857492,
        "nan_count": 0
      },
      "0.2": {
        "mean_mse": 0.0011106710145123726,
        "std_mse": 0.0007665174639271405,
        "mean_psnr": 30.906324695218263,
        "std_psnr": 4.020116635620902,
        "mean_ssim": 0.8962608550062893,
        "std_ssim": 0.039150627665476216,
        "nan_count": 0
      }
    },
    "time": 542.0408181007951,
    "_pdft_py": {
      "family": "mera",
      "stage_k": 8,
      "n_trainable": 44,
      "block_size": 256,
      "steps": 1008,
      "epochs_completed": 112,
      "device": "cuda:0",
      "n_test": 50
    }
  }
}