{
  "config": {
    "dataset": "quickdraw",
    "n_train": 500,
    "n_test": 50,
    "img_size": 32,
    "seed": 42,
    "keep_ratios": [
      0.05,
      0.1,
      0.15,
      0.2
    ]
  },
  "metrics": {
    "block_dct_8": {
      "metrics": {
        "0.05": {
          "mean_mse": 0.0208663119841367,
          "std_mse": 0.008492249731694372,
          "mean_psnr": 17.19585076084046,
          "std_psnr": 1.9090981565443914,
          "mean_ssim": 0.7215160511538588,
          "std_ssim": 0.04886766625565642,
          "nan_count": 0
        },
        "0.1": {
          "mean_mse": 0.009919406669214368,
          "std_mse": 0.005188427826927296,
          "mean_psnr": 20.699906774713728,
          "std_psnr": 2.527791187320875,
          "mean_ssim": 0.822454054497624,
          "std_ssim": 0.0355591170813193,
          "nan_count": 0
        },
        "0.15": {
          "mean_mse": 0.005310077564790845,
          "std_mse": 0.0033277233445870064,
          "mean_psnr": 23.723369498608257,
          "std_psnr": 3.1050812071195955,
          "mean_ssim": 0.8731901661568727,
          "std_ssim": 0.034995548274868046,
          "nan_count": 0
        },
        "0.2": {
          "mean_mse": 0.002973047574632801,
          "std_mse": 0.0021768335433750745,
          "mean_psnr": 26.62861959968122,
          "std_psnr": 3.727185718291822,
          "mean_ssim": 0.906714465585179,
          "std_ssim": 0.03367691475104532,
          "nan_count": 0
        }
      },
      "time_s": 0.05826669838279486
    },
    "block_dct_8_rank": {
      "metrics": {
        "0.05": {
          "mean_mse": 0.04604307435452938,
          "std_mse": 0.011001064797851049,
          "mean_psnr": 13.504686779540355,
          "std_psnr": 1.1210175217545826,
          "mean_ssim": 0.4245387249178653,
          "std_ssim": 0.07913796789607898,
          "nan_count": 0
        },
        "0.1": {
          "mean_mse": 0.03422851763665676,
          "std_mse": 0.008866459512008389,
          "mean_psnr": 14.814757991107337,
          "std_psnr": 1.207297807412328,
          "mean_ssim": 0.5812481980017131,
          "std_ssim": 0.05699762610142424,
          "nan_count": 0
        },
        "0.15": {
          "mean_mse": 0.02733309008181095,
          "std_mse": 0.006839511056662517,
          "mean_psnr": 15.779591723022982,
          "std_psnr": 1.1579630699457615,
          "mean_ssim": 0.6580682479679452,
          "std_ssim": 0.039855384263375745,
          "nan_count": 0
        },
        "0.2": {
          "mean_mse": 0.020999342128634454,
          "std_mse": 0.005990313570448646,
          "mean_psnr": 16.96845405957854,
          "std_psnr": 1.326870356291824,
          "mean_ssim": 0.7246594953396116,
          "std_ssim": 0.03629431080107993,
          "nan_count": 0
        }
      },
      "time_s": 0.0553516186773777
    },
    "block_fft_8": {
      "metrics": {
        "0.05": {
          "mean_mse": 0.027197601664811374,
          "std_mse": 0.010223482690230658,
          "mean_psnr": 15.968997800523105,
          "std_psnr": 1.6803219507169747,
          "mean_ssim": 0.6479539999839706,
          "std_ssim": 0.06038204531031564,
          "nan_count": 0
        },
        "0.1": {
          "mean_mse": 0.014989074310287833,
          "std_mse": 0.0069577305689556695,
          "mean_psnr": 18.742256507411373,
          "std_psnr": 2.151826076701955,
          "mean_ssim": 0.7605041316850827,
          "std_ssim": 0.04936036123365639,
          "nan_count": 0
        },
        "0.15": {
          "mean_mse": 0.00921059881336987,
          "std_mse": 0.005007250865854423,
          "mean_psnr": 21.08764326732091,
          "std_psnr": 2.6548420395382526,
          "mean_ssim": 0.8179294826487629,
          "std_ssim": 0.04493958456429443,
          "nan_count": 0
        },
        "0.2": {
          "mean_mse": 0.005889888296369463,
          "std_mse": 0.0037080325107016806,
          "mean_psnr": 23.343528413483696,
          "std_psnr": 3.254975391770049,
          "mean_ssim": 0.8578461126374484,
          "std_ssim": 0.04491824109921846,
          "nan_count": 0
        }
      },
      "time_s": 0.06893633399158716
    },
    "block_pca_8": {
      "metrics": {
        "0.05": {
          "mean_mse": 0.0216109711550064,
          "std_mse": 0.007590354957998964,
          "mean_psnr": 16.95323229525189,
          "std_psnr": 1.6792294359070863,
          "mean_ssim": 0.621135685253794,
          "std_ssim": 0.04290379547398514,
          "nan_count": 0
        },
        "0.1": {
          "mean_mse": 0.010152785199133946,
          "std_mse": 0.004740571830405671,
          "mean_psnr": 20.461709443076597,
          "std_psnr": 2.2385029396234604,
          "mean_ssim": 0.7269460134276398,
          "std_ssim": 0.04839154283502945,
          "nan_count": 0
        },
        "0.15": {
          "mean_mse": 0.005518302670335707,
          "std_mse": 0.003066456622331668,
          "mean_psnr": 23.340759414419903,
          "std_psnr": 2.703289793409857,
          "mean_ssim": 0.7728261950131526,
          "std_ssim": 0.05168388389306334,
          "nan_count": 0
        },
        "0.2": {
          "mean_mse": 0.003173904668507192,
          "std_mse": 0.0020099633603835013,
          "mean_psnr": 25.952415996420356,
          "std_psnr": 3.0475921803212307,
          "mean_ssim": 0.8013962920740819,
          "std_ssim": 0.05004807619291651,
          "nan_count": 0
        }
      },
      "time_s": 0.06097183655947447
    },
    "block_pca_8_rank": {
      "metrics": {
        "0.05": {
          "mean_mse": 0.04504006940670225,
          "std_mse": 0.010611379401311068,
          "mean_psnr": 13.595417128398587,
          "std_psnr": 1.0985422129048266,
          "mean_ssim": 0.3762378765940014,
          "std_ssim": 0.04998238394987437,
          "nan_count": 0
        },
        "0.1": {
          "mean_mse": 0.033206532904919366,
          "std_mse": 0.00868354244477252,
          "mean_psnr": 14.94766734684618,
          "std_psnr": 1.209456678680764,
          "mean_ssim": 0.5603951832150487,
          "std_ssim": 0.04506723104220357,
          "nan_count": 0
        },
        "0.15": {
          "mean_mse": 0.02545679302225841,
          "std_mse": 0.0070138936478757845,
          "mean_psnr": 16.115923703931188,
          "std_psnr": 1.25680756273016,
          "mean_ssim": 0.6523936303572959,
          "std_ssim": 0.036139534154431795,
          "nan_count": 0
        },
        "0.2": {
          "mean_mse": 0.02013564317767122,
          "std_mse": 0.005878599880820684,
          "mean_psnr": 17.15649040987778,
          "std_psnr": 1.339317926643863,
          "mean_ssim": 0.7175297612796563,
          "std_ssim": 0.03543058652880271,
          "nan_count": 0
        }
      },
      "time_s": 0.0509050190448761
    },
    "dct": {
      "metrics": {
        "0.05": {
          "mean_mse": 0.025376474149525166,
          "std_mse": 0.007110676367348119,
          "mean_psnr": 16.13068743812232,
          "std_psnr": 1.2494509758016845,
          "mean_ssim": 0.5325690390727518,
          "std_ssim": 0.0510344390397533,
          "nan_count": 0
        },
        "0.1": {
          "mean_mse": 0.014955568760633468,
          "std_mse": 0.0044379725496100095,
          "mean_psnr": 18.44494869657143,
          "std_psnr": 1.3085204745097352,
          "mean_ssim": 0.6285596559064693,
          "std_ssim": 0.06925399839478204,
          "nan_count": 0
        },
        "0.15": {
          "mean_mse": 0.00972980421036482,
          "std_mse": 0.002995304916587051,
          "mean_psnr": 20.32560731855238,
          "std_psnr": 1.3525615935587376,
          "mean_ssim": 0.6751236205085901,
          "std_ssim": 0.0751999561048935,
          "nan_count": 0
        },
        "0.2": {
          "mean_mse": 0.006582279326394201,
          "std_mse": 0.0020606951400771066,
          "mean_psnr": 22.031770660900882,