{
  "qft_progressive_k7": {
    "metrics": {
      "0.05": {
        "mean_mse": 0.003825971955695451,
        "std_mse": 0.0023770455571337063,
        "mean_psnr": 25.23480259233388,
        "std_psnr": 3.3527156656956736,
        "mean_ssim": 0.7263820731534537,
        "std_ssim": 0.07762696296028047,
        "nan_count": 0
      },
      "0.1": {
        "mean_mse": 0.002199679214719706,
        "std_mse": 0.0014534860757510397,
        "mean_psnr": 27.811534782383113,
        "std_psnr": 3.7188172163032327,
        "mean_ssim": 0.8235259464072704,
        "std_ssim": 0.0587963687981327,
        "nan_count": 0
      },
      "0.15": {
        "mean_mse": 0.0014242799804756968,
        "std_mse": 0.0009883243323280423,
        "mean_psnr": 29.84120502766549,
        "std_psnr": 4.005164180021638,
        "mean_ssim": 0.87517020053602,
        "std_ssim": 0.046259243100706886,
        "nan_count": 0
      },
      "0.2": {
        "mean_mse": 0.0009651506141691563,
        "std_mse": 0.0006995059101094387,
        "mean_psnr": 31.6595320750707,
        "std_psnr": 4.244712325382221,
        "mean_ssim": 0.9084972100666809,
        "std_ssim": 0.03689941192805211,
        "nan_count": 0
      }
    },
    "time": 468.4159841304645,
    "_pdft_py": {
      "stage_k": 7,
      "n_trainable": 56,
      "block_size": 128,
      "steps": 1008,
      "epochs_completed": 112,
      "device": "cuda:0",
      "n_test": 50
    }
  }
}