{
  "qft_progressive_k7": {
    "metrics": {
      "0.05": {
        "mean_mse": 0.003872758247200163,
        "std_mse": 0.002392112558343201,
        "mean_psnr": 25.174206188425188,
        "std_psnr": 3.3428535854987644,
        "mean_ssim": 0.7196296151866771,
        "std_ssim": 0.07744831429623515,
        "nan_count": 0
      },
      "0.1": {
        "mean_mse": 0.002238208806690392,
        "std_mse": 0.0014673820827199914,
        "mean_psnr": 27.721937705766532,
        "std_psnr": 3.6986147069255026,
        "mean_ssim": 0.8168637410089784,
        "std_ssim": 0.05884147904006566,
        "nan_count": 0
      },
      "0.15": {
        "mean_mse": 0.00145561676267287,
        "std_mse": 0.0009997307005958798,
        "mean_psnr": 29.724338889619112,
        "std_psnr": 3.975062652248523,
        "mean_ssim": 0.8690529344670249,
        "std_ssim": 0.046762769610801384,
        "nan_count": 0
      },
      "0.2": {
        "mean_mse": 0.000990557973896563,
        "std_mse": 0.0007094706721556258,
        "mean_psnr": 31.517154395387237,
        "std_psnr": 4.2050396479957595,
        "mean_ssim": 0.9030839368214323,
        "std_ssim": 0.037664846159217266,
        "nan_count": 0
      }
    },
    "time": 232.57637328933924,
    "_pdft_py": {
      "stage_k": 7,
      "n_trainable": 56,
      "block_size": 128,
      "steps": 504,
      "epochs_completed": 56,
      "device": "cuda:0",
      "n_test": 50
    }
  }
}