{
  "rich_32": {
    "metrics": {
      "0.05": {
        "mean_mse": 0.003084709861230705,
        "std_mse": 0.0020325242006727184,
        "mean_psnr": 26.326085163274794,
        "std_psnr": 3.6578075512831645,
        "mean_ssim": 0.7603909138648024,
        "std_ssim": 0.07750644480339428,
        "nan_count": 0
      },
      "0.1": {
        "mean_mse": 0.0016695825860821112,
        "std_mse": 0.001180034063021211,
        "mean_psnr": 29.19021425876879,
        "std_psnr": 4.064592263810585,
        "mean_ssim": 0.8542932832187158,
        "std_ssim": 0.05573742500422743,
        "nan_count": 0
      },
      "0.15": {
        "mean_mse": 0.0010367237275040572,
        "std_mse": 0.000773600041182043,
        "mean_psnr": 31.416218579222047,
        "std_psnr": 4.360292529164013,
        "mean_ssim": 0.90113928493865,
        "std_ssim": 0.04216603930872213,
        "nan_count": 0
      },
      "0.2": {
        "mean_mse": 0.0006798539755965778,
        "std_mse": 0.0005315820145347819,
        "mean_psnr": 33.390266523225165,
        "std_psnr": 4.602917255051591,
        "mean_ssim": 0.9298410097195767,
        "std_ssim": 0.032505245702882796,
        "nan_count": 0
      }
    },
    "time": 637.889966215007,
    "_pdft_py": {
      "warmup_s": 5.187513998709619,
      "device": "cuda:0",
      "epochs_completed": 112,
      "steps": 1008,
      "n_test": 50,
      "eval_failed_count": {
        "0.05": 0,
        "0.1": 0,
        "0.15": 0,
        "0.2": 0
      }
    }
  }
}