{
 "meta": {
  "dataset": "div2k_8q",
  "n_train": 500,
  "n_test": 50,
  "image_shape": [
   256,
   256
  ],
  "raw_bytes_total": 36044800,
  "raw_bytes_per_image": 65536,
  "deflate_raw_total": 29154745,
  "png_total": 23262746,
  "seed": 42,
  "keep_ratios": [
   0.05,
   0.1,
   0.15,
   0.2,
   0.3,
   0.4,
   0.5
  ],
  "bits": [
   6,
   8,
   10
  ]
 },
 "budget_bytes": 18022400.0,
 "by_basis": {
  "real_rich_8": {
   "keep_ratio": 0.4,
   "bits": 10,
   "blob_bytes_total": 17520402,
   "basis_bytes": 7156,
   "total_bytes": 17527558,
   "bytes_per_image": 31868.287272727273,
   "ratio_vs_raw": 0.4862714732776989,
   "train": {
    "mean_mse": 0.00013552143525184416,
    "std_mse": 0.0001543590227474538,
    "mean_psnr": 41.28085840177331,
    "std_psnr": 4.98994960386164,
    "mean_ssim": 0.9832443175045528,
    "std_ssim": 0.010302293378745872,
    "nan_count": 0
   },
   "test": {
    "mean_mse": 0.00012861157625161743,
    "std_mse": 0.00011440125562063819,
    "mean_psnr": 40.672051186082335,
    "std_psnr": 4.277632013505219,
    "mean_ssim": 0.9818448327835199,
    "std_ssim": 0.00991978622960751,
    "nan_count": 0
   }
  },
  "rich_8": {
   "keep_ratio": 0.4,
   "bits": 8,
   "blob_bytes_total": 17539266,
   "basis_bytes": 9126,
   "total_bytes": 17548392,
   "bytes_per_image": 31906.167272727274,
   "ratio_vs_raw": 0.4868494762073864,
   "train": {
    "mean_mse": 0.00021181491742982466,
    "std_mse": 0.00015253370618118116,
    "mean_psnr": 37.56453396885384,
    "std_psnr": 2.5673631820209004,
    "mean_ssim": 0.9731655690771566,
    "std_ssim": 0.008794444280361427,
    "nan_count": 0
   },
   "test": {
    "mean_mse": 0.00019899630061784396,
    "std_mse": 0.00011001131611381937,
    "mean_psnr": 37.56087492875498,
    "std_psnr": 2.160239314372541,
    "mean_ssim": 0.9724917240731898,
    "std_ssim": 0.009834327512828318,
    "nan_count": 0
   }
  },
  "block_dct_8": {
   "keep_ratio": 0.4,
   "bits": 10,
   "blob_bytes_total": 17285381,
   "basis_bytes": 0,
   "total_bytes": 17285381,
   "bytes_per_image": 31427.965454545454,
   "ratio_vs_raw": 0.479552695534446,
   "train": {
    "mean_mse": 0.0001296139861465948,
    "std_mse": 0.0001491880154068245,
    "mean_psnr": 41.52012464925858,
    "std_psnr": 5.047909068919936,
    "mean_ssim": 0.9846115100767638,
    "std_ssim": 0.009929931935715028,
    "nan_count": 0
   },
   "test": {
    "mean_mse": 0.00012292720179385002,
    "std_mse": 0.00011213576730972819,
    "mean_psnr": 40.96093689214054,
    "std_psnr": 4.397423855972748,
    "mean_ssim": 0.983267956164903,
    "std_ssim": 0.009868218320054316,
    "nan_count": 0
   }
  }
 }
}