{
  "real_rich_progressive_k7": {
    "metrics": {
      "0.05": {
        "mean_mse": 0.0031175529128772152,
        "std_mse": 0.002047171980797984,
        "mean_psnr": 26.29582890079496,
        "std_psnr": 3.7076714856625763,
        "mean_ssim": 0.757194097903415,
        "std_ssim": 0.07887653435844046,
        "nan_count": 0
      },
      "0.1": {
        "mean_mse": 0.001645207356264381,
        "std_mse": 0.001158987933365603,
        "mean_psnr": 29.26733201618868,
        "std_psnr": 4.112171135310775,
        "mean_ssim": 0.8551030802258454,
        "std_ssim": 0.05544797492641753,
        "nan_count": 0
      },
      "0.15": {
        "mean_mse": 0.0010073909097658997,
        "std_mse": 0.0007482650670688697,
        "mean_psnr": 31.552623648858976,
        "std_psnr": 4.405650156756128,
        "mean_ssim": 0.9028724410511828,
        "std_ssim": 0.0413253006706546,
        "nan_count": 0
      },
      "0.2": {
        "mean_mse": 0.0006534784114394307,
        "std_mse": 0.0005093360145622341,
        "mean_psnr": 33.574663161167244,
        "std_psnr": 4.641548879654966,
        "mean_ssim": 0.9317266150090981,
        "std_ssim": 0.031595642173765065,
        "nan_count": 0
      }
    },
    "time": 1130.8087641568854,
    "_pdft_py": {
      "family": "real_rich",
      "stage_k": 7,
      "n_trainable": 56,
      "block_size": 128,
      "steps": 1008,
      "epochs_completed": 112,
      "device": "cuda:0",
      "n_test": 50
    }
  }
}