{
  "qft_progressive_k5": {
    "metrics": {
      "0.05": {
        "mean_mse": 0.0038487279270538266,
        "std_mse": 0.0023828410249058635,
        "mean_psnr": 25.204907305643196,
        "std_psnr": 3.348299775537016,
        "mean_ssim": 0.7226100623107772,
        "std_ssim": 0.07760614521989372,
        "nan_count": 0
      },
      "0.1": {
        "mean_mse": 0.0022190665593180307,
        "std_mse": 0.001460136482564305,
        "mean_psnr": 27.76637075599639,
        "std_psnr": 3.709523255395455,
        "mean_ssim": 0.8197262658354318,
        "std_ssim": 0.058861924529142476,
        "nan_count": 0
      },
      "0.15": {
        "mean_mse": 0.0014402281988236596,
        "std_mse": 0.0009938269584336898,
        "mean_psnr": 29.78208440274344,
        "std_psnr": 3.9931398888142415,
        "mean_ssim": 0.8716908216415233,
        "std_ssim": 0.046536236240393276,
        "nan_count": 0
      },
      "0.2": {
        "mean_mse": 0.00097782411355518,
        "std_mse": 0.0007040124841593573,
        "mean_psnr": 31.588067910220925,
        "std_psnr": 4.227504033243096,
        "mean_ssim": 0.9054480966100026,
        "std_ssim": 0.03724648740371728,
        "nan_count": 0
      }
    },
    "time": 161.01490830257535,
    "_pdft_py": {
      "stage_k": 5,
      "n_trainable": 30,
      "block_size": 32,
      "steps": 504,
      "epochs_completed": 56,
      "device": "cuda:0",
      "n_test": 50
    }
  }
}