basis,time_s,warmup_s
block_dct_8,0.8630045773461461,NaN
block_fft_8,1.1243302328512073,NaN
block_pca_8,2.4483561906963587,NaN
dct,0.7888078624382615,NaN
fft,0.9864792535081506,NaN
pca,22.77682845760137,NaN
rich,97.03923173900694,3.6356287002563477
