{
  "tebd_progressive_k4": {
    "metrics": {
      "0.05": {
        "mean_mse": 0.0176236199092188,
        "std_mse": 0.008511160963506707,
        "mean_psnr": 18.120895787417744,
        "std_psnr": 2.3907043797268286,
        "mean_ssim": 0.8285275735356181,
        "std_ssim": 0.06034002244176018,
        "nan_count": 0
      },
      "0.1": {
        "mean_mse": 0.007083502118893551,
        "std_mse": 0.004358769470588508,
        "mean_psnr": 22.40192996346907,
        "std_psnr": 2.981811242995543,
        "mean_ssim": 0.9217027702628009,
        "std_ssim": 0.03162890424256811,
        "nan_count": 0
      },
      "0.15": {
        "mean_mse": 0.003214961041376367,
        "std_mse": 0.0023324190672321834,
        "mean_psnr": 26.20006121965724,
        "std_psnr": 3.5681888545166074,
        "mean_ssim": 0.9604500354344327,
        "std_ssim": 0.020329996116631763,
        "nan_count": 0
      },
      "0.2": {
        "mean_mse": 0.001532341270295449,
        "std_mse": 0.0013097220523431736,
        "mean_psnr": 30.04756454124527,
        "std_psnr": 4.542229304718182,
        "mean_ssim": 0.9799433799130987,
        "std_ssim": 0.012676391889962777,
        "nan_count": 0
      }
    },
    "time": 15.862103831022978,
    "_pdft_py": {
      "family": "tebd",
      "stage_k": 4,
      "n_trainable": 16,
      "block_size": 16,
      "steps": 1008,
      "epochs_completed": 112,
      "device": "cuda:0",
      "n_test": 50
    }
  }
}