{
  "real_rich": {
    "metrics": {
      "0.05": {
        "mean_mse": 0.015564344744156083,
        "std_mse": 0.008417486276851606,
        "mean_psnr": 18.79105189162738,
        "std_psnr": 2.641104722918515,
        "mean_ssim": 0.8261611685403598,
        "std_ssim": 0.05039829416097483,
        "nan_count": 0
      },
      "0.1": {
        "mean_mse": 0.005530625028276562,
        "std_mse": 0.0038359783638300983,
        "mean_psnr": 23.676235629579573,
        "std_psnr": 3.286994574209843,
        "mean_ssim": 0.9139062408092444,
        "std_ssim": 0.02492972113962439,
        "nan_count": 0
      },
      "0.15": {
        "mean_mse": 0.002254348732997101,
        "std_mse": 0.0018945397393895572,
        "mean_psnr": 28.048017643104114,
        "std_psnr": 3.936663814923003,
        "mean_ssim": 0.9505621685795266,
        "std_ssim": 0.015071813752723514,
        "nan_count": 0
      },
      "0.2": {
        "mean_mse": 0.0009669072853758503,
        "std_mse": 0.0009639653589046642,
        "mean_psnr": 32.37201408593255,
        "std_psnr": 4.731778436107215,
        "mean_ssim": 0.9672421139015778,
        "std_ssim": 0.012061676325342836,
        "nan_count": 0
      }
    },
    "time": 5.360195750370622,
    "_pdft_py": {
      "warmup_s": 0.48965226765722036,
      "device": "cuda:0",
      "epochs_completed": 60,
      "steps": 540,
      "n_test": 50,
      "eval_failed_count": {
        "0.05": 0,
        "0.1": 0,
        "0.15": 0,
        "0.2": 0
      }
    }
  }
}