{
  "real_rich": {
    "metrics": {
      "0.05": {
        "mean_mse": 0.015577661470248512,
        "std_mse": 0.008489968695046169,
        "mean_psnr": 18.796969530982096,
        "std_psnr": 2.6591469690491567,
        "mean_ssim": 0.8273194418609644,
        "std_ssim": 0.0505879367945794,
        "nan_count": 0
      },
      "0.1": {
        "mean_mse": 0.005489082501104604,
        "std_mse": 0.003951376246908194,
        "mean_psnr": 23.801368449133356,
        "std_psnr": 3.4416277086139098,
        "mean_ssim": 0.9135088836888784,
        "std_ssim": 0.025683111704651335,
        "nan_count": 0
      },
      "0.15": {
        "mean_mse": 0.0021872932774785877,
        "std_mse": 0.0018927210372941886,
        "mean_psnr": 28.295050387641542,
        "std_psnr": 4.137559190764586,
        "mean_ssim": 0.9501476300084003,
        "std_ssim": 0.01491526407266646,
        "nan_count": 0
      },
      "0.2": {
        "mean_mse": 0.0009285277221022914,
        "std_mse": 0.0009596816627431184,
        "mean_psnr": 32.66934171434407,
        "std_psnr": 4.882411257268928,
        "mean_ssim": 0.967185905014093,
        "std_ssim": 0.011839433927522324,
        "nan_count": 0
      }
    },
    "time": 12.543660902418196,
    "_pdft_py": {
      "warmup_s": 0.60390311665833,
      "device": "cuda:1",
      "epochs_completed": 112,
      "steps": 1008,
      "n_test": 50,
      "eval_failed_count": {
        "0.05": 0,
        "0.1": 0,
        "0.15": 0,
        "0.2": 0
      }
    }
  }
}