{
  "real_rich": {
    "metrics": {
      "0.05": {
        "mean_mse": 0.015577661470248503,
        "std_mse": 0.008489968695046169,
        "mean_psnr": 18.7969695309821,
        "std_psnr": 2.659146969049158,
        "mean_ssim": 0.8273194418609644,
        "std_ssim": 0.0505879367945794,
        "nan_count": 0
      },
      "0.1": {
        "mean_mse": 0.005489082501104594,
        "std_mse": 0.003951376246908192,
        "mean_psnr": 23.80136844913336,
        "std_psnr": 3.4416277086139124,
        "mean_ssim": 0.9135088836888784,
        "std_ssim": 0.025683111704651335,
        "nan_count": 0
      },
      "0.15": {
        "mean_mse": 0.0021872932774785812,
        "std_mse": 0.0018927210372941857,
        "mean_psnr": 28.295050387641563,
        "std_psnr": 4.137559190764591,
        "mean_ssim": 0.9501476300084003,
        "std_ssim": 0.01491526407266646,
        "nan_count": 0
      },
      "0.2": {
        "mean_mse": 0.000928527722102287,
        "std_mse": 0.0009596816627431154,
        "mean_psnr": 32.6693417143441,
        "std_psnr": 4.882411257268934,
        "mean_ssim": 0.967185905014093,
        "std_ssim": 0.011839433927522324,
        "nan_count": 0
      }
    },
    "time": 18.754909907467663,
    "_pdft_py": {
      "warmup_s": 0.18116935528814793,
      "device": "cpu:0",
      "epochs_completed": 112,
      "steps": 1008,
      "n_test": 50,
      "eval_failed_count": {
        "0.05": 0,
        "0.1": 0,
        "0.15": 0,
        "0.2": 0
      }
    }
  }
}