{
  "real_rich": {
    "metrics": {
      "0.05": {
        "mean_mse": 0.015563612743548344,
        "std_mse": 0.008500359038334944,
        "mean_psnr": 18.805643589307625,
        "std_psnr": 2.6711261735237675,
        "mean_ssim": 0.8281453507938523,
        "std_ssim": 0.051793002198380574,
        "nan_count": 0
      },
      "0.1": {
        "mean_mse": 0.005485429986057714,
        "std_mse": 0.00395123856283376,
        "mean_psnr": 23.800419645763796,
        "std_psnr": 3.434169500704751,
        "mean_ssim": 0.9139330277467468,
        "std_ssim": 0.02550272186168531,
        "nan_count": 0
      },
      "0.15": {
        "mean_mse": 0.0021882778710112876,
        "std_mse": 0.0018896011677899368,
        "mean_psnr": 28.279113392230723,
        "std_psnr": 4.1133696581970645,
        "mean_ssim": 0.9500618888149533,
        "std_ssim": 0.014957230418890197,
        "nan_count": 0
      },
      "0.2": {
        "mean_mse": 0.000930754027005962,
        "std_mse": 0.0009571710536320838,
        "mean_psnr": 32.62405549716062,
        "std_psnr": 4.839756782906067,
        "mean_ssim": 0.9672851850009749,
        "std_ssim": 0.012060282635208369,
        "nan_count": 0
      }
    },
    "time": 16.76651006937027,
    "_pdft_py": {
      "warmup_s": 0.48950264882296324,
      "device": "cuda:1",
      "epochs_completed": 223,
      "steps": 2007,
      "n_test": 50,
      "eval_failed_count": {
        "0.05": 0,
        "0.1": 0,
        "0.15": 0,
        "0.2": 0
      }
    }
  }
}