{
  "rich_progressive_k1": {
    "metrics": {
      "0.05": {
        "mean_mse": 0.7729723811433817,
        "std_mse": 0.008838858243338913,
        "mean_psnr": 1.1186441790895314,
        "std_psnr": 0.04966265157974345,
        "mean_ssim": 0.04510825440510504,
        "std_ssim": 0.014979271924027586,
        "nan_count": 0
      },
      "0.1": {
        "mean_mse": 0.5729601741121341,
        "std_mse": 0.008838858243338908,
        "mean_psnr": 2.4192724695628915,
        "std_psnr": 0.06700314366951872,
        "mean_ssim": 0.19623931441537135,
        "std_ssim": 0.03261406012396353,
        "nan_count": 0
      },
      "0.15": {
        "mean_mse": 0.37300900223713634,
        "std_mse": 0.008838858243338904,
        "mean_psnr": 4.284026599415076,
        "std_psnr": 0.10294101204611998,
        "mean_ssim": 0.3801120498090006,
        "std_ssim": 0.05375582210056683,
        "nan_count": 0
      },
      "0.2": {
        "mean_mse": 0.17299692678578713,
        "std_mse": 0.008838623655589219,
        "mean_psnr": 7.625296693319587,
        "std_psnr": 0.22227336262701264,
        "mean_ssim": 0.6019141870716143,
        "std_ssim": 0.030976467651090883,
        "nan_count": 0
      }
    },
    "time": 67.178313087672,
    "_pdft_py": {
      "family": "rich",
      "stage_k": 1,
      "n_trainable": 2,
      "block_size": 2,
      "steps": 1008,
      "epochs_completed": 112,
      "device": "cuda:0",
      "n_test": 50
    }
  }
}