{
  "tebd": {
    "metrics": {
      "0.05": {
        "mean_mse": 0.005005897712023147,
        "std_mse": 0.002928704075381148,
        "mean_psnr": 23.834538626432007,
        "std_psnr": 2.824295512346051,
        "mean_ssim": 0.6437403587969526,
        "std_ssim": 0.06825361220876781,
        "nan_count": 0
      },
      "0.1": {
        "mean_mse": 0.0032052898012394086,
        "std_mse": 0.0019273612684609126,
        "mean_psnr": 25.81212733915735,
        "std_psnr": 2.902037862813286,
        "mean_ssim": 0.7405055854225224,
        "std_ssim": 0.058058662020380326,
        "nan_count": 0
      },
      "0.15": {
        "mean_mse": 0.0022552117728288023,
        "std_mse": 0.0013732702585808197,
        "mean_psnr": 27.358701414098842,
        "std_psnr": 2.9419697935104674,
        "mean_ssim": 0.796075835235871,
        "std_ssim": 0.05238705283273022,
        "nan_count": 0
      },
      "0.2": {
        "mean_mse": 0.0016438052150530222,
        "std_mse": 0.0010093104414975935,
        "mean_psnr": 28.743806086494878,
        "std_psnr": 2.965680321648076,
        "mean_ssim": 0.8351869971631491,
        "std_ssim": 0.04742089637392695,
        "nan_count": 0
      }
    },
    "time": 542.6961083458737,
    "_pdft_py": {
      "basis": "tebd",
      "lam": 1.0,
      "regulariser": "L1InitAnchorMSELoss",
      "steps": 1008,
      "epochs_completed": 112,
      "device": "cuda:0",
      "n_test": 50
    }
  }
}