{
  "blocked_8": {
    "metrics": {
      "0.05": {
        "mean_mse": 0.003877921068152149,
        "std_mse": 0.002429918245317826,
        "mean_psnr": 25.18476330016404,
        "std_psnr": 3.3485670949150204,
        "mean_ssim": 0.713753625643073,
        "std_ssim": 0.07918265320525467,
        "nan_count": 0
      },
      "0.1": {
        "mean_mse": 0.0020783171534863062,
        "std_mse": 0.0013925589570221782,
        "mean_psnr": 28.085965541771753,
        "std_psnr": 3.746003215223649,
        "mean_ssim": 0.8255592181643249,
        "std_ssim": 0.0583632928275046,
        "nan_count": 0
      },
      "0.15": {
        "mean_mse": 0.001294482216186508,
        "std_mse": 0.0009116724184578729,
        "mean_psnr": 30.29645504327691,
        "std_psnr": 4.054569439670494,
        "mean_ssim": 0.880947938012073,
        "std_ssim": 0.04483544209392891,
        "nan_count": 0
      },
      "0.2": {
        "mean_mse": 0.000851979625562922,
        "std_mse": 0.0006275895017187102,
        "mean_psnr": 32.26011645352632,
        "std_psnr": 4.328410938358165,
        "mean_ssim": 0.915099955117445,
        "std_ssim": 0.03489696014217548,
        "nan_count": 0
      }
    },
    "time": 59.1403384199366,
    "_pdft_py": {
      "warmup_s": 3.2702192571014166,
      "device": "cuda:0",
      "epochs_completed": 33,
      "steps": 297,
      "n_test": 50,
      "eval_failed_count": {
        "0.05": 0,
        "0.1": 0,
        "0.15": 0,
        "0.2": 0
      }
    }
  }
}