{
  "blocked_8": {
    "metrics": {
      "0.05": {
        "mean_mse": 0.0038778904994887947,
        "std_mse": 0.002429745303827734,
        "mean_psnr": 25.184550132987614,
        "std_psnr": 3.3479530670112188,
        "mean_ssim": 0.7138133379448888,
        "std_ssim": 0.07920063851633893,
        "nan_count": 0
      },
      "0.1": {
        "mean_mse": 0.0020782719665904683,
        "std_mse": 0.0013924205053780423,
        "mean_psnr": 28.08567166957801,
        "std_psnr": 3.745034478005073,
        "mean_ssim": 0.8256512543445572,
        "std_ssim": 0.058372268137448835,
        "nan_count": 0
      },
      "0.15": {
        "mean_mse": 0.001294387402443747,
        "std_mse": 0.0009115735266999835,
        "mean_psnr": 30.296504079523938,
        "std_psnr": 4.053992955134471,
        "mean_ssim": 0.8810549151609731,
        "std_ssim": 0.04487190481342986,
        "nan_count": 0
      },
      "0.2": {
        "mean_mse": 0.0008518692309753399,
        "std_mse": 0.000627500643457376,
        "mean_psnr": 32.26042439179609,
        "std_psnr": 4.327885620077259,
        "mean_ssim": 0.9151579997678517,
        "std_ssim": 0.03494870452654622,
        "nan_count": 0
      }
    },
    "time": 101.72083080932498,
    "_pdft_py": {
      "warmup_s": 1.5688685541972518,
      "device": "cuda:0",
      "epochs_completed": 60,
      "steps": 540,
      "n_test": 50,
      "eval_failed_count": {
        "0.05": 0,
        "0.1": 0,
        "0.15": 0,
        "0.2": 0
      }
    }
  }
}