{
  "blocked_8": {
    "metrics": {
      "0.05": {
        "mean_mse": 0.003877827713663363,
        "std_mse": 0.0024298444981470826,
        "mean_psnr": 25.18476495575953,
        "std_psnr": 3.348249926527604,
        "mean_ssim": 0.7138327511785175,
        "std_ssim": 0.07921612975011645,
        "nan_count": 0
      },
      "0.1": {
        "mean_mse": 0.00207825032722047,
        "std_mse": 0.0013924932388440974,
        "mean_psnr": 28.086000846086037,
        "std_psnr": 3.7457044775490487,
        "mean_ssim": 0.8256397287180645,
        "std_ssim": 0.05838508013869352,
        "nan_count": 0
      },
      "0.15": {
        "mean_mse": 0.0012943876396873124,
        "std_mse": 0.0009116162856967112,
        "mean_psnr": 30.29678840417237,
        "std_psnr": 4.054619192333536,
        "mean_ssim": 0.8810222230224825,
        "std_ssim": 0.04485923223721028,
        "nan_count": 0
      },
      "0.2": {
        "mean_mse": 0.000851885671465886,
        "std_mse": 0.0006275403703171141,
        "mean_psnr": 32.26063647185376,
        "std_psnr": 4.328468204400922,
        "mean_ssim": 0.9151406777889395,
        "std_ssim": 0.03494920726495394,
        "nan_count": 0
      }
    },
    "time": 188.70135336462408,
    "_pdft_py": {
      "warmup_s": 1.5915229870006442,
      "device": "cuda:0",
      "epochs_completed": 112,
      "steps": 1008,
      "n_test": 50,
      "eval_failed_count": {
        "0.05": 0,
        "0.1": 0,
        "0.15": 0,
        "0.2": 0
      }
    }
  }
}