{
  "blocked_8": {
    "metrics": {
      "0.05": {
        "mean_mse": 0.0038778978451949973,
        "std_mse": 0.0024297940162151988,
        "mean_psnr": 25.184588324091592,
        "std_psnr": 3.348022227724326,
        "mean_ssim": 0.7138492004220008,
        "std_ssim": 0.07918201231993631,
        "nan_count": 0
      },
      "0.1": {
        "mean_mse": 0.0020782561309762556,
        "std_mse": 0.0013924163755270897,
        "mean_psnr": 28.085756156073263,
        "std_psnr": 3.745202061480353,
        "mean_ssim": 0.8256651900362503,
        "std_ssim": 0.05838729683297683,
        "nan_count": 0
      },
      "0.15": {
        "mean_mse": 0.001294368914522319,
        "std_mse": 0.0009115506474348873,
        "mean_psnr": 30.296490525984073,
        "std_psnr": 4.053798183291237,
        "mean_ssim": 0.8810579469621611,
        "std_ssim": 0.04485890041671243,
        "nan_count": 0
      },
      "0.2": {
        "mean_mse": 0.0008518638990816018,
        "std_mse": 0.0006275112608948118,
        "mean_psnr": 32.26044686147913,
        "std_psnr": 4.327780958634636,
        "mean_ssim": 0.915169522704029,
        "std_ssim": 0.03495841751250424,
        "nan_count": 0
      }
    },
    "time": 375.31031342223287,
    "_pdft_py": {
      "warmup_s": 1.5971926245838404,
      "device": "cuda:0",
      "epochs_completed": 223,
      "steps": 2007,
      "n_test": 50,
      "eval_failed_count": {
        "0.05": 0,
        "0.1": 0,
        "0.15": 0,
        "0.2": 0
      }
    }
  }
}