{
  "qft_progressive_k7": {
    "metrics": {
      "0.05": {
        "mean_mse": 0.003935748285862443,
        "std_mse": 0.002392714479446565,
        "mean_psnr": 25.093475176975552,
        "std_psnr": 3.350341734519813,
        "mean_ssim": 0.7224040508083968,
        "std_ssim": 0.0781148599632144,
        "nan_count": 0
      },
      "0.1": {
        "mean_mse": 0.0023073419401365785,
        "std_mse": 0.001488293868473991,
        "mean_psnr": 27.5720043621123,
        "std_psnr": 3.6993904017137105,
        "mean_ssim": 0.8172483171618842,
        "std_ssim": 0.05934485708537824,
        "nan_count": 0
      },
      "0.15": {
        "mean_mse": 0.0015143464102939709,
        "std_mse": 0.0010242960600906365,
        "mean_psnr": 29.532232821436455,
        "std_psnr": 3.976230715360797,
        "mean_ssim": 0.8688346279533968,
        "std_ssim": 0.04732901034989239,
        "nan_count": 0
      },
      "0.2": {
        "mean_mse": 0.001037838740826129,
        "std_mse": 0.0007331603588257307,
        "mean_psnr": 31.293456988409368,
        "std_psnr": 4.208794907267987,
        "mean_ssim": 0.9026023801472188,
        "std_ssim": 0.03839720436934765,
        "nan_count": 0
      }
    },
    "time": 466.91808801237494,
    "_pdft_py": {
      "family": "qft",
      "stage_k": 7,
      "n_trainable": 56,
      "block_size": 128,
      "steps": 1008,
      "epochs_completed": 112,
      "device": "cuda:0",
      "n_test": 50
    }
  }
}