{
  "blocked_4": {
    "metrics": {
      "0.05": {
        "mean_mse": 0.014624508497141949,
        "std_mse": 0.007823719701516638,
        "mean_psnr": 19.063184690997158,
        "std_psnr": 2.6166186898032966,
        "mean_ssim": 0.5265501826422888,
        "std_ssim": 0.08675978946173082,
        "nan_count": 0
      },
      "0.1": {
        "mean_mse": 0.002664364304333368,
        "std_mse": 0.0017588378499806866,
        "mean_psnr": 26.932156896235877,
        "std_psnr": 3.5676204215654925,
        "mean_ssim": 0.792984598588991,
        "std_ssim": 0.06556501035083243,
        "nan_count": 0
      },
      "0.15": {
        "mean_mse": 0.001439428956341819,
        "std_mse": 0.0010117559799941187,
        "mean_psnr": 29.76467283260392,
        "std_psnr": 3.8802970551500384,
        "mean_ssim": 0.8706069220411213,
        "std_ssim": 0.04745475195622184,
        "nan_count": 0
      },
      "0.2": {
        "mean_mse": 0.0008785582011054786,
        "std_mse": 0.0006481887591550236,
        "mean_psnr": 32.045780941533955,
        "std_psnr": 4.130327252410228,
        "mean_ssim": 0.9122897311681462,
        "std_ssim": 0.03592876797014897,
        "nan_count": 0
      }
    },
    "time": 125.87028699181974,
    "_pdft_py": {
      "warmup_s": 1.5423040315508842,
      "device": "cuda:0",
      "epochs_completed": 112,
      "steps": 1008,
      "n_test": 50,
      "eval_failed_count": {
        "0.05": 0,
        "0.1": 0,
        "0.15": 0,
        "0.2": 0
      }
    }
  }
}