{
  "rich_16": {
    "metrics": {
      "0.05": {
        "mean_mse": 0.003106438147282547,
        "std_mse": 0.0020400925433246672,
        "mean_psnr": 26.289237096447945,
        "std_psnr": 3.6493172468559436,
        "mean_ssim": 0.7595787922940243,
        "std_ssim": 0.07753164697284136,
        "nan_count": 0
      },
      "0.1": {
        "mean_mse": 0.001684611887478224,
        "std_mse": 0.00118892459850923,
        "mean_psnr": 29.148199258046528,
        "std_psnr": 4.060710274422604,
        "mean_ssim": 0.8536683904083167,
        "std_ssim": 0.056093099734822224,
        "nan_count": 0
      },
      "0.15": {
        "mean_mse": 0.001049325914903496,
        "std_mse": 0.0007823256174911251,
        "mean_psnr": 31.364107119311644,
        "std_psnr": 4.363596352117146,
        "mean_ssim": 0.9004431387387609,
        "std_ssim": 0.04259135604908108,
        "nan_count": 0
      },
      "0.2": {
        "mean_mse": 0.0006894549040890234,
        "std_mse": 0.0005388342581695305,
        "mean_psnr": 33.33330339811017,
        "std_psnr": 4.611828443337733,
        "mean_ssim": 0.9294124196859026,
        "std_ssim": 0.03283424882717226,
        "nan_count": 0
      }
    },
    "time": 254.7418440040201,
    "_pdft_py": {
      "warmup_s": 3.277112303301692,
      "device": "cuda:0",
      "epochs_completed": 112,
      "steps": 1008,
      "n_test": 50,
      "eval_failed_count": {
        "0.05": 0,
        "0.1": 0,
        "0.15": 0,
        "0.2": 0
      }
    }
  }
}