{
  "real_rich_progressive_k6": {
    "metrics": {
      "0.05": {
        "mean_mse": 0.00310003532566656,
        "std_mse": 0.0020386941427534134,
        "mean_psnr": 26.30566316365849,
        "std_psnr": 3.66808547806695,
        "mean_ssim": 0.7591843636213957,
        "std_ssim": 0.07810734992123186,
        "nan_count": 0
      },
      "0.1": {
        "mean_mse": 0.0016697897701714332,
        "std_mse": 0.0011781543664786548,
        "mean_psnr": 29.187951575974463,
        "std_psnr": 4.068640541269077,
        "mean_ssim": 0.8536656488356948,
        "std_ssim": 0.05583649964938065,
        "nan_count": 0
      },
      "0.15": {
        "mean_mse": 0.0010359999583255273,
        "std_mse": 0.0007712242371043091,
        "mean_psnr": 31.41748076745732,
        "std_psnr": 4.363516729509249,
        "mean_ssim": 0.9006530199130726,
        "std_ssim": 0.042046803765648545,
        "nan_count": 0
      },
      "0.2": {
        "mean_mse": 0.0006790275258351062,
        "std_mse": 0.0005296350424461448,
        "mean_psnr": 33.395121550574544,
        "std_psnr": 4.6064189487599805,
        "mean_ssim": 0.9294935391471338,
        "std_ssim": 0.0325782454207632,
        "nan_count": 0
      }
    },
    "time": 866.2975439354777,
    "_pdft_py": {
      "family": "real_rich",
      "stage_k": 6,
      "n_trainable": 42,
      "block_size": 64,
      "steps": 1008,
      "epochs_completed": 112,
      "device": "cuda:0",
      "n_test": 50
    }
  }
}