{
  "qft_freeze_inner": {
    "metrics": {
      "0.05": {
        "mean_mse": 0.01641609919089401,
        "std_mse": 0.007483992715955087,
        "mean_psnr": 18.392073890689616,
        "std_psnr": 2.3078515147371585,
        "mean_ssim": 0.36241250125551927,
        "std_ssim": 0.0955724006596568,
        "nan_count": 0
      },
      "0.1": {
        "mean_mse": 0.011529302696200248,
        "std_mse": 0.00542639914177101,
        "mean_psnr": 19.971544903192257,
        "std_psnr": 2.4113611108320097,
        "mean_ssim": 0.4665415622965186,
        "std_ssim": 0.09094337800955747,
        "nan_count": 0
      },
      "0.15": {
        "mean_mse": 0.008570070504572192,
        "std_mse": 0.004125128676506944,
        "mean_psnr": 21.292187734019244,
        "std_psnr": 2.4843921112478164,
        "mean_ssim": 0.5428119505518552,
        "std_ssim": 0.08540036190050079,
        "nan_count": 0
      },
      "0.2": {
        "mean_mse": 0.006496522532837511,
        "std_mse": 0.0031859205154077305,
        "mean_psnr": 22.52392703581003,
        "std_psnr": 2.548441743476389,
        "mean_ssim": 0.6051114353180077,
        "std_ssim": 0.08130564692262737,
        "nan_count": 0
      }
    },
    "time": 532.7146215457469,
    "_pdft_py": {
      "mode": "freeze_inner",
      "trainable_count": 60,
      "frozen_count": 12,
      "steps": 1008,
      "epochs_completed": 112,
      "device": "cuda:0",
      "n_test": 50
    }
  }
}