{
  "qft_progressive_k2": {
    "metrics": {
      "0.05": {
        "mean_mse": 0.01462452035059165,
        "std_mse": 0.007823720163531566,
        "mean_psnr": 19.06317585020828,
        "std_psnr": 2.616605407460842,
        "mean_ssim": 0.5265597980658642,
        "std_ssim": 0.08676683147719179,
        "nan_count": 0
      },
      "0.1": {
        "mean_mse": 0.0026643639540839636,
        "std_mse": 0.0017588323645379522,
        "mean_psnr": 26.932209389362807,
        "std_psnr": 3.5677712559367083,
        "mean_ssim": 0.7929904123659738,
        "std_ssim": 0.06556594259447694,
        "nan_count": 0
      },
      "0.15": {
        "mean_mse": 0.001439424984977069,
        "std_mse": 0.0010117478384457246,
        "mean_psnr": 29.7647727580228,
        "std_psnr": 3.8805723060069006,
        "mean_ssim": 0.8706125684312367,
        "std_ssim": 0.047469952034963646,
        "nan_count": 0
      },
      "0.2": {
        "mean_mse": 0.0008785503958156004,
        "std_mse": 0.0006481790804698103,
        "mean_psnr": 32.04592097617552,
        "std_psnr": 4.130597506020848,
        "mean_ssim": 0.912291314113512,
        "std_ssim": 0.0359300397253487,
        "nan_count": 0
      }
    },
    "time": 128.1783696319908,
    "_pdft_py": {
      "family": "qft",
      "stage_k": 2,
      "n_trainable": 6,
      "block_size": 4,
      "steps": 1008,
      "epochs_completed": 112,
      "device": "cuda:0",
      "n_test": 50
    }
  }
}