{
  "qft_b2": {
    "metrics": {
      "0.01": {
        "mean_mse": 0.15478711099527648,
        "std_mse": 0.07653595174886094,
        "mean_psnr": 8.709993554220556,
        "std_psnr": 2.4141872642194833,
        "mean_ssim": 0.10876208986084,
        "std_ssim": 0.02223767630783234,
        "nan_count": 0
      },
      "0.02": {
        "mean_mse": 0.0964391562049919,
        "std_mse": 0.05294428026790462,
        "mean_psnr": 10.883636623213583,
        "std_psnr": 2.6234787988221315,
        "mean_ssim": 0.22164595657728814,
        "std_ssim": 0.039722618951672305,
        "nan_count": 0
      },
      "0.05": {
        "mean_mse": 0.0146244998794869,
        "std_mse": 0.007823727886124718,
        "mean_psnr": 19.063192178002886,
        "std_psnr": 2.616630860835712,
        "mean_ssim": 0.5265455240136305,
        "std_ssim": 0.08676275567386808,
        "nan_count": 0
      },
      "0.1": {
        "mean_mse": 0.0026643248117480057,
        "std_mse": 0.0017588493283848682,
        "mean_psnr": 26.93231025267604,
        "std_psnr": 3.5678214493182496,
        "mean_ssim": 0.7929703436917225,
        "std_ssim": 0.0655596381052469,
        "nan_count": 0
      },
      "0.15": {
        "mean_mse": 0.0014393977291099235,
        "std_mse": 0.0010117319597217746,
        "mean_psnr": 29.76480306802936,
        "std_psnr": 3.880395155189811,
        "mean_ssim": 0.8706166033486497,
        "std_ssim": 0.0474477283250713,
        "nan_count": 0
      },
      "0.2": {
        "mean_mse": 0.0008785402791806077,
        "std_mse": 0.000648171513593626,
        "mean_psnr": 32.04586254225797,
        "std_psnr": 4.130232311414454,
        "mean_ssim": 0.9122685045340252,
        "std_ssim": 0.035935603909358585,
        "nan_count": 0
      }
    },
    "seed": 98,
    "init": "family_random_basis",
    "objective": "top10pct_mse",
    "steps": 1008,
    "epochs_completed": 112,
    "elapsed_seconds": 155.2
  }
}