{
  "block_dct_8": {
    "metrics": {
      "0.05": 17.19585076084046,
      "0.10": 20.699906774713728,
      "0.15": 23.723369498608257,
      "0.20": 26.62861959968122
    }
  }
}