{
  "qft_progressive_k3": {
    "metrics": {
      "0.05": {
        "mean_mse": 0.0017629323353776053,
        "std_mse": 0.0012838108357525943,
        "mean_psnr": 29.84903850248343,
        "std_psnr": 6.624445925158824,
        "mean_ssim": 0.9682062284940112,
        "std_ssim": 0.020327016110570764,
        "nan_count": 0
      },
      "0.1": {
        "mean_mse": 0.00013003340247549357,
        "std_mse": 0.00018014555740077172,
        "mean_psnr": 48.21398159393843,
        "std_psnr": 14.398663338944935,
        "mean_ssim": 0.9961988379663825,
        "std_ssim": 0.004444010361473594,
        "nan_count": 0
      },
      "0.15": {
        "mean_mse": 9.098379628389164e-06,
        "std_mse": 2.1361043826104883e-05,
        "mean_psnr": 67.33384011915669,
        "std_psnr": 17.268932424409122,
        "mean_ssim": 0.9996171304113673,
        "std_ssim": 0.0006991333026564,
        "nan_count": 0
      },
      "0.2": {
        "mean_mse": 2.3326580853518523e-07,
        "std_mse": 6.844861775111215e-07,
        "mean_psnr": 83.09923477588102,
        "std_psnr": 14.254500867872196,
        "mean_ssim": 0.9999865520557022,
        "std_ssim": 5.8147939257248296e-05,
        "nan_count": 0
      }
    },
    "time": 192.44672702625394,
    "_pdft_py": {
      "family": "qft",
      "stage_k": 3,
      "n_trainable": 12,
      "block_size": 8,
      "steps": 1008,
      "epochs_completed": 112,
      "device": "cuda:0",
      "n_test": 50
    }
  }
}