{
  "tebd": {
    "metrics": {
      "0.05": {
        "mean_mse": 0.003878183931718563,
        "std_mse": 0.002430073580607653,
        "mean_psnr": 25.184134637533894,
        "std_psnr": 3.347669040180388,
        "mean_ssim": 0.7136219074830512,
        "std_ssim": 0.07909346964100572,
        "nan_count": 0
      },
      "0.1": {
        "mean_mse": 0.0020785934833902142,
        "std_mse": 0.0013927064996378778,
        "mean_psnr": 28.085075478690648,
        "std_psnr": 3.7451347055325015,
        "mean_ssim": 0.8254459481863597,
        "std_ssim": 0.05829817932164081,
        "nan_count": 0
      },
      "0.15": {
        "mean_mse": 0.0012947328484710034,
        "std_mse": 0.0009117660150381079,
        "mean_psnr": 30.295218951304182,
        "std_psnr": 4.053815494252576,
        "mean_ssim": 0.880827259053676,
        "std_ssim": 0.04476261806555793,
        "nan_count": 0
      },
      "0.2": {
        "mean_mse": 0.0008521810228793533,
        "std_mse": 0.0006275810025493407,
        "mean_psnr": 32.257596650851404,
        "std_psnr": 4.325164436453315,
        "mean_ssim": 0.9149290635235381,
        "std_ssim": 0.0348367923857958,
        "nan_count": 0
      }
    },
    "time": 542.3353705620393,
    "_pdft_py": {
      "basis": "tebd",
      "lam": 10.0,
      "init_mode": "identity",
      "regulariser": "L1InitAnchorMSELoss",
      "steps": 1008,
      "epochs_completed": 112,
      "device": "cuda:0",
      "n_test": 50
    }
  }
}