{
  "qft": {
    "metrics": {
      "0.01": {
        "mean_mse": 0.06010809918562269,
        "std_mse": 0.012611864910810268,
        "mean_psnr": 12.315502221808353,
        "std_psnr": 0.9806764131281466,
        "mean_ssim": 0.4384188866320447,
        "std_ssim": 0.10694091997030228,
        "nan_count": 0
      },
      "0.02": {
        "mean_mse": 0.0417185813827707,
        "std_mse": 0.010653601068554439,
        "mean_psnr": 13.95051302564262,
        "std_psnr": 1.184680219970286,
        "mean_ssim": 0.5902119688057081,
        "std_ssim": 0.09704838201930603,
        "nan_count": 0
      },
      "0.05": {
        "mean_mse": 0.019248579343921487,
        "std_mse": 0.006463987443601464,
        "mean_psnr": 17.42557368385748,
        "std_psnr": 1.5761609425904073,
        "mean_ssim": 0.8000546489246367,
        "std_ssim": 0.05400766533223108,
        "nan_count": 0
      },
      "0.1": {
        "mean_mse": 0.007650214804634119,
        "std_mse": 0.003442907983490365,
        "mean_psnr": 21.620275204587028,
        "std_psnr": 2.04767723106359,
        "mean_ssim": 0.9107418405311182,
        "std_ssim": 0.02990056727839782,
        "nan_count": 0
      },
      "0.15": {
        "mean_mse": 0.003479852786850711,
        "std_mse": 0.001955085025834388,
        "mean_psnr": 25.29857891878362,
        "std_psnr": 2.5928800862551027,
        "mean_ssim": 0.9506870871708457,
        "std_ssim": 0.020158179544258827,
        "nan_count": 0
      },
      "0.2": {
        "mean_mse": 0.0016683846731006175,
        "std_mse": 0.0011602591488653908,
        "mean_psnr": 28.91070719201793,
        "std_psnr": 3.346970182571385,
        "mean_ssim": 0.9744998513770525,
        "std_ssim": 0.012886217843593414,
        "nan_count": 0
      }
    },
    "seed": 98,
    "init": "family_random_basis",
    "objective": "top10pct_mse",
    "steps": 1008,
    "epochs_completed": 112,
    "elapsed_seconds": 43.3
  }
}