{
  "real_rich_8": {
    "metrics": {
      "0.05": {
        "mean_mse": 0.0033288804362690523,
        "std_mse": 0.0021800085730145063,
        "mean_psnr": 25.964898248949968,
        "std_psnr": 3.5755777635883828,
        "mean_ssim": 0.7391663831757274,
        "std_ssim": 0.08011383554148062,
        "nan_count": 0
      },
      "0.1": {
        "mean_mse": 0.0016702849673804177,
        "std_mse": 0.00117913078543535,
        "mean_psnr": 29.178155296471715,
        "std_psnr": 4.028360891496046,
        "mean_ssim": 0.8508115984541804,
        "std_ssim": 0.05672828973649721,
        "nan_count": 0
      },
      "0.15": {
        "mean_mse": 0.000996092206315522,
        "std_mse": 0.000743894213264389,
        "mean_psnr": 31.58969965869246,
        "std_psnr": 4.345405522188374,
        "mean_ssim": 0.9026085164497232,
        "std_ssim": 0.04179401226672193,
        "nan_count": 0
      },
      "0.2": {
        "mean_mse": 0.0006332763094386845,
        "std_mse": 0.0004967963620810541,
        "mean_psnr": 33.70587023819398,
        "std_psnr": 4.597233213306253,
        "mean_ssim": 0.9330085101678992,
        "std_ssim": 0.03136802792560775,
        "nan_count": 0
      }
    },
    "time": 309.1920407032594,
    "_pdft_py": {
      "warmup_s": 1.2764257229864597,
      "device": "cuda:0",
      "epochs_completed": 223,
      "steps": 2007,
      "n_test": 50,
      "eval_failed_count": {
        "0.05": 0,
        "0.1": 0,
        "0.15": 0,
        "0.2": 0
      }
    }
  }
}