{
  "real_rich_8": {
    "metrics": {
      "0.05": {
        "mean_mse": 0.0033174610453234814,
        "std_mse": 0.0021817811853084273,
        "mean_psnr": 25.994918800900674,
        "std_psnr": 3.6061127427334783,
        "mean_ssim": 0.7407364163929563,
        "std_ssim": 0.08057536520166036,
        "nan_count": 0
      },
      "0.1": {
        "mean_mse": 0.0016704234059069542,
        "std_mse": 0.0011863662337463934,
        "mean_psnr": 29.1989010253524,
        "std_psnr": 4.066183538761502,
        "mean_ssim": 0.8519758496652784,
        "std_ssim": 0.056779724736565784,
        "nan_count": 0
      },
      "0.15": {
        "mean_mse": 0.0010005368174816217,
        "std_mse": 0.0007515546794185765,
        "mean_psnr": 31.59389842067279,
        "std_psnr": 4.385074847292207,
        "mean_ssim": 0.9029530385366669,
        "std_ssim": 0.04198676053781042,
        "nan_count": 0
      },
      "0.2": {
        "mean_mse": 0.0006382137155442465,
        "std_mse": 0.0005026925448173535,
        "mean_psnr": 33.69502212815053,
        "std_psnr": 4.633935397146655,
        "mean_ssim": 0.9329879433684586,
        "std_ssim": 0.03139069513264702,
        "nan_count": 0
      }
    },
    "time": 83.6091407109052,
    "_pdft_py": {
      "warmup_s": 1.2125017484650016,
      "device": "cuda:0",
      "epochs_completed": 60,
      "steps": 540,
      "n_test": 50,
      "eval_failed_count": {
        "0.05": 0,
        "0.1": 0,
        "0.15": 0,
        "0.2": 0
      }
    }
  }
}