{
  "real_rich_8": {
    "metrics": {
      "0.05": {
        "mean_mse": 0.0033231016534971108,
        "std_mse": 0.0021825328080917468,
        "mean_psnr": 25.98356203657158,
        "std_psnr": 3.6000851090387336,
        "mean_ssim": 0.7402488310992743,
        "std_ssim": 0.08058077948003363,
        "nan_count": 0
      },
      "0.1": {
        "mean_mse": 0.0016732888501795216,
        "std_mse": 0.0011851633384479699,
        "mean_psnr": 29.183180548689375,
        "std_psnr": 4.05446688200613,
        "mean_ssim": 0.8515784287259004,
        "std_ssim": 0.056637361368280445,
        "nan_count": 0
      },
      "0.15": {
        "mean_mse": 0.0010027967014503492,
        "std_mse": 0.0007517687998401374,
        "mean_psnr": 31.577114086036726,
        "std_psnr": 4.37919919658034,
        "mean_ssim": 0.9026387226098775,
        "std_ssim": 0.04185575816431653,
        "nan_count": 0
      },
      "0.2": {
        "mean_mse": 0.0006403156593701462,
        "std_mse": 0.0005041681375708445,
        "mean_psnr": 33.679244321589195,
        "std_psnr": 4.639710152612128,
        "mean_ssim": 0.9327759540884399,
        "std_ssim": 0.031500904675859545,
        "nan_count": 0
      }
    },
    "time": 44.18140142969787,
    "_pdft_py": {
      "warmup_s": 1.9989568013697863,
      "device": "cuda:0",
      "epochs_completed": 30,
      "steps": 270,
      "n_test": 50,
      "eval_failed_count": {
        "0.05": 0,
        "0.1": 0,
        "0.15": 0,
        "0.2": 0
      }
    }
  }
}