{
  "real_rich_8": {
    "metrics": {
      "0.05": {
        "mean_mse": 0.003323905840428751,
        "std_mse": 0.00217963743084991,
        "mean_psnr": 25.976073568881496,
        "std_psnr": 3.5845646136929936,
        "mean_ssim": 0.7397092975974701,
        "std_ssim": 0.0801789880201277,
        "nan_count": 0
      },
      "0.1": {
        "mean_mse": 0.001669425552814649,
        "std_mse": 0.0011805750490503746,
        "mean_psnr": 29.186199207991848,
        "std_psnr": 4.03760770007925,
        "mean_ssim": 0.8511595375361604,
        "std_ssim": 0.056736139211688054,
        "nan_count": 0
      },
      "0.15": {
        "mean_mse": 0.0009967913766954501,
        "std_mse": 0.0007453309223960489,
        "mean_psnr": 31.59108981443719,
        "std_psnr": 4.351322134606869,
        "mean_ssim": 0.902701955464176,
        "std_ssim": 0.04176502522722979,
        "nan_count": 0
      },
      "0.2": {
        "mean_mse": 0.0006343503110742984,
        "std_mse": 0.0004979503165376532,
        "mean_psnr": 33.70065910209704,
        "std_psnr": 4.597694796616614,
        "mean_ssim": 0.9329609784180594,
        "std_ssim": 0.031393985335482225,
        "nan_count": 0
      }
    },
    "time": 158.68700373452157,
    "_pdft_py": {
      "warmup_s": 2.6877210596576333,
      "device": "cuda:0",
      "epochs_completed": 112,
      "steps": 1008,
      "n_test": 50,
      "eval_failed_count": {
        "0.05": 0,
        "0.1": 0,
        "0.15": 0,
        "0.2": 0
      }
    }
  }
}