{
  "real_rich_8": {
    "metrics": {
      "0.05": {
        "mean_mse": 0.0033248593372421083,
        "std_mse": 0.0021794018737531368,
        "mean_psnr": 25.973557444721635,
        "std_psnr": 3.582082119301552,
        "mean_ssim": 0.7395549972839416,
        "std_ssim": 0.08009622126921945,
        "nan_count": 0
      },
      "0.1": {
        "mean_mse": 0.0016695282228741432,
        "std_mse": 0.0011801014247929864,
        "mean_psnr": 29.18428871994377,
        "std_psnr": 4.034534992277729,
        "mean_ssim": 0.8510521953924964,
        "std_ssim": 0.05674882604721778,
        "nan_count": 0
      },
      "0.15": {
        "mean_mse": 0.0009966134461165197,
        "std_mse": 0.0007449408821370417,
        "mean_psnr": 31.589956797895514,
        "std_psnr": 4.3475194263215595,
        "mean_ssim": 0.9026300285085475,
        "std_ssim": 0.04174948216728628,
        "nan_count": 0
      },
      "0.2": {
        "mean_mse": 0.0006341277030145997,
        "std_mse": 0.0004976598064888901,
        "mean_psnr": 33.700438583356735,
        "std_psnr": 4.5941891365305665,
        "mean_ssim": 0.9329379103429077,
        "std_ssim": 0.0313663892846807,
        "nan_count": 0
      }
    },
    "time": 288.3475155448541,
    "_pdft_py": {
      "warmup_s": 1.291452456265688,
      "device": "cuda:0",
      "epochs_completed": 112,
      "steps": 1008,
      "n_test": 50,
      "eval_failed_count": {
        "0.05": 0,
        "0.1": 0,
        "0.15": 0,
        "0.2": 0
      }
    }
  }
}