{
  "qft_progressive_k6": {
    "metrics": {
      "0.05": {
        "mean_mse": 0.001583440526809891,
        "std_mse": 0.0010606169707377464,
        "mean_psnr": 29.66624057866894,
        "std_psnr": 4.901780532938319,
        "mean_ssim": 0.9389935413408523,
        "std_ssim": 0.033611771104731764,
        "nan_count": 0
      },
      "0.1": {
        "mean_mse": 0.0005526363629618135,
        "std_mse": 0.0004584376474304917,
        "mean_psnr": 35.61285194322944,
        "std_psnr": 7.661415899211135,
        "mean_ssim": 0.9646331921083808,
        "std_ssim": 0.024791723254056593,
        "nan_count": 0
      },
      "0.15": {
        "mean_mse": 0.0002123611211446154,
        "std_mse": 0.00021145327522217527,
        "mean_psnr": 42.323638739262336,
        "std_psnr": 12.883595132718456,
        "mean_ssim": 0.9804676757667936,
        "std_ssim": 0.017724189975557626,
        "nan_count": 0
      },
      "0.2": {
        "mean_mse": 8.18674867777942e-05,
        "std_mse": 9.864018913918057e-05,
        "mean_psnr": 50.086182916045026,
        "std_psnr": 17.89606341543644,
        "mean_ssim": 0.9904105631899165,
        "std_ssim": 0.011104122424887997,
        "nan_count": 0
      }
    },
    "time": 394.6878491304815,
    "_pdft_py": {
      "family": "qft",
      "stage_k": 6,
      "n_trainable": 42,
      "block_size": 64,
      "steps": 1008,
      "epochs_completed": 112,
      "device": "cuda:0",
      "n_test": 50
    }
  }
}