{
  "qft_identity_reg": {
    "metrics": {
      "0.05": {
        "mean_mse": 1.4389467288801951e-05,
        "std_mse": 3.808343301929087e-05,
        "mean_psnr": 68.48054010718096,
        "std_psnr": 24.36373440677446,
        "mean_ssim": 0.9985446891118169,
        "std_ssim": 0.002376995269984084,
        "nan_count": 0
      },
      "0.1": {
        "mean_mse": 2.508497267589296e-08,
        "std_mse": 8.726632901364717e-08,
        "mean_psnr": 104.71588280964691,
        "std_psnr": 14.647203908764215,
        "mean_ssim": 0.9999905138632011,
        "std_ssim": 3.827693241844523e-05,
        "nan_count": 0
      },
      "0.15": {
        "mean_mse": 6.998860740044067e-12,
        "std_mse": 6.825446054751662e-12,
        "mean_psnr": 115.31912886985623,
        "std_psnr": 8.24502232398174,
        "mean_ssim": 0.9999999873422621,
        "std_ssim": 1.60499471714242e-08,
        "nan_count": 0
      },
      "0.2": {
        "mean_mse": 2.6892081561163234e-12,
        "std_mse": 2.7606901832674038e-12,
        "mean_psnr": 121.76638298157475,
        "std_psnr": 11.99050844123084,
        "mean_ssim": 0.9999999972321129,
        "std_ssim": 4.688009043133651e-09,
        "nan_count": 0
      }
    },
    "time": 542.4220215845853,
    "_pdft_py": {
      "reg": "L1",
      "lam": 1.0,
      "outer_weight": null,
      "inner_m": null,
      "inner_n": null,
      "steps": 1008,
      "epochs_completed": 112,
      "device": "cuda:0",
      "n_test": 50
    }
  }
}