{
  "mera_b4": {
    "metrics": {
      "0.01": {
        "mean_mse": 0.00909873485215334,
        "std_mse": 0.005085623865084934,
        "mean_psnr": 21.214624761402273,
        "std_psnr": 2.809286589829037,
        "mean_ssim": 0.48344131393948153,
        "std_ssim": 0.1088398051202041,
        "nan_count": 0
      },
      "0.02": {
        "mean_mse": 0.0065195831272671124,
        "std_mse": 0.0038139456958445842,
        "mean_psnr": 22.765539556556956,
        "std_psnr": 3.0266396728882388,
        "mean_ssim": 0.5904039538636452,
        "std_ssim": 0.097388911743406,
        "nan_count": 0
      },
      "0.05": {
        "mean_mse": 0.003825992420515138,
        "std_mse": 0.0023771519497804627,
        "mean_psnr": 25.23495314192152,
        "std_psnr": 3.3531308875740153,
        "mean_ssim": 0.726376507999386,
        "std_ssim": 0.07766561659850815,
        "nan_count": 0
      },
      "0.1": {
        "mean_mse": 0.0021996518854460524,
        "std_mse": 0.001453485838801067,
        "mean_psnr": 27.811729884069155,
        "std_psnr": 3.7190808705133076,
        "mean_ssim": 0.8235196988278948,
        "std_ssim": 0.0588437019112991,
        "nan_count": 0
      },
      "0.15": {
        "mean_mse": 0.001424229784206209,
        "std_mse": 0.0009882984158476938,
        "mean_psnr": 29.841513673591248,
        "std_psnr": 4.005418328099273,
        "mean_ssim": 0.8751931407461049,
        "std_ssim": 0.04627765190243082,
        "nan_count": 0
      },
      "0.2": {
        "mean_mse": 0.0009651374064581847,
        "std_mse": 0.0006995193793054105,
        "mean_psnr": 31.65986125254759,
        "std_psnr": 4.245204064065983,
        "mean_ssim": 0.9085176657986211,
        "std_ssim": 0.03690361152571999,
        "nan_count": 0
      }
    },
    "seed": 98,
    "init": "family_random_basis",
    "objective": "top10pct_mse",
    "steps": 1008,
    "epochs_completed": 112,
    "elapsed_seconds": 166.5
  }
}