{
  "mera_progressive_k4": {
    "metrics": {
      "0.05": {
        "mean_mse": 0.0038259816483116192,
        "std_mse": 0.0023770593872307426,
        "mean_psnr": 25.23478312524511,
        "std_psnr": 3.3526900444746413,
        "mean_ssim": 0.7263840368055868,
        "std_ssim": 0.0776360628636798,
        "nan_count": 0
      },
      "0.1": {
        "mean_mse": 0.0021996751343909627,
        "std_mse": 0.0014534793251047746,
        "mean_psnr": 27.811537426741634,
        "std_psnr": 3.718802835255617,
        "mean_ssim": 0.823500256445698,
        "std_ssim": 0.0588069187767954,
        "nan_count": 0
      },
      "0.15": {
        "mean_mse": 0.0014242611921583357,
        "std_mse": 0.000988297070991121,
        "mean_psnr": 29.84121802054189,
        "std_psnr": 4.005095219786854,
        "mean_ssim": 0.8751663243896246,
        "std_ssim": 0.04625378393380893,
        "nan_count": 0
      },
      "0.2": {
        "mean_mse": 0.0009651561423269035,
        "std_mse": 0.0006995245873877802,
        "mean_psnr": 31.6595221912349,
        "std_psnr": 4.244712971471557,
        "mean_ssim": 0.9084994254078103,
        "std_ssim": 0.03688953540540611,
        "nan_count": 0
      }
    },
    "time": 279.8620421681553,
    "_pdft_py": {
      "family": "mera",
      "stage_k": 4,
      "n_trainable": 20,
      "block_size": 16,
      "steps": 1008,
      "epochs_completed": 112,
      "device": "cuda:0",
      "n_test": 50
    }
  }
}