{
  "type": "BlockedBasis",
  "m": 8,
  "n": 8,
  "tensors": [
    [
      [
        0.7194953886172151,
        -0.0631132616715296
      ],
      [
        0.690750974981821,
        -0.0347302824837592
      ],
      [
        0.690750974981819,
        0.03473028248375836
      ],
      [
        -0.7194953886172164,
        -0.0631132616715292
      ]
    ],
    [
      [
        0.7436076153956219,
        0.06088492793517739
      ],
      [
        0.6582324500995953,
        0.10035328351306588
      ],
      [
        0.6582324500995983,
        -0.10035328351306544
      ],
      [
        -0.743607615395618,
        0.06088492793517561
      ]
    ],
    [
      [
        0.7921101391485792,
        0.05914412339113094
      ],
      [
        0.604410264374516,
        0.06125138729076681
      ],
      [
        0.6044102643745225,
        -0.06125138729076653
      ],
      [
        -0.792110139148569,
        0.059144123391130135
      ]
    ],
    [
      [
        0.7186986241882845,
        -0.058961145653263755
      ],
      [
        0.6918933763358835,
        -0.03576907429126514
      ],
      [
        0.6918933763358882,
        0.03576907429126571
      ],
      [
        -0.7186986241882802,
        -0.05896114565326389
      ]
    ],
    [
      [
        0.7424569890802145,
        0.05203395000797035
      ],
      [
        0.6599062544863725,
        0.10282909462928924
      ],
      [
        0.6599062544863671,
        -0.10282909462928752
      ],
      [
        -0.7424569890802215,
        0.05203395000796957
      ]
    ],
    [
      [
        0.7907743050520195,
        0.07091057719664558
      ],
      [
        0.6035025726912667,
        0.07370436395602434
      ],
      [
        0.6035025726912663,
        -0.07370436395602407
      ],
      [
        -0.7907743050520165,
        0.07091057719664381
      ]
    ],
    [
      [
        0.9583961961890316,
        -0.19971530263118178
      ],
      [
        0.02319115636122788,
        -0.051673391542499406
      ],
      [
        -0.1260986305016249,
        -0.05239684450141102
      ],
      [
        -0.0905397383030779,
        -0.107418907825303
      ],
      [
        0.022824743475740795,
        -0.05864931320429865
      ],
      [
        0.9536801880309309,
        0.1706484067440388
      ],
      [
        0.15668285232511783,
        0.06559884599774533
      ],
      [
        0.10039274807349996,
        0.13594513858245338
      ],
      [
        0.14330193304409297,
        -0.019818560823932536
      ],
      [
        -0.17781769879311396,
        -0.03905740955666557
      ],
      [
        0.8517697590657962,
        0.456294920496056
      ],
      [
        0.10894219663982516,
        -0.01849287022413658
      ],
      [
        0.1280487981798281,
        -0.017467228992141173
      ],
      [
        -0.15633490714596388,
        -0.02408386738926292
      ],
      [
        -0.03643835161419389,
        -0.13212286276446408
      ],
      [
        0.5395463952247564,
        0.8052224837905418
      ]
    ],
    [
      [
        0.975395418652234,
        0.0454427130595488
      ],
      [
        -0.1277527628223617,
        -0.15535829409874347
      ],
      [
        -0.052073816890265856,
        0.03344681441125527
      ],
      [
        -0.04217652356685447,
        -0.021737943970273243
      ],
      [
        0.12894184253910565,
        -0.15232860678397936
      ],
      [
        0.9760782442282783,
        -0.04903295040130197
      ],
      [
        0.036535459122829794,
        -0.010670539013508529
      ],
      [
        -0.036235745058697415,
        0.04770008722168493
      ],
      [
        0.05525186216529663,
        0.03396227558503779
      ],
      [
        -0.011898716259917142,
        -0.0031931989812804345
      ],
      [
        0.8127706272515709,
        0.23405697765820732
      ],
      [
        0.5285130532535197,
        0.030613899183294855
      ],
      [
        0.0450991318843773,
        -0.021647119151079693
      ],
      [
        0.011104021587567214,
        0.06430387003435081
      ],
      [
        -0.390770356806145,
        -0.3558661194216649
      ],
      [
        0.731348537167391,
        0.423115036380641
      ]
    ],
    [
      [
        0.964224948130723,
        -0.14376133264568797
      ],
      [
        0.013766247546535031,
        -0.0052457155953804105
      ],
      [
        -0.19030627621954782,
        0.05062560527741666
      ],
      [
        -0.10101408931867652,
        -0.020065508104216413
      ],
      [
        0.04735362086354126,
        0.02924218979990699
      ],
      [
        0.9433928371359476,
        0.10924829924210337
      ],
      [
        0.24735735527518674,
        0.08729732182138245
      ],
      [
        0.08350486210109513,
        0.1385559355626861
      ],
      [
        0.17361863276554665,
        0.08087959295300462
      ],
      [
        -0.2584433610419695,
        -0.017942257492687776
      ],
      [
        0.8098653842573832,
        0.41534873490678204
      ],
      [
        0.21843683410833617,
        -0.14173568226629146
      ],
      [
        0.09650653367677894,
        0.02251684531914427
      ],
      [
        -0.17071092622040357,
        0.04000776234710182
      ],
      [
        0.07993673225610588,
        -0.24005768545296374
      ],
      [
        0.4249564382895096,
        0.8454768425586712
      ]
    ],
    [
      [
        0.9617009018729575,
        -0.1851341192444447
      ],
      [
        0.016445880596375955,
        -0.051742927628467834
      ],
      [
        -0.12654558945647087,
        -0.04822833766258461
      ],
      [
        -0.0964771694172856,
        -0.10129823639544827
      ],
      [
        0.03054749433236514,
        -0.05815318471475048
      ],
      [
        0.9532859855307576,
        0.16742730424326474
      ],
      [
        0.16149566614668515,
        0.06002495466047804
      ],
      [
        0.10710634435499757,
        0.13320424510792483
      ],
      [
        0.14593954743736953,
        -0.016066133721238624
      ],
      [
        -0.18549538672137528,
        -0.04349656436788228
      ],
      [
        0.8417826373242925,
        0.4586008197017222
      ],
      [
        0.15220939991544352,
        -0.00791305755991096
      ],
      [
        0.12188825153583653,
        -0.011338999270085082
      ],
      [
        -0.15313106263259574,
        -0.022727034267716544
      ],
      [
        -0.05033328757740089,
        -0.1747290350776759
      ],
      [
        0.5352764503911305,
        0.8009147813111116
      ]
    ],
    [
      [
        0.9722670285753183,
        0.0398608944806754
      ],
      [
        -0.1545779177671699,
        -0.15245864367727155
      ],
      [
        -0.04601617814934401,
        0.03801446187568929
      ],
      [
        -0.04433915114911625,
        -0.02100988471091271
      ],
      [
        0.15601315116101191,
        -0.14943460428063096
      ],
      [
        0.973197892197515,
        -0.041561749673845176
      ],
      [
        0.0371327076870714,
        -0.014821854458711335
      ],
      [
        -0.034128262843870154,
        0.04152608361195776
      ],
      [
        0.054012247970600426,
        0.03201058859985189
      ],
      [
        -0.012735856113873538,
        -0.004882549000341479
      ],
      [
        0.7864738471246626,
        0.17608099306718863
      ],
      [
        0.5865736177945488,
        0.047515476928828085
      ],
      [
        0.04602716018686464,
        -0.019406951244232386
      ],
      [
        0.00786304481226153,
        0.06142185363364584
      ],
      [
        -0.44301914124425046,
        -0.38604054041986147
      ],
      [
        0.6713717123158647,
        0.4445640164662819
      ]
    ],
    [
      [
        0.9609424790417799,
        -0.15631353567353298
