{
  "type": "BlockedBasis",
  "m": 8,
  "n": 8,
  "tensors": [
    [
      [
        0.6974037427046644,
        0.0
      ],
      [
        0.7166784632326552,
        0.0
      ],
      [
        0.7166784632326529,
        0.0
      ],
      [
        -0.6974037427046682,
        0.0
      ]
    ],
    [
      [
        0.7030031214729723,
        0.0
      ],
      [
        0.7111867625309465,
        0.0
      ],
      [
        0.7111867625309546,
        0.0
      ],
      [
        -0.7030031214729686,
        0.0
      ]
    ],
    [
      [
        0.7334822139918888,
        0.0
      ],
      [
        0.6797086447571099,
        0.0
      ],
      [
        0.6797086447571082,
        0.0
      ],
      [
        -0.7334822139918883,
        0.0
      ]
    ],
    [
      [
        0.7159678595102043,
        0.0
      ],
      [
        0.6981332424031805,
        0.0
      ],
      [
        0.6981332424031825,
        0.0
      ],
      [
        -0.7159678595102028,
        0.0
      ]
    ],
    [
      [
        0.7122934855091131,
        0.0
      ],
      [
        0.701881749656794,
        0.0
      ],
      [
        0.7018817496567946,
        0.0
      ],
      [
        -0.7122934855091139,
        0.0
      ]
    ],
    [
      [
        0.6805738426716709,
        0.0
      ],
      [
        0.7326794965543336,
        0.0
      ],
      [
        0.7326794965543385,
        0.0
      ],
      [
        -0.6805738426716696,
        0.0
      ]
    ],
    [
      [
        0.9815666120521155,
        0.0
      ],
      [
        0.011985225755161616,
        0.0
      ],
      [
        -0.12311857250100719,
        0.0
      ],
      [
        -0.1456885636329919,
        0.0
      ],
      [
        0.032741920255332665,
        0.0
      ],
      [
        0.9726661945062477,
        0.0
      ],
      [
        0.15689571766189725,
        0.0
      ],
      [
        0.16802432711390414,
        0.0
      ],
      [
        0.15507268070478578,
        0.0
      ],
      [
        -0.19728664893589531,
        0.0
      ],
      [
        0.9390472433446287,
        0.0
      ],
      [
        0.23499088624351772,
        0.0
      ],
      [
        0.1068055076368136,
        0.0
      ],
      [
        -0.1218802961104518,
        0.0
      ],
      [
        -0.28002825866599607,
        0.0
      ],
      [
        0.9462145376747036,
        0.0
      ]
    ],
    [
      [
        0.9956782415686932,
        0.0
      ],
      [
        -0.05622848741191332,
        0.0
      ],
      [
        0.017466846850277905,
        0.0
      ],
      [
        -0.0718199535725108,
        0.0
      ],
      [
        0.057638358340064054,
        0.0
      ],
      [
        0.9981873891198126,
        0.0
      ],
      [
        -0.006770490911907746,
        0.0
      ],
      [
        0.015934751420740408,
        0.0
      ],
      [
        0.04834839978350948,
        0.0
      ],
      [
        -0.011982773419077556,
        0.0
      ],
      [
        0.5719644366026416,
        0.0
      ],
      [
        0.8187646356807153,
        0.0
      ],
      [
        0.05445265055914853,
        0.0
      ],
      [
        -0.017796250917594094,
        0.0
      ],
      [
        -0.8200644809865472,
        0.0
      ],
      [
        0.5693965659578731,
        0.0
      ]
    ],
    [
      [
        0.9656546477310667,
        0.0
      ],
      [
        0.05656835886730768,
        0.0
      ],
      [
        -0.1730631154752715,
        0.0
      ],
      [
        -0.18536526145003276,
        0.0
      ],
      [
        0.009407673228077947,
        0.0
      ],
      [
        0.9676949340069945,
        0.0
      ],
      [
        0.163278840705223,
        0.0
      ],
      [
        0.19188025057199776,
        0.0
      ],
      [
        0.11913976274851111,
        0.0
      ],
      [
        -0.10254905608861214,
        0.0
      ],
      [
        0.9435458848376128,
        0.0
      ],
      [
        -0.29156572369460326,
        0.0
      ],
      [
        0.23071262196084805,
        0.0
      ],
      [
        -0.22327164299922592,
        0.0
      ],
      [
        0.2304568103700706,
        0.0
      ],
      [
        0.9185919213962369,
        0.0
      ]
    ],
    [
      [
        0.9720453644799697,
        0.0
      ],
      [
        0.03458708459769574,
        0.0
      ],
      [
        -0.1714342012056318,
        0.0
      ],
      [
        -0.15665841065522737,
        0.0
      ],
      [
        0.012233487388536957,
        0.0
      ],
      [
        0.9802489185180742,
        0.0
      ],
      [
        0.1514379395458671,
        0.0
      ],
      [
        0.12660548959872678,
        0.0
      ],
      [
        0.12985070628242393,
        0.0
      ],
      [
        -0.11490095336804738,
        0.0
      ],
      [
        0.9500887566839343,
        0.0
      ],
      [
        -0.25936059726918514,
        0.0
      ],
      [
        0.1952356147255772,
        0.0
      ],
      [
        -0.15720547776162813,
        0.0
      ],
      [
        0.2121514071267208,
        0.0
      ],
      [
        0.9445428910105751,
        0.0
      ]
    ],
    [
      [
        0.9983151479443186,
        0.0
      ],
      [
        0.055529813327133505,
        0.0
      ],
      [
        -0.015357725171930996,
        0.0
      ],
      [
        0.006888068982402399,
        0.0
      ],
      [
        -0.054295765095926984,
        0.0
      ],
      [
        0.9962058032735717,
        0.0
      ],
      [
        0.06676037964261286,
        0.0
      ],
      [
        -0.013000735620139614,
        0.0
      ],
      [
        0.01788135275253132,
        0.0
      ],
      [
        -0.05130214087221658,
        0.0
      ],
      [
        0.6290705051256074,
        0.0
      ],
      [
        -0.7754473851568989,
        0.0
      ],
      [
        0.00995452165082057,
        0.0
      ],
      [
        -0.04311064483191596,
        0.0
      ],
      [
        0.7743238931923189,
        0.0
      ],
      [
        0.6312407529876048,
        0.0
      ]
    ],
    [
      [
        0.9666445103304412,
        0.0
      ],
      [
        0.01125544271606955,
        0.0
      ],
      [
        -0.19028404711533903,
        0.0
      ],
      [
        -0.17106632360197582,
        0.0
      ],
      [
        0.057859547631830995,
        0.0
      ],
      [
        0.963574006074522,
        0.0
      ],
      [
        0.18835857510349657,
        0.0
      ],
      [
        0.1808271405246209,
        0.0
      ],
      [
        0.21287561219232695,
        0.0
      ],
      [
        -0.22328689541379262,
        0.0
      ],
      [
        0.9405695971681237,
        0.0
      ],
      [
        0.1419710144825365,
        0.0
      ],
      [
        0.13013315153951147,
        0.0
      ],
      [
        -0.14676992935620764,
        0.0
      ],
      [
        -0.20890634619698875,
        0.0
      ],
      [
        0.958061631225142,
        0.0
      ]
    ]
  ]
}