{
  "tebd_progressive_k5": {
    "metrics": {
      "0.05": {
        "mean_mse": 0.004067445411663697,
        "std_mse": 0.0024449549327963034,
        "mean_psnr": 24.91217945869583,
        "std_psnr": 3.2686419445261765,
        "mean_ssim": 0.7155612639002199,
        "std_ssim": 0.07713711438628928,
        "nan_count": 0
      },
      "0.1": {
        "mean_mse": 0.002419518072392121,
        "std_mse": 0.0015341303960792908,
        "mean_psnr": 27.304123577247022,
        "std_psnr": 3.565934440174913,
        "mean_ssim": 0.81006291110616,
        "std_ssim": 0.059166153925174735,
        "nan_count": 0
      },
      "0.15": {
        "mean_mse": 0.001605269239084336,
        "std_mse": 0.0010635389136863227,
        "mean_psnr": 29.200863959117545,
        "std_psnr": 3.8105807204399547,
        "mean_ssim": 0.8617722933601876,
        "std_ssim": 0.047622141082507806,
        "nan_count": 0
      },
      "0.2": {
        "mean_mse": 0.0011106816148676252,
        "std_mse": 0.0007664993260518968,
        "mean_psnr": 30.906284222589544,
        "std_psnr": 4.020270401350965,
        "mean_ssim": 0.8962427612381483,
        "std_ssim": 0.039163169907256844,
        "nan_count": 0
      }
    },
    "time": 355.7410154957324,
    "_pdft_py": {
      "family": "tebd",
      "stage_k": 5,
      "n_trainable": 20,
      "block_size": 32,
      "steps": 1008,
      "epochs_completed": 112,
      "device": "cuda:0",
      "n_test": 50
    }
  }
}