{
  "rich_progressive_k2": {
    "metrics": {
      "0.05": {
        "mean_mse": 0.1729466473586469,
        "std_mse": 0.00882236919864654,
        "mean_psnr": 7.626540442900547,
        "std_psnr": 0.22189719458597415,
        "mean_ssim": 0.6558268799193372,
        "std_ssim": 0.02774279955167945,
        "nan_count": 0
      },
      "0.1": {
        "mean_mse": 0.00014316002838511653,
        "std_mse": 0.0002067288275042273,
        "mean_psnr": 45.71981505444479,
        "std_psnr": 11.426728157665005,
        "mean_ssim": 0.9956059085490798,
        "std_ssim": 0.0046243108849693655,
        "nan_count": 0
      },
      "0.15": {
        "mean_mse": 2.146423011183488e-06,
        "std_mse": 4.780066284186238e-06,
        "mean_psnr": 67.43268419623371,
        "std_psnr": 11.532809240852963,
        "mean_ssim": 0.9998009805165101,
        "std_ssim": 0.0002969211042173443,
        "nan_count": 0
      },
      "0.2": {
        "mean_mse": 4.1548701237594883e-08,
        "std_mse": 9.255510973419006e-08,
        "mean_psnr": 79.45857772563137,
        "std_psnr": 6.20821652939239,
        "mean_ssim": 0.9999902756262398,
        "std_ssim": 1.601490100866594e-05,
        "nan_count": 0
      }
    },
    "time": 158.6317905159667,
    "_pdft_py": {
      "family": "rich",
      "stage_k": 2,
      "n_trainable": 6,
      "block_size": 4,
      "steps": 1008,
      "epochs_completed": 112,
      "device": "cuda:0",
      "n_test": 50
    }
  }
}