{
  "entangled_qft_b3": {
    "metrics": {
      "0.01": {
        "mean_mse": 0.037338029710478074,
        "std_mse": 0.01933577323723326,
        "mean_psnr": 14.920215890253628,
        "std_psnr": 2.4376311322589306,
        "mean_ssim": 0.2839520918278868,
        "std_ssim": 0.09301432353512747,
        "nan_count": 0
      },
      "0.02": {
        "mean_mse": 0.007955677962688439,
        "std_mse": 0.004635284912062953,
        "mean_psnr": 21.855514115401288,
        "std_psnr": 2.8943237396458854,
        "mean_ssim": 0.514879822593622,
        "std_ssim": 0.10742322601736685,
        "nan_count": 0
      },
      "0.05": {
        "mean_mse": 0.0038778642370405213,
        "std_mse": 0.0024299069686013995,
        "mean_psnr": 25.184810051107892,
        "std_psnr": 3.3484681513611134,
        "mean_ssim": 0.7138168868881073,
        "std_ssim": 0.07922139494559591,
        "nan_count": 0
      },
      "0.1": {
        "mean_mse": 0.0020782477257639907,
        "std_mse": 0.0013924905129860448,
        "mean_psnr": 28.086092058345415,
        "std_psnr": 3.7459603296951034,
        "mean_ssim": 0.8256211726330691,
        "std_ssim": 0.05840307960950433,
        "nan_count": 0
      },
      "0.15": {
        "mean_mse": 0.0012943776144610556,
        "std_mse": 0.0009116134966593204,
        "mean_psnr": 30.29686215071316,
        "std_psnr": 4.054694134615648,
        "mean_ssim": 0.8810295577591728,
        "std_ssim": 0.044856599893788825,
        "nan_count": 0
      },
      "0.2": {
        "mean_mse": 0.0008519022637299275,
        "std_mse": 0.0006275652851435657,
        "mean_psnr": 32.26082639898932,
        "std_psnr": 4.329122683456442,
        "mean_ssim": 0.9151422035069132,
        "std_ssim": 0.03494062525406815,
        "nan_count": 0
      }
    },
    "seed": 98,
    "init": "family_random_basis",
    "objective": "top10pct_mse",
    "steps": 1008,
    "epochs_completed": 112,
    "elapsed_seconds": 223.9
  }
}