{
  "qft_topk15": {
    "metrics": {
      "0.05": {
        "mean_mse": 0.027384177120502288,
        "std_mse": 0.0076582606066227495,
        "mean_psnr": 15.801393438112807,
        "std_psnr": 1.2523004963430304,
        "mean_ssim": 0.6527660779575671,
        "std_ssim": 0.07962954445614849,
        "nan_count": 0
      },
      "0.1": {
        "mean_mse": 0.015465335103928213,
        "std_mse": 0.005257620563502896,
        "mean_psnr": 18.37201754915306,
        "std_psnr": 1.545895340687636,
        "mean_ssim": 0.7636195183469009,
        "std_ssim": 0.06207034013106511,
        "nan_count": 0
      },
      "0.15": {
        "mean_mse": 0.009567408734061773,
        "std_mse": 0.0037641106334858837,
        "mean_psnr": 20.559752661422706,
        "std_psnr": 1.8409508602294984,
        "mean_ssim": 0.8197725681435613,
        "std_ssim": 0.051043614504987685,
        "nan_count": 0
      },
      "0.2": {
        "mean_mse": 0.006183799862842945,
        "std_mse": 0.0027032464604514073,
        "mean_psnr": 22.567283389466393,
        "std_psnr": 2.1378034460780584,
        "mean_ssim": 0.8582329298157078,
        "std_ssim": 0.04690798661231418,
        "nan_count": 0
      }
    },
    "time": 16.003526373766363,
    "_pdft_py": {
      "train_ratio": 0.15,
      "train_k": 154,
      "steps": 1008,
      "epochs_completed": 112,
      "device": "cuda:0",
      "n_test": 50
    }
  }
}