{
  "qft_topk15": {
    "metrics": {
      "0.05": {
        "mean_mse": 0.004005946771094333,
        "std_mse": 0.0024494225700833713,
        "mean_psnr": 24.99236696364116,
        "std_psnr": 3.2674024789223086,
        "mean_ssim": 0.7194460505209338,
        "std_ssim": 0.07711427886639893,
        "nan_count": 0
      },
      "0.1": {
        "mean_mse": 0.00234832730310302,
        "std_mse": 0.0015129346136013974,
        "mean_psnr": 27.45560565546803,
        "std_psnr": 3.5765209720344,
        "mean_ssim": 0.8153033084712179,
        "std_ssim": 0.0588197706383529,
        "nan_count": 0
      },
      "0.15": {
        "mean_mse": 0.0015422682393043954,
        "std_mse": 0.001038352258723034,
        "mean_psnr": 29.404500927109112,
        "std_psnr": 3.833595170639371,
        "mean_ssim": 0.867450682189517,
        "std_ssim": 0.04685899490330748,
        "nan_count": 0
      },
      "0.2": {
        "mean_mse": 0.0010590635004360915,
        "std_mse": 0.0007424968507335929,
        "mean_psnr": 31.15128847456452,
        "std_psnr": 4.056731963663838,
        "mean_ssim": 0.9013238262920428,
        "std_ssim": 0.03812744874063549,
        "nan_count": 0
      }
    },
    "time": 574.1485715396702,
    "_pdft_py": {
      "train_ratio": 0.15,
      "train_k": 9830,
      "steps": 1008,
      "epochs_completed": 112,
      "device": "cuda:0",
      "n_test": 50
    }
  }
}