{
  "rich_progressive_k3": {
    "metrics": {
      "0.05": {
        "mean_mse": 0.015461343480904657,
        "std_mse": 0.008436920554583541,
        "mean_psnr": 18.823003113491225,
        "std_psnr": 2.638684218893133,
        "mean_ssim": 0.8302840404542627,
        "std_ssim": 0.052242399708682864,
        "nan_count": 0
      },
      "0.1": {
        "mean_mse": 0.005424155988603446,
        "std_mse": 0.0038671478506570934,
        "mean_psnr": 23.811948525950992,
        "std_psnr": 3.3609515761712903,
        "mean_ssim": 0.9194572131416401,
        "std_ssim": 0.024727443423542543,
        "nan_count": 0
      },
      "0.15": {
        "mean_mse": 0.0021505494956193553,
        "std_mse": 0.0018446301669305905,
        "mean_psnr": 28.303712436132304,
        "std_psnr": 4.019556223211498,
        "mean_ssim": 0.9555325054782361,
        "std_ssim": 0.015011558893187607,
        "nan_count": 0
      },
      "0.2": {
        "mean_mse": 0.0009051394294087357,
        "std_mse": 0.0009417891642762438,
        "mean_psnr": 32.77345348042454,
        "std_psnr": 4.889143281600636,
        "mean_ssim": 0.9728043484953426,
        "std_ssim": 0.011071763865631775,
        "nan_count": 0
      }
    },
    "time": 14.6440164251253,
    "_pdft_py": {
      "family": "rich",
      "stage_k": 3,
      "n_trainable": 12,
      "block_size": 8,
      "steps": 1008,
      "epochs_completed": 112,
      "device": "cuda:0",
      "n_test": 50
    }
  }
}