basis,time_s,warmup_s
block_dct_8,0.06263364758342505,NaN
block_dct_8_rank,0.054422044195234776,NaN
block_fft_8,0.07328236196190119,NaN
block_pca_8,0.26943519804626703,NaN
block_pca_8_rank,0.11218171287328005,NaN
dct,0.05728357844054699,NaN
dct_rank,0.11466604191809893,NaN
fft,0.0783235365524888,NaN
pca,2.792051532305777,NaN
pca_rank,2.4381187986582518,NaN
real_rich,2.5534309865906835,0.4924519695341587
