{
  "tebd_progressive_k3": {
    "metrics": {
      "0.05": {
        "mean_mse": 0.021634702522348073,
        "std_mse": 0.010982423815294637,
        "mean_psnr": 17.251724506759004,
        "std_psnr": 2.400723119105766,
        "mean_ssim": 0.8190101889877203,
        "std_ssim": 0.06982621341820092,
        "nan_count": 0
      },
      "0.1": {
        "mean_mse": 0.006324280682428058,
        "std_mse": 0.004783641441487605,
        "mean_psnr": 23.33980918954254,
        "std_psnr": 3.675000201790942,
        "mean_ssim": 0.9451285486153779,
        "std_ssim": 0.032203628447616345,
        "nan_count": 0
      },
      "0.15": {
        "mean_mse": 0.002043431981967995,
        "std_mse": 0.00217058573753119,
        "mean_psnr": 30.08338676456789,
        "std_psnr": 6.501186298769561,
        "mean_ssim": 0.9803551027419174,
        "std_ssim": 0.016534405400896787,
        "nan_count": 0
      },
      "0.2": {
        "mean_mse": 0.0006324655661322984,
        "std_mse": 0.0009284646439315216,
        "mean_psnr": 39.55424151571745,
        "std_psnr": 12.044961519083456,
        "mean_ssim": 0.993286409411337,
        "std_ssim": 0.00819836364746455,
        "nan_count": 0
      }
    },
    "time": 13.975433057174087,
    "_pdft_py": {
      "family": "tebd",
      "stage_k": 3,
      "n_trainable": 12,
      "block_size": 8,
      "steps": 1008,
      "epochs_completed": 112,
      "device": "cuda:0",
      "n_test": 50
    }
  }
}