{
  "tebd": {
    "metrics": {
      "0.05": {
        "mean_mse": 0.0039396594078730226,
        "std_mse": 0.002394239143866697,
        "mean_psnr": 25.088483759127254,
        "std_psnr": 3.349130635187894,
        "mean_ssim": 0.721225244556596,
        "std_ssim": 0.07801672114945862,
        "nan_count": 0
      },
      "0.1": {
        "mean_mse": 0.0023104715806061887,
        "std_mse": 0.0014898022401193848,
        "mean_psnr": 27.56336590389208,
        "std_psnr": 3.6919284924737625,
        "mean_ssim": 0.8161136081420567,
        "std_ssim": 0.059253338611620736,
        "nan_count": 0
      },
      "0.15": {
        "mean_mse": 0.0015170587602850655,
        "std_mse": 0.0010255569182575062,
        "mean_psnr": 29.52025802347453,
        "std_psnr": 3.965011977415782,
        "mean_ssim": 0.8677590093667864,
        "std_ssim": 0.047254521871198836,
        "nan_count": 0
      },
      "0.2": {
        "mean_mse": 0.001040101874624565,
        "std_mse": 0.0007338883618055713,
        "mean_psnr": 31.277797191125323,
        "std_psnr": 4.1941751858756975,
        "mean_ssim": 0.901652520252576,
        "std_ssim": 0.03840034220602103,
        "nan_count": 0
      }
    },
    "time": 270.74169054441154,
    "_pdft_py": {
      "warmup_s": 3.0366684645414352,
      "device": "cuda:0",
      "epochs_completed": 60,
      "steps": 540,
      "n_test": 50,
      "eval_failed_count": {
        "0.05": 0,
        "0.1": 0,
        "0.15": 0,
        "0.2": 0
      }
    }
  }
}