{
  "tebd": {
    "metrics": {
      "0.05": {
        "mean_mse": 0.004067380724936388,
        "std_mse": 0.0024449506605939684,
        "mean_psnr": 24.91232941280803,
        "std_psnr": 3.268826906939341,
        "mean_ssim": 0.7155813605957225,
        "std_ssim": 0.07716574253624094,
        "nan_count": 0
      },
      "0.1": {
        "mean_mse": 0.00241949138535049,
        "std_mse": 0.0015341255899417906,
        "mean_psnr": 27.30417902224229,
        "std_psnr": 3.5658920139180066,
        "mean_ssim": 0.8100885855066025,
        "std_ssim": 0.05918082614214571,
        "nan_count": 0
      },
      "0.15": {
        "mean_mse": 0.0016052518230667793,
        "std_mse": 0.0010635387112657097,
        "mean_psnr": 29.200911234925137,
        "std_psnr": 3.8105319498283774,
        "mean_ssim": 0.8617830643668306,
        "std_ssim": 0.0476317103257852,
        "nan_count": 0
      },
      "0.2": {
        "mean_mse": 0.0011106759107692898,
        "std_mse": 0.0007665237727165115,
        "mean_psnr": 30.90630948766333,
        "std_psnr": 4.020120047124802,
        "mean_ssim": 0.8962629202103365,
        "std_ssim": 0.03915390443442125,
        "nan_count": 0
      }
    },
    "time": 498.67055585980415,
    "_pdft_py": {
      "warmup_s": 1.4959893776103854,
      "device": "cuda:0",
      "epochs_completed": 112,
      "steps": 1008,
      "n_test": 50,
      "eval_failed_count": {
        "0.05": 0,
        "0.1": 0,
        "0.15": 0,
        "0.2": 0
      }
    }
  }
}