{
  "tebd": {
    "metrics": {
      "0.05": {
        "mean_mse": 0.003935774783042782,
        "std_mse": 0.0023925622550957123,
        "mean_psnr": 25.093227049505185,
        "std_psnr": 3.349870495965754,
        "mean_ssim": 0.7224504098867913,
        "std_ssim": 0.07810764693614156,
        "nan_count": 0
      },
      "0.1": {
        "mean_mse": 0.0023073328903586592,
        "std_mse": 0.001488180864181957,
        "mean_psnr": 27.571834958813984,
        "std_psnr": 3.6990989491736888,
        "mean_ssim": 0.8172646189325546,
        "std_ssim": 0.059325626201045714,
        "nan_count": 0
      },
      "0.15": {
        "mean_mse": 0.0015143083805975923,
        "std_mse": 0.001024238576837174,
        "mean_psnr": 29.53212750352249,
        "std_psnr": 3.975857599737085,
        "mean_ssim": 0.8688452001394624,
        "std_ssim": 0.047318811358997306,
        "nan_count": 0
      },
      "0.2": {
        "mean_mse": 0.0010378563304209896,
        "std_mse": 0.0007331832406541253,
        "mean_psnr": 31.293231541672412,
        "std_psnr": 4.208617696251593,
        "mean_ssim": 0.9025882669968402,
        "std_ssim": 0.03837969382195579,
        "nan_count": 0
      }
    },
    "time": 995.4621186135337,
    "_pdft_py": {
      "warmup_s": 1.4937074948102236,
      "device": "cuda:0",
      "epochs_completed": 223,
      "steps": 2007,
      "n_test": 50,
      "eval_failed_count": {
        "0.05": 0,
        "0.1": 0,
        "0.15": 0,
        "0.2": 0
      }
    }
  }
}