{
  "entangled_qft": {
    "metrics": {
      "0.05": {
        "mean_mse": 0.005932056081805122,
        "std_mse": 0.0034298435085875034,
        "mean_psnr": 23.083916838061874,
        "std_psnr": 2.8045106529986805,
        "mean_ssim": 0.6026926692867077,
        "std_ssim": 0.07693758332023422,
        "nan_count": 0
      },
      "0.1": {
        "mean_mse": 0.004042149739613342,
        "std_mse": 0.0024351715293631495,
        "mean_psnr": 24.805300724035277,
        "std_psnr": 2.900283337369175,
        "mean_ssim": 0.7013392700131575,
        "std_ssim": 0.06632927654824392,
        "nan_count": 0
      },
      "0.15": {
        "mean_mse": 0.0030232491155974717,
        "std_mse": 0.0018615101383075761,
        "mean_psnr": 26.096201694327327,
        "std_psnr": 2.9533464213070046,
        "mean_ssim": 0.7583515531047371,
        "std_ssim": 0.059896969865822616,
        "nan_count": 0
      },
      "0.2": {
        "mean_mse": 0.0023454731036925565,
        "std_mse": 0.0014649755324238178,
        "mean_psnr": 27.217745218575143,
        "std_psnr": 2.9891268307045626,
        "mean_ssim": 0.7980235381114127,
        "std_ssim": 0.055115271751710986,
        "nan_count": 0
      }
    },
    "time": 576.4802418192849,
    "_pdft_py": {
      "basis": "entangled_qft",
      "lam": 1.0,
      "regulariser": "L1InitAnchorMSELoss",
      "steps": 1008,
      "epochs_completed": 112,
      "device": "cuda:0",
      "n_test": 50
    }
  }
}