{
  "rich_8": {
    "metrics": {
      "0.05": {
        "mean_mse": 0.0033212497838912714,
        "std_mse": 0.002183237590944196,
        "mean_psnr": 25.989830712999755,
        "std_psnr": 3.607316862393245,
        "mean_ssim": 0.7406519082274398,
        "std_ssim": 0.08051858285741098,
        "nan_count": 0
      },
      "0.1": {
        "mean_mse": 0.0016714112428930215,
        "std_mse": 0.0011857795382119163,
        "mean_psnr": 29.19412735497511,
        "std_psnr": 4.0638671148149825,
        "mean_ssim": 0.8518690429667964,
        "std_ssim": 0.056739828543245635,
        "nan_count": 0
      },
      "0.15": {
        "mean_mse": 0.0010003132332472,
        "std_mse": 0.0007505202897683708,
        "mean_psnr": 31.59153155416798,
        "std_psnr": 4.380796094995011,
        "mean_ssim": 0.9029866099693238,
        "std_ssim": 0.04191007276768796,
        "nan_count": 0
      },
      "0.2": {
        "mean_mse": 0.0006377130577783154,
        "std_mse": 0.0005018115656127438,
        "mean_psnr": 33.69743588318061,
        "std_psnr": 4.6354224196979485,
        "mean_ssim": 0.9330192948298788,
        "std_ssim": 0.031394958280111074,
        "nan_count": 0
      }
    },
    "time": 290.0566650433466,
    "_pdft_py": {
      "warmup_s": 2.98472997546196,
      "device": "cuda:0",
      "epochs_completed": 112,
      "steps": 1008,
      "n_test": 50,
      "eval_failed_count": {
        "0.05": 0,
        "0.1": 0,
        "0.15": 0,
        "0.2": 0
      }
    }
  }
}