{
  "fft": {
    "metrics": {
      "0.05": {
        "mean_mse": 0.004372288094600663,
        "std_mse": 0.002704903487919131,
        "mean_psnr": 24.49968192630874,
        "std_psnr": 2.9406797865901346,
        "mean_ssim": 0.6841024544664625,
        "std_ssim": 0.08166694969078116,
        "nan_count": 0
      },
      "0.1": {
        "mean_mse": 0.0027700108441058545,
        "std_mse": 0.0017905216719261599,
        "mean_psnr": 26.53809150707204,
        "std_psnr": 3.0363149992663017,
        "mean_ssim": 0.7761097595872383,
        "std_ssim": 0.06802711512105347,
        "nan_count": 0
      },
      "0.15": {
        "mean_mse": 0.0019646530819591133,
        "std_mse": 0.0013133842305724707,
        "mean_psnr": 28.068175847813073,
        "std_psnr": 3.09760697572969,
        "mean_ssim": 0.8271939257079878,
        "std_ssim": 0.05935767212926042,
        "nan_count": 0
      },
      "0.2": {
        "mean_mse": 0.0014590484122163616,
        "std_mse": 0.0010021705253476679,
        "mean_psnr": 29.388728802893375,
        "std_psnr": 3.140630516224256,
        "mean_ssim": 0.8613784495857756,
        "std_ssim": 0.05216430217900487,
        "nan_count": 0
      }
    },
    "time": 1.1200520675629377
  },
  "dct": {
    "metrics": {
      "0.05": {
        "mean_mse": 0.0036414549476467073,
        "std_mse": 0.0023484847097757352,
        "mean_psnr": 25.360332342507977,
        "std_psnr": 3.0436325867769827,
        "mean_ssim": 0.7180923919526044,
        "std_ssim": 0.0737661755554892,
        "nan_count": 0
      },
      "0.1": {
        "mean_mse": 0.002195198368281126,
        "std_mse": 0.001463891458930445,
        "mean_psnr": 27.605718108404407,
        "std_psnr": 3.1292003251138585,
        "mean_ssim": 0.8052295085807079,
        "std_ssim": 0.06089113739028191,
        "nan_count": 0
      },
      "0.15": {
        "mean_mse": 0.0014845702738966794,
        "std_mse": 0.001013721780347799,
        "mean_psnr": 29.331892283428942,
        "std_psnr": 3.1781719873501197,
        "mean_ssim": 0.8528841349123658,
        "std_ssim": 0.0521943924929838,
        "nan_count": 0
      },
      "0.2": {
        "mean_mse": 0.0010520217471639626,
        "std_mse": 0.0007325856704181737,
        "mean_psnr": 30.84661239837931,
        "std_psnr": 3.210166063524447,
        "mean_ssim": 0.8852723577509832,
        "std_ssim": 0.045177924259557835,
        "nan_count": 0
      }
    },
    "time": 0.9545472664758563
  },
  "block_fft_8": {
    "metrics": {
      "0.05": {
        "mean_mse": 0.004481271140393801,
        "std_mse": 0.002713342812473903,
        "mean_psnr": 24.473455296205856,
        "std_psnr": 3.1806115943895352,
        "mean_ssim": 0.6694705602577273,
        "std_ssim": 0.08173116066375742,
        "nan_count": 0
      },
      "0.1": {
        "mean_mse": 0.0025328569213161245,
        "std_mse": 0.001630039894528383,
        "mean_psnr": 27.09888691757884,
        "std_psnr": 3.4750059306655423,
        "mean_ssim": 0.7877391803994661,
        "std_ssim": 0.06258094784808461,
        "nan_count": 0
      },
      "0.15": {
        "mean_mse": 0.0016569579200586303,
        "std_mse": 0.0011137518020966875,
        "mean_psnr": 29.063035817798312,
        "std_psnr": 3.720835208459809,
        "mean_ssim": 0.848375806927907,
        "std_ssim": 0.05046872800844264,
        "nan_count": 0
      },
      "0.2": {
        "mean_mse": 0.001145404810013133,
        "std_mse": 0.0008007449060781389,
        "mean_psnr": 30.785664798249833,
        "std_psnr": 3.960019066906252,
        "mean_ssim": 0.8869194034564529,
        "std_ssim": 0.04146364941853043,
        "nan_count": 0
      }
    },
    "time": 1.2307886397466063
  },
  "block_dct_8": {
    "metrics": {
      "0.05": {
        "mean_mse": 0.0032351364579517395,
        "std_mse": 0.0021322868804941916,
        "mean_psnr": 26.113799712562695,
        "std_psnr": 3.624774827639563,
        "mean_ssim": 0.7456429409437803,
        "std_ssim": 0.08029401760875556,
        "nan_count": 0
      },
      "0.1": {
        "mean_mse": 0.0016037859828065847,
        "std_mse": 0.0011449116507051685,
        "mean_psnr": 29.408267486841922,
        "std_psnr": 4.137008356173856,
        "mean_ssim": 0.8574215111448198,
        "std_ssim": 0.05610518994123253,
        "nan_count": 0
      },
      "0.15": {
        "mean_mse": 0.000953272601836943,
        "std_mse": 0.0007233212098807435,
        "mean_psnr": 31.86277287853919,
        "std_psnr": 4.507634945672907,
        "mean_ssim": 0.9079769079358745,
        "std_ssim": 0.040960965052233914,
        "nan_count": 0
      },
      "0.2": {
        "mean_mse": 0.0006058333186047093,
        "std_mse": 0.00048441425765993355,
        "mean_psnr": 34.007107442323466,
        "std_psnr": 4.8029306935845435,
        "mean_ssim": 0.9371674888373804,
        "std_ssim": 0.03079547711600154,
        "nan_count": 0
      }
    },
    "time": 0.9119753707200289
  },
  "pca": {
    "metrics": {
      "0.05": {
        "mean_mse": 0.017195225251451417,
        "std_mse": 0.007837110117890013,
        "mean_psnr": 18.152840413097362,
        "std_psnr": 2.1875026691566517,
        "mean_ssim": 0.23349586859328875,
        "std_ssim": 0.06705187288703143,
        "nan_count": 0
      },
      "0.1": {
        "mean_mse": 0.017195225251451417,
        "std_mse": 0.007837110117890013,
        "mean_psnr": 18.152840413097362,
        "std_psnr": 2.1875026691566517,
        "mean_ssim": 0.23349586859328875,
        "std_ssim": 0.06705187288703143,
        "nan_count": 0
      },
      "0.15": {
        "mean_mse": 0.017195225251451417,
        "std_mse": 0.007837110117890013,
        "mean_psnr": 18.152840413097362,
        "std_psnr": 2.1875026691566517,
        "mean_ssim": 0.23349586859328875,
        "std_ssim": 0.06705187288703143,
        "nan_count": 0
      },
      "0.2": {
        "mean_mse": 0.017195225251451417,
        "std_mse": 0.007837110117890013,
        "mean_psnr": 18.152840413097362,
        "std_psnr": 2.1875026691566517,
        "mean_ssim": 0.23349586859328875,
        "std_ssim": 0.06705187288703143,
        "nan_count": 0
      }
    },
    "time": 6.220963469706476,
    "_pdft_py": {
      "pca_fingerprint": {
        "n_samples_fit": 500,
        "d": 65536,
        "k_effective": 499,
        "block": null,
        "mean_norm": 113.43721831303199,
        "eigenvalue_top10": [
          939.7350000057232,
          415.4577313909008,
          193.45821903175718,
          153.83688147830182,
          129.4068504592166,
          84.01479695677202,
          66.8835129451284,
          60.965976325897515,
          50.713144013837855,
          46.08576493141215
        ],
        "eigenvalue_sum": 4155.805812024767,
        "spectrum_sha256": "e0d968164d65fb94562037c8f2c11112864c879244c928555fab4a09451b616e"
      }
    }
  },
  "block_pca_8": {
    "metrics": {
      "0.05": {
        "mean_mse": 0.003329422806538018,
        "std_mse": 0.0021512834717228196,
        "mean_psnr": 25.928338908981758,
        "std_psnr": 3.4985019342214603,
        "mean_ssim": 0.7368124760991364,
        "std_ssim": 0.07509067746103384,
        "nan_count": 0
      },
      "0.1": {
        "mean_mse": 0.0017030813012362382,
        "std_mse": 0.0011853568570695876,
        "mean_psnr": 29.054874255432015,
        "std_psnr": 3.9444012144061076,
        "mean_ssim": 0.8452435113312703,
        "std_ssim": 0.05371750649833545,
        "nan_count": 0
      },
      "0.15": {
        "mean_mse": 0.0010263749866521634,
        "std_mse": 0.000754607679794545,
        "mean_psnr": 31.42456673168838,
        "std_psnr": 4.276371851402356,
        "mean_ssim": 0.8978823789525222,
        "std_ssim": 0.04041166042619727,
        "nan_count": 0
      },
      "0.2": {
        "mean_mse": 0.000658150275361489,
        "std_mse": 0.0005073375800377576,
        "mean_psnr": 33.510990902606906,