{
  "rich_full": {
    "metrics": {
      "0.01": {
        "mean_mse": 0.007960010739209185,
        "std_mse": 0.004594809550814328,
        "mean_psnr": 21.886570079684585,
        "std_psnr": 3.0020403535359894,
        "mean_ssim": 0.522407964492459,
        "std_ssim": 0.11119023845708845,
        "nan_count": 0
      },
      "0.02": {
        "mean_mse": 0.005609368278438835,
        "std_mse": 0.0033874040280958096,
        "mean_psnr": 23.520894980036505,
        "std_psnr": 3.2433577531164524,
        "mean_ssim": 0.6254052690029104,
        "std_ssim": 0.09850645485166325,
        "nan_count": 0
      },
      "0.05": {
        "mean_mse": 0.0031852059436507647,
        "std_mse": 0.0020536258146059555,
        "mean_psnr": 26.14612338165775,
        "std_psnr": 3.600878320352824,
        "mean_ssim": 0.7575093986045417,
        "std_ssim": 0.07623368818989665,
        "nan_count": 0
      },
      "0.1": {
        "mean_mse": 0.0017867535950536106,
        "std_mse": 0.0012359796905074276,
        "mean_psnr": 28.836305061356203,
        "std_psnr": 3.974894123156633,
        "mean_ssim": 0.8477102674860261,
        "std_ssim": 0.05642446660830633,
        "nan_count": 0
      },
      "0.15": {
        "mean_mse": 0.0011450347548539234,
        "std_mse": 0.0008378776601030247,
        "mean_psnr": 30.913533245636778,
        "std_psnr": 4.255958377764842,
        "mean_ssim": 0.8935211837135876,
        "std_ssim": 0.04400529545849601,
        "nan_count": 0
      },
      "0.2": {
        "mean_mse": 0.0007730284638701888,
        "std_mse": 0.0005943172413415244,
        "mean_psnr": 32.74967395930175,
        "std_psnr": 4.488488047451288,
        "mean_ssim": 0.9222290366848612,
        "std_ssim": 0.03514017690489133,
        "nan_count": 0
      }
    },
    "seed": 98,
    "init": "family_random_basis",
    "objective": "top10pct_mse",
    "steps": 1008,
    "epochs_completed": 112,
    "elapsed_seconds": 1484.1
  }
}