{
  "blocked_16": {
    "metrics": {
      "0.05": {
        "mean_mse": 0.0038260287191590496,
        "std_mse": 0.002377090310922732,
        "mean_psnr": 25.234728825541502,
        "std_psnr": 3.352684236062165,
        "mean_ssim": 0.7263690052702727,
        "std_ssim": 0.07763449522981257,
        "nan_count": 0
      },
      "0.1": {
        "mean_mse": 0.0021997022070115533,
        "std_mse": 0.0014534905216034581,
        "mean_psnr": 27.811471291618382,
        "std_psnr": 3.718776919974049,
        "mean_ssim": 0.8235126505474423,
        "std_ssim": 0.058815129552592826,
        "nan_count": 0
      },
      "0.15": {
        "mean_mse": 0.0014242640497127514,
        "std_mse": 0.0009882901812084718,
        "mean_psnr": 29.841169712280124,
        "std_psnr": 4.0050454345470055,
        "mean_ssim": 0.8751875730225778,
        "std_ssim": 0.046260031532912645,
        "nan_count": 0
      },
      "0.2": {
        "mean_mse": 0.0009651715362469966,
        "std_mse": 0.000699552912058161,
        "mean_psnr": 31.659475902125845,
        "std_psnr": 4.244740143989655,
        "mean_ssim": 0.9085104806827735,
        "std_ssim": 0.03690629411311555,
        "nan_count": 0
      }
    },
    "time": 252.619315167889,
    "_pdft_py": {
      "warmup_s": 1.7082941671833396,
      "device": "cuda:0",
      "epochs_completed": 112,
      "steps": 1008,
      "n_test": 50,
      "eval_failed_count": {
        "0.05": 0,
        "0.1": 0,
        "0.15": 0,
        "0.2": 0
      }
    }
  }
}