{
  "qft_progressive_k6": {
    "metrics": {
      "0.05": {
        "mean_mse": 0.0038259718935233296,
        "std_mse": 0.002377037412339587,
        "mean_psnr": 25.234808055117522,
        "std_psnr": 3.3527396184732905,
        "mean_ssim": 0.7263817277911765,
        "std_ssim": 0.07763257585990253,
        "nan_count": 0
      },
      "0.1": {
        "mean_mse": 0.0021996824001991626,
        "std_mse": 0.0014534911750176294,
        "mean_psnr": 27.811539499642084,
        "std_psnr": 3.7188346958287366,
        "mean_ssim": 0.8235039394540167,
        "std_ssim": 0.05880986529115696,
        "nan_count": 0
      },
      "0.15": {
        "mean_mse": 0.001424276121995545,
        "std_mse": 0.0009883135260215896,
        "mean_psnr": 29.841219501659452,
        "std_psnr": 4.005165899123749,
        "mean_ssim": 0.8751729822752212,
        "std_ssim": 0.04625655033446195,
        "nan_count": 0
      },
      "0.2": {
        "mean_mse": 0.0009651489513581688,
        "std_mse": 0.0006995035875571016,
        "mean_psnr": 31.65955132712411,
        "std_psnr": 4.244726114685741,
        "mean_ssim": 0.9084950612864925,
        "std_ssim": 0.03689868166208321,
        "nan_count": 0
      }
    },
    "time": 518.4499829085544,
    "_pdft_py": {
      "stage_k": 6,
      "n_trainable": 42,
      "n_frozen": 30,
      "inner_m": 6,
      "inner_n": 6,
      "block_size": 64,
      "steps": 1008,
      "epochs_completed": 112,
      "device": "cuda:0",
      "n_test": 50
    }
  }
}