{
  "entangled_qft_progressive_k5": {
    "metrics": {
      "0.05": {
        "mean_mse": 0.0015834171335800582,
        "std_mse": 0.0010606132476418556,
        "mean_psnr": 29.66648678572804,
        "std_psnr": 4.902450516542136,
        "mean_ssim": 0.9389853885428354,
        "std_ssim": 0.03362200234741779,
        "nan_count": 0
      },
      "0.1": {
        "mean_mse": 0.0005526097607658589,
        "std_mse": 0.0004584373691511345,
        "mean_psnr": 35.613933482424855,
        "std_psnr": 7.664336918482633,
        "mean_ssim": 0.9646378636153246,
        "std_ssim": 0.024784588197263233,
        "nan_count": 0
      },
      "0.15": {
        "mean_mse": 0.00021236759846594085,
        "std_mse": 0.00021146918447237514,
        "mean_psnr": 42.36650416168774,
        "std_psnr": 13.045924487702353,
        "mean_ssim": 0.9804669381343281,
        "std_ssim": 0.017721436383191767,
        "nan_count": 0
      },
      "0.2": {
        "mean_mse": 8.185955812871056e-05,
        "std_mse": 9.862655805578484e-05,
        "mean_psnr": 51.56428471356633,
        "std_psnr": 24.45122270018175,
        "mean_ssim": 0.9904110296750368,
        "std_ssim": 0.011104445204583634,
        "nan_count": 0
      }
    },
    "time": 330.5262308996171,
    "_pdft_py": {
      "family": "entangled_qft",
      "stage_k": 5,
      "n_trainable": 35,
      "block_size": 32,
      "steps": 1008,
      "epochs_completed": 112,
      "device": "cuda:0",
      "n_test": 50
    }
  }
}