{
  "tebd": {
    "metrics": {
      "0.05": {
        "mean_mse": 0.004067462548072704,
        "std_mse": 0.0024448657508619595,
        "mean_psnr": 24.912056916615967,
        "std_psnr": 3.26846384589576,
        "mean_ssim": 0.7155538133285453,
        "std_ssim": 0.07712786503484398,
        "nan_count": 0
      },
      "0.1": {
        "mean_mse": 0.0024195071317776795,
        "std_mse": 0.0015340486053182904,
        "mean_psnr": 27.303991502777173,
        "std_psnr": 3.5656430891219766,
        "mean_ssim": 0.8100400073325454,
        "std_ssim": 0.05916669735426452,
        "nan_count": 0
      },
      "0.15": {
        "mean_mse": 0.001605258563967619,
        "std_mse": 0.0010635068100810245,
        "mean_psnr": 29.200646022001365,
        "std_psnr": 3.80990409370114,
        "mean_ssim": 0.8617754510005682,
        "std_ssim": 0.04761955070713183,
        "nan_count": 0
      },
      "0.2": {
        "mean_mse": 0.001110677790751306,
        "std_mse": 0.0007665016336781614,
        "mean_psnr": 30.906097994701085,
        "std_psnr": 4.019643164611336,
        "mean_ssim": 0.8962400935627842,
        "std_ssim": 0.03914447186811203,
        "nan_count": 0
      }
    },
    "time": 541.3971774280071,
    "_pdft_py": {
      "warmup_s": 4.852248450741172,
      "device": "cuda:0",
      "epochs_completed": 112,
      "steps": 1008,
      "n_test": 50,
      "eval_failed_count": {
        "0.05": 0,
        "0.1": 0,
        "0.15": 0,
        "0.2": 0
      }
    }
  }
}