{
  "qft_progressive_k2": {
    "metrics": {
      "0.05": {
        "mean_mse": 0.014624510816133725,
        "std_mse": 0.007823728574762049,
        "mean_psnr": 19.063186232819938,
        "std_psnr": 2.6166245259691014,
        "mean_ssim": 0.5265541143944421,
        "std_ssim": 0.08676473025382664,
        "nan_count": 0
      },
      "0.1": {
        "mean_mse": 0.002664336140273976,
        "std_mse": 0.0017588166884654555,
        "mean_psnr": 26.932258139696383,
        "std_psnr": 3.567770281904576,
        "mean_ssim": 0.7929872256280358,
        "std_ssim": 0.06556749330001364,
        "nan_count": 0
      },
      "0.15": {
        "mean_mse": 0.0014394119860691567,
        "std_mse": 0.0010117122091466482,
        "mean_psnr": 29.764737337921755,
        "std_psnr": 3.880424061042813,
        "mean_ssim": 0.8706205670396697,
        "std_ssim": 0.047468622809847975,
        "nan_count": 0
      },
      "0.2": {
        "mean_mse": 0.000878543662970487,
        "std_mse": 0.0006481617063729509,
        "mean_psnr": 32.04590160452727,
        "std_psnr": 4.130494937128464,
        "mean_ssim": 0.9122831862188626,
        "std_ssim": 0.035934177024714,
        "nan_count": 0
      }
    },
    "time": 129.81588088721037,
    "_pdft_py": {
      "stage_k": 2,
      "n_trainable": 6,
      "block_size": 4,
      "steps": 1008,
      "epochs_completed": 112,
      "device": "cuda:0",
      "n_test": 50
    }
  }
}