{
  "qft_progressive_k5": {
    "metrics": {
      "0.05": {
        "mean_mse": 0.004067502759203631,
        "std_mse": 0.002445118156259987,
        "mean_psnr": 24.912198758777954,
        "std_psnr": 3.268749319152159,
        "mean_ssim": 0.71555561544542,
        "std_ssim": 0.07713505167334242,
        "nan_count": 0
      },
      "0.1": {
        "mean_mse": 0.0024195350887884918,
        "std_mse": 0.00153413069031446,
        "mean_psnr": 27.304083971430018,
        "std_psnr": 3.5658857823956875,
        "mean_ssim": 0.8100626819939908,
        "std_ssim": 0.059145416128678435,
        "nan_count": 0
      },
      "0.15": {
        "mean_mse": 0.0016053124600265776,
        "std_mse": 0.001063614465552844,
        "mean_psnr": 29.200741918673305,
        "std_psnr": 3.8103733878953396,
        "mean_ssim": 0.8617869564865948,
        "std_ssim": 0.04760326345894496,
        "nan_count": 0
      },
      "0.2": {
        "mean_mse": 0.0011106756330380245,
        "std_mse": 0.0007665009335915062,
        "mean_psnr": 30.90623434376381,
        "std_psnr": 4.019944945185284,
        "mean_ssim": 0.8962430808514165,
        "std_ssim": 0.0391566827120109,
        "nan_count": 0
      }
    },
    "time": 321.14256700128317,
    "_pdft_py": {
      "family": "qft",
      "stage_k": 5,
      "n_trainable": 30,
      "block_size": 32,
      "steps": 1008,
      "epochs_completed": 112,
      "device": "cuda:0",
      "n_test": 50
    }
  }
}