{
  "qft_progressive_k7": {
    "metrics": {
      "0.05": {
        "mean_mse": 0.0038259754156746905,
        "std_mse": 0.0023770507687791735,
        "mean_psnr": 25.23480434028982,
        "std_psnr": 3.352727254203572,
        "mean_ssim": 0.7263811410496472,
        "std_ssim": 0.07762810787499388,
        "nan_count": 0
      },
      "0.1": {
        "mean_mse": 0.0021996810306775584,
        "std_mse": 0.0014534906788619547,
        "mean_psnr": 27.811536063302437,
        "std_psnr": 3.718825601799877,
        "mean_ssim": 0.8235227817011456,
        "std_ssim": 0.058798318837000124,
        "nan_count": 0
      },
      "0.15": {
        "mean_mse": 0.001424279569166666,
        "std_mse": 0.0009883248267269192,
        "mean_psnr": 29.84121038880339,
        "std_psnr": 4.005169010629928,
        "mean_ssim": 0.8751738942860366,
        "std_ssim": 0.0462600582808053,
        "nan_count": 0
      },
      "0.2": {
        "mean_mse": 0.0009651504016432993,
        "std_mse": 0.0006995058678814666,
        "mean_psnr": 31.65953941320618,
        "std_psnr": 4.244721605216052,
        "mean_ssim": 0.9084956012222911,
        "std_ssim": 0.03689980561848858,
        "nan_count": 0
      }
    },
    "time": 539.5580484420061,
    "_pdft_py": {
      "stage_k": 7,
      "n_trainable": 56,
      "n_frozen": 16,
      "inner_m": 7,
      "inner_n": 7,
      "block_size": 128,
      "steps": 1008,
      "epochs_completed": 112,
      "device": "cuda:0",
      "n_test": 50
    }
  }
}