{
  "tebd_progressive_k7": {
    "metrics": {
      "0.05": {
        "mean_mse": 0.00382597576436001,
        "std_mse": 0.0023770494972602187,
        "mean_psnr": 25.23480200173963,
        "std_psnr": 3.352723423313937,
        "mean_ssim": 0.7263820592346925,
        "std_ssim": 0.07762739404978347,
        "nan_count": 0
      },
      "0.1": {
        "mean_mse": 0.002199680171760236,
        "std_mse": 0.0014534867469150018,
        "mean_psnr": 27.811536048147914,
        "std_psnr": 3.718823662117195,
        "mean_ssim": 0.8235184225934534,
        "std_ssim": 0.058797420708629346,
        "nan_count": 0
      },
      "0.15": {
        "mean_mse": 0.0014242797399357757,
        "std_mse": 0.0009883239661960944,
        "mean_psnr": 29.841206723928373,
        "std_psnr": 4.005165095912937,
        "mean_ssim": 0.8751742329249956,
        "std_ssim": 0.0462601923840652,
        "nan_count": 0
      },
      "0.2": {
        "mean_mse": 0.0009651509078876806,
        "std_mse": 0.0006995062663743598,
        "mean_psnr": 31.6595336350021,
        "std_psnr": 4.244716186774867,
        "mean_ssim": 0.9084973082967425,
        "std_ssim": 0.03689920623770319,
        "nan_count": 0
      }
    },
    "time": 475.7968298913911,
    "_pdft_py": {
      "family": "tebd",
      "stage_k": 7,
      "n_trainable": 28,
      "block_size": 128,
      "steps": 1008,
      "epochs_completed": 112,
      "device": "cuda:0",
      "n_test": 50
    }
  }
}