{
  "qft_progressive_k4": {
    "metrics": {
      "0.05": {
        "mean_mse": 0.0038260039100450516,
        "std_mse": 0.002377068778246633,
        "mean_psnr": 25.234757686879693,
        "std_psnr": 3.3526897113156364,
        "mean_ssim": 0.7263702877782354,
        "std_ssim": 0.07763642738868236,
        "nan_count": 0
      },
      "0.1": {
        "mean_mse": 0.002199655474719518,
        "std_mse": 0.0014534434046302362,
        "mean_psnr": 27.811528991905494,
        "std_psnr": 3.718714024012892,
        "mean_ssim": 0.8234952636396754,
        "std_ssim": 0.05882331457992852,
        "nan_count": 0
      },
      "0.15": {
        "mean_mse": 0.0014242455838603062,
        "std_mse": 0.0009882574714629767,
        "mean_psnr": 29.84119844979489,
        "std_psnr": 4.005020414086551,
        "mean_ssim": 0.8751802246729327,
        "std_ssim": 0.04625952362547781,
        "nan_count": 0
      },
      "0.2": {
        "mean_mse": 0.000965146631667812,
        "std_mse": 0.0006995182194775041,
        "mean_psnr": 31.659536358402985,
        "std_psnr": 4.24469028718712,
        "mean_ssim": 0.9085145326086999,
        "std_ssim": 0.036902009191572785,
        "nan_count": 0
      }
    },
    "time": 254.74192011542618,
    "_pdft_py": {
      "family": "qft",
      "stage_k": 4,
      "n_trainable": 20,
      "block_size": 16,
      "steps": 1008,
      "epochs_completed": 112,
      "device": "cuda:0",
      "n_test": 50
    }
  }
}