{
  "entangled_qft_progressive_k3": {
    "metrics": {
      "0.05": {
        "mean_mse": 0.017636884439389097,
        "std_mse": 0.008522287360110794,
        "mean_psnr": 18.117729800959584,
        "std_psnr": 2.390593582295076,
        "mean_ssim": 0.8284730099965931,
        "std_ssim": 0.060305554183779746,
        "nan_count": 0
      },
      "0.1": {
        "mean_mse": 0.007076113136548138,
        "std_mse": 0.004356585386302767,
        "mean_psnr": 22.406985524271434,
        "std_psnr": 2.982039312470904,
        "mean_ssim": 0.9212804547466817,
        "std_ssim": 0.03214857763566261,
        "nan_count": 0
      },
      "0.15": {
        "mean_mse": 0.0032165893788433917,
        "std_mse": 0.002342653474251148,
        "mean_psnr": 26.20098914338951,
        "std_psnr": 3.570133161437146,
        "mean_ssim": 0.960101916317879,
        "std_ssim": 0.019562588816500203,
        "nan_count": 0
      },
      "0.2": {
        "mean_mse": 0.0015318299675465452,
        "std_mse": 0.0013126383859389298,
        "mean_psnr": 30.051403382919393,
        "std_psnr": 4.541082910062901,
        "mean_ssim": 0.9802709005852424,
        "std_ssim": 0.01246620634173126,
        "nan_count": 0
      }
    },
    "time": 13.16293079406023,
    "_pdft_py": {
      "family": "entangled_qft",
      "stage_k": 3,
      "n_trainable": 15,
      "block_size": 8,
      "steps": 1008,
      "epochs_completed": 112,
      "device": "cuda:0",
      "n_test": 50
    }
  }
}