{
  "rich_b3": {
    "metrics": {
      "0.01": {
        "mean_mse": 0.05809715088721099,
        "std_mse": 0.012673284145755899,
        "mean_psnr": 12.47168970204077,
        "std_psnr": 1.0190186545340558,
        "mean_ssim": 0.4491347847851127,
        "std_ssim": 0.10775143522052633,
        "nan_count": 0
      },
      "0.02": {
        "mean_mse": 0.038393578705318655,
        "std_mse": 0.010160783940036576,
        "mean_psnr": 14.319476414050534,
        "std_psnr": 1.2113448577839452,
        "mean_ssim": 0.5997912341622844,
        "std_ssim": 0.08779551583127378,
        "nan_count": 0
      },
      "0.05": {
        "mean_mse": 0.016348379980845918,
        "std_mse": 0.005931961916761467,
        "mean_psnr": 18.17140411187639,
        "std_psnr": 1.6705332143616967,
        "mean_ssim": 0.8119950063355788,
        "std_ssim": 0.044394221617038494,
        "nan_count": 0
      },
      "0.1": {
        "mean_mse": 0.0057084232396852844,
        "std_mse": 0.0028823186849667943,
        "mean_psnr": 23.041497544658274,
        "std_psnr": 2.399680438640731,
        "mean_ssim": 0.91038043842166,
        "std_ssim": 0.024089556023017,
        "nan_count": 0
      },
      "0.15": {
        "mean_mse": 0.002247366765501597,
        "std_mse": 0.0014013960290473074,
        "mean_psnr": 27.406064565801167,
        "std_psnr": 3.0065767474555636,
        "mean_ssim": 0.9487881144458021,
        "std_ssim": 0.01543736547639737,
        "nan_count": 0
      },
      "0.2": {
        "mean_mse": 0.0009204340757455166,
        "std_mse": 0.0006951003997330893,
        "mean_psnr": 31.689527502608367,
        "std_psnr": 3.6749456053072516,
        "mean_ssim": 0.9692239127797488,
        "std_ssim": 0.011027349146708073,
        "nan_count": 0
      }
    },
    "seed": 98,
    "init": "family_random_basis",
    "objective": "top10pct_mse",
    "steps": 1008,
    "epochs_completed": 112,
    "elapsed_seconds": 29.2
  }
}