{
  "bd_pca": {
    "metrics": {
      "0.05": {
        "mean_mse": 0.003580498710428162,
        "std_mse": 0.0022894136947642332,
        "mean_psnr": 25.444233336521165,
        "std_psnr": 3.091652509304688,
        "mean_ssim": 0.7192190109630807,
        "std_ssim": 0.07233589745072008,
        "nan_count": 0
      },
      "0.1": {
        "mean_mse": 0.0021365103220219047,
        "std_mse": 0.0014209878054793838,
        "mean_psnr": 27.740068538273132,
        "std_psnr": 3.1881928260898094,
        "mean_ssim": 0.8072204461260328,
        "std_ssim": 0.05905748562115258,
        "nan_count": 0
      },
      "0.15": {
        "mean_mse": 0.0014334397526241849,
        "std_mse": 0.0009822556423647079,
        "mean_psnr": 29.509212811928123,
        "std_psnr": 3.2521521820035835,
        "mean_ssim": 0.8558553527012728,
        "std_ssim": 0.05013926508097476,
        "nan_count": 0
      },
      "0.2": {
        "mean_mse": 0.0010086761568689926,
        "std_mse": 0.0007091505744531885,
        "mean_psnr": 31.065481875121446,
        "std_psnr": 3.3042595824692884,
        "mean_ssim": 0.8882144274659729,
        "std_ssim": 0.04344125425732636,
        "nan_count": 0
      }
    },
    "time_s": 1.0724282851442695
  },
  "block_bd_pca_8": {
    "metrics": {
      "0.05": {
        "mean_mse": 0.0031688319575703533,
        "std_mse": 0.002043353818090428,
        "mean_psnr": 26.129375400671847,
        "std_psnr": 3.4813749489288446,
        "mean_ssim": 0.7419097245852381,
        "std_ssim": 0.07069236221801667,
        "nan_count": 0
      },
      "0.1": {
        "mean_mse": 0.0016022787667124333,
        "std_mse": 0.001119335390667788,
        "mean_psnr": 29.295717094669186,
        "std_psnr": 3.8926392446619893,
        "mean_ssim": 0.8503813524874162,
        "std_ssim": 0.0507471377220112,
        "nan_count": 0
      },
      "0.15": {
        "mean_mse": 0.0009612893900705835,
        "std_mse": 0.0007111015682932167,
        "mean_psnr": 31.681423161846894,
        "std_psnr": 4.2152262474022955,
        "mean_ssim": 0.9016495258499098,
        "std_ssim": 0.0387704650842461,
        "nan_count": 0
      },
      "0.2": {
        "mean_mse": 0.0006152188019094334,
        "std_mse": 0.00047808412684387165,
        "mean_psnr": 33.77319888616238,
        "std_psnr": 4.484622260811393,
        "mean_ssim": 0.932108480645504,
        "std_ssim": 0.029869119402250066,
        "nan_count": 0
      }
    },
    "time_s": 4.184258996509016
  },
  "block_dct_8": {
    "metrics": {
      "0.05": {
        "mean_mse": 0.0032351364579517395,
        "std_mse": 0.0021322868804941916,
        "mean_psnr": 26.113799712562695,
        "std_psnr": 3.624774827639563,
        "mean_ssim": 0.7456429409437803,
        "std_ssim": 0.08029401760875556,
        "nan_count": 0
      },
      "0.1": {
        "mean_mse": 0.0016037859828065847,
        "std_mse": 0.0011449116507051685,
        "mean_psnr": 29.408267486841922,
        "std_psnr": 4.137008356173856,
        "mean_ssim": 0.8574215111448198,
        "std_ssim": 0.05610518994123253,
        "nan_count": 0
      },
      "0.15": {
        "mean_mse": 0.000953272601836943,
        "std_mse": 0.0007233212098807435,
        "mean_psnr": 31.86277287853919,
        "std_psnr": 4.507634945672907,
        "mean_ssim": 0.9079769079358745,
        "std_ssim": 0.040960965052233914,
        "nan_count": 0
      },
      "0.2": {
        "mean_mse": 0.0006058333186047093,
        "std_mse": 0.00048441425765993355,
        "mean_psnr": 34.007107442323466,
        "std_psnr": 4.8029306935845435,
        "mean_ssim": 0.9371674888373804,
        "std_ssim": 0.03079547711600154,
        "nan_count": 0
      }
    },
    "time_s": 0.8967924630269408
  },
  "block_dct_8_rank": {
    "metrics": {
      "0.05": {
        "mean_mse": 0.007088055806234479,
        "std_mse": 0.004278829402342593,
        "mean_psnr": 22.354485252793054,
        "std_psnr": 2.8288210378270433,
        "mean_ssim": 0.6110513741650735,
        "std_ssim": 0.11069901804214113,
        "nan_count": 0
      },
      "0.1": {
        "mean_mse": 0.0048382608569227156,
        "std_mse": 0.0030990729476731683,
        "mean_psnr": 24.11110132023966,
        "std_psnr": 2.989791193360697,
        "mean_ssim": 0.7314479160700755,
        "std_ssim": 0.0887834146117012,
        "nan_count": 0
      },
      "0.15": {
        "mean_mse": 0.003763181845424697,
        "std_mse": 0.0024495776678782363,
        "mean_psnr": 25.20401729446437,
        "std_psnr": 2.972198290877669,
        "mean_ssim": 0.7918777017158541,
        "std_ssim": 0.07336172059703519,
        "nan_count": 0
      },
      "0.2": {
        "mean_mse": 0.003009943307260983,
        "std_mse": 0.002069915140236529,
        "mean_psnr": 26.302738017144428,
        "std_psnr": 3.2254884731238502,
        "mean_ssim": 0.8356434695665059,
        "std_ssim": 0.06452122522870349,
        "nan_count": 0
      }
    },
    "time_s": 0.8299781614914536
  },
  "block_fft_8": {
    "metrics": {
      "0.05": {
        "mean_mse": 0.004481271140393801,
        "std_mse": 0.002713342812473903,
        "mean_psnr": 24.473455296205856,
        "std_psnr": 3.1806115943895352,
        "mean_ssim": 0.6694705602577273,
        "std_ssim": 0.08173116066375742,
        "nan_count": 0
      },
      "0.1": {
        "mean_mse": 0.0025328569213161245,
        "std_mse": 0.001630039894528383,
        "mean_psnr": 27.09888691757884,
        "std_psnr": 3.4750059306655423,
        "mean_ssim": 0.7877391803994661,
        "std_ssim": 0.06258094784808461,
        "nan_count": 0
      },
      "0.15": {
        "mean_mse": 0.0016569579200586303,
        "std_mse": 0.0011137518020966875,
        "mean_psnr": 29.063035817798312,
        "std_psnr": 3.720835208459809,
        "mean_ssim": 0.848375806927907,
        "std_ssim": 0.05046872800844264,
        "nan_count": 0
      },
      "0.2": {
        "mean_mse": 0.001145404810013133,
        "std_mse": 0.0008007449060781389,
        "mean_psnr": 30.785664798249833,
        "std_psnr": 3.960019066906252,
        "mean_ssim": 0.8869194034564529,
        "std_ssim": 0.04146364941853043,
        "nan_count": 0
      }
    },
    "time_s": 1.1420801589265466
  },
  "block_pca_8": {
    "metrics": {
      "0.05": {
        "mean_mse": 0.0033294236108516615,
        "std_mse": 0.002151287609958317,
        "mean_psnr": 25.92833974334977,
        "std_psnr": 3.4985038964381774,
        "mean_ssim": 0.7368127323376606,
        "std_ssim": 0.07509030973463583,
        "nan_count": 0
      },
      "0.1": {
        "mean_mse": 0.0017030791997921038,
        "std_mse": 0.0011853565555697179,
        "mean_psnr": 29.05488283803631,
        "std_psnr": 3.9444049106710866,
        "mean_ssim": 0.8452437487012436,
        "std_ssim": 0.05371729548618439,
        "nan_count": 0
      },
      "0.15": {
        "mean_mse": 0.0010263734432746365,
        "std_mse": 0.0007546077772726426,
        "mean_psnr": 31.424578864274608,
        "std_psnr": 4.276377319110773,
        "mean_ssim": 0.8978817352729606,
        "std_ssim": 0.04041075515404034,
        "nan_count": 0
      },
      "0.2": {
        "mean_mse": 0.0006581500798586615,
        "std_mse": 0.000507337485977239,
        "mean_psnr": 33.51099203394807,
        "std_psnr": 4.554431141684739,
        "mean_ssim": 0.92921227295825,
        "std_ssim": 0.030764769824139632,
        "nan_count": 0
      }
    },
    "time_s": 0.866296554915607
  },
  "block_pca_8_rank": {
    "metrics": {
      "0.05": {
        "mean_mse": 0.007033942036322468,
        "std_mse": 0.004242835115709419,
        "mean_psnr": 22.383848640453905,
        "std_psnr": 2.8197640763881613,
        "mean_ssim": 0.6081289631720371,
        "std_ssim": 0.1065166426119067,
        "nan_count": 0
      },
      "0.1": {
        "mean_mse": 0.004772008446645919,
        "std_mse": 0.0030626443867153457,