{
  "qft": {
    "metrics": {
      "0.05": {
        "mean_mse": 0.005932132125193492,
        "std_mse": 0.003429866665352439,
        "mean_psnr": 23.08384048467994,
        "std_psnr": 2.8044515641317993,
        "mean_ssim": 0.6026871109968436,
        "std_ssim": 0.07691235485813509,
        "nan_count": 0
      },
      "0.1": {
        "mean_mse": 0.004042138369984793,
        "std_mse": 0.002435146889936782,
        "mean_psnr": 24.80528207623216,
        "std_psnr": 2.9002253800241937,
        "mean_ssim": 0.7013449740413533,
        "std_ssim": 0.06633297262341842,
        "nan_count": 0
      },
      "0.15": {
        "mean_mse": 0.0030232989611895943,
        "std_mse": 0.001861555652149528,
        "mean_psnr": 26.096162794052457,
        "std_psnr": 2.95341856776058,
        "mean_ssim": 0.758342448842532,
        "std_ssim": 0.059887328001325776,
        "nan_count": 0
      },
      "0.2": {
        "mean_mse": 0.0023455310800896425,
        "std_mse": 0.0014649662258166122,
        "mean_psnr": 27.217619997406263,
        "std_psnr": 2.989136239395805,
        "mean_ssim": 0.7980268792873706,
        "std_ssim": 0.05511053890006562,
        "nan_count": 0
      }
    },
    "time": 541.0734327388927,
    "_pdft_py": {
      "basis": "qft",
      "lam": 10.0,
      "regulariser": "L1InitAnchorMSELoss",
      "steps": 1008,
      "epochs_completed": 112,
      "device": "cuda:0",
      "n_test": 50
    }
  }
}