basis,keep_ratio,mean,std
block_dct_8,0.05,0.0032351364579517395,0.0021322868804941916
block_dct_8,0.1,0.0016037859828065847,0.0011449116507051685
block_dct_8,0.15,0.000953272601836943,0.0007233212098807435
block_dct_8,0.2,0.0006058333186047093,0.00048441425765993355
block_fft_8,0.05,0.004481271140393801,0.002713342812473903
block_fft_8,0.1,0.0025328569213161245,0.001630039894528383
block_fft_8,0.15,0.0016569579200586303,0.0011137518020966875
block_fft_8,0.2,0.001145404810013133,0.0008007449060781389
block_pca_8,0.05,0.003329422806538016,0.002151283471722818
block_pca_8,0.1,0.0017030813012362356,0.0011853568570695863
block_pca_8,0.15,0.0010263749866521621,0.0007546076797945447
block_pca_8,0.2,0.0006581502753614882,0.0005073375800377575
dct,0.05,0.0036414549476467073,0.0023484847097757352
dct,0.1,0.002195198368281126,0.001463891458930445
dct,0.15,0.0014845702738966794,0.001013721780347799
dct,0.2,0.0010520217471639626,0.0007325856704181737
entangled_qft,0.05,0.003955067287299085,0.0024023779467658483
entangled_qft,0.1,0.002322224234170526,0.0014941585153747002
entangled_qft,0.15,0.0015264070022861984,0.001028745102567079
entangled_qft,0.2,0.001048244330250015,0.0007370955205189178
fft,0.05,0.004372288094600663,0.002704903487919131
fft,0.1,0.0027700108441058545,0.0017905216719261599
fft,0.15,0.0019646530819591133,0.0013133842305724707
fft,0.2,0.0014590484122163616,0.0010021705253476679
pca,0.05,0.017195225251451417,0.007837110117890013
pca,0.1,0.017195225251451417,0.007837110117890013
pca,0.15,0.017195225251451417,0.007837110117890013
pca,0.2,0.017195225251451417,0.007837110117890013
