{
  "mera": {
    "metrics": {
      "0.05": {
        "mean_mse": 0.005005894137471512,
        "std_mse": 0.0029287439860874454,
        "mean_psnr": 23.834555119943865,
        "std_psnr": 2.8243126782139707,
        "mean_ssim": 0.6437505774438285,
        "std_ssim": 0.06824725806607912,
        "nan_count": 0
      },
      "0.1": {
        "mean_mse": 0.0032052851181893984,
        "std_mse": 0.0019273548728876804,
        "mean_psnr": 25.81213314176245,
        "std_psnr": 2.9020367592338996,
        "mean_ssim": 0.740515348232383,
        "std_ssim": 0.058053347536471865,
        "nan_count": 0
      },
      "0.15": {
        "mean_mse": 0.002255217418476479,
        "std_mse": 0.0013732869186928297,
        "mean_psnr": 27.35869732273976,
        "std_psnr": 2.941972954619468,
        "mean_ssim": 0.796076751861322,
        "std_ssim": 0.05239356497670705,
        "nan_count": 0
      },
      "0.2": {
        "mean_mse": 0.0016438045386005164,
        "std_mse": 0.0010093086162939356,
        "mean_psnr": 28.743803609192977,
        "std_psnr": 2.965670881023585,
        "mean_ssim": 0.8351906608599019,
        "std_ssim": 0.04741551035988165,
        "nan_count": 0
      }
    },
    "time": 549.0626595290378,
    "_pdft_py": {
      "basis": "mera",
      "lam": 10.0,
      "regulariser": "L1InitAnchorMSELoss",
      "steps": 1008,
      "epochs_completed": 112,
      "device": "cuda:0",
      "n_test": 50
    }
  }
}