{
  "qft_progressive_k4": {
    "metrics": {
      "0.05": {
        "mean_mse": 0.0012144756846470357,
        "std_mse": 0.0009294387466025312,
        "mean_psnr": 31.49289432122923,
        "std_psnr": 6.234371641542872,
        "mean_ssim": 0.9577605215465728,
        "std_ssim": 0.02589190517745832,
        "nan_count": 0
      },
      "0.1": {
        "mean_mse": 0.0003397076652278317,
        "std_mse": 0.00033176535998629444,
        "mean_psnr": 39.99845222328685,
        "std_psnr": 12.426004538764895,
        "mean_ssim": 0.9802349239885818,
        "std_ssim": 0.01675603823534732,
        "nan_count": 0
      },
      "0.15": {
        "mean_mse": 0.00010316454488802518,
        "std_mse": 0.00012294107829025208,
        "mean_psnr": 52.573259105624594,
        "std_psnr": 30.194385005613125,
        "mean_ssim": 0.9914902413569281,
        "std_ssim": 0.009726831080472108,
        "nan_count": 0
      },
      "0.2": {
        "mean_mse": 2.9846936456863746e-05,
        "std_mse": 4.342500902654557e-05,
        "mean_psnr": 71.37967969849615,
        "std_psnr": 44.80054074175588,
        "mean_ssim": 0.9969923276692246,
        "std_ssim": 0.0042816483815226155,
        "nan_count": 0
      }
    },
    "time": 256.6085871588439,
    "_pdft_py": {
      "family": "qft",
      "stage_k": 4,
      "n_trainable": 20,
      "block_size": 16,
      "steps": 1008,
      "epochs_completed": 112,
      "device": "cuda:0",
      "n_test": 50
    }
  }
}