{
  "mera": {
    "metrics": {
      "0.05": {
        "mean_mse": 0.003935771815145015,
        "std_mse": 0.0023925609136622003,
        "mean_psnr": 25.093228004752756,
        "std_psnr": 3.3498642884524794,
        "mean_ssim": 0.7224506135232497,
        "std_ssim": 0.07810840941056757,
        "nan_count": 0
      },
      "0.1": {
        "mean_mse": 0.002307336416368116,
        "std_mse": 0.0014881859498656522,
        "mean_psnr": 27.57183145205374,
        "std_psnr": 3.6991004098831737,
        "mean_ssim": 0.8172564978351347,
        "std_ssim": 0.059330076923376024,
        "nan_count": 0
      },
      "0.15": {
        "mean_mse": 0.001514307731377463,
        "std_mse": 0.001024238285474736,
        "mean_psnr": 29.532130856843345,
        "std_psnr": 3.9758618563151056,
        "mean_ssim": 0.8688418348367253,
        "std_ssim": 0.047319498402836356,
        "nan_count": 0
      },
      "0.2": {
        "mean_mse": 0.0010378567849771065,
        "std_mse": 0.0007331831226840963,
        "mean_psnr": 31.29322828831771,
        "std_psnr": 4.208617663285519,
        "mean_ssim": 0.9025886623766683,
        "std_ssim": 0.038378760613246306,
        "nan_count": 0
      }
    },
    "time": 1048.45194778312,
    "_pdft_py": {
      "warmup_s": 3.251974506303668,
      "device": "cuda:0",
      "epochs_completed": 223,
      "steps": 2007,
      "n_test": 50,
      "eval_failed_count": {
        "0.05": 0,
        "0.1": 0,
        "0.15": 0,
        "0.2": 0
      }
    }
  }
}