{
  "mera": {
    "metrics": {
      "0.05": {
        "mean_mse": 0.003939659407913194,
        "std_mse": 0.0023942391439065176,
        "mean_psnr": 25.088483759117235,
        "std_psnr": 3.349130635277093,
        "mean_ssim": 0.7212252422659762,
        "std_ssim": 0.07801671939871169,
        "nan_count": 0
      },
      "0.1": {
        "mean_mse": 0.0023104715806448557,
        "std_mse": 0.0014898022401522366,
        "mean_psnr": 27.563365903839056,
        "std_psnr": 3.6919284925051574,
        "mean_ssim": 0.8161136077426007,
        "std_ssim": 0.05925334007878908,
        "nan_count": 0
      },
      "0.15": {
        "mean_mse": 0.0015170587603225588,
        "std_mse": 0.0010255569182848652,
        "mean_psnr": 29.520258023350117,
        "std_psnr": 3.9650119772937726,
        "mean_ssim": 0.8677590081600449,
        "std_ssim": 0.047254520503863695,
        "nan_count": 0
      },
      "0.2": {
        "mean_mse": 0.0010401018746532642,
        "std_mse": 0.0007338883618205436,
        "mean_psnr": 31.277797190972095,
        "std_psnr": 4.194175185713436,
        "mean_ssim": 0.9016525213378334,
        "std_ssim": 0.03840034323244905,
        "nan_count": 0
      }
    },
    "time": 284.27194406371564,
    "_pdft_py": {
      "warmup_s": 3.520769387483597,
      "device": "cuda:0",
      "epochs_completed": 60,
      "steps": 540,
      "n_test": 50,
      "eval_failed_count": {
        "0.05": 0,
        "0.1": 0,
        "0.15": 0,
        "0.2": 0
      }
    }
  }
}