{
  "mera": {
    "metrics": {
      "0.05": {
        "mean_mse": 0.004067393930132699,
        "std_mse": 0.0024449592265165555,
        "mean_psnr": 24.912310105206572,
        "std_psnr": 3.268805864879655,
        "mean_ssim": 0.715578892660114,
        "std_ssim": 0.07717716968467457,
        "nan_count": 0
      },
      "0.1": {
        "mean_mse": 0.002419467111443418,
        "std_mse": 0.0015340941795662004,
        "mean_psnr": 27.304204329964147,
        "std_psnr": 3.5658658545717956,
        "mean_ssim": 0.8100912943100059,
        "std_ssim": 0.05917507650033947,
        "nan_count": 0
      },
      "0.15": {
        "mean_mse": 0.0016052547893605175,
        "std_mse": 0.0010635419781324055,
        "mean_psnr": 29.200904570201875,
        "std_psnr": 3.810528867004506,
        "mean_ssim": 0.8617836929535949,
        "std_ssim": 0.04763545418360057,
        "nan_count": 0
      },
      "0.2": {
        "mean_mse": 0.0011106687181618787,
        "std_mse": 0.0007665119170088908,
        "mean_psnr": 30.906323233284553,
        "std_psnr": 4.0201056298929405,
        "mean_ssim": 0.8962606337458755,
        "std_ssim": 0.03915031667178382,
        "nan_count": 0
      }
    },
    "time": 525.5090063894168,
    "_pdft_py": {
      "warmup_s": 1.6096637146547437,
      "device": "cuda:0",
      "epochs_completed": 112,
      "steps": 1008,
      "n_test": 50,
      "eval_failed_count": {
        "0.05": 0,
        "0.1": 0,
        "0.15": 0,
        "0.2": 0
      }
    }
  }
}