{
  "tebd_progressive_k4": {
    "metrics": {
      "0.05": {
        "mean_mse": 0.0012144597693020181,
        "std_mse": 0.0009294348336372466,
        "mean_psnr": 31.493109145017847,
        "std_psnr": 6.2348904097178846,
        "mean_ssim": 0.9577634504245774,
        "std_ssim": 0.02588902664713606,
        "nan_count": 0
      },
      "0.1": {
        "mean_mse": 0.0003396963846558277,
        "std_mse": 0.00033175763894754485,
        "mean_psnr": 39.90203510433565,
        "std_psnr": 12.04920396828724,
        "mean_ssim": 0.9802384029735434,
        "std_ssim": 0.016751632721434394,
        "nan_count": 0
      },
      "0.15": {
        "mean_mse": 0.00010316896361232886,
        "std_mse": 0.00012294278612437156,
        "mean_psnr": 52.07703057983229,
        "std_psnr": 28.3041478360428,
        "mean_ssim": 0.9914917382669985,
        "std_ssim": 0.009723371814211268,
        "nan_count": 0
      },
      "0.2": {
        "mean_mse": 2.9851036283940353e-05,
        "std_mse": 4.3427733514274564e-05,
        "mean_psnr": 69.63143757497716,
        "std_psnr": 41.00410438347843,
        "mean_ssim": 0.9969915841869879,
        "std_ssim": 0.004283069118184873,
        "nan_count": 0
      }
    },
    "time": 267.6020722175017,
    "_pdft_py": {
      "family": "tebd",
      "stage_k": 4,
      "n_trainable": 16,
      "block_size": 16,
      "steps": 1008,
      "epochs_completed": 112,
      "device": "cuda:0",
      "n_test": 50
    }
  }
}