{
  "tebd_progressive_k8": {
    "metrics": {
      "0.05": {
        "mean_mse": 0.004067403693062666,
        "std_mse": 0.0024449433860181014,
        "mean_psnr": 24.91227531866204,
        "std_psnr": 3.2687686071264572,
        "mean_ssim": 0.7155605685525984,
        "std_ssim": 0.07716015960282258,
        "nan_count": 0
      },
      "0.1": {
        "mean_mse": 0.002419517326762006,
        "std_mse": 0.0015341429893294656,
        "mean_psnr": 27.304121614326096,
        "std_psnr": 3.565876668120998,
        "mean_ssim": 0.8100670245834256,
        "std_ssim": 0.05917882531727763,
        "nan_count": 0
      },
      "0.15": {
        "mean_mse": 0.001605256209798757,
        "std_mse": 0.001063536873729168,
        "mean_psnr": 29.200887465377363,
        "std_psnr": 3.810522152748459,
        "mean_ssim": 0.8617828147453933,
        "std_ssim": 0.047631994867333646,
        "nan_count": 0
      },
      "0.2": {
        "mean_mse": 0.0011106839170108907,
        "std_mse": 0.0007665284814111175,
        "mean_psnr": 30.906277499078033,
        "std_psnr": 4.020142814372231,
        "mean_ssim": 0.8962622657703626,
        "std_ssim": 0.039155831941288376,
        "nan_count": 0
      }
    },
    "time": 540.787474565208,
    "_pdft_py": {
      "family": "tebd",
      "stage_k": 8,
      "n_trainable": 32,
      "block_size": 256,
      "steps": 1008,
      "epochs_completed": 112,
      "device": "cuda:0",
      "n_test": 50
    }
  }
}