{
  "rich_4": {
    "metrics": {
      "0.05": {
        "mean_mse": 0.015819317322852862,
        "std_mse": 0.008218787942517082,
        "mean_psnr": 18.687627370704885,
        "std_psnr": 2.598567599286727,
        "mean_ssim": 0.8369697731889842,
        "std_ssim": 0.05669249325461364,
        "nan_count": 0
      },
      "0.1": {
        "mean_mse": 0.005610886892585908,
        "std_mse": 0.0038193125891037823,
        "mean_psnr": 23.618689675810415,
        "std_psnr": 3.337915916298826,
        "mean_ssim": 0.9267389029892406,
        "std_ssim": 0.027505500349199206,
        "nan_count": 0
      },
      "0.15": {
        "mean_mse": 0.0022701993297925705,
        "std_mse": 0.0019456213255493234,
        "mean_psnr": 28.146726238811485,
        "std_psnr": 4.183508106913759,
        "mean_ssim": 0.9632098468778291,
        "std_ssim": 0.0165736057306281,
        "nan_count": 0
      },
      "0.2": {
        "mean_mse": 0.0009430019248619379,
        "std_mse": 0.0009803576018628977,
        "mean_psnr": 32.81187914452988,
        "std_psnr": 5.2419186070554735,
        "mean_ssim": 0.9805305596036539,
        "std_ssim": 0.011638716688968351,
        "nan_count": 0
      }
    },
    "time": 8.410987047478557,
    "_pdft_py": {
      "warmup_s": 1.7358975820243359,
      "device": "cuda:0",
      "epochs_completed": 112,
      "steps": 1008,
      "n_test": 50,
      "eval_failed_count": {
        "0.05": 0,
        "0.1": 0,
        "0.15": 0,
        "0.2": 0
      }
    }
  }
}