{
  "experiment": "qft_topk_sweep",
  "dataset": "quickdraw_5q",
  "m": 5,
  "n": 5,
  "train_keep_ratios": [
    0.05,
    0.1,
    0.15,
    0.2
  ],
  "eval_keep_ratios": [
    0.05,
    0.1,
    0.15,
    0.2
  ],
  "epochs": 112,
  "rows": [
    {
      "train_ratio": 0.05,
      "train_k": 51,
      "cell": "train_k05",
      "psnr": {
        "0.05": 16.19750945946226,
        "0.1": 18.927312799172558,
        "0.15": 21.268397894890068,
        "0.2": 23.443170858153266
      },
      "steps": 1008,
      "elapsed_seconds": 17.081260261125863
    },
    {
      "train_ratio": 0.1,
      "train_k": 102,
      "cell": "train_k10",
      "psnr": {
        "0.05": 16.19633279203033,
        "0.1": 18.921329730186663,
        "0.15": 21.266684401260544,
        "0.2": 23.446707689440014
      },
      "steps": 1008,
      "elapsed_seconds": 15.96828887052834
    },
    {
      "train_ratio": 0.15,
      "train_k": 154,
      "cell": "train_k15",
      "psnr": {
        "0.05": 15.801393438112807,
        "0.1": 18.37201754915306,
        "0.15": 20.559752661422706,
        "0.2": 22.567283389466393
      },
      "steps": 1008,
      "elapsed_seconds": 16.003526373766363
    },
    {
      "train_ratio": 0.2,
      "train_k": 205,
      "cell": "train_k20",
      "psnr": {
        "0.05": 15.799803398153626,
        "0.1": 18.36976182897797,
        "0.15": 20.55695021756271,
        "0.2": 22.56784816993691
      },
      "steps": 1008,
      "elapsed_seconds": 16.98826202005148
    }
  ],
  "headline_qft_anchor": {},
  "git_sha": "3229252f7def86c575c60dd3a32d6e40841fc261"
}