{
  "rich_progressive_k8": {
    "metrics": {
      "0.05": {
        "mean_mse": 0.003119926461944523,
        "std_mse": 0.00204679478344297,
        "mean_psnr": 26.29118950052115,
        "std_psnr": 3.7061593780984934,
        "mean_ssim": 0.756820476291225,
        "std_ssim": 0.07886589699654793,
        "nan_count": 0
      },
      "0.1": {
        "mean_mse": 0.0016466912597786758,
        "std_mse": 0.0011592840284756704,
        "mean_psnr": 29.26243116857669,
        "std_psnr": 4.1112718813821765,
        "mean_ssim": 0.8548500714549974,
        "std_ssim": 0.055446174278006174,
        "nan_count": 0
      },
      "0.15": {
        "mean_mse": 0.001008206296607926,
        "std_mse": 0.0007486127708656597,
        "mean_psnr": 31.546806444060675,
        "std_psnr": 4.401272277652227,
        "mean_ssim": 0.9026990247396278,
        "std_ssim": 0.04122584678657964,
        "nan_count": 0
      },
      "0.2": {
        "mean_mse": 0.0006541320172246871,
        "std_mse": 0.0005098060225504279,
        "mean_psnr": 33.56787969262386,
        "std_psnr": 4.636856914513525,
        "mean_ssim": 0.9315393170422029,
        "std_ssim": 0.031664677967883435,
        "nan_count": 0
      }
    },
    "time": 1416.8552361512557,
    "_pdft_py": {
      "family": "rich",
      "stage_k": 8,
      "n_trainable": 72,
      "block_size": 256,
      "steps": 1008,
      "epochs_completed": 112,
      "device": "cuda:0",
      "n_test": 50
    }
  }
}