{
  "qft": {
    "metrics": {
      "0.05": {
        "mean_mse": 0.005932073586816414,
        "std_mse": 0.0034298471988221317,
        "mean_psnr": 23.083906873158035,
        "std_psnr": 2.8045222353734793,
        "mean_ssim": 0.6026842573699751,
        "std_ssim": 0.07694088960282865,
        "nan_count": 0
      },
      "0.1": {
        "mean_mse": 0.004042109493460641,
        "std_mse": 0.0024350616291004203,
        "mean_psnr": 24.80529623830207,
        "std_psnr": 2.9002252196387417,
        "mean_ssim": 0.7013407857599858,
        "std_ssim": 0.06633410722514747,
        "nan_count": 0
      },
      "0.15": {
        "mean_mse": 0.003023239443764602,
        "std_mse": 0.0018615290953735027,
        "mean_psnr": 26.096258539596036,
        "std_psnr": 2.953437321957048,
        "mean_ssim": 0.7583501494075144,
        "std_ssim": 0.059894420221620816,
        "nan_count": 0
      },
      "0.2": {
        "mean_mse": 0.002345466572314655,
        "std_mse": 0.0014649203321356822,
        "mean_psnr": 27.21773655528446,
        "std_psnr": 2.989120778032342,
        "mean_ssim": 0.79802857248891,
        "std_ssim": 0.05510643173032141,
        "nan_count": 0
      }
    },
    "time": 561.8639657078311,
    "_pdft_py": {
      "basis": "qft",
      "lam": 1.0,
      "regulariser": "L1InitAnchorMSELoss",
      "steps": 1008,
      "epochs_completed": 112,
      "device": "cuda:0",
      "n_test": 50
    }
  }
}