{
  "qft_progressive_k6": {
    "metrics": {
      "0.05": {
        "mean_mse": 0.004124864278769577,
        "std_mse": 0.002460470675982955,
        "mean_psnr": 24.845194500652568,
        "std_psnr": 3.2702558228997542,
        "mean_ssim": 0.7125857396155777,
        "std_ssim": 0.07813479326679554,
        "nan_count": 0
      },
      "0.1": {
        "mean_mse": 0.0024593011947943214,
        "std_mse": 0.0015496409751849455,
        "mean_psnr": 27.227390951824322,
        "std_psnr": 3.5728887436135017,
        "mean_ssim": 0.8074830685228546,
        "std_ssim": 0.060015110975352524,
        "nan_count": 0
      },
      "0.15": {
        "mean_mse": 0.001634763192645578,
        "std_mse": 0.00107552316353217,
        "mean_psnr": 29.11238309446384,
        "std_psnr": 3.8184426828628943,
        "mean_ssim": 0.8596825256792016,
        "std_ssim": 0.0484878385656034,
        "nan_count": 0
      },
      "0.2": {
        "mean_mse": 0.0011332149955463392,
        "std_mse": 0.0007770776308930786,
        "mean_psnr": 30.807714817404644,
        "std_psnr": 4.0326326422710155,
        "mean_ssim": 0.8942323606308712,
        "std_ssim": 0.039821702921749684,
        "nan_count": 0
      }
    },
    "time": 391.971914277412,
    "_pdft_py": {
      "family": "qft",
      "stage_k": 6,
      "n_trainable": 42,
      "block_size": 64,
      "steps": 1008,
      "epochs_completed": 112,
      "device": "cuda:0",
      "n_test": 50
    }
  }
}