{
  "entangled_qft_b3": {
    "metrics": {
      "0.01": {
        "mean_mse": 0.06012089568266386,
        "std_mse": 0.012640734313280387,
        "mean_psnr": 12.315052629895241,
        "std_psnr": 0.9829081331945422,
        "mean_ssim": 0.43799777154257213,
        "std_ssim": 0.10684592807485338,
        "nan_count": 0
      },
      "0.02": {
        "mean_mse": 0.041783769611854836,
        "std_mse": 0.010618783964728455,
        "mean_psnr": 13.942126092452588,
        "std_psnr": 1.1783447069266575,
        "mean_ssim": 0.5891195774539932,
        "std_ssim": 0.09704627603462955,
        "nan_count": 0
      },
      "0.05": {
        "mean_mse": 0.01924932272624467,
        "std_mse": 0.006492336086220824,
        "mean_psnr": 17.428565109912224,
        "std_psnr": 1.587022325786919,
        "mean_ssim": 0.8021280775286285,
        "std_ssim": 0.05431685435814935,
        "nan_count": 0
      },
      "0.1": {
        "mean_mse": 0.0076562330449236075,
        "std_mse": 0.00344974755163653,
        "mean_psnr": 21.617320027690734,
        "std_psnr": 2.048257242893353,
        "mean_ssim": 0.9123355862416292,
        "std_ssim": 0.03020618608954311,
        "nan_count": 0
      },
      "0.15": {
        "mean_mse": 0.0034824929888192875,
        "std_mse": 0.0019596159205018705,
        "mean_psnr": 25.295347331058565,
        "std_psnr": 2.591640912607508,
        "mean_ssim": 0.9530391249268662,
        "std_ssim": 0.018725484465242963,
        "nan_count": 0
      },
      "0.2": {
        "mean_mse": 0.0016724035799427067,
        "std_mse": 0.00115977744516979,
        "mean_psnr": 28.89684763761197,
        "std_psnr": 3.344565510346611,
        "mean_ssim": 0.9767073511589075,
        "std_ssim": 0.012372025721082064,
        "nan_count": 0
      }
    },
    "seed": 98,
    "init": "family_random_basis",
    "objective": "top10pct_mse",
    "steps": 1008,
    "epochs_completed": 112,
    "elapsed_seconds": 28.4
  }
}