{
  "rich_progressive_k3": {
    "metrics": {
      "0.05": {
        "mean_mse": 0.004212793543193387,
        "std_mse": 0.0027040133798317597,
        "mean_psnr": 24.7994520988062,
        "std_psnr": 3.228350015460572,
        "mean_ssim": 0.6881838314928452,
        "std_ssim": 0.08426212576840707,
        "nan_count": 0
      },
      "0.1": {
        "mean_mse": 0.0018705221243540055,
        "std_mse": 0.0013121834597161245,
        "mean_psnr": 28.578374091229193,
        "std_psnr": 3.7482783795055012,
        "mean_ssim": 0.834263654351479,
        "std_ssim": 0.05917992571608021,
        "nan_count": 0
      },
      "0.15": {
        "mean_mse": 0.0010768437199530215,
        "std_mse": 0.0007997915357457973,
        "mean_psnr": 31.148772017098107,
        "std_psnr": 4.07889694233693,
        "mean_ssim": 0.8942733535260702,
        "std_ssim": 0.043142706327525496,
        "nan_count": 0
      },
      "0.2": {
        "mean_mse": 0.0006719494960978573,
        "std_mse": 0.0005233081781211797,
        "mean_psnr": 33.35051417037062,
        "std_psnr": 4.351165501765773,
        "mean_ssim": 0.9281668246217488,
        "std_ssim": 0.0320953885763659,
        "nan_count": 0
      }
    },
    "time": 282.54389894753695,
    "_pdft_py": {
      "family": "rich",
      "stage_k": 3,
      "n_trainable": 12,
      "block_size": 8,
      "steps": 1008,
      "epochs_completed": 112,
      "device": "cuda:0",
      "n_test": 50
    }
  }
}