{
  "entangled_qft_progressive_k7": {
    "metrics": {
      "0.05": {
        "mean_mse": 0.0012144170078463277,
        "std_mse": 0.0009293768768829201,
        "mean_psnr": 31.493190459523817,
        "std_psnr": 6.235013439662815,
        "mean_ssim": 0.9577567182268073,
        "std_ssim": 0.025899169798424423,
        "nan_count": 0
      },
      "0.1": {
        "mean_mse": 0.00033974766125220766,
        "std_mse": 0.0003318002170756316,
        "mean_psnr": 39.87792283362008,
        "std_psnr": 11.965155485861278,
        "mean_ssim": 0.9802333845589457,
        "std_ssim": 0.01675599939817593,
        "nan_count": 0
      },
      "0.15": {
        "mean_mse": 0.00010316426469044846,
        "std_mse": 0.00012293514574149175,
        "mean_psnr": 49.96401491756197,
        "std_psnr": 19.663905643376236,
        "mean_ssim": 0.9914857637960709,
        "std_ssim": 0.009726194917302932,
        "nan_count": 0
      },
      "0.2": {
        "mean_mse": 2.985205312163862e-05,
        "std_mse": 4.3431666617654934e-05,
        "mean_psnr": 64.19797434714218,
        "std_psnr": 27.288074727305386,
        "mean_ssim": 0.996990494539492,
        "std_ssim": 0.004283789593709124,
        "nan_count": 0
      }
    },
    "time": 476.74497057218105,
    "_pdft_py": {
      "family": "entangled_qft",
      "stage_k": 7,
      "n_trainable": 63,
      "block_size": 128,
      "steps": 1008,
      "epochs_completed": 112,
      "device": "cuda:0",
      "n_test": 50
    }
  }
}