{
  "device": "cuda:0",
  "target_steps": 200,
  "epochs": 22,
  "k": 6554,
  "o4": {
    "tag": "dct4_o4",
    "steps": 198,
    "elapsed_s": 328.2413380537182,
    "s_per_step": 1.6577845356248395,
    "n_trainable_params": 2872,
    "final_loss": 141.075549014553,
    "psnr": {
      "0.05": 25.51331560334264,
      "0.1": 27.87203971257915,
      "0.15": 29.6876934930088,
      "0.2": 31.280059597448464
    }
  },
  "controlled": {
    "tag": "dct4_controlled",
    "steps": 198,
    "elapsed_s": 399.3005980383605,
    "s_per_step": 2.0166696870624268,
    "n_trainable_params": 408,
    "final_loss": 145.84525858557996,
    "psnr": {
      "0.05": 25.395485278847442,
      "0.1": 27.748720778363314,
      "0.15": 29.55086278886115,
      "0.2": 31.128141467250916
    }
  },
  "speedup_per_step": 0.8220406873074213,
  "param_ratio": 7.03921568627451
}