{
  "qft": {
    "metrics": {
      "0.05": {
        "mean_mse": 0.023279612434397988,
        "std_mse": 0.009360582891851984,
        "mean_psnr": 16.71951954972558,
        "std_psnr": 1.9108097836195237,
        "mean_ssim": 0.6936860729932144,
        "std_ssim": 0.08965314213943482,
        "nan_count": 0
      },
      "0.1": {
        "mean_mse": 0.012511050850180063,
        "std_mse": 0.0059336928398916605,
        "mean_psnr": 19.580332229652953,
        "std_psnr": 2.300309467831897,
        "mean_ssim": 0.798001396809666,
        "std_ssim": 0.0578442597063679,
        "nan_count": 0
      },
      "0.15": {
        "mean_mse": 0.007371817728696451,
        "std_mse": 0.003977371439048168,
        "mean_psnr": 22.05666570403238,
        "std_psnr": 2.66303367374614,
        "mean_ssim": 0.8403781201724361,
        "std_ssim": 0.048263289879473203,
        "nan_count": 0
      },
      "0.2": {
        "mean_mse": 0.004583665543432353,
        "std_mse": 0.002776190191216144,
        "mean_psnr": 24.3501729534746,
        "std_psnr": 3.0873885097893057,
        "mean_ssim": 0.873147295393069,
        "std_ssim": 0.045102688716577,
        "nan_count": 0
      }
    },
    "time": 10.5380694931373,
    "_pdft_py": {
      "warmup_s": 4.123043439351022,
      "device": "cuda:0",
      "epochs_completed": 48,
      "steps": 432,
      "n_test": 50,
      "eval_failed_count": {
        "0.05": 0,
        "0.1": 0,
        "0.15": 0,
        "0.2": 0
      }
    }
  },
  "fft": {
    "metrics": {
      "0.05": {
        "mean_mse": 0.030848570819944143,
        "std_mse": 0.008122758543179849,
        "mean_psnr": 15.263047770706557,
        "std_psnr": 1.1784232474412315,
        "mean_ssim": 0.47702447967522166,
        "std_ssim": 0.04410544533876743,
        "nan_count": 0
      },
      "0.1": {
        "mean_mse": 0.019327272661030293,
        "std_mse": 0.005454182437069883,
        "mean_psnr": 17.31506905880222,
        "std_psnr": 1.2545186780668045,
        "mean_ssim": 0.5901025677804309,
        "std_ssim": 0.0614732388332066,
        "nan_count": 0
      },
      "0.15": {
        "mean_mse": 0.013139002155512572,
        "std_mse": 0.003921084635752372,
        "mean_psnr": 19.011382267497915,
        "std_psnr": 1.3245321683424092,
        "mean_ssim": 0.6464361262617918,
        "std_ssim": 0.07125221378525882,
        "nan_count": 0
      },
      "0.2": {
        "mean_mse": 0.009240550324320793,
        "std_mse": 0.0029244729961812946,
        "mean_psnr": 20.561865354049814,
        "std_psnr": 1.3924862981054622,
        "mean_ssim": 0.6843638390299351,
        "std_ssim": 0.07254230916160931,
        "nan_count": 0
      }
    },
    "time": 0.0783235365524888
  },
  "dct": {
    "metrics": {
      "0.05": {
        "mean_mse": 0.025376474149525166,
        "std_mse": 0.007110676367348119,
        "mean_psnr": 16.13068743812232,
        "std_psnr": 1.2494509758016845,
        "mean_ssim": 0.5325690390727518,
        "std_ssim": 0.0510344390397533,
        "nan_count": 0
      },
      "0.1": {
        "mean_mse": 0.014955568760633468,
        "std_mse": 0.0044379725496100095,
        "mean_psnr": 18.44494869657143,
        "std_psnr": 1.3085204745097352,
        "mean_ssim": 0.6285596559064693,
        "std_ssim": 0.06925399839478204,
        "nan_count": 0
      },
      "0.15": {
        "mean_mse": 0.00972980421036482,
        "std_mse": 0.002995304916587051,
        "mean_psnr": 20.32560731855238,
        "std_psnr": 1.3525615935587376,
        "mean_ssim": 0.6751236205085901,
        "std_ssim": 0.0751999561048935,
        "nan_count": 0
      },
      "0.2": {
        "mean_mse": 0.006582279326394201,
        "std_mse": 0.0020606951400771066,
        "mean_psnr": 22.031770660900882,
        "std_psnr": 1.383940092017235,
        "mean_ssim": 0.7048561166367387,
        "std_ssim": 0.07856396674370594,
        "nan_count": 0
      }
    },
    "time": 0.05728357844054699
  },
  "block_fft_8": {
    "metrics": {
      "0.05": {
        "mean_mse": 0.027197601664811374,
        "std_mse": 0.010223482690230658,
        "mean_psnr": 15.968997800523105,
        "std_psnr": 1.6803219507169747,
        "mean_ssim": 0.6479539999839706,
        "std_ssim": 0.06038204531031564,
        "nan_count": 0
      },
      "0.1": {
        "mean_mse": 0.014989074310287833,
        "std_mse": 0.0069577305689556695,
        "mean_psnr": 18.742256507411373,
        "std_psnr": 2.151826076701955,
        "mean_ssim": 0.7605041316850827,
        "std_ssim": 0.04936036123365639,
        "nan_count": 0
      },
      "0.15": {
        "mean_mse": 0.00921059881336987,
        "std_mse": 0.005007250865854423,
        "mean_psnr": 21.08764326732091,
        "std_psnr": 2.6548420395382526,
        "mean_ssim": 0.8179294826487629,
        "std_ssim": 0.04493958456429443,
        "nan_count": 0
      },
      "0.2": {
        "mean_mse": 0.005889888296369463,
        "std_mse": 0.0037080325107016806,
        "mean_psnr": 23.343528413483696,
        "std_psnr": 3.254975391770049,
        "mean_ssim": 0.8578461126374484,
        "std_ssim": 0.04491824109921846,
        "nan_count": 0
      }
    },
    "time": 0.07328236196190119
  },
  "block_dct_8": {
    "metrics": {
      "0.05": {
        "mean_mse": 0.0208663119841367,
        "std_mse": 0.008492249731694372,
        "mean_psnr": 17.19585076084046,
        "std_psnr": 1.9090981565443914,
        "mean_ssim": 0.7215160511538588,
        "std_ssim": 0.04886766625565642,
        "nan_count": 0
      },
      "0.1": {
        "mean_mse": 0.009919406669214368,
        "std_mse": 0.005188427826927296,
        "mean_psnr": 20.699906774713728,
        "std_psnr": 2.527791187320875,
        "mean_ssim": 0.822454054497624,
        "std_ssim": 0.0355591170813193,
        "nan_count": 0
      },
      "0.15": {
        "mean_mse": 0.005310077564790845,
        "std_mse": 0.0033277233445870064,
        "mean_psnr": 23.723369498608257,
        "std_psnr": 3.1050812071195955,
        "mean_ssim": 0.8731901661568727,
        "std_ssim": 0.034995548274868046,
        "nan_count": 0
      },
      "0.2": {
        "mean_mse": 0.002973047574632801,
        "std_mse": 0.0021768335433750745,
        "mean_psnr": 26.62861959968122,
        "std_psnr": 3.727185718291822,
        "mean_ssim": 0.906714465585179,
        "std_ssim": 0.03367691475104532,
        "nan_count": 0
      }
    },
    "time": 0.06263364758342505
  }
}