{
  "rich_16": {
    "metrics": {
      "0.05": {
        "mean_mse": 0.015580754057224066,
        "std_mse": 0.008493927266555809,
        "mean_psnr": 18.797602202229925,
        "std_psnr": 2.662000094043199,
        "mean_ssim": 0.8229267011076409,
        "std_ssim": 0.049809456687187434,
        "nan_count": 0
      },
      "0.1": {
        "mean_mse": 0.005492416591669705,
        "std_mse": 0.003960463792467774,
        "mean_psnr": 23.797940115077896,
        "std_psnr": 3.4344275530600257,
        "mean_ssim": 0.909167129191537,
        "std_ssim": 0.02433007517565001,
        "nan_count": 0
      },
      "0.15": {
        "mean_mse": 0.0021670196700607773,
        "std_mse": 0.0018712180331705872,
        "mean_psnr": 28.343661189385426,
        "std_psnr": 4.151247489845135,
        "mean_ssim": 0.9451714280680835,
        "std_ssim": 0.013155656996047321,
        "nan_count": 0
      },
      "0.2": {
        "mean_mse": 0.0009230918456763393,
        "std_mse": 0.0009607835820915786,
        "mean_psnr": 32.72348553567583,
        "std_psnr": 4.895191126724162,
        "mean_ssim": 0.9617633495254982,
        "std_ssim": 0.010373042579920808,
        "nan_count": 0
      }
    },
    "time": 15.292931551113725,
    "_pdft_py": {
      "warmup_s": 2.7636803379282355,
      "device": "cuda:0",
      "epochs_completed": 112,
      "steps": 1008,
      "n_test": 50,
      "eval_failed_count": {
        "0.05": 0,
        "0.1": 0,
        "0.15": 0,
        "0.2": 0
      }
    }
  }
}