{
  "blocked_8": {
    "metrics": {
      "0.05": {
        "mean_mse": 0.0038778552239814535,
        "std_mse": 0.0024298558121806594,
        "mean_psnr": 25.184752981579255,
        "std_psnr": 3.3483122022424623,
        "mean_ssim": 0.7138352974705606,
        "std_ssim": 0.07923010210078431,
        "nan_count": 0
      },
      "0.1": {
        "mean_mse": 0.0020782368588919643,
        "std_mse": 0.0013924791502630098,
        "mean_psnr": 28.086049961797315,
        "std_psnr": 3.7457697979689195,
        "mean_ssim": 0.8256524439513814,
        "std_ssim": 0.058390768242904616,
        "nan_count": 0
      },
      "0.15": {
        "mean_mse": 0.001294372948176164,
        "std_mse": 0.0009115892916124201,
        "mean_psnr": 30.296920223327582,
        "std_psnr": 4.054884733207586,
        "mean_ssim": 0.8810404299335408,
        "std_ssim": 0.04486280126197516,
        "nan_count": 0
      },
      "0.2": {
        "mean_mse": 0.0008518824603992904,
        "std_mse": 0.0006275376704433967,
        "mean_psnr": 32.26078505295957,
        "std_psnr": 4.328808819439742,
        "mean_ssim": 0.9151496422883892,
        "std_ssim": 0.034950910983211035,
        "nan_count": 0
      }
    },
    "time": 197.75839335098863,
    "_pdft_py": {
      "basis": "blocked_8",
      "lam": 1.0,
      "init_mode": "identity",
      "regulariser": "L1InitAnchorMSELoss",
      "steps": 1008,
      "epochs_completed": 112,
      "device": "cuda:0",
      "n_test": 50
    }
  }
}