{
  "tebd_progressive_k2": {
    "metrics": {
      "0.05": {
        "mean_mse": 0.17294664174080643,
        "std_mse": 0.008822368897355914,
        "mean_psnr": 7.626540583937381,
        "std_psnr": 0.22189719372646832,
        "mean_ssim": 0.637737939071778,
        "std_ssim": 0.04106709385873175,
        "nan_count": 0
      },
      "0.1": {
        "mean_mse": 0.00027565167766890593,
        "std_mse": 0.0003304444511735516,
        "mean_psnr": 41.88756622510807,
        "std_psnr": 11.53908782251003,
        "mean_ssim": 0.9940019063205864,
        "std_ssim": 0.005925864692694058,
        "nan_count": 0
      },
      "0.15": {
        "mean_mse": 8.077754933752018e-06,
        "std_mse": 1.9483790791526062e-05,
        "mean_psnr": 66.45511651154202,
        "std_psnr": 16.62189968792655,
        "mean_ssim": 0.9996590814017583,
        "std_ssim": 0.0005460198054589525,
        "nan_count": 0
      },
      "0.2": {
        "mean_mse": 9.391675778816029e-08,
        "std_mse": 2.3074880735008993e-07,
        "mean_psnr": 84.9728480323627,
        "std_psnr": 13.573530383298785,
        "mean_ssim": 0.9999922801961327,
        "std_ssim": 2.7997418879578254e-05,
        "nan_count": 0
      }
    },
    "time": 133.0190270571038,
    "_pdft_py": {
      "family": "tebd",
      "stage_k": 2,
      "n_trainable": 8,
      "block_size": 4,
      "steps": 1008,
      "epochs_completed": 112,
      "device": "cuda:0",
      "n_test": 50
    }
  }
}