{
  "entangled_qft_progressive_k2": {
    "metrics": {
      "0.05": {
        "mean_mse": 0.014624507863064344,
        "std_mse": 0.007823719350139487,
        "mean_psnr": 19.063184960110885,
        "std_psnr": 2.6166188960176595,
        "mean_ssim": 0.5265498444829801,
        "std_ssim": 0.08675954375705232,
        "nan_count": 0
      },
      "0.1": {
        "mean_mse": 0.00266436375124421,
        "std_mse": 0.0017588384045271153,
        "mean_psnr": 26.93215789400291,
        "std_psnr": 3.567619718033897,
        "mean_ssim": 0.7929869335154194,
        "std_ssim": 0.0655662022816064,
        "nan_count": 0
      },
      "0.15": {
        "mean_mse": 0.0014394284029508036,
        "std_mse": 0.0010117562892252227,
        "mean_psnr": 29.764673053330757,
        "std_psnr": 3.880290624265706,
        "mean_ssim": 0.8706067968310843,
        "std_ssim": 0.04745318537246136,
        "nan_count": 0
      },
      "0.2": {
        "mean_mse": 0.0008785580962431163,
        "std_mse": 0.0006481891183058542,
        "mean_psnr": 32.04577863771512,
        "std_psnr": 4.130316539459934,
        "mean_ssim": 0.9122882727056266,
        "std_ssim": 0.03592948824265308,
        "nan_count": 0
      }
    },
    "time": 134.74702198058367,
    "_pdft_py": {
      "family": "entangled_qft",
      "stage_k": 2,
      "n_trainable": 8,
      "block_size": 4,
      "steps": 1008,
      "epochs_completed": 112,
      "device": "cuda:0",
      "n_test": 50
    }
  }
}