{
  "rich_full": {
    "metrics": {
      "0.01": {
        "mean_mse": 0.03548765833470138,
        "std_mse": 0.018623920338499477,
        "mean_psnr": 15.16079022073039,
        "std_psnr": 2.4786390343567777,
        "mean_ssim": 0.2992917764611987,
        "std_ssim": 0.09434483047153111,
        "nan_count": 0
      },
      "0.05": {
        "mean_mse": 0.003269153294936148,
        "std_mse": 0.0021590791113630294,
        "mean_psnr": 26.07463280229669,
        "std_psnr": 3.642516530959722,
        "mean_ssim": 0.744109045465844,
        "std_ssim": 0.08104406697999032,
        "nan_count": 0
      },
      "0.1": {
        "mean_mse": 0.0016532832721234153,
        "std_mse": 0.0011732779339067726,
        "mean_psnr": 29.2478732336455,
        "std_psnr": 4.085285549887047,
        "mean_ssim": 0.8529086657108241,
        "std_ssim": 0.056445877019669424,
        "nan_count": 0
      },
      "0.15": {
        "mean_mse": 0.0009922622394641179,
        "std_mse": 0.000743554130080372,
        "mean_psnr": 31.627110823127342,
        "std_psnr": 4.391169784944621,
        "mean_ssim": 0.903223788849578,
        "std_ssim": 0.04158229481482735,
        "nan_count": 0
      },
      "0.2": {
        "mean_mse": 0.0006345203471244429,
        "std_mse": 0.0004989409068367508,
        "mean_psnr": 33.71683749667777,
        "std_psnr": 4.637847103845968,
        "mean_ssim": 0.9328716848342705,
        "std_ssim": 0.03129887324418476,
        "nan_count": 0
      }
    },
    "time": 631.5427220053971,
    "_pdft_py": {
      "warmup_s": 8.746102903038263,
      "device": "cuda:0",
      "epochs_completed": 112,
      "steps": 1008,
      "n_test": 50,
      "eval_failed_count": {
        "0.01": 0,
        "0.05": 0,
        "0.1": 0,
        "0.15": 0,
        "0.2": 0
      }
    }
  }
}