{
  "dataset": "div2k_8q",
  "ordering": "rl",
  "seed": 11,
  "m": 8,
  "n": 8,
  "init": "random",
  "topk_ratio": 0.2,
  "k_train": 13107,
  "lr": 0.003,
  "batch": 50,
  "train_batch_idx": [
    13,
    32,
    58,
    60,
    66,
    68,
    101,
    119,
    131,
    152,
    167,
    174,
    176,
    185,
    210,
    222,
    226,
    240,
    242,
    249,
    252,
    253,
    268,
    269,
    274,
    292,
    315,
    324,
    325,
    352,
    361,
    379,
    398,
    408,
    409,
    410,
    428,
    443,
    458,
    459,
    465,
    472,
    474,
    482,
    484,
    490,
    491,
    492,
    495,
    496
  ],
  "max_steps": 2000,
  "grad_check_every": 5,
  "psnr": {
    "0.05": 25.098702016031904,
    "0.1": 27.65967955147981,
    "0.15": 29.676018912453305,
    "0.2": 31.480579372134585
  },
  "final_loss": 82.32245398811871,
  "total_steps": 9429,
  "per_stage_final_loss": [
    878.5962579084639,
    873.8686724498575,
    807.3518995765937,
    800.2046857251795,
    797.6085141691932,
    723.2476841502704,
    722.7923762399222,
    719.7984285462455,
    714.722346871335,
    634.3425456877244,
    627.7685112412605,
    627.7748960172642,
    622.8099489246871,
    593.3425196473914,
    534.7835104260657,
    534.629701745037,
    515.1879561464397,
    514.7885024755018,
    513.9092309801453,
    510.3186535399038,
    481.7962109797344,
    481.78083523308925,
    477.4778839767586,
    473.6960148455959,
    463.9948983660064,
    463.67483446669314,
    392.25133917159206,
    367.2065716122494,
    367.06671733189273,
    366.6753842758183,
    364.38365602516507,
    360.61719788632024,
    354.7521521672645,
    348.38199929019225,
    332.47189223084183,
    235.2415362543345,
    224.37148493127165,
    224.37136326395074,
    209.29985312471558,
    209.29490908177755,
    209.29464948952054,
    203.1285545041021,
    203.132500835869,
    203.12806387254977,
    203.12677982863573,
    191.73756446702785,
    191.73743140834827,
    191.7363220293986,
    191.7342183364762,
    191.71631244414223,
    181.96167048281558,
    181.96006470900312,
    181.9592615593113,
    181.95836919020294,
    181.95789139932523,
    181.95152422854878,
    177.41160301765385,
    177.41011039610407,
    177.40719267492102,
    177.4082549861613,
    177.40411759369533,
    177.4035072711867,
    168.18550391246882,
    143.88641270774414,
    143.75664691625136,
    143.75659620169384,
    143.75575949941032,
    143.75564830376373,
    143.7447197393441,
    138.70941501359457,
    116.89391956119464,
    82.32245398811871
  ],
  "trigger_counts": {
    "grad_norm": 0,
    "loss_delta": 72,
    "max_steps": 0
  },
  "elapsed_seconds": 5078.56502125971,
  "device": "cuda:0",
  "git_sha": "894ee7c407f737c0a250a28d33487a7db7bd83d3"
}