{
  "dataset": "div2k_8q",
  "ordering": "rl",
  "seed": 2,
  "m": 8,
  "n": 8,
  "init": "random",
  "topk_ratio": 0.2,
  "k_train": 13107,
  "lr": 0.003,
  "batch": 50,
  "train_batch_idx": [
    19,
    25,
    42,
    49,
    71,
    87,
    91,
    94,
    105,
    118,
    123,
    128,
    135,
    143,
    153,
    159,
    163,
    170,
    185,
    188,
    191,
    202,
    205,
    206,
    252,
    260,
    265,
    276,
    285,
    305,
    308,
    319,
    323,
    331,
    336,
    342,
    355,
    371,
    374,
    377,
    386,
    409,
    420,
    435,
    442,
    451,
    452,
    459,
    468,
    487
  ],
  "max_steps": 2000,
  "grad_check_every": 5,
  "psnr": {
    "0.05": 25.234606644266123,
    "0.1": 27.811266261020435,
    "0.15": 29.840833308278892,
    "0.2": 31.65922623668218
  },
  "final_loss": 65.07604756802247,
  "total_steps": 9495,
  "per_stage_final_loss": [
    872.2983540812221,
    868.3352696125172,
    863.0382382900364,
    857.9679846629093,
    843.939389262203,
    782.2549084110796,
    781.6893152715465,
    778.8131216008424,
    773.9911729099174,
    713.3507252283789,
    706.4643533141767,
    706.3809239396188,
    706.0686362104578,
    705.7437857260201,
    645.5967330017994,
    645.3449099557516,
    644.7751545559577,
    641.2518953007228,
    636.7107037834369,
    612.3141804293704,
    533.6922846204125,
    525.5209025618678,
    517.2350826584358,
    516.9178761393699,
    516.6729052975238,
    476.5034759224662,
    466.0846857948409,
    331.13994831113064,
    330.9126889838013,
    330.4776604781015,
    329.23723131733277,
    325.2712968724557,
    322.91783170333787,
    316.708432098134,
    307.8862640687924,
    235.21113031555115,
    233.83919102998675,
    233.83894744393328,
    215.7603287367557,
    215.76038840020018,
    215.75987790399196,
    202.7416618258825,
    202.74079810558152,
    202.73622933809762,
    202.73597871352715,
    190.4698920854162,
    190.46914922947315,
    190.46849968744587,
    190.4677671091867,
    190.46454328892753,
    177.16209879626587,
    177.161093535812,
    177.16024271004304,
    177.15891282575322,
    177.1547280349652,
    174.66490144113553,
    171.85375865967467,
    171.89718226235698,
    171.8534416774294,
    171.85297815962818,
    171.89459711814803,
    171.02571750742717,
    163.35871688908838,
    128.00067992426145,
    127.99393815099891,
    127.99153485889387,
    127.98859277719298,
    127.9884455087815,
    127.3420902131784,
    120.27718182633946,
    97.6102090773965,
    65.07604756802247
  ],
  "trigger_counts": {
    "grad_norm": 0,
    "loss_delta": 72,
    "max_steps": 0
  },
  "elapsed_seconds": 5120.212870665826,
  "device": "cuda:0",
  "git_sha": "894ee7c407f737c0a250a28d33487a7db7bd83d3"
}