{
  "dataset": "div2k_8q",
  "ordering": "rl",
  "seed": 89,
  "m": 8,
  "n": 8,
  "init": "random",
  "topk_ratio": 0.2,
  "k_train": 13107,
  "lr": 0.003,
  "batch": 50,
  "train_batch_idx": [
    5,
    9,
    20,
    33,
    63,
    72,
    79,
    83,
    113,
    120,
    129,
    134,
    138,
    148,
    149,
    159,
    161,
    164,
    168,
    169,
    177,
    178,
    184,
    191,
    227,
    233,
    248,
    260,
    272,
    279,
    307,
    308,
    318,
    328,
    333,
    337,
    339,
    349,
    359,
    361,
    362,
    365,
    384,
    387,
    416,
    424,
    441,
    448,
    470,
    472
  ],
  "max_steps": 2000,
  "grad_check_every": 5,
  "psnr": {
    "0.05": 25.09932854141835,
    "0.1": 27.66071541868419,
    "0.15": 29.67729486291931,
    "0.2": 31.482223298853143
  },
  "final_loss": 77.533914540034,
  "total_steps": 9514,
  "per_stage_final_loss": [
    1001.1308100492666,
    1000.5947165567253,
    935.7299207515717,
    934.1475044386284,
    933.4315156507929,
    933.395926440765,
    930.7753258047649,
    928.0934933316078,
    909.4248008704718,
    626.6898001408389,
    625.1438324659088,
    624.5935833935768,
    620.5438089581521,
    619.5744655144025,
    534.7750220383255,
    528.6586698998959,
    510.067768006047,
    506.1074077538091,
    504.0761582866499,
    443.3457988839963,
    382.37254071638483,
    382.058910364346,
    381.84549253307625,
    380.63955741030486,
    380.55909143075513,
    376.86731516226376,
    376.3983274251995,
    296.7014167882727,
    296.10708673965746,
    296.0869681132549,
    296.08407919417994,
    296.06791086103635,
    295.8524009406766,
    288.07941481004286,
    285.02518736365795,
    214.7867853296684,
    197.3019995738545,
    197.29631181513332,
    176.71368674567938,
    176.7064586202179,
    176.70587868785785,
    174.03598887050248,
    174.03395291411468,
    174.03335178876037,
    174.03167290739287,
    160.86559701776886,
    160.8651259457249,
    160.86502534554143,
    160.86496556237597,
    160.86045355738392,
    156.88399062720023,
    156.8818380037051,
    156.8810178961412,
    156.8796201765323,
    156.8786967936383,
    156.8782031863118,
    146.458618852593,
    146.4574300598651,
    146.45570059765788,
    146.45497959923236,
    146.45300797870428,
    146.39441861493012,
    145.22012625762358,
    124.7396217364231,
    124.73915545448833,
    124.7378582031486,
    124.73603671710642,
    124.7359903945881,
    124.71671076340853,
    121.99802994112821,
    118.15775433525516,
    77.533914540034
  ],
  "trigger_counts": {
    "grad_norm": 0,
    "loss_delta": 72,
    "max_steps": 0
  },
  "elapsed_seconds": 4978.2308265389875,
  "device": "cuda:0",
  "git_sha": "5c2d8282104b3081f6b073074cdcfe12a6a6c78c"
}