{
  "dataset": "div2k_8q",
  "ordering": "rl",
  "seed": 65,
  "m": 8,
  "n": 8,
  "init": "random",
  "topk_ratio": 0.2,
  "k_train": 13107,
  "lr": 0.003,
  "batch": 50,
  "train_batch_idx": [
    5,
    12,
    20,
    21,
    37,
    49,
    66,
    67,
    78,
    81,
    95,
    104,
    116,
    123,
    129,
    131,
    138,
    144,
    148,
    153,
    170,
    176,
    178,
    179,
    188,
    224,
    235,
    237,
    240,
    267,
    268,
    269,
    272,
    274,
    289,
    303,
    304,
    348,
    360,
    371,
    412,
    413,
    425,
    433,
    436,
    443,
    449,
    453,
    485,
    493
  ],
  "max_steps": 2000,
  "grad_check_every": 5,
  "psnr": {
    "0.05": 25.098934463629643,
    "0.1": 27.660387141294926,
    "0.15": 29.676419910423366,
    "0.2": 31.481376368315477
  },
  "final_loss": 69.53697592508362,
  "total_steps": 9517,
  "per_stage_final_loss": [
    467.66830118917596,
    467.53781080858374,
    456.8300114129505,
    452.5293319418766,
    451.6882501530219,
    428.5885484618889,
    428.37825552661207,
    427.24020566575115,
    426.9232271173785,
    421.9572251816914,
    421.8192475478267,
    421.73298136901104,
    421.0356416785482,
    418.5958695255597,
    404.4391216063847,
    403.07416910648783,
    397.97955004808597,
    390.2055540674318,
    388.44549912359946,
    382.5548716936048,
    359.8116492581593,
    353.77119198420536,
    353.75138415680306,
    353.5585003218477,
    352.5733612021251,
    346.7583322294771,
    343.19744608261186,
    258.3363753299726,
    258.2704501155295,
    257.1910146077208,
    254.99452943752425,
    249.09573628444443,
    244.6376844792151,
    241.8899291207477,
    235.03682743870354,
    151.3657848987963,
    140.7023146315341,
    140.69959154000077,
    138.4675646105968,
    138.4672658669992,
    138.46712157020792,
    126.78426129602157,
    126.78344521189814,
    126.78270254103681,
    126.77982853357426,
    122.14896946957057,
    122.14667405177697,
    122.14586073615567,
    122.1453344186522,
    122.14527151448802,
    110.47795060896053,
    110.47765243608875,
    110.47723955726339,
    110.4761051705492,
    110.4767503878848,
    110.47332210125697,
    99.10109694019592,
    99.09876032501649,
    99.12293681000502,
    99.09871102121804,
    99.0983525963567,
    99.0801067202954,
    99.05715283841133,
    94.88189465629233,
    94.88055201349893,
    94.87933714584453,
    94.87924415221674,
    94.87812656913815,
    94.8725112815825,
    93.4905004163913,
    87.7746785575235,
    69.53697592508362
  ],
  "trigger_counts": {
    "grad_norm": 0,
    "loss_delta": 72,
    "max_steps": 0
  },
  "elapsed_seconds": 5066.737414497882,
  "device": "cuda:0",
  "git_sha": "894ee7c407f737c0a250a28d33487a7db7bd83d3"
}