{
  "dataset": "div2k_8q",
  "ordering": "rl",
  "seed": 59,
  "m": 8,
  "n": 8,
  "init": "random",
  "topk_ratio": 0.2,
  "k_train": 13107,
  "lr": 0.003,
  "batch": 50,
  "train_batch_idx": [
    2,
    4,
    10,
    30,
    48,
    49,
    52,
    53,
    60,
    74,
    85,
    94,
    99,
    117,
    129,
    156,
    169,
    171,
    172,
    201,
    211,
    238,
    241,
    265,
    287,
    298,
    317,
    321,
    327,
    334,
    337,
    349,
    355,
    356,
    367,
    375,
    385,
    389,
    390,
    399,
    415,
    418,
    430,
    439,
    442,
    453,
    465,
    481,
    485,
    490
  ],
  "max_steps": 2000,
  "grad_check_every": 5,
  "psnr": {
    "0.05": 25.093349461426566,
    "0.1": 27.5719415939309,
    "0.15": 29.532214984236383,
    "0.2": 31.293300873552322
  },
  "final_loss": 67.85023043635437,
  "total_steps": 9548,
  "per_stage_final_loss": [
    987.7783192626466,
    987.2084748952941,
    952.2100316595139,
    952.1932304912847,
    934.8165630576416,
    933.3789400975973,
    930.3590905313354,
    913.5118653444448,
    913.1939030819299,
    867.309616805272,
    866.3903856336979,
    842.5695154965755,
    829.960129180645,
    829.4290517003743,
    636.439371715337,
    635.0452790437789,
    625.6186243315933,
    621.727380365778,
    618.8268224533683,
    617.4798992179743,
    528.2788301554419,
    525.0407140742997,
    523.0329976353443,
    513.524675680202,
    508.9927926741895,
    505.2999495562469,
    501.70331206543403,
    355.2842524771588,
    354.2329132274844,
    353.7322863957761,
    349.9114178182905,
    349.81276895676973,
    342.4469328554359,
    332.1209122820037,
    318.28032983664,
    205.0433443743647,
    196.6004890351412,
    196.59913665901507,
    184.02241759903046,
    184.02016929021556,
    184.03041350611895,
    169.89770098298519,
    169.89670063009413,
    169.8961575741928,
    169.89124473234511,
    166.39680672443848,
    166.39125411644505,
    166.3908814417261,
    166.39114878143258,
    166.3908773479604,
    166.16887045655182,
    166.1682629103976,
    166.1682044128448,
    166.16801328299343,
    166.1673695263105,
    166.1453118114381,
    149.0545527519681,
    149.05010569555802,
    149.04817791101968,
    149.04813145968424,
    149.0460395985723,
    139.23827784904861,
    139.24216121178046,
    130.85531215443024,
    121.6050987920861,
    121.60327678239534,
    121.60327840372543,
    121.60149071482466,
    120.8006387168233,
    119.21450488404868,
    112.82297243606504,
    67.85023043635437
  ],
  "trigger_counts": {
    "grad_norm": 0,
    "loss_delta": 72,
    "max_steps": 0
  },
  "elapsed_seconds": 11067.000122840516,
  "device": "cuda:0",
  "git_sha": "894ee7c407f737c0a250a28d33487a7db7bd83d3"
}