{
  "dataset": "div2k_8q",
  "ordering": "rl",
  "seed": 12,
  "m": 8,
  "n": 8,
  "init": "random",
  "topk_ratio": 0.2,
  "k_train": 13107,
  "lr": 0.003,
  "batch": 50,
  "train_batch_idx": [
    1,
    29,
    32,
    50,
    53,
    74,
    82,
    86,
    91,
    92,
    106,
    113,
    123,
    126,
    143,
    148,
    151,
    160,
    168,
    200,
    209,
    218,
    222,
    223,
    226,
    256,
    267,
    272,
    276,
    308,
    311,
    329,
    334,
    338,
    343,
    359,
    370,
    403,
    404,
    419,
    429,
    438,
    440,
    450,
    457,
    462,
    467,
    474,
    484,
    486
  ],
  "max_steps": 2000,
  "grad_check_every": 5,
  "psnr": {
    "0.05": 24.820145851547473,
    "0.1": 27.260046191679912,
    "0.15": 29.185874580447443,
    "0.2": 30.91345064637271
  },
  "final_loss": 93.10762823077137,
  "total_steps": 10245,
  "per_stage_final_loss": [
    941.1174269465554,
    941.10781318291,
    888.4779725340492,
    881.9896894816071,
    878.6457310715383,
    845.7509628992303,
    831.4787398121899,
    830.7101293299262,
    830.6544312117819,
    755.8872619256637,
    755.3057649085785,
    733.980886457969,
    722.1728715173241,
    713.6704196338459,
    653.1096378910098,
    652.0553867317257,
    631.2269418725016,
    629.9776765578416,
    584.4767591045328,
    574.6149760389958,
    488.0949533588368,
    487.1024207834429,
    487.0441561172466,
    483.2367724244441,
    477.19705020141885,
    469.76916337661356,
    469.7537241609718,
    363.1313200354344,
    363.1270536266192,
    362.59091642027846,
    361.0557539578309,
    361.0450220754418,
    350.0692971559424,
    339.21153278515186,
    331.20943763257793,
    219.88851115559737,
    204.68061245761936,
    204.66413568443662,
    184.2301102628535,
    184.2296429123814,
    184.22892120287906,
    167.7695684678392,
    167.76473775869155,
    167.76459777014077,
    167.76443711864596,
    163.92040692658998,
    163.9144709511255,
    163.91316864660993,
    163.91139712548696,
    163.90885157658602,
    151.5634320253777,
    151.55987300306973,
    151.55908310690089,
    151.55912855161932,
    151.5537750568544,
    151.51290640279356,
    132.32829578722118,
    132.3208711111874,
    132.31470605773285,
    132.31360782890164,
    132.30976832211633,
    132.3074685884156,
    126.56016267975967,
    114.199560544757,
    114.2018465315297,
    114.19727671757813,
    114.1973079869503,
    114.19702587882658,
    114.19687245972307,
    114.15541423346892,
    107.44027642182441,
    93.10762823077137
  ],
  "trigger_counts": {
    "grad_norm": 0,
    "loss_delta": 72,
    "max_steps": 0
  },
  "elapsed_seconds": 5288.420594608411,
  "device": "cuda:0",
  "git_sha": "894ee7c407f737c0a250a28d33487a7db7bd83d3"
}