{
  "dataset": "div2k_8q",
  "ordering": "rl",
  "seed": 6,
  "m": 8,
  "n": 8,
  "init": "random",
  "topk_ratio": 0.2,
  "k_train": 13107,
  "lr": 0.003,
  "batch": 50,
  "train_batch_idx": [
    4,
    23,
    24,
    57,
    60,
    74,
    86,
    92,
    100,
    128,
    153,
    155,
    168,
    171,
    197,
    200,
    206,
    211,
    234,
    243,
    247,
    266,
    267,
    280,
    285,
    290,
    292,
    300,
    308,
    312,
    313,
    318,
    351,
    365,
    369,
    378,
    379,
    385,
    396,
    401,
    402,
    414,
    419,
    427,
    430,
    454,
    463,
    467,
    489,
    499
  ],
  "max_steps": 2000,
  "grad_check_every": 5,
  "psnr": {
    "0.05": 24.755455067882508,
    "0.1": 27.208023083998444,
    "0.15": 29.139014151585425,
    "0.2": 30.868047559873762
  },
  "final_loss": 82.55505318512722,
  "total_steps": 9409,
  "per_stage_final_loss": [
    803.407801215993,
    800.7140548663062,
    733.9094274731364,
    730.1842269506925,
    729.8417477256563,
    631.6865000616658,
    631.6462835962997,
    631.0661737674841,
    628.8286883938587,
    540.6141384179873,
    537.4455832186362,
    536.5108511715132,
    534.8980805732422,
    531.8950511890343,
    488.9471794057138,
    478.34517132403096,
    476.6458865057491,
    465.9987556929892,
    456.4355058058717,
    453.55042176479736,
    399.56147182332165,
    393.5019430687483,
    393.30281424404427,
    388.9577394725696,
    379.8621043002682,
    375.15021933425425,
    344.1613202457543,
    280.0799193823748,
    279.99880320926366,
    279.37456685713715,
    279.25841513601404,
    277.95956796754626,
    276.1794355111089,
    274.44526195398714,
    261.1543759461317,
    189.06738945414224,
    167.10751316518454,
    167.10661258659465,
    164.82313611008314,
    164.8220471281942,
    164.8194600079445,
    156.9072213355616,
    156.90601866121142,
    156.9053779414724,
    156.90499198192316,
    143.27467824013084,
    143.27347652510528,
    143.27211227668815,
    143.27134453067555,
    143.26891497790498,
    140.43984247254204,
    140.43875092804018,
    140.43852452366724,
    140.43782354048065,
    140.43598820614613,
    140.43049037736503,
    137.748887046704,
    137.74786334642,
    137.74682919829473,
    137.74586195161095,
    137.74547321304377,
    137.73946403147352,
    135.33495456814242,
    117.37822886469272,
    117.37485979235036,
    117.37213772184653,
    117.3716036929268,
    117.37153375376336,
    117.36717440179808,
    112.44691909485901,
    100.08868139721594,
    82.55505318512722
  ],
  "trigger_counts": {
    "grad_norm": 0,
    "loss_delta": 72,
    "max_steps": 0
  },
  "elapsed_seconds": 4888.721234724857,
  "device": "cuda:0",
  "git_sha": "894ee7c407f737c0a250a28d33487a7db7bd83d3"
}