{
  "dataset": "div2k_8q",
  "ordering": "rl",
  "seed": 18,
  "m": 8,
  "n": 8,
  "init": "random",
  "topk_ratio": 0.2,
  "k_train": 13107,
  "lr": 0.003,
  "batch": 50,
  "train_batch_idx": [
    3,
    12,
    34,
    37,
    57,
    62,
    72,
    96,
    110,
    128,
    148,
    167,
    169,
    180,
    222,
    231,
    260,
    262,
    268,
    277,
    297,
    298,
    305,
    309,
    312,
    315,
    320,
    325,
    326,
    328,
    331,
    334,
    343,
    348,
    356,
    357,
    366,
    371,
    379,
    390,
    395,
    403,
    418,
    424,
    425,
    431,
    441,
    446,
    455,
    460
  ],
  "max_steps": 2000,
  "grad_check_every": 5,
  "psnr": {
    "0.05": 24.82029771269712,
    "0.1": 27.260345902263133,
    "0.15": 29.186411736171376,
    "0.2": 30.914013137756342
  },
  "final_loss": 75.82704622992607,
  "total_steps": 9381,
  "per_stage_final_loss": [
    467.35834525018925,
    460.4133851119119,
    430.80497801409746,
    430.63490930284854,
    429.3217247701247,
    390.93163553028876,
    390.70098897388743,
    390.69294759186306,
    368.3135443196881,
    352.6289679232584,
    351.26319475689894,
    351.22628591450507,
    347.5154289610262,
    343.8151689205463,
    329.7426068295327,
    329.7010577333564,
    329.545927717451,
    327.48847431911713,
    320.1705677333981,
    312.82513087149795,
    271.88416809932454,
    271.8767906374648,
    271.8690177870923,
    271.56534398415147,
    270.6709012212847,
    270.0317283094607,
    254.27347687123057,
    238.57383479774947,
    238.56978321797848,
    238.53450473982886,
    238.52502074525893,
    238.32676045972286,
    236.0667897119422,
    235.9143406015739,
    231.55552107593564,
    185.3497120439772,
    159.30231252373858,
    159.30192508584483,
    148.0255649645633,
    148.0252478299642,
    148.02502436491142,
    139.27782093962216,
    139.27797558510815,
    139.27813137590365,
    139.27757583869172,
    127.3971023811714,
    127.39674861135285,
    127.39620343877816,
    127.39653478820654,
    127.39232720654338,
    125.30887406858369,
    125.30836716649908,
    125.30789071185224,
    125.30775011286823,
    125.30737369542672,
    125.28614184802177,
    115.0786962125053,
    115.07681294132185,
    115.07627108586254,
    115.07516887102426,
    115.07437566663644,
    115.0771013106739,
    107.78170641880158,
    106.83911991332101,
    106.83907998747486,
    106.83910722492489,
    106.83893559586011,
    106.83663278823543,
    106.83380317493324,
    106.63635605570713,
    99.27115176728714,
    75.82704622992607
  ],
  "trigger_counts": {
    "grad_norm": 0,
    "loss_delta": 72,
    "max_steps": 0
  },
  "elapsed_seconds": 4519.899235677905,
  "device": "cuda:0",
  "git_sha": "894ee7c407f737c0a250a28d33487a7db7bd83d3"
}