{
  "dataset": "div2k_8q",
  "ordering": "rl",
  "seed": 56,
  "m": 8,
  "n": 8,
  "init": "random",
  "topk_ratio": 0.2,
  "k_train": 13107,
  "lr": 0.003,
  "batch": 50,
  "train_batch_idx": [
    7,
    14,
    30,
    31,
    75,
    96,
    108,
    111,
    122,
    134,
    139,
    142,
    143,
    151,
    159,
    161,
    165,
    167,
    169,
    177,
    179,
    200,
    208,
    240,
    250,
    261,
    263,
    273,
    275,
    281,
    296,
    304,
    312,
    328,
    331,
    351,
    352,
    360,
    408,
    417,
    432,
    447,
    448,
    450,
    462,
    463,
    467,
    471,
    473,
    481
  ],
  "max_steps": 2000,
  "grad_check_every": 5,
  "psnr": {
    "0.05": 25.235166763695933,
    "0.1": 27.811655333434423,
    "0.15": 29.841225061793875,
    "0.2": 31.659454267411302
  },
  "final_loss": 65.80177425694559,
  "total_steps": 9787,
  "per_stage_final_loss": [
    1735.1146723628544,
    1733.1210657623676,
    1724.3062962703405,
    1723.9164726010897,
    1712.7501643247576,
    1534.799987783376,
    1526.3000166464794,
    1525.4070701011963,
    1511.0827558124076,
    1250.397745799085,
    1242.367614508415,
    1227.7367554677462,
    1224.7490651730718,
    1211.2588691204548,
    1096.0149421179997,
    1095.975269825892,
    1095.8094369014061,
    1095.7355037525288,
    992.0416646718996,
    988.2867947421206,
    862.683751710506,
    834.5183730293929,
    834.3366208421098,
    799.26555373587,
    785.2408206232374,
    775.767138517015,
    711.2660666778055,
    492.3646840749414,
    491.7399536724364,
    490.278629137041,
    485.3717628534474,
    481.0006856698092,
    467.8953610393154,
    454.37945661746113,
    416.5358167377058,
    238.6894913876526,
    227.04650124949654,
    227.04380175043323,
    203.37443626713315,
    203.36752917568123,
    203.361328501641,
    196.70002592068414,
    196.6998041272154,
    196.70178746621744,
    196.69741045097356,
    185.69955728373102,
    185.6977844497865,
    185.69239534658482,
    185.69199332941534,
    185.68913168695377,
    180.57639009561635,
    180.57443725110113,
    180.57271259708367,
    180.57154890966223,
    180.56849344510962,
    178.45775663946358,
    170.52262498161528,
    170.52060654203342,
    170.5196450658263,
    170.51804904328645,
    170.5135455156539,
    170.4802990169633,
    166.72593976430136,
    153.21083011465356,
    153.16736574132597,
    153.16711988514078,
    153.1714092141613,
    153.15892428917104,
    150.84024337068246,
    126.61916683156545,
    107.20044937676089,
    65.80177425694559
  ],
  "trigger_counts": {
    "grad_norm": 0,
    "loss_delta": 72,
    "max_steps": 0
  },
  "elapsed_seconds": 5126.6426161732525,
  "device": "cuda:0",
  "git_sha": "894ee7c407f737c0a250a28d33487a7db7bd83d3"
}