{
  "dataset": "div2k_8q",
  "ordering": "rl",
  "seed": 36,
  "m": 8,
  "n": 8,
  "init": "random",
  "topk_ratio": 0.2,
  "k_train": 13107,
  "lr": 0.003,
  "batch": 50,
  "train_batch_idx": [
    1,
    3,
    10,
    34,
    66,
    70,
    81,
    95,
    104,
    105,
    115,
    123,
    131,
    134,
    139,
    140,
    155,
    172,
    180,
    184,
    192,
    193,
    199,
    208,
    209,
    229,
    234,
    235,
    236,
    237,
    248,
    263,
    280,
    286,
    312,
    314,
    349,
    350,
    372,
    407,
    416,
    419,
    423,
    429,
    446,
    452,
    465,
    471,
    490,
    493
  ],
  "max_steps": 2000,
  "grad_check_every": 5,
  "psnr": {
    "0.05": 25.098739698505543,
    "0.1": 27.66005493448159,
    "0.15": 29.67626465792018,
    "0.2": 31.48079226347011
  },
  "final_loss": 61.37816459183239,
  "total_steps": 9245,
  "per_stage_final_loss": [
    741.457919847872,
    741.3555542642996,
    684.9468872148116,
    684.8729330190824,
    677.8862996183783,
    650.1149725402823,
    646.5340653280458,
    640.3356918935191,
    637.0738219851016,
    539.4031446580417,
    539.3834683714139,
    538.765222215479,
    538.0788770532558,
    537.7266286960651,
    526.9947792169143,
    526.9575775734128,
    526.9135698438448,
    521.6052727945398,
    502.6157692404926,
    473.6672827281449,
    412.8999505047021,
    412.668581655569,
    411.04399188308383,
    410.8126462150246,
    410.511669009544,
    403.2968411002885,
    388.0758473577075,
    319.0525499143813,
    318.65823838839754,
    318.2809846589299,
    317.46847172761,
    317.46595707122464,
    314.18677779777954,
    312.9245678480276,
    295.4064573456444,
    217.91053666773573,
    196.47086294861776,
    196.4670236688428,
    179.85506340546482,
    179.85491427421923,
    179.85637145369085,
    163.4998966456542,
    163.49498700328957,
    163.49471937335966,
    163.4944536570221,
    157.2400847023007,
    157.23586887675066,
    157.23487922121993,
    157.2341551445739,
    157.23280839620207,
    147.56315478147957,
    147.5614292997114,
    147.56067615140725,
    147.5604608568775,
    147.55796861180693,
    147.5461736197622,
    146.2226877412639,
    146.12941301327086,
    146.1271220542119,
    146.12274787248913,
    146.1225780048611,
    146.1154482704105,
    136.09995985378342,
    127.18042603559127,
    127.17857890369767,
    127.17835793488491,
    127.1771635036774,
    127.17677433803048,
    127.17397197234168,
    124.37286703462145,
    92.6185196705356,
    61.37816459183239
  ],
  "trigger_counts": {
    "grad_norm": 0,
    "loss_delta": 72,
    "max_steps": 0
  },
  "elapsed_seconds": 4871.980222441256,
  "device": "cuda:0",
  "git_sha": "894ee7c407f737c0a250a28d33487a7db7bd83d3"
}