{
  "dataset": "div2k_8q",
  "ordering": "rl",
  "seed": 49,
  "m": 8,
  "n": 8,
  "init": "random",
  "topk_ratio": 0.2,
  "k_train": 13107,
  "lr": 0.003,
  "batch": 50,
  "train_batch_idx": [
    4,
    6,
    9,
    16,
    17,
    19,
    21,
    27,
    50,
    52,
    68,
    76,
    87,
    99,
    100,
    112,
    119,
    142,
    144,
    163,
    164,
    170,
    177,
    178,
    194,
    221,
    237,
    238,
    269,
    273,
    274,
    285,
    286,
    296,
    301,
    317,
    337,
    343,
    360,
    363,
    385,
    400,
    414,
    419,
    421,
    448,
    464,
    487,
    489,
    499
  ],
  "max_steps": 2000,
  "grad_check_every": 5,
  "psnr": {
    "0.05": 25.091505806177608,
    "0.1": 27.570473987508034,
    "0.15": 29.531336788141388,
    "0.2": 31.292680395296706
  },
  "final_loss": 81.71199557139605,
  "total_steps": 9852,
  "per_stage_final_loss": [
    1486.9599781066388,
    1486.2992915124557,
    1423.089420377075,
    1418.0925584782185,
    1411.6497766667085,
    1242.6955512780423,
    1242.674696722791,
    1238.2999760512025,
    1233.1788371866191,
    1082.9382530822706,
    1082.895995052044,
    1066.3576009429758,
    1043.4627086448595,
    1031.9558684156993,
    957.4027038299029,
    950.0189866020855,
    949.3112294458493,
    947.6210771567788,
    929.0805392967922,
    915.9916185805872,
    805.4446991235335,
    804.6748137496829,
    800.6127820363694,
    773.9348151373096,
    772.8502528293886,
    681.1197468855908,
    680.5738503393426,
    444.9159473935355,
    444.78280889311253,
    442.7381040435939,
    442.15260646409286,
    438.281835269548,
    438.12962689508925,
    438.1302541007218,
    402.8291751251535,
    245.93563430372328,
    242.85837612944007,
    242.85325673614494,
    225.60558862849882,
    225.60111668504484,
    225.60065657396876,
    212.31990997240067,
    212.31842266694716,
    212.31876603704012,
    212.3176619058013,
    201.024914983182,
    201.0242646900555,
    201.02413258526838,
    201.02046712703373,
    201.02020230890034,
    190.7425007421851,
    190.73988775648013,
    190.7395451018882,
    190.7392684466332,
    190.7198869466248,
    190.71003890239845,
    186.37832940946097,
    186.34985063565523,
    186.34946541049354,
    186.34694769931136,
    186.3470729056949,
    186.31338323317334,
    185.04134273127877,
    173.68733599460518,
    173.67929411799233,
    173.67924480972695,
    173.6777439939791,
    173.67565117545783,
    173.6704629482101,
    156.63869430615455,
    137.5631241804355,
    81.71199557139605
  ],
  "trigger_counts": {
    "grad_norm": 0,
    "loss_delta": 72,
    "max_steps": 0
  },
  "elapsed_seconds": 5173.950250362977,
  "device": "cuda:0",
  "git_sha": "894ee7c407f737c0a250a28d33487a7db7bd83d3"
}