{
  "dataset": "div2k_8q",
  "ordering": "rl",
  "seed": 87,
  "m": 8,
  "n": 8,
  "init": "random",
  "topk_ratio": 0.2,
  "k_train": 13107,
  "lr": 0.003,
  "batch": 50,
  "train_batch_idx": [
    1,
    8,
    19,
    21,
    22,
    23,
    40,
    44,
    78,
    87,
    98,
    100,
    119,
    121,
    141,
    158,
    182,
    194,
    196,
    202,
    220,
    227,
    233,
    247,
    250,
    253,
    257,
    261,
    268,
    272,
    277,
    281,
    291,
    304,
    312,
    326,
    329,
    334,
    340,
    342,
    355,
    363,
    377,
    385,
    388,
    404,
    424,
    433,
    436,
    450
  ],
  "max_steps": 2000,
  "grad_check_every": 5,
  "psnr": {
    "0.05": 25.093542069950228,
    "0.1": 27.572147362298757,
    "0.15": 29.53237067722411,
    "0.2": 31.293251727348082
  },
  "final_loss": 64.60765873626455,
  "total_steps": 9445,
  "per_stage_final_loss": [
    1154.0935355558072,
    1109.7285544938547,
    1058.9565858729893,
    1057.6495550984619,
    1056.2058983701634,
    1017.8841191151549,
    1015.9079660339872,
    1013.4461303079752,
    1002.5893893605509,
    864.5701670928588,
    834.9316435446115,
    828.2658923290248,
    778.7361633404391,
    749.0898139421038,
    581.9293255269355,
    580.9652239465697,
    578.1636959516144,
    572.2424493547181,
    566.9234921745658,
    566.7660815334685,
    497.4638885981455,
    497.0797401600226,
    497.0008278576062,
    493.37573435015,
    493.33631789715014,
    481.72415293261025,
    475.17196654250625,
    332.3912308146617,
    332.28199575856826,
    331.73105962067086,
    329.70234590885354,
    329.6514158840389,
    329.0213163617985,
    323.2791218443217,
    303.3821325563141,
    201.83215841655576,
    169.36862006476323,
    169.35361582628133,
    165.354928373307,
    165.35087610159107,
    165.34943244594965,
    153.23229293278254,
    153.22684340440844,
    153.22607653402108,
    153.22589217197896,
    151.99483356141278,
    151.99562090984216,
    151.99327373859253,
    151.99609940771398,
    151.983863971982,
    149.860713959884,
    149.86053836199486,
    149.85982833342334,
    149.85925551346207,
    149.85732966086437,
    149.69601827396485,
    139.5562659743796,
    139.53891844923908,
    139.5388236217098,
    139.53860865274854,
    139.53312471123445,
    139.52961212869008,
    139.46640461976884,
    127.04682146077562,
    127.05607235276796,
    127.05342526655136,
    127.04545325042075,
    127.05498608951224,
    121.11751695268471,
    110.1009682950639,
    106.75448105942536,
    64.60765873626455
  ],
  "trigger_counts": {
    "grad_norm": 0,
    "loss_delta": 72,
    "max_steps": 0
  },
  "elapsed_seconds": 4921.827437920496,
  "device": "cuda:0",
  "git_sha": "5c2d8282104b3081f6b073074cdcfe12a6a6c78c"
}