{
  "dataset": "div2k_8q",
  "ordering": "rl",
  "seed": 41,
  "m": 8,
  "n": 8,
  "init": "random",
  "topk_ratio": 0.2,
  "k_train": 13107,
  "lr": 0.003,
  "batch": 50,
  "train_batch_idx": [
    17,
    28,
    30,
    54,
    57,
    77,
    81,
    86,
    105,
    116,
    136,
    153,
    158,
    160,
    161,
    189,
    200,
    205,
    234,
    237,
    243,
    280,
    285,
    288,
    292,
    299,
    321,
    322,
    332,
    333,
    345,
    348,
    354,
    373,
    375,
    378,
    386,
    388,
    390,
    408,
    431,
    449,
    451,
    453,
    455,
    463,
    464,
    470,
    472,
    486
  ],
  "max_steps": 2000,
  "grad_check_every": 5,
  "psnr": {
    "0.05": 25.09930767324238,
    "0.1": 27.660707199572606,
    "0.15": 29.677125493220824,
    "0.2": 31.481942798419137
  },
  "final_loss": 68.79471583648693,
  "total_steps": 9954,
  "per_stage_final_loss": [
    2016.1543993859098,
    2007.4885018307689,
    1786.2438777866853,
    1771.2659447214794,
    1760.3093677050285,
    1581.1491345807747,
    1579.1081051713404,
    1578.9238783351193,
    1572.010887028721,
    1337.8836274416576,
    1332.753344198012,
    1332.0969236351239,
    1210.2540420371922,
    1190.8394190268489,
    958.3995038946086,
    950.15043052821,
    950.1429025497941,
    926.1326194715376,
    920.7315850960813,
    909.8181558273366,
    711.3803982148037,
    708.1500177032597,
    706.7974104604332,
    692.5357359625193,
    675.2791781470861,
    639.2553939924085,
    631.0179979634559,
    420.9208692333073,
    420.20325978809257,
    418.5390675222056,
    413.78845759325213,
    405.42793375281167,
    395.4506522705883,
    366.0962057361033,
    361.4769480605943,
    217.39862660942455,
    214.32088153033513,
    214.3120905419277,
    190.33228892656712,
    190.3327828817693,
    190.33185077237238,
    189.1214682337347,
    189.1143310396441,
    189.11411389096276,
    189.11274456993047,
    178.86332518696742,
    178.86329561418424,
    178.8625374190981,
    178.8613848442424,
    178.85943769627397,
    174.18116837791496,
    174.1810560268255,
    174.18107016178462,
    174.17635457056727,
    174.17238204945014,
    174.139322742574,
    163.5856710996134,
    163.5844955895516,
    163.58330781367795,
    163.57951227019996,
    163.57117633528821,
    163.56185730462565,
    160.75037681203167,
    132.33439832482134,
    132.33282152958952,
    132.32752116357645,
    132.36932421832302,
    132.36773682062613,
    132.34852979073605,
    119.25753216463407,
    101.21967070686706,
    68.79471583648693
  ],
  "trigger_counts": {
    "grad_norm": 0,
    "loss_delta": 72,
    "max_steps": 0
  },
  "elapsed_seconds": 5263.518142785877,
  "device": "cuda:0",
  "git_sha": "894ee7c407f737c0a250a28d33487a7db7bd83d3"
}