{
  "dataset": "div2k_8q",
  "ordering": "rl",
  "seed": 63,
  "m": 8,
  "n": 8,
  "init": "random",
  "topk_ratio": 0.2,
  "k_train": 13107,
  "lr": 0.003,
  "batch": 50,
  "train_batch_idx": [
    37,
    60,
    65,
    70,
    76,
    77,
    79,
    80,
    86,
    89,
    92,
    107,
    134,
    135,
    144,
    146,
    147,
    155,
    160,
    164,
    170,
    172,
    179,
    187,
    193,
    205,
    231,
    233,
    245,
    253,
    257,
    260,
    280,
    285,
    300,
    305,
    327,
    340,
    380,
    415,
    423,
    430,
    450,
    458,
    461,
    465,
    472,
    473,
    491,
    497
  ],
  "max_steps": 2000,
  "grad_check_every": 5,
  "psnr": {
    "0.05": 24.845361229736653,
    "0.1": 27.22727072406081,
    "0.15": 29.11205420888021,
    "0.2": 30.807560379383407
  },
  "final_loss": 61.32787041322435,
  "total_steps": 10774,
  "per_stage_final_loss": [
    988.4381583948302,
    978.3146561687864,
    914.3494430388695,
    912.9614449010271,
    910.5890221994756,
    866.0168030965651,
    862.1281560638005,
    859.4148049793465,
    859.1723284790369,
    686.6144589881081,
    685.0816238501787,
    681.8252816918047,
    661.1223089910031,
    617.1301845170169,
    525.3543233718929,
    525.329734212123,
    524.2627186705938,
    516.9435803131786,
    506.8503018112115,
    495.12162844406623,
    414.6775593166771,
    411.9382715741369,
    405.93550320671073,
    401.432169869746,
    400.24623268818135,
    400.2156112629034,
    391.21309872486717,
    270.52108953533883,
    269.00516685432945,
    267.861607199808,
    266.1100253138241,
    262.5548785531186,
    253.37150012249882,
    241.52262100516018,
    240.46036185165016,
    160.36652941635688,
    143.23953958841088,
    143.2363742581476,
    129.7949572766826,
    129.79481683941765,
    129.79422378348912,
    122.41949856810137,
    122.4178087823348,
    122.41712618056263,
    122.42631150684352,
    115.0900652656447,
    115.08868378618952,
    115.08836868655253,
    115.08851711759382,
    115.08698256562964,
    108.266703424525,
    108.26577836091376,
    108.26535338687114,
    108.2646242991787,
    108.26311723244574,
    108.26102727266432,
    105.93158060163111,
    105.33081611620536,
    105.32684867311761,
    105.32556724938675,
    105.3255562429805,
    104.90880910738846,
    100.43123489769889,
    89.2816653660412,
    89.28201652046216,
    89.28187727812896,
    89.28822804780287,
    89.28084992811259,
    89.12357992307483,
    88.84218520703547,
    83.92732689899417,
    61.32787041322435
  ],
  "trigger_counts": {
    "grad_norm": 0,
    "loss_delta": 72,
    "max_steps": 0
  },
  "elapsed_seconds": 5827.083450281993,
  "device": "cuda:0",
  "git_sha": "894ee7c407f737c0a250a28d33487a7db7bd83d3"
}