{
  "dataset": "div2k_8q",
  "ordering": "rl",
  "seed": 13,
  "m": 8,
  "n": 8,
  "init": "random",
  "topk_ratio": 0.2,
  "k_train": 13107,
  "lr": 0.003,
  "batch": 50,
  "train_batch_idx": [
    1,
    31,
    35,
    39,
    56,
    62,
    77,
    119,
    122,
    135,
    137,
    154,
    165,
    189,
    191,
    197,
    209,
    226,
    243,
    250,
    260,
    268,
    279,
    284,
    313,
    330,
    366,
    368,
    369,
    371,
    383,
    385,
    388,
    390,
    392,
    397,
    400,
    404,
    413,
    425,
    426,
    427,
    430,
    437,
    443,
    462,
    466,
    485,
    498,
    499
  ],
  "max_steps": 2000,
  "grad_check_every": 5,
  "psnr": {
    "0.05": 24.88830828618013,
    "0.1": 27.32027049470449,
    "0.15": 29.239380484241174,
    "0.2": 30.962349621401525
  },
  "final_loss": 75.45624875017234,
  "total_steps": 12103,
  "per_stage_final_loss": [
    926.1997608586046,
    910.8017376863088,
    822.1459059404624,
    815.2972289147665,
    808.0720736383465,
    733.3002025965241,
    732.4316158023407,
    719.8597133216227,
    704.6255437189719,
    679.2290613028775,
    674.8718698869053,
    641.1203046308258,
    633.5199517672762,
    612.5154434524762,
    535.5753629689546,
    531.1184493021211,
    531.0474691009457,
    508.62038532504994,
    481.59813660125445,
    475.99703992419717,
    420.7972273350398,
    420.2623095463439,
    417.1528308682006,
    415.3936267042755,
    406.65397869620307,
    393.12540961269576,
    374.5490228452487,
    323.1498022410431,
    322.86782251230755,
    322.86818486109337,
    322.0628800570811,
    319.43295126776815,
    314.1214262270225,
    297.7692062457119,
    282.4429624326039,
    196.84059280025716,
    181.97299873859032,
    181.971234361628,
    166.3609068016302,
    166.35456056758628,
    166.35490067123013,
    159.00006959652202,
    158.99610474708246,
    158.9953651718503,
    158.99337068478738,
    152.00391764609864,
    152.00210112810552,
    152.00183602107663,
    152.00011559014587,
    152.00018703318037,
    141.77235174506092,
    141.7882500440135,
    141.76755488394087,
    141.76670012630458,
    141.76404835932485,
    141.25962742964992,
    132.98831140226545,
    132.9867433861391,
    132.98597665718563,
    132.985422345105,
    132.98251751077856,
    131.47777855474257,
    129.61473875072767,
    118.03147751098588,
    118.02878761399582,
    118.02777166228803,
    118.02707023435978,
    118.02652015024523,
    118.00607061695784,
    112.9887813942333,
    111.89349549316805,
    75.45624875017234
  ],
  "trigger_counts": {
    "grad_norm": 0,
    "loss_delta": 72,
    "max_steps": 0
  },
  "elapsed_seconds": 6270.7254025498405,
  "device": "cuda:0",
  "git_sha": "894ee7c407f737c0a250a28d33487a7db7bd83d3"
}