{
  "dataset": "div2k_8q",
  "ordering": "rl",
  "seed": 81,
  "m": 8,
  "n": 8,
  "init": "random",
  "topk_ratio": 0.2,
  "k_train": 13107,
  "lr": 0.003,
  "batch": 50,
  "train_batch_idx": [
    2,
    5,
    18,
    21,
    23,
    25,
    40,
    45,
    56,
    81,
    96,
    97,
    100,
    108,
    109,
    130,
    153,
    158,
    187,
    194,
    196,
    197,
    202,
    204,
    211,
    215,
    219,
    226,
    232,
    262,
    279,
    295,
    296,
    331,
    335,
    339,
    346,
    368,
    369,
    381,
    415,
    432,
    436,
    437,
    439,
    440,
    454,
    473,
    491,
    495
  ],
  "max_steps": 2000,
  "grad_check_every": 5,
  "psnr": {
    "0.05": 24.81968321974539,
    "0.1": 27.259387091377516,
    "0.15": 29.185200070224926,
    "0.2": 30.912802822779717
  },
  "final_loss": 88.85748824102386,
  "total_steps": 9558,
  "per_stage_final_loss": [
    1065.2010180622276,
    1054.8015029067633,
    936.5086762146818,
    936.5046950154485,
    936.4871348244595,
    897.0476020247525,
    895.7372120224296,
    890.1801268957886,
    863.5805210645026,
    785.8709353470622,
    782.8093260338862,
    776.5034802430604,
    767.4490642026025,
    752.9536752249305,
    666.7325359687826,
    656.6584183416155,
    656.3282573203094,
    656.2906502076097,
    652.511150109322,
    609.7752179873544,
    545.4732771099413,
    544.521883497425,
    542.8049286578218,
    524.4965645191461,
    514.0101030196867,
    477.16268848449766,
    465.8642934063372,
    392.95665110975017,
    392.91134417309354,
    392.4571596709348,
    390.96778673925763,
    388.48832137147184,
    382.8388420662897,
    376.75833277213474,
    340.01165686067253,
    217.46412261672572,
    200.11061481722572,
    200.10457023138036,
    182.82819879337066,
    182.82752852788647,
    182.83639330283106,
    171.22884690347638,
    171.22799441374508,
    171.2276253143224,
    171.24781381335472,
    158.2863282222142,
    158.27317111110085,
    158.27281083181526,
    158.2725664280896,
    158.26767125323443,
    150.2620577723229,
    150.26072329074756,
    150.26004011378507,
    150.25959563051669,
    150.25461537719707,
    150.2452055214627,
    146.5595256963563,
    146.55775169782837,
    146.5573573799585,
    146.55732556927796,
    146.55337092503743,
    146.5473565011191,
    140.05337969976273,
    119.95324774867848,
    119.95156729828075,
    119.95138869881492,
    119.94858803229964,
    119.94855075772877,
    119.94702939593721,
    118.92209962499177,
    114.48796731561976,
    88.85748824102386
  ],
  "trigger_counts": {
    "grad_norm": 0,
    "loss_delta": 72,
    "max_steps": 0
  },
  "elapsed_seconds": 5046.578190676868,
  "device": "cuda:0",
  "git_sha": "8f584e16671086491acd5747515c5792c0fffec7"
}