{
  "dataset": "div2k_8q",
  "ordering": "rl",
  "seed": 73,
  "m": 8,
  "n": 8,
  "init": "random",
  "topk_ratio": 0.2,
  "k_train": 13107,
  "lr": 0.003,
  "batch": 50,
  "train_batch_idx": [
    7,
    13,
    14,
    23,
    36,
    37,
    49,
    55,
    56,
    74,
    79,
    83,
    86,
    92,
    93,
    95,
    97,
    101,
    122,
    137,
    155,
    157,
    198,
    215,
    222,
    223,
    233,
    272,
    285,
    320,
    321,
    338,
    339,
    348,
    354,
    355,
    369,
    373,
    392,
    393,
    394,
    396,
    438,
    451,
    463,
    474,
    482,
    487,
    488,
    496
  ],
  "max_steps": 2000,
  "grad_check_every": 5,
  "psnr": {
    "0.05": 25.09891901694717,
    "0.1": 27.660268247294447,
    "0.15": 29.676650621604352,
    "0.2": 31.48149228626491
  },
  "final_loss": 73.88814317886383,
  "total_steps": 8870,
  "per_stage_final_loss": [
    944.7982258979007,
    944.5770147468077,
    883.2057040434183,
    883.1756253093813,
    879.7776221867787,
    844.8674592791629,
    843.3294461850656,
    842.7102131669002,
    842.7124963265195,
    821.1074640698254,
    817.4444814692356,
    816.9623737761998,
    816.8594402855877,
    807.8469537779939,
    688.1678890585754,
    687.8852261512328,
    658.8096568456775,
    644.0496208658435,
    630.9949429258276,
    630.3667907769975,
    571.3941236058384,
    568.4754980059308,
    563.494923398323,
    561.7890417909723,
    555.3593586149311,
    552.1101763992941,
    530.1278337142181,
    434.5194552837871,
    432.55006675441473,
    432.47202591861577,
    428.62845769479947,
    426.4691269140564,
    408.589824227518,
    403.5329104693474,
    368.7607005939992,
    231.20695250555005,
    219.4554540390349,
    219.45320866377992,
    200.31173480212885,
    200.3121102905317,
    200.31039227050664,
    186.95411766334487,
    186.95283450901152,
    186.95086101787888,
    186.94670580686028,
    179.13083558011408,
    179.130345976319,
    179.13226684623737,
    179.1277884527592,
    179.11808582331693,
    173.59291756477,
    173.58525854795363,
    173.5841948248975,
    173.58413949654042,
    173.58346803171284,
    173.58060403360255,
    155.31200999971696,
    155.30782947978716,
    155.3055477044925,
    155.3052743988774,
    155.30283868851873,
    155.28080941392722,
    151.60737330294728,
    140.14224113049102,
    140.1420137439046,
    140.141777019646,
    140.14057684112117,
    140.13984033635643,
    140.13671975922153,
    136.82814493767236,
    122.14872780243655,
    73.88814317886383
  ],
  "trigger_counts": {
    "grad_norm": 0,
    "loss_delta": 72,
    "max_steps": 0
  },
  "elapsed_seconds": 4659.661927070469,
  "device": "cuda:0",
  "git_sha": "8f584e16671086491acd5747515c5792c0fffec7"
}