{
  "dataset": "div2k_8q",
  "ordering": "rl",
  "seed": 55,
  "m": 8,
  "n": 8,
  "init": "random",
  "topk_ratio": 0.2,
  "k_train": 13107,
  "lr": 0.003,
  "batch": 50,
  "train_batch_idx": [
    3,
    7,
    12,
    20,
    28,
    31,
    39,
    54,
    99,
    100,
    105,
    121,
    153,
    156,
    159,
    162,
    167,
    181,
    188,
    199,
    212,
    226,
    230,
    236,
    246,
    258,
    264,
    270,
    276,
    284,
    285,
    320,
    323,
    326,
    329,
    331,
    347,
    348,
    356,
    365,
    373,
    376,
    395,
    434,
    441,
    468,
    472,
    478,
    480,
    498
  ],
  "max_steps": 2000,
  "grad_check_every": 5,
  "psnr": {
    "0.05": 25.088144243210433,
    "0.1": 27.569128407196683,
    "0.15": 29.530342481072136,
    "0.2": 31.291750862701775
  },
  "final_loss": 66.86531454232875,
  "total_steps": 10284,
  "per_stage_final_loss": [
    937.7774046963791,
    936.5604637597955,
    883.8109986777243,
    876.1876896043722,
    869.0530742064046,
    800.8788460228374,
    800.8673528318076,
    795.1537885188693,
    795.0974496737388,
    789.3186302472479,
    788.8542704376918,
    777.7817515785358,
    758.595570945263,
    758.5919660965894,
    657.8020118109063,
    652.9561907879379,
    634.7141799681683,
    634.3158532158467,
    616.213495413894,
    575.9801221752942,
    512.0198369995476,
    511.6116658196686,
    509.6112037456438,
    507.64558744989205,
    499.86573214018836,
    493.6471129413348,
    472.66114051212594,
    448.1782648538423,
    448.12443211769033,
    447.8352965627088,
    447.6001495885958,
    442.60770473418336,
    439.7327152640735,
    432.97523582405177,
    376.49389889140264,
    228.03120226043438,
    220.40708270576158,
    220.4240941757247,
    202.90714639900756,
    202.90616577128407,
    202.9058236546781,
    189.3481560135178,
    189.34786549657784,
    189.34793627173045,
    189.3424827048377,
    182.90892370902614,
    182.90668364646868,
    182.90650290556695,
    182.90275511148255,
    182.9020415906525,
    182.04315210151015,
    182.04325111437083,
    182.04287076254582,
    182.04372036513706,
    182.04044833831088,
    180.86350688500417,
    176.33928997925497,
    176.33854940613404,
    176.33833227507645,
    176.33821897992883,
    176.3380222495819,
    172.48282221277373,
    162.0994806522123,
    146.0292883541012,
    146.02800988028233,
    134.75866319161284,
    134.75102524387137,
    134.74897953828955,
    131.01676457892898,
    124.05759657085069,
    116.87659018486411,
    66.86531454232875
  ],
  "trigger_counts": {
    "grad_norm": 0,
    "loss_delta": 72,
    "max_steps": 0
  },
  "elapsed_seconds": 5364.126257736236,
  "device": "cuda:0",
  "git_sha": "894ee7c407f737c0a250a28d33487a7db7bd83d3"
}