{
  "dataset": "div2k_8q",
  "ordering": "rl",
  "seed": 67,
  "m": 8,
  "n": 8,
  "init": "random",
  "topk_ratio": 0.2,
  "k_train": 13107,
  "lr": 0.003,
  "batch": 50,
  "train_batch_idx": [
    5,
    41,
    48,
    57,
    77,
    85,
    105,
    111,
    136,
    141,
    143,
    151,
    163,
    164,
    165,
    166,
    183,
    187,
    199,
    202,
    203,
    204,
    205,
    210,
    215,
    217,
    234,
    253,
    275,
    281,
    313,
    316,
    323,
    334,
    346,
    348,
    353,
    355,
    358,
    362,
    388,
    389,
    397,
    400,
    407,
    418,
    428,
    464,
    470,
    492
  ],
  "max_steps": 2000,
  "grad_check_every": 5,
  "psnr": {
    "0.05": 25.08642156556358,
    "0.1": 27.652037069418483,
    "0.15": 29.670631241097926,
    "0.2": 31.477050262462008
  },
  "final_loss": 73.26610494406155,
  "total_steps": 9456,
  "per_stage_final_loss": [
    823.1685938486032,
    813.4530017032594,
    799.4857501890028,
    798.8397301248842,
    784.1546985445239,
    783.0914367639692,
    782.664063894967,
    782.0152228505057,
    759.3792426247817,
    668.7092889177403,
    663.6435588890358,
    663.6114323860613,
    662.5521463655937,
    662.5271872635477,
    603.91220706387,
    603.6777662215526,
    603.0566759125982,
    580.9723947079767,
    557.4792731226481,
    556.8534405264405,
    490.5414014744284,
    490.5149993866419,
    490.4686362994793,
    490.46658432502085,
    477.9832521026087,
    432.4118969421208,
    409.2697916042871,
    295.24932933425794,
    295.23945268666927,
    295.214725042886,
    295.15944094895525,
    295.09992056784233,
    295.0941604026954,
    292.5292434175767,
    292.0876509623225,
    221.50922751632237,
    199.55441668018048,
    199.5422507383221,
    172.2086948932543,
    172.20732326472992,
    172.20626000163443,
    169.40055633361848,
    169.4013502039868,
    169.40072895272468,
    169.39997825823687,
    157.26987092734075,
    157.26948157549816,
    157.26781182960477,
    157.26620675930303,
    157.25785261839997,
    150.04164148257445,
    150.04235943246908,
    150.04434567299575,
    150.0413406052614,
    150.04075893236597,
    150.03994447869096,
    146.6112179395768,
    146.60996768657773,
    146.60973533646276,
    146.60637222922554,
    146.6052423568977,
    146.60503765974056,
    146.58029414073434,
    145.95047298808456,
    145.94915687904464,
    145.94916313751676,
    145.94737956836667,
    145.96271476897172,
    145.94570885174704,
    135.17139077426975,
    104.75074015398772,
    73.26610494406155
  ],
  "trigger_counts": {
    "grad_norm": 0,
    "loss_delta": 72,
    "max_steps": 0
  },
  "elapsed_seconds": 5002.668195908889,
  "device": "cuda:0",
  "git_sha": "8f584e16671086491acd5747515c5792c0fffec7"
}