{
  "dataset": "div2k_8q",
  "ordering": "rl",
  "seed": 48,
  "m": 8,
  "n": 8,
  "init": "random",
  "topk_ratio": 0.2,
  "k_train": 13107,
  "lr": 0.003,
  "batch": 50,
  "train_batch_idx": [
    10,
    18,
    22,
    40,
    42,
    49,
    58,
    63,
    86,
    98,
    104,
    145,
    149,
    167,
    168,
    173,
    175,
    180,
    190,
    199,
    226,
    231,
    234,
    240,
    246,
    249,
    270,
    273,
    280,
    300,
    306,
    318,
    320,
    323,
    339,
    345,
    361,
    365,
    376,
    378,
    379,
    381,
    395,
    398,
    430,
    456,
    474,
    475,
    483,
    487
  ],
  "max_steps": 2000,
  "grad_check_every": 5,
  "psnr": {
    "0.05": 25.09818266903308,
    "0.1": 27.65945997331684,
    "0.15": 29.67552392874888,
    "0.2": 31.480462707446154
  },
  "final_loss": 61.2042973715848,
  "total_steps": 9418,
  "per_stage_final_loss": [
    838.5039568034563,
    837.1764424174545,
    783.0926190530922,
    774.3384599591216,
    772.6507074990399,
    747.4419694172143,
    741.843684912402,
    731.0483357557304,
    730.252324413345,
    729.8357452194078,
    724.5654819378626,
    706.5003811547764,
    697.4141968502439,
    672.7578882329452,
    643.9210855061606,
    639.5811335352927,
    634.749210486429,
    629.8615208739922,
    621.0335674121276,
    567.4050059001119,
    546.8379819911975,
    545.5922987081632,
    543.4156142550112,
    531.0484650391446,
    521.9154347988022,
    519.4348243833034,
    458.8832267035709,
    349.55386322668494,
    349.53307620895254,
    349.41457391160066,
    349.39151847070434,
    347.10545030824824,
    345.9273843076586,
    342.24564275005747,
    324.2170639209751,
    199.37268375117085,
    178.48230060506128,
    178.4779193627878,
    166.96992824570592,
    166.96876921969215,
    166.96551856029328,
    154.88147038821262,
    154.88094071182533,
    154.88156295678607,
    154.88059652513923,
    143.0999606084287,
    143.09920700047414,
    143.09847989876823,
    143.0982406123284,
    143.08608756299893,
    140.02346084786114,
    140.0236799782873,
    140.02299817185667,
    140.02294927497533,
    140.01916991692147,
    140.0141066259107,
    133.37956068028822,
    133.3783799124706,
    133.37553997355639,
    133.3749224357094,
    133.3736735540685,
    133.3695339924634,
    133.26543701540155,
    113.91415756737504,
    113.91206484194758,
    113.91156214421036,
    113.91006277399931,
    113.90944504060732,
    113.9091301987576,
    107.92663593909252,
    93.98700152409256,
    61.2042973715848
  ],
  "trigger_counts": {
    "grad_norm": 0,
    "loss_delta": 72,
    "max_steps": 0
  },
  "elapsed_seconds": 4854.045498703606,
  "device": "cuda:0",
  "git_sha": "894ee7c407f737c0a250a28d33487a7db7bd83d3"
}