{
  "dataset": "div2k_8q",
  "ordering": "rl",
  "seed": 50,
  "m": 8,
  "n": 8,
  "init": "random",
  "topk_ratio": 0.2,
  "k_train": 13107,
  "lr": 0.003,
  "batch": 50,
  "train_batch_idx": [
    6,
    7,
    30,
    53,
    58,
    59,
    87,
    108,
    110,
    117,
    125,
    128,
    134,
    143,
    156,
    184,
    188,
    206,
    218,
    249,
    258,
    261,
    268,
    270,
    280,
    293,
    296,
    298,
    306,
    310,
    314,
    323,
    324,
    350,
    352,
    355,
    374,
    378,
    380,
    385,
    433,
    445,
    446,
    465,
    472,
    473,
    474,
    478,
    497,
    498
  ],
  "max_steps": 2000,
  "grad_check_every": 5,
  "psnr": {
    "0.05": 25.09966708285965,
    "0.1": 27.660936370686226,
    "0.15": 29.677276614223892,
    "0.2": 31.48219522644497
  },
  "final_loss": 67.93808305142437,
  "total_steps": 9419,
  "per_stage_final_loss": [
    1115.7385422341313,
    1113.782862477093,
    1067.8551217316704,
    1062.1822522293044,
    1059.9558327352918,
    1039.982483123396,
    1037.7175025938438,
    1001.6113444773847,
    987.5210999263943,
    892.1511239158513,
    888.1765402362199,
    882.1719716988439,
    862.3686225070351,
    862.2956610079053,
    712.2280219283633,
    693.8262152671144,
    683.1950392595988,
    649.3991805063432,
    640.278892166685,
    619.7856941094024,
    520.5840701853028,
    518.3833154225715,
    515.638976761431,
    513.2616043650779,
    510.339603673018,
    426.2403364249463,
    418.3467713457793,
    374.1434898736825,
    374.1339063327886,
    373.6935924802048,
    373.00918743407425,
    372.0336427984752,
    369.30812520535807,
    345.3012338935317,
    323.71010277327076,
    226.28222715852985,
    212.56384398420954,
    212.5595496021698,
    194.56841148097024,
    194.5680537394048,
    194.56771587000716,
    177.09823746870256,
    177.0972576530338,
    177.09719665027063,
    177.09680490648236,
    175.45091603345048,
    175.4501892582826,
    175.45020224082535,
    175.4500788011342,
    175.44899193860903,
    156.77756479674704,
    156.77071499911366,
    156.7663905519481,
    156.76641362016107,
    156.76092041294433,
    156.76262842693097,
    153.30464765741127,
    153.30420422655186,
    153.3041062219197,
    153.30446360776818,
    153.29939436998885,
    153.2993888533585,
    153.28729132365694,
    139.8478644622423,
    128.0187106268513,
    128.0179041149153,
    128.01562967214207,
    128.0158417187192,
    128.00175536962678,
    119.66015344319496,
    109.34526249436553,
    67.93808305142437
  ],
  "trigger_counts": {
    "grad_norm": 0,
    "loss_delta": 72,
    "max_steps": 0
  },
  "elapsed_seconds": 4918.194010533392,
  "device": "cuda:0",
  "git_sha": "894ee7c407f737c0a250a28d33487a7db7bd83d3"
}