{
  "dataset": "div2k_8q",
  "ordering": "rl",
  "seed": 25,
  "m": 8,
  "n": 8,
  "init": "random",
  "topk_ratio": 0.2,
  "k_train": 13107,
  "lr": 0.003,
  "batch": 50,
  "train_batch_idx": [
    0,
    13,
    43,
    56,
    68,
    70,
    71,
    72,
    89,
    94,
    98,
    105,
    106,
    119,
    135,
    141,
    142,
    143,
    168,
    185,
    202,
    203,
    205,
    219,
    227,
    247,
    253,
    261,
    268,
    271,
    274,
    277,
    288,
    318,
    332,
    335,
    347,
    361,
    366,
    374,
    375,
    383,
    387,
    434,
    443,
    459,
    463,
    475,
    476,
    499
  ],
  "max_steps": 2000,
  "grad_check_every": 5,
  "psnr": {
    "0.05": 24.81924742848842,
    "0.1": 27.259260880960632,
    "0.15": 29.18547866329257,
    "0.2": 30.912820847871217
  },
  "final_loss": 70.70494754479587,
  "total_steps": 8981,
  "per_stage_final_loss": [
    1031.911714804032,
    1030.7784740374639,
    891.1043230129549,
    891.0729019418945,
    885.9692583344612,
    793.8537924123402,
    790.8731964593803,
    789.9113241801737,
    789.7950081326644,
    776.0178700564323,
    774.6800994847587,
    774.572172890417,
    773.6881327865912,
    750.1633863774897,
    618.4292509584154,
    614.3771269661419,
    614.3729042501136,
    605.6927053425707,
    592.983780809059,
    568.2080206251699,
    489.41022231272234,
    489.4104186300021,
    479.52958497772903,
    469.72215525058215,
    469.7265477478612,
    469.39118089543433,
    432.1856447652258,
    289.2367877508159,
    289.1438268583509,
    289.11900136943564,
    289.00864820071433,
    288.96770449440305,
    288.93036734741855,
    286.0607424442393,
    285.04683522736275,
    231.39879821536383,
    216.78992740777502,
    216.78930543792663,
    196.31036867523676,
    196.30563198090968,
    196.30334642942734,
    179.14593082416238,
    179.14414103699934,
    179.1438613504354,
    179.14213308637758,
    167.40507110824467,
    167.4049058763362,
    167.40491457243866,
    167.4047238129304,
    167.40319442694414,
    163.87494894967247,
    163.87472833316107,
    163.87466994769952,
    163.87254694120998,
    163.8714447240649,
    163.86899711123593,
    132.82406411814893,
    132.8256808820937,
    132.82128245977293,
    132.81937732254377,
    132.82125237793073,
    132.8185648177954,
    127.81340639105555,
    118.9721852997208,
    118.97026586534776,
    118.967966200364,
    118.9675246321482,
    118.96660509591482,
    118.90738599862507,
    117.36220010044795,
    106.6739742687892,
    70.70494754479587
  ],
  "trigger_counts": {
    "grad_norm": 0,
    "loss_delta": 72,
    "max_steps": 0
  },
  "elapsed_seconds": 10249.27812192496,
  "device": "cuda:0",
  "git_sha": "894ee7c407f737c0a250a28d33487a7db7bd83d3"
}