{
  "dataset": "div2k_8q",
  "ordering": "rl",
  "seed": 68,
  "m": 8,
  "n": 8,
  "init": "random",
  "topk_ratio": 0.2,
  "k_train": 13107,
  "lr": 0.003,
  "batch": 50,
  "train_batch_idx": [
    1,
    9,
    49,
    60,
    63,
    77,
    83,
    85,
    106,
    117,
    118,
    125,
    138,
    148,
    149,
    157,
    192,
    196,
    203,
    218,
    219,
    223,
    245,
    247,
    260,
    266,
    269,
    276,
    277,
    286,
    293,
    307,
    314,
    320,
    326,
    347,
    353,
    355,
    364,
    385,
    390,
    392,
    406,
    408,
    432,
    448,
    450,
    465,
    467,
    489
  ],
  "max_steps": 2000,
  "grad_check_every": 5,
  "psnr": {
    "0.05": 24.8182055892825,
    "0.1": 27.259234433641314,
    "0.15": 29.186142832905873,
    "0.2": 30.914057913908028
  },
  "final_loss": 84.5495791327855,
  "total_steps": 9043,
  "per_stage_final_loss": [
    1609.9482274647116,
    1609.7767227704708,
    1505.7253568879576,
    1503.00278301452,
    1497.6186636249727,
    1410.109888984164,
    1397.404564576394,
    1395.8640235931584,
    1391.1346685276105,
    1062.5889235111101,
    1062.52806489906,
    1058.940077613359,
    1039.4447270169944,
    1030.982965569831,
    875.4869141211108,
    858.3617582883517,
    858.126012769432,
    853.8539315744556,
    849.7887878729005,
    831.2801711500806,
    716.1179005684742,
    715.6748578482002,
    714.8746587417205,
    714.0544225463274,
    713.9353110401582,
    659.1505408351569,
    610.4086458531594,
    491.3780565873327,
    490.4505996229908,
    486.2826575451487,
    481.6045992038552,
    478.5006373112643,
    471.7475484299117,
    456.6798394845155,
    395.3526175643216,
    233.3077722245308,
    210.3193291919575,
    210.309231805174,
    202.96177517522182,
    202.96033408313045,
    202.96044431176574,
    190.1346083175455,
    190.12703689639173,
    190.1272650922071,
    190.12570392303837,
    177.06837389567693,
    177.0649690985903,
    177.06276615054622,
    177.06259845844863,
    177.05884132410947,
    172.87076222958004,
    172.8580195261042,
    172.85782785495547,
    172.85669008067248,
    172.85591249767637,
    172.78863486139798,
    164.41735507914092,
    164.4147265561088,
    164.4156066059183,
    164.41209241770827,
    164.4103047722943,
    164.3701795591903,
    160.85494402775038,
    126.4358314308546,
    126.43488538219019,
    126.8374630602097,
    126.43186800864547,
    126.83406150402702,
    126.4278719865112,
    119.8305698923062,
    118.92607823141759,
    84.5495791327855
  ],
  "trigger_counts": {
    "grad_norm": 0,
    "loss_delta": 72,
    "max_steps": 0
  },
  "elapsed_seconds": 4860.936932771467,
  "device": "cuda:0",
  "git_sha": "8f584e16671086491acd5747515c5792c0fffec7"
}