{
  "dataset": "div2k_8q",
  "ordering": "rl",
  "seed": 93,
  "m": 8,
  "n": 8,
  "init": "random",
  "topk_ratio": 0.2,
  "k_train": 13107,
  "lr": 0.003,
  "batch": 50,
  "train_batch_idx": [
    5,
    15,
    22,
    26,
    29,
    71,
    90,
    93,
    94,
    95,
    101,
    114,
    116,
    118,
    122,
    133,
    140,
    149,
    178,
    199,
    205,
    209,
    216,
    246,
    247,
    273,
    283,
    305,
    318,
    331,
    357,
    396,
    408,
    409,
    420,
    422,
    423,
    431,
    445,
    446,
    450,
    451,
    455,
    461,
    467,
    469,
    473,
    481,
    486,
    494
  ],
  "max_steps": 2000,
  "grad_check_every": 5,
  "psnr": {
    "0.05": 24.82004729857165,
    "0.1": 27.25999094401836,
    "0.15": 29.186179540167036,
    "0.2": 30.913703661870098
  },
  "final_loss": 73.95093898620974,
  "total_steps": 9560,
  "per_stage_final_loss": [
    531.5434332165783,
    518.9893225138715,
    504.57544363997545,
    502.63954253177565,
    482.1549478226103,
    481.5839212967476,
    480.3151521113078,
    479.3669357776722,
    479.35767886771646,
    443.14826859657376,
    437.13089051593204,
    434.8298301641771,
    427.2221997345843,
    427.22194858646503,
    424.4769551524779,
    424.008560904622,
    414.14508048690436,
    412.1860981058573,
    412.1586054968406,
    382.0043938037683,
    344.15371636626224,
    343.6486037307274,
    340.379529259984,
    340.00776922884785,
    329.4380522743122,
    324.2710900167958,
    324.1611469352985,
    276.5453410302574,
    275.46174878264617,
    275.0893619625487,
    274.8483131659573,
    260.89673068678604,
    258.3995766704535,
    251.32901693371198,
    244.75186518668926,
    190.57635965662362,
    182.28584142213288,
    182.28447289751236,
    163.50738236860377,
    163.5054505240089,
    163.50515148666926,
    152.56145068803824,
    152.55640575816298,
    152.5563179656255,
    152.55582977155345,
    151.8993962508798,
    151.89918433381757,
    151.89914047354247,
    151.89975498002153,
    151.89862919186257,
    140.42740608775676,
    140.42476887861736,
    140.4244584384076,
    140.42456945404106,
    140.42367155060126,
    140.41380667851146,
    134.19526197173914,
    134.19367121511596,
    134.1927542581152,
    134.19254215826126,
    134.1920909320528,
    134.18249788952454,
    134.0000339665177,
    123.181568221462,
    123.18073672072975,
    123.17981201081724,
    123.17575154360915,
    123.17572356037464,
    123.17537577195152,
    116.16665422227123,
    112.03681412863857,
    73.95093898620974
  ],
  "trigger_counts": {
    "grad_norm": 0,
    "loss_delta": 72,
    "max_steps": 0
  },
  "elapsed_seconds": 5309.379625248723,
  "device": "cuda:0",
  "git_sha": "5c2d8282104b3081f6b073074cdcfe12a6a6c78c"
}