{
  "dataset": "div2k_8q",
  "ordering": "rl",
  "seed": 58,
  "m": 8,
  "n": 8,
  "init": "random",
  "topk_ratio": 0.2,
  "k_train": 13107,
  "lr": 0.003,
  "batch": 50,
  "train_batch_idx": [
    4,
    13,
    45,
    48,
    64,
    80,
    95,
    101,
    110,
    125,
    128,
    132,
    139,
    141,
    175,
    201,
    219,
    224,
    230,
    246,
    252,
    257,
    259,
    260,
    269,
    276,
    282,
    290,
    302,
    313,
    334,
    338,
    355,
    361,
    389,
    397,
    399,
    429,
    433,
    434,
    452,
    455,
    456,
    459,
    465,
    475,
    480,
    484,
    485,
    492
  ],
  "max_steps": 2000,
  "grad_check_every": 5,
  "psnr": {
    "0.05": 25.098651002838146,
    "0.1": 27.660023077326176,
    "0.15": 29.676449716943537,
    "0.2": 31.48140132627116
  },
  "final_loss": 57.321097483541266,
  "total_steps": 9116,
  "per_stage_final_loss": [
    887.8964450011663,
    887.8962991844045,
    858.3140938730285,
    857.2924508361605,
    857.1301490369847,
    766.2024809546878,
    766.0942656392377,
    742.7120688765017,
    732.2185473511257,
    662.2465332035383,
    651.4559667029868,
    647.7886371629772,
    647.3927142974983,
    645.4758682846434,
    593.5939922646818,
    589.1425651677132,
    587.7300661339158,
    586.2432632904938,
    582.6723126874267,
    566.6185780745986,
    529.4306653526401,
    528.7581698072686,
    521.873434962005,
    514.7350992902674,
    514.6937685782581,
    498.6227968067702,
    438.30685938929327,
    353.39095541580537,
    351.74984231110665,
    351.7352145914384,
    350.59593775900476,
    348.84256871001776,
    343.326830360928,
    341.0027638117948,
    304.7686161093911,
    184.43376179652805,
    165.75706281166026,
    165.74672382138837,
    146.78975188540213,
    146.78750436804313,
    146.78446923702418,
    134.8123607526464,
    134.80952414030907,
    134.80920349141482,
    134.80909419249534,
    121.27151412226976,
    121.2707648169669,
    121.27066908669032,
    121.27024833412088,
    121.2501273957276,
    108.5888203249501,
    108.58613485879512,
    108.58499653937612,
    108.583542083554,
    108.58167021587539,
    108.58000515450411,
    101.24353046594504,
    101.24225083513315,
    101.24036462687808,
    101.24044376641665,
    101.23973640506604,
    101.23026441635245,
    94.68729002677952,
    81.59377255304565,
    81.31054593463134,
    81.30980880550484,
    81.30978977805695,
    81.3094739729504,
    81.30909032131646,
    80.6729863530717,
    73.14480236849299,
    57.321097483541266
  ],
  "trigger_counts": {
    "grad_norm": 0,
    "loss_delta": 72,
    "max_steps": 0
  },
  "elapsed_seconds": 4918.204605872743,
  "device": "cuda:0",
  "git_sha": "894ee7c407f737c0a250a28d33487a7db7bd83d3"
}