{
  "dataset": "div2k_8q",
  "ordering": "rl",
  "seed": 79,
  "m": 8,
  "n": 8,
  "init": "random",
  "topk_ratio": 0.2,
  "k_train": 13107,
  "lr": 0.003,
  "batch": 50,
  "train_batch_idx": [
    7,
    16,
    19,
    22,
    27,
    28,
    32,
    36,
    39,
    40,
    41,
    48,
    52,
    58,
    69,
    94,
    134,
    146,
    174,
    188,
    221,
    241,
    281,
    284,
    292,
    293,
    323,
    327,
    341,
    344,
    369,
    377,
    399,
    402,
    407,
    415,
    420,
    424,
    440,
    443,
    448,
    457,
    460,
    462,
    464,
    467,
    473,
    479,
    488,
    496
  ],
  "max_steps": 2000,
  "grad_check_every": 5,
  "psnr": {
    "0.05": 25.234696023957877,
    "0.1": 27.811596083351542,
    "0.15": 29.84145457216222,
    "0.2": 31.659565723881492
  },
  "final_loss": 79.01445650903914,
  "total_steps": 8927,
  "per_stage_final_loss": [
    770.2271233522152,
    762.196592639022,
    722.0766455951403,
    717.5084120636244,
    711.983429621099,
    697.1988534548015,
    697.1714075504433,
    694.2598446005234,
    691.7900896398304,
    686.074561067436,
    685.9182388841176,
    685.5737401745657,
    684.9878737354121,
    673.7443841229332,
    631.9517461469446,
    631.3280753131318,
    617.471219797288,
    613.5632813438544,
    613.1388384429596,
    612.2172396483951,
    537.2875617043208,
    537.2847783852741,
    535.0814256684122,
    535.0715560146227,
    524.9114800027863,
    494.8190968881731,
    464.58055732500924,
    412.37036484421094,
    412.32556026557177,
    412.31809461588057,
    412.2933176600377,
    411.8169000970169,
    411.6729954612654,
    404.8394945037144,
    366.5171582620143,
    228.84221776192098,
    216.31978051599248,
    216.3166603444212,
    200.273676595383,
    200.26794648316184,
    200.26234708793618,
    187.99303776631157,
    187.98342946399188,
    187.98133700061948,
    187.9811514080385,
    178.79656216245823,
    178.76896223121156,
    178.76712042729028,
    178.76704524502918,
    178.76429756249715,
    171.35207575875472,
    171.35214011661367,
    171.34822315273786,
    171.34806060283256,
    171.34605785080313,
    171.34437480013608,
    171.17518670451253,
    171.17477393177012,
    171.17497064809422,
    171.1739899903431,
    171.17373011105542,
    170.94755505765238,
    167.21773400630556,
    159.10963471402607,
    159.1088146759371,
    159.13059795450175,
    159.1300182649941,
    159.12982661198424,
    155.39338045910688,
    151.96373899964422,
    134.21813724197855,
    79.01445650903914
  ],
  "trigger_counts": {
    "grad_norm": 0,
    "loss_delta": 72,
    "max_steps": 0
  },
  "elapsed_seconds": 10209.480567885563,
  "device": "cuda:0",
  "git_sha": "8f584e16671086491acd5747515c5792c0fffec7"
}