{
  "dataset": "div2k_8q",
  "ordering": "rl",
  "seed": 1,
  "m": 8,
  "n": 8,
  "init": "random",
  "topk_ratio": 0.2,
  "k_train": 13107,
  "lr": 0.003,
  "batch": 50,
  "train_batch_idx": [
    9,
    12,
    15,
    30,
    40,
    58,
    59,
    64,
    65,
    99,
    114,
    119,
    126,
    128,
    138,
    143,
    145,
    156,
    185,
    190,
    195,
    213,
    215,
    218,
    231,
    240,
    245,
    246,
    255,
    257,
    300,
    342,
    355,
    369,
    373,
    376,
    384,
    388,
    396,
    400,
    407,
    431,
    434,
    440,
    471,
    477,
    480,
    485,
    488,
    499
  ],
  "max_steps": 2000,
  "grad_check_every": 5,
  "psnr": {
    "0.05": 24.81142749005751,
    "0.1": 27.25562725968333,
    "0.15": 29.182556821057904,
    "0.2": 30.910911091154595
  },
  "final_loss": 80.57425080655393,
  "total_steps": 10182,
  "per_stage_final_loss": [
    964.2781057372172,
    964.0508566331706,
    937.8101953223043,
    936.0831497175649,
    935.2221170266756,
    888.8971396414001,
    886.5476674954795,
    884.0360157688227,
    824.6255184209318,
    712.1145134783266,
    711.4905440761836,
    701.8276596645159,
    701.7474722678999,
    701.7392375269311,
    631.5892148465352,
    630.7690734247936,
    623.3835653531238,
    599.7704056084484,
    588.7659144446153,
    580.4534976541964,
    546.3758731323109,
    545.9759971092975,
    534.4388894589058,
    514.6503205033534,
    506.631946098279,
    503.0405390752315,
    500.8504369014111,
    349.7486605393355,
    348.6427903360135,
    347.32025897114596,
    347.25532944661524,
    343.26938229510495,
    337.1850797870894,
    331.8242753822136,
    311.05655725911464,
    196.21871722689414,
    183.12444231046393,
    183.12325711993313,
    159.8891585880389,
    159.88837668293974,
    159.8847257765561,
    159.57030188948931,
    159.56855471755856,
    159.56826778541864,
    159.57030354762324,
    147.90215833410252,
    147.90138716578994,
    147.90060227707545,
    147.9010168724495,
    147.89300084046567,
    137.14439636556097,
    137.14411407607201,
    137.1422602299362,
    137.14209776988852,
    137.14122509530074,
    137.10039481881836,
    131.39489971887187,
    131.38211247929766,
    131.39831572972983,
    131.38152328277258,
    131.38006327139786,
    131.357021867554,
    129.2596097498968,
    111.47490159600129,
    111.4738817314638,
    111.47371803387689,
    111.47299390880062,
    111.47287344435858,
    111.47197610073825,
    107.11938681166798,
    96.40818603790596,
    80.57425080655393
  ],
  "trigger_counts": {
    "grad_norm": 0,
    "loss_delta": 72,
    "max_steps": 0
  },
  "elapsed_seconds": 5299.7710377136245,
  "device": "cuda:0",
  "git_sha": "894ee7c407f737c0a250a28d33487a7db7bd83d3"
}