{
  "dataset": "div2k_8q",
  "ordering": "rl",
  "seed": 80,
  "m": 8,
  "n": 8,
  "init": "random",
  "topk_ratio": 0.2,
  "k_train": 13107,
  "lr": 0.003,
  "batch": 50,
  "train_batch_idx": [
    0,
    1,
    8,
    16,
    25,
    40,
    61,
    64,
    72,
    81,
    103,
    108,
    114,
    120,
    139,
    143,
    144,
    155,
    159,
    172,
    211,
    237,
    261,
    269,
    272,
    275,
    283,
    289,
    296,
    299,
    301,
    306,
    310,
    320,
    332,
    334,
    348,
    355,
    361,
    366,
    378,
    397,
    409,
    414,
    431,
    475,
    478,
    487,
    494,
    495
  ],
  "max_steps": 2000,
  "grad_check_every": 5,
  "psnr": {
    "0.05": 24.811813597536094,
    "0.1": 27.255671525783328,
    "0.15": 29.183255011649617,
    "0.2": 30.911481435747074
  },
  "final_loss": 76.00323599198866,
  "total_steps": 9068,
  "per_stage_final_loss": [
    943.9195265761205,
    919.0700269105353,
    903.7617242058466,
    893.8759530688434,
    881.7170854718102,
    778.5523916756396,
    769.8761545099187,
    767.5881023642781,
    767.3741340359878,
    720.0916895859825,
    720.08605135595,
    706.794127096702,
    683.6126434868476,
    677.3033937670122,
    594.7403519157023,
    591.1985852999761,
    590.1383190013387,
    559.8986782656384,
    559.8787044729876,
    553.5055805772871,
    403.85903227396847,
    403.72412184099056,
    403.6651746668744,
    400.09164529307986,
    390.0139805577692,
    355.52625039207896,
    342.385360733681,
    271.4858965589996,
    271.4281742642928,
    271.41936311386684,
    271.40985269941604,
    271.00263927869145,
    270.62217776997966,
    270.5401564310166,
    266.16789043752493,
    196.82544826590123,
    182.15969390775822,
    182.1590439366441,
    174.71489076846635,
    174.7147203948441,
    174.7143543544051,
    168.839160198094,
    168.8360803167309,
    168.83577122778502,
    168.8352821283257,
    163.08224059969749,
    163.0806239457715,
    163.08122203764432,
    163.07941536746702,
    163.07834484076682,
    159.31989603888317,
    159.31912298709824,
    159.31888513441322,
    159.31833888217471,
    159.31618134274177,
    159.2911299636727,
    152.2558704055888,
    152.25630930024437,
    152.25211115568698,
    152.25333231313246,
    152.24824837271078,
    152.24803407171157,
    151.78288662847316,
    116.23374932010306,
    116.23206108099578,
    116.2309019956049,
    116.23021100431997,
    116.23850698526302,
    116.22892978200409,
    100.79016069632638,
    98.4123068728936,
    76.00323599198866
  ],
  "trigger_counts": {
    "grad_norm": 0,
    "loss_delta": 72,
    "max_steps": 0
  },
  "elapsed_seconds": 4891.443387082778,
  "device": "cuda:0",
  "git_sha": "8f584e16671086491acd5747515c5792c0fffec7"
}