{
  "dataset": "div2k_8q",
  "ordering": "rl",
  "seed": 9,
  "m": 8,
  "n": 8,
  "init": "random",
  "topk_ratio": 0.2,
  "k_train": 13107,
  "lr": 0.003,
  "batch": 50,
  "train_batch_idx": [
    2,
    6,
    12,
    30,
    52,
    56,
    70,
    105,
    130,
    137,
    140,
    146,
    152,
    167,
    190,
    205,
    228,
    237,
    250,
    275,
    294,
    305,
    319,
    329,
    335,
    342,
    352,
    356,
    362,
    374,
    378,
    386,
    393,
    397,
    399,
    415,
    421,
    422,
    426,
    427,
    429,
    435,
    441,
    463,
    471,
    474,
    486,
    489,
    490,
    491
  ],
  "max_steps": 2000,
  "grad_check_every": 5,
  "psnr": {
    "0.05": 25.099128564534603,
    "0.1": 27.6605010212698,
    "0.15": 29.677186849465894,
    "0.2": 31.482376444965997
  },
  "final_loss": 72.72483728224474,
  "total_steps": 8655,
  "per_stage_final_loss": [
    979.1784826524469,
    977.1785142498097,
    967.1416160727076,
    961.7144101556522,
    961.7155963602755,
    926.6388452557309,
    926.4301914088738,
    926.1511355912502,
    912.4608935109661,
    895.8496762347868,
    894.1887469020614,
    885.7957325542951,
    885.4352426449832,
    836.7804648015069,
    806.5534794786972,
    789.1981274417608,
    789.1156135557686,
    787.5446602049125,
    772.879941580753,
    767.0203720893056,
    644.9206433916326,
    641.7228922518813,
    626.0323819983049,
    625.8511741689795,
    602.107639849776,
    592.8582053600458,
    569.884119855301,
    455.0497962359228,
    454.4648373136891,
    454.157623349179,
    450.95877274135273,
    446.0003879410394,
    433.2948738279249,
    423.5676114730961,
    386.6218137242813,
    236.79431633383385,
    221.20480580056844,
    221.2037990622466,
    205.81844614885892,
    205.81695511092425,
    205.81747285999845,
    192.2527536132475,
    192.24959759556168,
    192.251080149715,
    192.24914446756316,
    185.01435437845146,
    185.0138841257911,
    185.01367998062076,
    185.01355687494936,
    185.00989106560843,
    175.33158234687102,
    175.32636906873603,
    175.32380318908486,
    175.32196124559357,
    175.3208188744088,
    175.28180930759373,
    171.95448794269123,
    171.948985574376,
    171.94794192105743,
    171.94748633927333,
    171.9426656438936,
    171.93889969250296,
    171.93888158574646,
    158.23910000049037,
    158.28312297409818,
    158.24275317896252,
    158.2450519489672,
    158.2417984413081,
    158.23943927499198,
    148.6232486474905,
    137.2945830184732,
    72.72483728224474
  ],
  "trigger_counts": {
    "grad_norm": 0,
    "loss_delta": 72,
    "max_steps": 0
  },
  "elapsed_seconds": 4612.973973409273,
  "device": "cuda:0",
  "git_sha": "894ee7c407f737c0a250a28d33487a7db7bd83d3"
}