{
  "dataset": "div2k_8q",
  "ordering": "rl",
  "seed": 94,
  "m": 8,
  "n": 8,
  "init": "random",
  "topk_ratio": 0.2,
  "k_train": 13107,
  "lr": 0.003,
  "batch": 50,
  "train_batch_idx": [
    20,
    50,
    51,
    55,
    67,
    69,
    78,
    83,
    90,
    101,
    108,
    121,
    143,
    149,
    151,
    163,
    166,
    192,
    196,
    212,
    225,
    227,
    235,
    237,
    248,
    251,
    260,
    261,
    297,
    298,
    303,
    329,
    333,
    344,
    347,
    350,
    355,
    358,
    368,
    383,
    395,
    413,
    415,
    419,
    440,
    456,
    457,
    486,
    495,
    496
  ],
  "max_steps": 2000,
  "grad_check_every": 5,
  "psnr": {
    "0.05": 25.23484397319291,
    "0.1": 27.811565475042716,
    "0.15": 29.841128850492964,
    "0.2": 31.65957084392357
  },
  "final_loss": 64.97794873309172,
  "total_steps": 10465,
  "per_stage_final_loss": [
    431.4282116993509,
    429.9593865544833,
    407.0701498838043,
    405.98195059735417,
    402.22746248611315,
    377.9410911466491,
    377.5954119540282,
    376.5070975750618,
    373.37391456109253,
    352.550292059039,
    349.47799586718276,
    349.40774121132387,
    345.7722346402885,
    345.12603700121656,
    311.0681316835088,
    310.13028894971694,
    307.79951043770416,
    304.47824570913497,
    303.5468073169089,
    296.28356186177933,
    281.6396248383217,
    280.27259447085055,
    278.1720287575767,
    276.341340469455,
    272.5513282013896,
    272.24161446293476,
    263.03259568865263,
    212.20609448009492,
    211.91240771475256,
    211.20649747486314,
    209.97782739253265,
    208.43084775881064,
    205.3740142550371,
    201.90769996355513,
    198.58721863314383,
    174.44903879324963,
    158.39568946968876,
    158.38563905792913,
    150.37559042668417,
    150.3736583544543,
    150.37344705992098,
    141.44601829305995,
    141.4454448185441,
    141.44480919122265,
    141.44442294581836,
    136.08038812208864,
    136.07594570735665,
    136.0757146429732,
    136.07432316526854,
    136.07352688173356,
    127.13354222393498,
    127.12675024839123,
    127.12684686406301,
    127.12632583546721,
    127.12636832397045,
    127.09194351903233,
    123.21179458097043,
    123.21298632651182,
    123.2117890097255,
    123.21087002433339,
    123.20868852186001,
    121.43729848023737,
    119.06810251681627,
    99.54522394453255,
    99.54524314400761,
    99.5441584681868,
    99.54478353469138,
    99.54248984636057,
    98.66791217392249,
    96.04267085288582,
    91.67826846465701,
    64.97794873309172
  ],
  "trigger_counts": {
    "grad_norm": 0,
    "loss_delta": 72,
    "max_steps": 0
  },
  "elapsed_seconds": 5692.183226798661,
  "device": "cuda:0",
  "git_sha": "5c2d8282104b3081f6b073074cdcfe12a6a6c78c"
}