{
  "dataset": "div2k_8q",
  "ordering": "rl",
  "seed": 66,
  "m": 8,
  "n": 8,
  "init": "random",
  "topk_ratio": 0.2,
  "k_train": 13107,
  "lr": 0.003,
  "batch": 50,
  "train_batch_idx": [
    33,
    46,
    47,
    65,
    69,
    87,
    110,
    115,
    121,
    123,
    128,
    143,
    158,
    160,
    203,
    212,
    215,
    217,
    223,
    228,
    231,
    251,
    268,
    278,
    285,
    287,
    293,
    314,
    316,
    332,
    333,
    349,
    373,
    376,
    378,
    383,
    392,
    395,
    396,
    406,
    417,
    422,
    424,
    427,
    440,
    451,
    454,
    469,
    479,
    480
  ],
  "max_steps": 2000,
  "grad_check_every": 5,
  "psnr": {
    "0.05": 24.45911502733847,
    "0.1": 26.759861565903297,
    "0.15": 28.557795078625286,
    "0.2": 30.15991866038613
  },
  "final_loss": 98.99120530977926,
  "total_steps": 10491,
  "per_stage_final_loss": [
    1695.0689578099064,
    1695.034893601404,
    1564.96156007574,
    1525.1864424781077,
    1517.9959458280457,
    1302.46559197792,
    1291.1544562178847,
    1262.866873612141,
    1262.76111919562,
    1118.7776394339776,
    1118.2426575646236,
    1114.6409650764542,
    1113.7266465977975,
    1073.1059624730622,
    778.6833512319656,
    777.4728266444533,
    755.756635423678,
    742.0783938606671,
    699.3228684953822,
    698.0618063952394,
    594.7199922178099,
    589.2953276417232,
    589.2927794650583,
    586.7500060870433,
    586.7157363374095,
    516.213563383327,
    497.4866596470092,
    424.43683479586554,
    424.46042983833854,
    424.4276398300137,
    424.1012241788815,
    423.61043489420393,
    422.92411666933776,
    408.7046860154964,
    354.0805347022467,
    218.52662163847472,
    202.12389316580825,
    202.0892280977116,
    195.50053082158834,
    195.49996734428845,
    195.49890568736527,
    187.45730866465752,
    187.45537587127637,
    187.4550360432892,
    187.45177189547562,
    179.95982906480663,
    179.9576624046948,
    179.9548320448777,
    179.95458090623688,
    179.95055179958914,
    176.4847699024232,
    176.48135896599203,
    176.47845863278957,
    176.4780203405094,
    176.47005818463305,
    176.3928738436632,
    167.969474867204,
    167.96509554802628,
    167.96511441155576,
    167.96382389012936,
    167.9610314880487,
    167.95779167330494,
    165.2622092553183,
    144.77608071489374,
    144.7755156303058,
    144.77510301619236,
    144.77512275388924,
    144.77487417163798,
    144.77485925624683,
    136.30736541952012,
    131.9751325676389,
    98.99120530977926
  ],
  "trigger_counts": {
    "grad_norm": 0,
    "loss_delta": 72,
    "max_steps": 0
  },
  "elapsed_seconds": 5479.065333992243,
  "device": "cuda:0",
  "git_sha": "894ee7c407f737c0a250a28d33487a7db7bd83d3"
}