{
  "dataset": "div2k_8q",
  "ordering": "rl",
  "seed": 32,
  "m": 8,
  "n": 8,
  "init": "random",
  "topk_ratio": 0.2,
  "k_train": 13107,
  "lr": 0.003,
  "batch": 50,
  "train_batch_idx": [
    4,
    19,
    36,
    72,
    74,
    98,
    114,
    129,
    138,
    147,
    149,
    150,
    163,
    171,
    192,
    196,
    198,
    216,
    228,
    256,
    257,
    259,
    261,
    265,
    284,
    286,
    292,
    299,
    300,
    305,
    312,
    315,
    327,
    348,
    363,
    366,
    388,
    389,
    396,
    406,
    408,
    434,
    436,
    446,
    448,
    449,
    454,
    478,
    490,
    498
  ],
  "max_steps": 2000,
  "grad_check_every": 5,
  "psnr": {
    "0.05": 25.09878230992129,
    "0.1": 27.660218162388674,
    "0.15": 29.676684438094597,
    "0.2": 31.48165889716799
  },
  "final_loss": 60.13400561707359,
  "total_steps": 9015,
  "per_stage_final_loss": [
    800.8151572085377,
    791.6106365111382,
    790.8315246963344,
    790.303627838996,
    788.6790622224428,
    700.7356825454193,
    696.6953678120324,
    696.4171462358916,
    695.0795681877227,
    662.0371692602138,
    662.0257099073642,
    650.7405827834178,
    635.0988789744208,
    629.8478273898272,
    512.1541702154149,
    504.3516900103345,
    498.35636584243485,
    464.6146136031914,
    460.84655019018743,
    456.6651017015784,
    412.5372625028227,
    410.35131160645835,
    410.1957019408756,
    410.1857055765254,
    390.66467013723104,
    386.51681403158983,
    363.805671388499,
    307.5025943428954,
    307.5018036524084,
    306.9665525194054,
    306.94505276293864,
    306.9000198280642,
    305.5754974141336,
    298.89835291284646,
    283.2308795494574,
    184.10412994187107,
    149.39312313599586,
    149.3874896050768,
    130.7012013436996,
    130.70141013402292,
    130.7008232063156,
    119.4885030292228,
    119.48828764292983,
    119.4881412902608,
    119.4872310378692,
    115.88317196924474,
    115.88241667825824,
    115.88249588860049,
    115.88238352414702,
    115.87204391487906,
    108.74876094650048,
    108.74817503033513,
    108.74869678931617,
    108.74749980881563,
    108.7448908166448,
    108.74282184352703,
    106.16563891210623,
    106.16493258811676,
    106.16432355291953,
    106.16484413107491,
    106.16261088528323,
    106.15547107159783,
    102.03106069343926,
    91.47822317240356,
    91.47801220467278,
    91.45780747851653,
    91.45632832344292,
    91.45318885419991,
    91.42718687989729,
    88.86405408101156,
    85.1423122718099,
    60.13400561707359
  ],
  "trigger_counts": {
    "grad_norm": 0,
    "loss_delta": 72,
    "max_steps": 0
  },
  "elapsed_seconds": 4737.11551580485,
  "device": "cuda:0",
  "git_sha": "894ee7c407f737c0a250a28d33487a7db7bd83d3"
}