{
  "dataset": "div2k_8q",
  "ordering": "rl",
  "seed": 29,
  "m": 8,
  "n": 8,
  "init": "random",
  "topk_ratio": 0.2,
  "k_train": 13107,
  "lr": 0.003,
  "batch": 50,
  "train_batch_idx": [
    2,
    9,
    10,
    13,
    22,
    29,
    41,
    56,
    59,
    62,
    89,
    104,
    111,
    121,
    135,
    158,
    176,
    177,
    182,
    187,
    188,
    193,
    204,
    208,
    228,
    229,
    236,
    239,
    244,
    263,
    271,
    290,
    292,
    299,
    303,
    318,
    365,
    371,
    380,
    388,
    407,
    411,
    421,
    428,
    464,
    466,
    467,
    472,
    476,
    484
  ],
  "max_steps": 2000,
  "grad_check_every": 5,
  "psnr": {
    "0.05": 24.748577991480396,
    "0.1": 27.144263201656123,
    "0.15": 29.01632573535961,
    "0.2": 30.68284716402278
  },
  "final_loss": 95.81315327855897,
  "total_steps": 10089,
  "per_stage_final_loss": [
    453.49969349467915,
    450.84738471795276,
    442.5317386815441,
    442.52783010389146,
    441.896545466766,
    425.7084526923309,
    424.65035655772306,
    424.6412941863605,
    424.1126659456991,
    399.24404048510087,
    398.6823082243903,
    395.39827273192003,
    389.98311609096436,
    389.6613072145301,
    361.14983884361874,
    359.8425648000859,
    359.831576177433,
    354.3354121878464,
    353.556782274507,
    351.9177756426603,
    314.27198091661546,
    314.20658433687555,
    313.82481621503155,
    311.4508707668555,
    307.73704498250663,
    302.5287674314057,
    292.04715379565795,
    279.56570347362265,
    279.5125692795824,
    279.51306968512534,
    279.51741246130536,
    279.500154640062,
    279.4998588482548,
    275.1193820181585,
    274.4501186807909,
    192.09882523531653,
    180.2751341310516,
    180.27494477421828,
    165.43912896656934,
    165.43277108820766,
    165.4327765865072,
    154.20252698368492,
    154.20207596098186,
    154.20188226188915,
    154.20001721032096,
    150.08253611880932,
    150.08157241896376,
    150.07966009851563,
    150.07688267280716,
    150.0677805532091,
    141.78753079150786,
    141.78619833865847,
    141.78566544454787,
    141.7849000644722,
    141.78178312327688,
    141.75076485460588,
    138.72999004369626,
    138.72876120011605,
    138.7280083654736,
    138.72498303395327,
    138.7236576366665,
    138.71571949965153,
    131.84610984368575,
    111.48688904804084,
    111.47754723583218,
    111.47495883951142,
    111.47491852098929,
    101.63904874891888,
    101.63473960044745,
    101.50487658525614,
    101.2945355209482,
    95.81315327855897
  ],
  "trigger_counts": {
    "grad_norm": 0,
    "loss_delta": 72,
    "max_steps": 0
  },
  "elapsed_seconds": 5381.008589812554,
  "device": "cuda:0",
  "git_sha": "894ee7c407f737c0a250a28d33487a7db7bd83d3"
}