{
  "dataset": "div2k_8q",
  "ordering": "rl",
  "seed": 34,
  "m": 8,
  "n": 8,
  "init": "random",
  "topk_ratio": 0.2,
  "k_train": 13107,
  "lr": 0.003,
  "batch": 50,
  "train_batch_idx": [
    1,
    3,
    10,
    28,
    45,
    50,
    51,
    53,
    56,
    58,
    67,
    78,
    85,
    92,
    110,
    115,
    143,
    154,
    167,
    176,
    189,
    222,
    232,
    243,
    298,
    300,
    304,
    312,
    321,
    333,
    346,
    358,
    362,
    364,
    373,
    395,
    408,
    414,
    416,
    419,
    430,
    440,
    444,
    449,
    452,
    453,
    481,
    489,
    491,
    496
  ],
  "max_steps": 2000,
  "grad_check_every": 5,
  "psnr": {
    "0.05": 24.894086448858012,
    "0.1": 27.408597233789983,
    "0.15": 29.380439613714728,
    "0.2": 31.144402437814033
  },
  "final_loss": 63.828174343672245,
  "total_steps": 9415,
  "per_stage_final_loss": [
    1008.0552415799928,
    1006.5243894467783,
    954.0522087871706,
    948.6914817922359,
    923.0362947051897,
    912.7198538154283,
    912.6822207292851,
    893.629591145519,
    889.2762061364795,
    838.4258717933179,
    838.4255471898177,
    836.5325559516277,
    832.3784959827508,
    777.5450654815728,
    724.7973219433796,
    709.2834071252711,
    704.5573936044451,
    702.9472267938265,
    689.2398641327559,
    681.5870976588386,
    558.2123911103248,
    548.0672087819153,
    530.66803194591,
    528.9767496053558,
    514.3170761969166,
    502.05082515690447,
    483.8966936700025,
    361.3755242735747,
    361.33459556192736,
    361.1514754486633,
    357.5332986104427,
    354.65592249738285,
    346.07280896589265,
    334.15830450362193,
    313.37399171045155,
    219.94809757526832,
    190.09560775883355,
    190.082374658654,
    178.16023665824446,
    178.15511724059732,
    178.1525397150653,
    159.19713946062765,
    159.19339296537518,
    159.19168134281747,
    159.19156802508974,
    147.24528192233058,
    147.24460693009334,
    147.24325654226544,
    147.24273643177753,
    147.22530313022074,
    137.78423205438162,
    137.7831665696569,
    137.78297898058347,
    137.78229580272009,
    137.78121579816397,
    137.73621560392738,
    131.4072189475596,
    131.40751306768487,
    131.40713779598286,
    131.71515460487817,
    131.39700830112804,
    131.39393240016233,
    131.2255344943659,
    107.86992370700926,
    107.86601313466278,
    107.86533637724493,
    107.86559516191227,
    107.86536343940978,
    107.86358066216778,
    106.31674843207233,
    98.29995297630518,
    63.828174343672245
  ],
  "trigger_counts": {
    "grad_norm": 0,
    "loss_delta": 72,
    "max_steps": 0
  },
  "elapsed_seconds": 4962.844977075234,
  "device": "cuda:0",
  "git_sha": "894ee7c407f737c0a250a28d33487a7db7bd83d3"
}