{
  "dataset": "div2k_8q",
  "ordering": "rl",
  "seed": 62,
  "m": 8,
  "n": 8,
  "init": "random",
  "topk_ratio": 0.2,
  "k_train": 13107,
  "lr": 0.003,
  "batch": 50,
  "train_batch_idx": [
    10,
    12,
    53,
    55,
    56,
    101,
    102,
    105,
    110,
    119,
    131,
    132,
    147,
    149,
    156,
    159,
    178,
    201,
    210,
    211,
    225,
    226,
    228,
    237,
    238,
    246,
    249,
    256,
    257,
    259,
    275,
    303,
    306,
    308,
    312,
    318,
    338,
    339,
    355,
    365,
    386,
    390,
    405,
    407,
    416,
    418,
    427,
    430,
    447,
    476
  ],
  "max_steps": 2000,
  "grad_check_every": 5,
  "psnr": {
    "0.05": 25.09200552662756,
    "0.1": 27.571039583627503,
    "0.15": 29.531507803184624,
    "0.2": 31.292590178246254
  },
  "final_loss": 69.60334495579197,
  "total_steps": 9432,
  "per_stage_final_loss": [
    1306.8094290730112,
    1289.0454219925027,
    1233.2616197361262,
    1224.9222627662582,
    1200.655076020161,
    1196.2308513114308,
    1187.9428429172046,
    1138.4989099095474,
    1091.6261578095448,
    1031.327197516543,
    1003.9081561194923,
    992.3415282451048,
    987.4614743109901,
    936.4672605721341,
    769.5342761684979,
    768.8904852142575,
    754.5911382348702,
    751.2424747906252,
    742.1878598164457,
    732.3155019492177,
    694.3958725925722,
    681.0352787396171,
    681.0288995540254,
    680.2046939264131,
    671.6096974288187,
    580.0916143192717,
    550.4590478228143,
    434.84574690595025,
    434.6116181989758,
    433.57568611846364,
    429.82895091804517,
    425.3777020446959,
    419.9990935932119,
    401.7682540897684,
    366.6774866316514,
    232.11611850069235,
    216.19587647585556,
    216.19501587579174,
    201.51990264810328,
    194.76821789602516,
    184.32590165437497,
    176.34716269067215,
    176.34599291496758,
    176.34456377668118,
    176.34440939876956,
    172.85826602175914,
    172.85684197402625,
    172.8569212157417,
    172.85604739766953,
    172.85350699149717,
    157.31407447945668,
    157.3138493564409,
    157.31377955482134,
    157.31364876490142,
    157.31069833880855,
    156.19833329512866,
    155.0618245215575,
    155.04904366336902,
    155.0472088941502,
    155.04276159868462,
    155.04352696221565,
    154.68521795627302,
    150.19805377895338,
    126.24151511055025,
    116.55284463722033,
    116.54745917889963,
    116.55016721328123,
    116.54477607310596,
    116.09978428552311,
    107.42771755755275,
    106.03462585414829,
    69.60334495579197
  ],
  "trigger_counts": {
    "grad_norm": 0,
    "loss_delta": 72,
    "max_steps": 0
  },
  "elapsed_seconds": 10718.628647461534,
  "device": "cuda:0",
  "git_sha": "894ee7c407f737c0a250a28d33487a7db7bd83d3"
}