{
  "dataset": "div2k_8q",
  "ordering": "rl",
  "seed": 100,
  "m": 8,
  "n": 8,
  "init": "random",
  "topk_ratio": 0.2,
  "k_train": 13107,
  "lr": 0.003,
  "batch": 50,
  "train_batch_idx": [
    1,
    19,
    36,
    56,
    61,
    62,
    68,
    69,
    89,
    111,
    131,
    134,
    153,
    160,
    190,
    195,
    202,
    212,
    223,
    238,
    242,
    243,
    257,
    269,
    270,
    274,
    275,
    277,
    287,
    299,
    322,
    325,
    337,
    345,
    349,
    366,
    372,
    376,
    377,
    399,
    424,
    430,
    431,
    436,
    447,
    463,
    481,
    483,
    490,
    494
  ],
  "max_steps": 2000,
  "grad_check_every": 5,
  "psnr": {
    "0.05": 24.819602817811777,
    "0.1": 27.25964236276531,
    "0.15": 29.18549911460245,
    "0.2": 30.913058635014686
  },
  "final_loss": 81.02501170977999,
  "total_steps": 8739,
  "per_stage_final_loss": [
    745.95879054678,
    745.9588172401756,
    714.7561043010678,
    714.6947503390888,
    714.6684824924298,
    671.645370398842,
    671.4864054148944,
    670.1487450236531,
    658.6611335483108,
    635.46210746321,
    634.6335866510518,
    634.1974339502449,
    616.2017808748786,
    613.4817518455317,
    529.4849666789593,
    526.9659793492075,
    526.6407135253977,
    526.3985628347476,
    520.1125633387387,
    519.7836328809337,
    431.50996572373737,
    428.84393079181166,
    424.4923792433491,
    417.0777291021093,
    415.01632093112147,
    411.42287317282535,
    404.1476131356188,
    334.4584961805943,
    334.29773899591424,
    333.86930976072114,
    331.78975027575694,
    326.1583250040478,
    319.3652756874342,
    305.48665738031076,
    283.54552355131256,
    195.71785144666487,
    182.67549915269745,
    182.6733737796295,
    163.5141539566519,
    163.51019899245136,
    163.507903339226,
    157.05738379515972,
    157.05598990853886,
    157.056161185459,
    157.05686723489072,
    142.3185829845589,
    142.3160746006341,
    142.31608397348032,
    142.3147262092773,
    142.3132022143594,
    125.67957391683957,
    125.67079586695924,
    125.6704592270495,
    125.6699025139304,
    125.66976059289084,
    125.66743654277704,
    124.76449713022103,
    124.76336247698045,
    124.76201012470015,
    124.76168314417748,
    124.75559100131055,
    124.75441606267654,
    120.39939933548023,
    107.52500139260765,
    107.50098998615991,
    107.49982542580409,
    107.49867635883416,
    107.49925072703245,
    107.48152274662452,
    103.65705098993227,
    99.66724159061829,
    81.02501170977999
  ],
  "trigger_counts": {
    "grad_norm": 0,
    "loss_delta": 72,
    "max_steps": 0
  },
  "elapsed_seconds": 10653.198820521124,
  "device": "cuda:0",
  "git_sha": "5c2d8282104b3081f6b073074cdcfe12a6a6c78c"
}