{
  "dataset": "div2k_8q",
  "ordering": "rl",
  "seed": 15,
  "m": 8,
  "n": 8,
  "init": "random",
  "topk_ratio": 0.2,
  "k_train": 13107,
  "lr": 0.003,
  "batch": 50,
  "train_batch_idx": [
    8,
    20,
    46,
    47,
    66,
    67,
    92,
    101,
    109,
    112,
    125,
    157,
    160,
    162,
    188,
    203,
    209,
    213,
    216,
    231,
    248,
    260,
    262,
    264,
    292,
    313,
    319,
    324,
    333,
    368,
    370,
    382,
    399,
    419,
    425,
    428,
    445,
    448,
    449,
    450,
    454,
    458,
    462,
    481,
    482,
    486,
    488,
    490,
    492,
    498
  ],
  "max_steps": 2000,
  "grad_check_every": 5,
  "psnr": {
    "0.05": 25.099289574940244,
    "0.1": 27.660481872364866,
    "0.15": 29.676234475439255,
    "0.2": 31.480917122327874
  },
  "final_loss": 86.0282373120004,
  "total_steps": 9589,
  "per_stage_final_loss": [
    651.3813517288606,
    651.3316519219713,
    622.4340238609537,
    622.3623960801492,
    615.8660246365436,
    571.6880854489885,
    564.2828005283699,
    563.1202070197784,
    561.519502338699,
    512.4644426069793,
    509.75280398641337,
    497.7330342866538,
    496.6237663498044,
    496.10179062355905,
    489.73507471052363,
    488.4138754859088,
    488.1543254674229,
    486.0725999311708,
    481.3307184611609,
    475.11580507826534,
    447.46244246643766,
    447.4111398848555,
    444.7815942639495,
    441.0613536849749,
    427.1633685794835,
    409.8847240687438,
    406.15556528411514,
    345.1596103074259,
    345.1464908239971,
    345.0384514958279,
    344.76585799594784,
    342.7941589349552,
    340.21246336979834,
    322.8502503555275,
    289.4939852657813,
    197.13802478013375,
    170.58033188832712,
    170.5667878168019,
    147.07822371572013,
    147.07715069237724,
    147.0760466940698,
    144.02623619577855,
    144.0255703914168,
    144.025378739289,
    144.02411117090983,
    136.5425143128975,
    136.5428403268256,
    136.5414208267287,
    136.54131914659342,
    136.54057881503806,
    131.47406380645776,
    131.4734229993306,
    131.47176062905754,
    131.47105909303548,
    131.47060470468077,
    131.44444912237503,
    126.05677092952985,
    126.05644513754389,
    126.05630901248271,
    126.05590323728647,
    126.06099811058161,
    126.04364235982398,
    124.90320499348302,
    97.87501039350248,
    97.86869357295984,
    97.86877917627439,
    97.86872037753166,
    97.86809359423758,
    97.86707817197008,
    89.14774377536924,
    88.78804943463619,
    86.0282373120004
  ],
  "trigger_counts": {
    "grad_norm": 0,
    "loss_delta": 72,
    "max_steps": 0
  },
  "elapsed_seconds": 4921.726608907804,
  "device": "cuda:0",
  "git_sha": "894ee7c407f737c0a250a28d33487a7db7bd83d3"
}