{
  "dataset": "div2k_8q",
  "ordering": "rl",
  "seed": 76,
  "m": 8,
  "n": 8,
  "init": "random",
  "topk_ratio": 0.2,
  "k_train": 13107,
  "lr": 0.003,
  "batch": 50,
  "train_batch_idx": [
    0,
    2,
    15,
    26,
    30,
    35,
    56,
    73,
    81,
    89,
    104,
    110,
    121,
    122,
    129,
    133,
    134,
    135,
    142,
    149,
    154,
    164,
    175,
    184,
    194,
    206,
    213,
    233,
    234,
    255,
    260,
    291,
    311,
    330,
    339,
    363,
    364,
    383,
    389,
    393,
    414,
    418,
    424,
    435,
    440,
    447,
    449,
    450,
    456,
    497
  ],
  "max_steps": 2000,
  "grad_check_every": 5,
  "psnr": {
    "0.05": 25.09939815071541,
    "0.1": 27.66062620955077,
    "0.15": 29.676989732370263,
    "0.2": 31.481769566142578
  },
  "final_loss": 59.90514109992568,
  "total_steps": 9576,
  "per_stage_final_loss": [
    493.0691258672162,
    487.6905686336498,
    469.2153480641043,
    467.6733402083438,
    467.11748136917674,
    431.58179724626376,
    430.8724137590863,
    430.71119226737517,
    419.08886986032553,
    395.13695811243963,
    394.8797540692345,
    394.5046947914052,
    394.4948552724466,
    387.32507093314007,
    370.66111964029784,
    370.6388506332182,
    368.197157981027,
    367.7736786522741,
    355.2163203985394,
    354.04910872335864,
    310.6897969694425,
    310.6141563558698,
    307.93903146206225,
    303.230149603331,
    294.2978369630402,
    291.8299733623772,
    290.52404424470666,
    238.4156024132244,
    238.31660975810786,
    238.07832777422155,
    237.56266627622216,
    237.11301379793852,
    230.68890249543907,
    215.51485498318064,
    212.29100656309606,
    162.5314451969664,
    147.07176287149687,
    147.0563161942617,
    133.1513360292695,
    133.14922561157906,
    133.1486080745041,
    126.0993763926621,
    126.0988267488197,
    126.09860092613111,
    126.09839133357764,
    119.20398359661759,
    119.2016114632093,
    119.20129139672031,
    119.19967562655897,
    119.19832140573011,
    113.29720039537015,
    113.2953592295834,
    113.29504745711054,
    113.33285606896125,
    113.29413449734894,
    113.29078617532403,
    107.4821413941811,
    107.16103608198343,
    107.16034744748859,
    107.15996940086174,
    107.15952749039104,
    107.15296787709912,
    102.09754985768383,
    101.44348045349875,
    101.44299603999315,
    101.44212155925406,
    101.44487546643333,
    101.44071112723168,
    101.44075754244169,
    100.74136257533738,
    76.77745591946336,
    59.90514109992568
  ],
  "trigger_counts": {
    "grad_norm": 0,
    "loss_delta": 72,
    "max_steps": 0
  },
  "elapsed_seconds": 10889.631660714746,
  "device": "cuda:0",
  "git_sha": "8f584e16671086491acd5747515c5792c0fffec7"
}