{
  "dataset": "div2k_8q",
  "ordering": "rl",
  "seed": 38,
  "m": 8,
  "n": 8,
  "init": "random",
  "topk_ratio": 0.2,
  "k_train": 13107,
  "lr": 0.003,
  "batch": 50,
  "train_batch_idx": [
    18,
    34,
    46,
    47,
    51,
    62,
    63,
    65,
    75,
    96,
    106,
    112,
    113,
    128,
    146,
    161,
    166,
    171,
    177,
    184,
    191,
    197,
    205,
    218,
    219,
    227,
    231,
    252,
    255,
    256,
    260,
    290,
    308,
    315,
    320,
    325,
    327,
    328,
    334,
    350,
    370,
    387,
    400,
    401,
    408,
    428,
    442,
    483,
    496,
    498
  ],
  "max_steps": 2000,
  "grad_check_every": 5,
  "psnr": {
    "0.05": 25.098192074831562,
    "0.1": 27.65944135037967,
    "0.15": 29.67585351465797,
    "0.2": 31.4806819339519
  },
  "final_loss": 75.8639092141631,
  "total_steps": 10324,
  "per_stage_final_loss": [
    675.3295819091072,
    675.0197391656853,
    629.0146519397139,
    628.00256686529,
    623.6629245452315,
    586.5596039954157,
    585.8286641769108,
    583.4205203512788,
    577.4617210429676,
    570.8061627406843,
    570.7460148917845,
    569.8394392126679,
    563.693260101047,
    561.4755074629219,
    501.1347057704044,
    501.09359396447877,
    500.54471274213216,
    480.0994120658285,
    479.20732929473616,
    463.4024300236057,
    390.0734162723711,
    387.8590278771479,
    387.85871211851116,
    384.0383183623365,
    383.69038973020014,
    375.93080996822647,
    371.82088497648203,
    300.95528558578314,
    300.6476172006172,
    299.6131740873869,
    299.40683215115445,
    297.30334322133274,
    295.1127372398477,
    291.3608621642878,
    278.1650912123785,
    193.8468531445718,
    176.9914325241094,
    176.97753173435825,
    164.43114814961308,
    164.42974466078937,
    164.42843371685026,
    153.62460397190594,
    153.61734045182183,
    153.61643822515214,
    153.6155886956306,
    145.20167895562386,
    145.20557327526623,
    145.2004133598323,
    145.1986802134578,
    145.19214471049108,
    139.2142290688538,
    139.2128834654259,
    139.21228699949117,
    139.21103895257917,
    139.20581221586673,
    139.20566912765705,
    129.34916999015314,
    129.34800082693812,
    129.39874925850035,
    129.34679347504988,
    129.34505255921133,
    129.3078794363805,
    128.98729465044013,
    101.7290052381675,
    101.72586974291099,
    101.725478459702,
    101.7247743387569,
    101.72494989740774,
    101.72419895670981,
    90.64663459190407,
    90.4208075066113,
    75.8639092141631
  ],
  "trigger_counts": {
    "grad_norm": 0,
    "loss_delta": 72,
    "max_steps": 0
  },
  "elapsed_seconds": 5488.425080200657,
  "device": "cuda:0",
  "git_sha": "894ee7c407f737c0a250a28d33487a7db7bd83d3"
}