{
  "dataset": "div2k_8q",
  "ordering": "rl",
  "seed": 19,
  "m": 8,
  "n": 8,
  "init": "random",
  "topk_ratio": 0.2,
  "k_train": 13107,
  "lr": 0.003,
  "batch": 50,
  "train_batch_idx": [
    13,
    23,
    27,
    44,
    83,
    92,
    119,
    124,
    142,
    145,
    149,
    161,
    171,
    172,
    179,
    190,
    195,
    199,
    202,
    206,
    209,
    214,
    228,
    251,
    265,
    269,
    287,
    293,
    294,
    298,
    315,
    319,
    321,
    331,
    342,
    359,
    362,
    366,
    374,
    377,
    388,
    395,
    400,
    405,
    420,
    430,
    438,
    441,
    449,
    461
  ],
  "max_steps": 2000,
  "grad_check_every": 5,
  "psnr": {
    "0.05": 24.84333984209413,
    "0.1": 27.225598092790023,
    "0.15": 29.110616339708123,
    "0.2": 30.806495495862112
  },
  "final_loss": 74.59181443374557,
  "total_steps": 11182,
  "per_stage_final_loss": [
    937.4639054981639,
    931.8273982867915,
    852.7288733565036,
    849.245303101646,
    845.3564775346931,
    760.5330028263305,
    756.8792889698403,
    756.8743029416177,
    749.3067052239696,
    705.981608690497,
    705.5918374113718,
    685.9614977486059,
    678.412186063517,
    664.7190810752835,
    597.6700290198071,
    591.0469527132964,
    591.0344958238161,
    575.9787578508258,
    559.9193549396249,
    522.8234004045786,
    502.1536560440867,
    502.13961357885523,
    501.87646636526375,
    485.85856354518415,
    475.6547465982499,
    474.343089424845,
    435.38005059256335,
    344.39732060393646,
    336.8902839853929,
    330.7146473998387,
    330.6188287571969,
    327.1724837981631,
    324.36474237193255,
    307.43017119597573,
    285.2991674281511,
    175.44659605316807,
    152.84929340265373,
    152.84493876194873,
    148.29377656327026,
    148.29392869633682,
    148.294085124355,
    148.00037785678336,
    147.9992968620696,
    147.99867047294322,
    147.9979105814354,
    147.86947130396246,
    147.86944467779063,
    147.86957453220782,
    147.86916567540607,
    147.84958542805762,
    123.99478892707138,
    123.98153239122321,
    123.9814885382713,
    123.97985576781802,
    123.9790186404745,
    123.59503977152487,
    121.6536993437315,
    121.65227025604455,
    121.65036101456639,
    121.64890565730408,
    121.42299951163825,
    120.00267240105427,
    115.54863228875664,
    96.69467966644183,
    96.69012484994475,
    96.68948611078886,
    96.6893548590659,
    96.69598786346931,
    96.27455696156636,
    91.56330841440614,
    89.87940170158973,
    74.59181443374557
  ],
  "trigger_counts": {
    "grad_norm": 0,
    "loss_delta": 72,
    "max_steps": 0
  },
  "elapsed_seconds": 5493.667361442,
  "device": "cuda:0",
  "git_sha": "894ee7c407f737c0a250a28d33487a7db7bd83d3"
}