{
  "dataset": "div2k_8q",
  "ordering": "rl",
  "seed": 98,
  "m": 8,
  "n": 8,
  "init": "random",
  "topk_ratio": 0.2,
  "k_train": 13107,
  "lr": 0.003,
  "batch": 50,
  "train_batch_idx": [
    0,
    1,
    11,
    12,
    21,
    29,
    32,
    39,
    61,
    73,
    91,
    98,
    101,
    117,
    129,
    133,
    134,
    135,
    136,
    137,
    145,
    151,
    161,
    185,
    189,
    190,
    200,
    202,
    207,
    223,
    225,
    234,
    262,
    265,
    275,
    322,
    333,
    355,
    367,
    378,
    386,
    420,
    426,
    436,
    448,
    458,
    467,
    469,
    475,
    478
  ],
  "max_steps": 2000,
  "grad_check_every": 5,
  "psnr": {
    "0.05": 25.09888160400455,
    "0.1": 27.6600590081459,
    "0.15": 29.676335108881336,
    "0.2": 31.48111064678143
  },
  "final_loss": 73.87254266290722,
  "total_steps": 9442,
  "per_stage_final_loss": [
    1422.8858423799747,
    1373.6168293010858,
    1223.5732356542565,
    1218.4550473078898,
    1218.4200577041017,
    1083.099220378644,
    1082.2406963605722,
    1055.193477521059,
    1053.7933552311968,
    911.2937742828476,
    910.6145005027198,
    910.0301958709382,
    901.3292344106317,
    900.0289211346851,
    802.284801496256,
    776.3770044506739,
    740.3554358562733,
    739.818956412391,
    723.7313907583634,
    713.2415422945326,
    596.3970582588839,
    596.3434273348918,
    589.9327757617289,
    589.2943704167468,
    588.1706232093169,
    530.1639723321525,
    512.9109080196054,
    387.10053326433825,
    386.33204127811047,
    386.1973817144473,
    382.7938644367356,
    378.84472034091124,
    378.76942248602995,
    370.8302956234037,
    347.40674852420534,
    221.7901044981451,
    198.69408262162526,
    198.6919184960102,
    178.12089628083544,
    178.11965250862286,
    178.1193925143136,
    173.4596592447073,
    173.4571764150471,
    173.45546034340583,
    173.4526652218207,
    171.2929176595437,
    171.29272364397823,
    171.2915402861197,
    171.2913617182012,
    171.28570410262822,
    159.0766341242232,
    159.0755714343659,
    159.07497856347595,
    159.0744297206561,
    159.0738321896507,
    159.07317343757353,
    156.5915860786793,
    156.5806536001957,
    156.5804171386474,
    156.57691004019537,
    156.63496305050452,
    156.56871762079192,
    152.95669190251576,
    139.87778504047847,
    127.5726130748411,
    127.57110074590226,
    127.56666753825004,
    127.56509704444726,
    127.5632127907872,
    121.11837863344776,
    118.87957235881414,
    73.87254266290722
  ],
  "trigger_counts": {
    "grad_norm": 0,
    "loss_delta": 72,
    "max_steps": 0
  },
  "elapsed_seconds": 5226.527241243981,
  "device": "cuda:0",
  "git_sha": "5c2d8282104b3081f6b073074cdcfe12a6a6c78c"
}