{
  "dataset": "div2k_8q",
  "ordering": "rl",
  "seed": 23,
  "m": 8,
  "n": 8,
  "init": "random",
  "topk_ratio": 0.2,
  "k_train": 13107,
  "lr": 0.003,
  "batch": 50,
  "train_batch_idx": [
    8,
    16,
    21,
    30,
    38,
    50,
    52,
    55,
    58,
    66,
    73,
    89,
    93,
    101,
    119,
    134,
    142,
    144,
    161,
    165,
    187,
    191,
    195,
    202,
    217,
    221,
    227,
    261,
    268,
    276,
    291,
    300,
    303,
    304,
    313,
    322,
    323,
    332,
    335,
    346,
    357,
    363,
    394,
    423,
    464,
    469,
    471,
    491,
    494,
    498
  ],
  "max_steps": 2000,
  "grad_check_every": 5,
  "psnr": {
    "0.05": 25.093197222035705,
    "0.1": 27.571934094169272,
    "0.15": 29.53215265017458,
    "0.2": 31.293186185910244
  },
  "final_loss": 65.83038662850369,
  "total_steps": 9407,
  "per_stage_final_loss": [
    849.888042776837,
    849.8894345455309,
    849.5083878832312,
    847.9687312186193,
    842.979325569263,
    786.006776419178,
    768.3135278464249,
    767.8695903963472,
    754.6287089219005,
    744.910452209777,
    730.8401915362831,
    730.7804694871135,
    722.327843536897,
    720.9438385877628,
    638.9039068650915,
    638.7093817654625,
    637.6420922783362,
    635.0388338371091,
    634.8429732985147,
    611.752162396239,
    582.2918060998381,
    582.1164701110736,
    564.1655067582923,
    556.5299113052567,
    554.8206204336443,
    549.7630370618559,
    504.2926299445407,
    370.0733175392535,
    369.2635618752008,
    366.88060954101167,
    366.4557069909887,
    362.857440658588,
    356.52049104143305,
    350.66324988965084,
    314.1558305601598,
    205.08483852611306,
    199.30503214815417,
    199.3048793525435,
    178.53118102925285,
    178.53011445539917,
    178.5298497789919,
    167.4433178331934,
    167.44230010055446,
    167.44279005860034,
    167.44209630489718,
    164.91835869854856,
    164.91587632739447,
    164.91517043068583,
    164.91308148870388,
    164.91231907324268,
    160.13773341083777,
    160.13584321048668,
    160.13749079933288,
    160.13247438455016,
    160.13169615079903,
    160.12375422839264,
    159.53381553464774,
    159.53290621143253,
    159.53298902585962,
    147.56589117568544,
    147.56281734113247,
    146.0225157777441,
    132.69707948956963,
    118.66946549157966,
    118.72881245887011,
    118.66686956884286,
    118.66628323423231,
    118.6654599888467,
    112.38306142850165,
    111.86346869410734,
    107.82028347619836,
    65.83038662850369
  ],
  "trigger_counts": {
    "grad_norm": 0,
    "loss_delta": 72,
    "max_steps": 0
  },
  "elapsed_seconds": 10807.823828221299,
  "device": "cuda:0",
  "git_sha": "894ee7c407f737c0a250a28d33487a7db7bd83d3"
}