{
  "dataset": "div2k_8q",
  "ordering": "rl",
  "seed": 45,
  "m": 8,
  "n": 8,
  "init": "random",
  "topk_ratio": 0.2,
  "k_train": 13107,
  "lr": 0.003,
  "batch": 50,
  "train_batch_idx": [
    21,
    22,
    27,
    56,
    59,
    131,
    145,
    169,
    176,
    191,
    195,
    200,
    204,
    206,
    209,
    225,
    234,
    239,
    241,
    251,
    252,
    258,
    259,
    262,
    274,
    277,
    296,
    307,
    315,
    322,
    331,
    344,
    348,
    350,
    360,
    361,
    369,
    371,
    372,
    388,
    392,
    398,
    412,
    416,
    420,
    447,
    462,
    470,
    480,
    495
  ],
  "max_steps": 2000,
  "grad_check_every": 5,
  "psnr": {
    "0.05": 25.09883681502967,
    "0.1": 27.660291561624557,
    "0.15": 29.67681044406897,
    "0.2": 31.4816130226309
  },
  "final_loss": 67.30724678005586,
  "total_steps": 9788,
  "per_stage_final_loss": [
    792.7354309736135,
    792.6406297228885,
    762.6524087425541,
    759.3426316957037,
    748.5446268447695,
    679.4191038355649,
    679.1619735096887,
    679.1327191175643,
    678.5560540997808,
    607.7032031758534,
    600.2182534777446,
    583.7634414500857,
    583.4585880328801,
    582.3886758655124,
    550.4672823279057,
    544.4607661696191,
    538.4270835688752,
    536.8875528124081,
    536.4968614381463,
    510.5251940251011,
    460.75334780875784,
    460.6950909940085,
    460.6312241219434,
    438.738516237702,
    426.331335427593,
    408.02646377281695,
    391.5699931860929,
    365.87535737136466,
    365.8669261156771,
    365.84809557261804,
    364.34108750325476,
    362.54859810196405,
    360.1497658429101,
    335.51922200704024,
    300.80594304188145,
    183.94722168084846,
    179.48871857581125,
    179.479455278885,
    160.26507462118826,
    160.26019937344896,
    160.25558187277696,
    151.33534213232608,
    151.3347779593034,
    151.33467123030644,
    151.33277982074387,
    146.91751312649015,
    146.91667344923124,
    146.91624658961612,
    146.91617469299422,
    146.9115612631027,
    140.44815978516712,
    140.44587873154225,
    140.44694154857814,
    140.4458558075455,
    140.44457556665517,
    140.43353695939118,
    136.0980121262065,
    136.0947982255803,
    136.09614998139338,
    136.09265885353983,
    136.09250207739413,
    136.08092820552295,
    132.98549344814268,
    102.85318378816072,
    102.85050891328987,
    102.84930055218574,
    102.84927364398507,
    102.84878344348614,
    102.84872555463592,
    99.88241530558764,
    96.53441343022861,
    67.30724678005586
  ],
  "trigger_counts": {
    "grad_norm": 0,
    "loss_delta": 72,
    "max_steps": 0
  },
  "elapsed_seconds": 11128.90134823881,
  "device": "cuda:0",
  "git_sha": "894ee7c407f737c0a250a28d33487a7db7bd83d3"
}