{
  "dataset": "div2k_8q",
  "ordering": "rl",
  "seed": 17,
  "m": 8,
  "n": 8,
  "init": "random",
  "topk_ratio": 0.2,
  "k_train": 13107,
  "lr": 0.003,
  "batch": 50,
  "train_batch_idx": [
    3,
    7,
    16,
    17,
    23,
    39,
    42,
    48,
    70,
    73,
    74,
    81,
    87,
    98,
    119,
    168,
    173,
    178,
    198,
    199,
    202,
    208,
    210,
    225,
    228,
    235,
    237,
    254,
    274,
    275,
    281,
    284,
    286,
    296,
    314,
    327,
    334,
    341,
    344,
    348,
    359,
    363,
    381,
    399,
    423,
    459,
    476,
    477,
    485,
    492
  ],
  "max_steps": 2000,
  "grad_check_every": 5,
  "psnr": {
    "0.05": 25.098219899218474,
    "0.1": 27.65962758350417,
    "0.15": 29.676038995680123,
    "0.2": 31.48076790773358
  },
  "final_loss": 67.2433478059106,
  "total_steps": 8585,
  "per_stage_final_loss": [
    533.6642937268043,
    531.7908887619174,
    528.2984262286789,
    528.293690267214,
    525.4788340197653,
    518.7901274793758,
    517.3694723502981,
    516.3599333209008,
    512.9312341103735,
    470.1266020172174,
    467.3527750706725,
    462.8438872422825,
    460.8536518366034,
    460.27572548466065,
    453.4471123587624,
    450.70185808264716,
    450.54312509422056,
    450.5409397768902,
    445.9608462060584,
    434.2979187913622,
    394.30825918277986,
    392.880100718109,
    388.3289531310533,
    380.60313987866357,
    372.4551957318805,
    364.90885268503905,
    363.44411235631253,
    325.0201636090685,
    324.5390473930943,
    324.1614239540992,
    324.00943527319293,
    323.32997831440343,
    323.32440492732223,
    311.3674596857558,
    277.4741310482144,
    176.2374718634062,
    163.3733571002564,
    163.37313837778035,
    147.5294515849857,
    147.52499867972733,
    147.52453159825149,
    137.10196288844386,
    137.1013710162431,
    137.10085219220997,
    137.0999030948585,
    126.91908319726126,
    126.91871345796092,
    126.91827661060361,
    126.9175610274483,
    126.91428229339064,
    120.4466627146912,
    120.44564168618912,
    120.44557940874209,
    120.44569007212779,
    120.44642977973763,
    120.4103215735084,
    105.8478959512233,
    105.84570544120099,
    105.84486830565973,
    105.84404994691874,
    105.84218675009677,
    105.8414316039352,
    105.57027627155354,
    102.76716504854693,
    102.7663262626021,
    102.76587236443825,
    102.76541435345784,
    102.76534071904344,
    102.75582843638193,
    98.0982164609163,
    90.3873076664428,
    67.2433478059106
  ],
  "trigger_counts": {
    "grad_norm": 0,
    "loss_delta": 72,
    "max_steps": 0
  },
  "elapsed_seconds": 4510.883189848624,
  "device": "cuda:0",
  "git_sha": "894ee7c407f737c0a250a28d33487a7db7bd83d3"
}