{
  "dataset": "div2k_8q",
  "ordering": "rl",
  "seed": 24,
  "m": 8,
  "n": 8,
  "init": "random",
  "topk_ratio": 0.2,
  "k_train": 13107,
  "lr": 0.003,
  "batch": 50,
  "train_batch_idx": [
    14,
    19,
    27,
    29,
    40,
    49,
    58,
    60,
    86,
    126,
    133,
    148,
    149,
    155,
    161,
    172,
    183,
    184,
    186,
    194,
    213,
    216,
    231,
    259,
    262,
    263,
    264,
    267,
    270,
    290,
    296,
    303,
    311,
    316,
    321,
    336,
    340,
    346,
    347,
    355,
    357,
    372,
    385,
    405,
    419,
    438,
    448,
    479,
    491,
    497
  ],
  "max_steps": 2000,
  "grad_check_every": 5,
  "psnr": {
    "0.05": 25.093229749660882,
    "0.1": 27.571800295369798,
    "0.15": 29.53201357374568,
    "0.2": 31.293080503052966
  },
  "final_loss": 52.73895585582125,
  "total_steps": 10777,
  "per_stage_final_loss": [
    811.6097067122959,
    806.8091754627171,
    774.9485044553745,
    764.1249736249406,
    762.2769669901085,
    678.6463075986982,
    676.9288380104266,
    674.7978049240066,
    674.4580848985058,
    642.691598751722,
    642.5157632162167,
    632.0396913849049,
    627.372379803908,
    625.5958465415277,
    591.7733278381835,
    575.5970497154215,
    568.852558773738,
    567.346425883048,
    564.9363625137405,
    563.5372042947764,
    491.65792849935593,
    488.4371939713291,
    469.616124098181,
    465.9990460245509,
    445.9746861866917,
    439.29099093647216,
    432.4231186408836,
    359.97396882430246,
    359.95269767504686,
    359.9433033682515,
    359.558337212256,
    352.52018253276805,
    338.1477777871251,
    315.49043240357673,
    282.1394475942479,
    168.36476322136087,
    143.25105523473792,
    143.24960054213295,
    139.01396124779,
    139.01400860147083,
    139.01380222549943,
    126.80182210110992,
    126.80124425419282,
    126.79995371862083,
    126.79808673935864,
    123.05740917253863,
    123.05525572973893,
    123.0554988537629,
    123.05546546161285,
    123.05387531704952,
    122.55398113039844,
    122.55403900722492,
    122.55340415884562,
    122.55128780972616,
    122.54788516329639,
    121.98673668354436,
    116.95639722675882,
    116.95555844384202,
    116.95560992523238,
    116.95423726702299,
    116.95335664043978,
    115.23144651213235,
    113.08051662518191,
    105.21073499945629,
    105.21075673206985,
    105.20625846713918,
    105.2056581769278,
    105.20550867626298,
    104.33750501924948,
    100.29955643420992,
    87.02053463827349,
    52.73895585582125
  ],
  "trigger_counts": {
    "grad_norm": 0,
    "loss_delta": 72,
    "max_steps": 0
  },
  "elapsed_seconds": 12211.49318837002,
  "device": "cuda:0",
  "git_sha": "894ee7c407f737c0a250a28d33487a7db7bd83d3"
}