{
  "dataset": "div2k_8q",
  "ordering": "rl",
  "seed": 96,
  "m": 8,
  "n": 8,
  "init": "random",
  "topk_ratio": 0.2,
  "k_train": 13107,
  "lr": 0.003,
  "batch": 50,
  "train_batch_idx": [
    5,
    12,
    18,
    20,
    43,
    65,
    76,
    87,
    88,
    92,
    98,
    109,
    119,
    124,
    129,
    138,
    161,
    185,
    202,
    214,
    218,
    221,
    222,
    224,
    225,
    244,
    250,
    251,
    272,
    279,
    289,
    290,
    316,
    324,
    329,
    333,
    335,
    368,
    372,
    384,
    388,
    425,
    429,
    434,
    447,
    450,
    458,
    460,
    467,
    497
  ],
  "max_steps": 2000,
  "grad_check_every": 5,
  "psnr": {
    "0.05": 25.093636351537853,
    "0.1": 27.5724279388994,
    "0.15": 29.532642668500426,
    "0.2": 31.29370832513086
  },
  "final_loss": 70.98591443195971,
  "total_steps": 9358,
  "per_stage_final_loss": [
    818.133610258355,
    813.2237903623118,
    761.5533659321533,
    747.1784871202279,
    743.0007425088718,
    726.8540841529748,
    697.6552628908573,
    697.2900088596879,
    697.2884627651105,
    615.2402690324228,
    610.7440218804821,
    593.4850521813308,
    592.883295780315,
    589.5979581611033,
    527.2816148287644,
    526.153950154157,
    523.8881640733426,
    516.2110143460953,
    515.5121510300706,
    475.6740446323251,
    419.8658042498654,
    419.8462443605772,
    414.0617472588524,
    413.3488298113538,
    400.7467495853646,
    399.6879923361796,
    399.46259434495784,
    290.25883421403694,
    289.96619778508637,
    289.8044214168206,
    289.79268505048344,
    289.2471882299837,
    288.3251090793882,
    285.8827124118991,
    280.93137782491993,
    186.81185862856714,
    168.0819818472056,
    168.08878219071033,
    159.8247840257223,
    159.82356322887742,
    159.82416533164607,
    149.3196584551939,
    149.31627572790094,
    149.31601223110556,
    149.31583801952323,
    142.8900599859259,
    142.88687190636938,
    142.88583337691458,
    142.8855283812505,
    142.8804492884192,
    136.9133903871694,
    136.9124033441008,
    136.9126310792095,
    136.91175584773077,
    136.91091368348538,
    136.90239514704965,
    134.22574391941728,
    134.68716588975752,
    134.6842550701936,
    134.68327210273188,
    134.68204407202845,
    132.54606043015454,
    126.98906112951062,
    98.22859373720492,
    98.22561929660405,
    98.22528439085916,
    98.22347132766753,
    98.21972348382981,
    97.61750934389954,
    93.86422806927827,
    91.3553715158325,
    70.98591443195971
  ],
  "trigger_counts": {
    "grad_norm": 0,
    "loss_delta": 72,
    "max_steps": 0
  },
  "elapsed_seconds": 11085.552516411059,
  "device": "cuda:0",
  "git_sha": "5c2d8282104b3081f6b073074cdcfe12a6a6c78c"
}