{
  "dataset": "div2k_8q",
  "ordering": "rl",
  "seed": 69,
  "m": 8,
  "n": 8,
  "init": "random",
  "topk_ratio": 0.2,
  "k_train": 13107,
  "lr": 0.003,
  "batch": 50,
  "train_batch_idx": [
    3,
    5,
    8,
    10,
    23,
    33,
    46,
    69,
    82,
    121,
    150,
    190,
    201,
    203,
    219,
    230,
    239,
    248,
    252,
    258,
    262,
    265,
    286,
    295,
    306,
    309,
    315,
    316,
    318,
    324,
    331,
    334,
    336,
    344,
    356,
    358,
    359,
    365,
    367,
    371,
    377,
    390,
    394,
    398,
    406,
    411,
    447,
    457,
    495,
    499
  ],
  "max_steps": 2000,
  "grad_check_every": 5,
  "psnr": {
    "0.05": 25.23385779910984,
    "0.1": 27.810427098243423,
    "0.15": 29.840063561884808,
    "0.2": 31.658817314747886
  },
  "final_loss": 76.0044405188811,
  "total_steps": 11160,
  "per_stage_final_loss": [
    1879.574532107273,
    1872.666499254806,
    1542.9082914180353,
    1505.2790584461598,
    1469.8646717450767,
    1315.2104818127998,
    1297.3795333176001,
    1293.87994742162,
    1286.83521553664,
    1188.6061202304775,
    1183.1334651177085,
    1182.8265679077538,
    1119.02192235527,
    1118.995245684074,
    963.2316613165734,
    939.1272607806058,
    938.1072640273944,
    925.6852546521928,
    921.1777922631215,
    816.6819113624315,
    551.4705880576254,
    551.444465440975,
    551.3779823272547,
    550.8270315656705,
    550.8093225402297,
    550.8055820004032,
    550.1024874453421,
    471.7112238013671,
    471.6813515589333,
    470.9803058956869,
    470.4777340076359,
    463.7002269756226,
    447.58981049252196,
    447.2216717962206,
    391.0430468545991,
    240.0267186203004,
    229.31057565587116,
    229.2918401241026,
    203.86771847252314,
    203.86311846331358,
    203.86238299366948,
    197.8039586204281,
    197.80349006207248,
    197.8033773953098,
    197.80278584906733,
    194.13965805288012,
    194.13501033611038,
    194.13425730372066,
    194.1338765234763,
    194.1337694482347,
    183.5897887059669,
    183.58877371257776,
    183.58879260851728,
    183.5874998456918,
    183.58706825416564,
    182.08837150114775,
    171.59769016071704,
    171.5957754627427,
    171.59542950381186,
    171.59117503128653,
    171.58731333944755,
    171.00129968298748,
    164.07873391612495,
    147.81801728559506,
    127.98802885030098,
    127.98623987960833,
    127.98020260595575,
    127.97908531691056,
    127.92744604942688,
    126.89134563450177,
    126.66969356102719,
    76.0044405188811
  ],
  "trigger_counts": {
    "grad_norm": 0,
    "loss_delta": 72,
    "max_steps": 0
  },
  "elapsed_seconds": 5806.090858690441,
  "device": "cuda:0",
  "git_sha": "8f584e16671086491acd5747515c5792c0fffec7"
}