{
  "dataset": "div2k_8q",
  "ordering": "rl",
  "seed": 75,
  "m": 8,
  "n": 8,
  "init": "random",
  "topk_ratio": 0.2,
  "k_train": 13107,
  "lr": 0.003,
  "batch": 50,
  "train_batch_idx": [
    2,
    3,
    5,
    10,
    36,
    62,
    66,
    69,
    90,
    91,
    96,
    100,
    159,
    160,
    174,
    189,
    195,
    200,
    214,
    251,
    254,
    256,
    299,
    302,
    306,
    312,
    313,
    325,
    326,
    332,
    337,
    347,
    350,
    352,
    360,
    390,
    397,
    405,
    409,
    411,
    429,
    430,
    441,
    455,
    459,
    473,
    478,
    486,
    487,
    494
  ],
  "max_steps": 2000,
  "grad_check_every": 5,
  "psnr": {
    "0.05": 25.098656707953893,
    "0.1": 27.660030417284883,
    "0.15": 29.676445013450312,
    "0.2": 31.481363037376504
  },
  "final_loss": 67.1337891110925,
  "total_steps": 9434,
  "per_stage_final_loss": [
    624.5326473188933,
    616.3436103634418,
    608.7946756819401,
    597.369536657609,
    587.674518413876,
    550.347377561897,
    550.330158495125,
    536.5175055301046,
    534.4117341303869,
    510.63028445222744,
    510.57731245763694,
    508.53991841978234,
    508.52010132325853,
    508.3026342130644,
    482.66164019285213,
    469.74027815311274,
    450.0470528159714,
    437.91229004494875,
    417.47078231764135,
    417.26830812404756,
    374.3445261378102,
    372.76153337206915,
    371.9681290301437,
    371.47849343742035,
    371.2877779283085,
    371.28704520012775,
    356.6373702814167,
    276.2389871339243,
    276.23783956376616,
    276.21060484505807,
    276.2085248596533,
    271.911684008471,
    270.3985254861704,
    265.08935651459404,
    254.06624753078526,
    187.48620164244997,
    170.1117794829763,
    170.10376686920537,
    159.32496497156197,
    159.3232375658858,
    159.32320132681156,
    154.82714402853543,
    154.82692615755553,
    154.82617716915954,
    154.82606190976225,
    149.55622344079006,
    149.55340825786377,
    149.5483236264219,
    149.54810152931017,
    149.53875426161906,
    145.34104991946424,
    145.3404420882716,
    145.34105037568924,
    145.3400837029929,
    145.33851274025008,
    145.3273688566465,
    135.1007156618377,
    135.1110625228449,
    135.09801674074825,
    135.09709228018633,
    135.09665139425042,
    135.08889353286136,
    134.44121715206057,
    110.13759243755545,
    110.2045132386214,
    110.13539388789381,
    110.13425344298085,
    110.13453870229132,
    110.13025540167571,
    104.05600289753914,
    85.79542023034398,
    67.1337891110925
  ],
  "trigger_counts": {
    "grad_norm": 0,
    "loss_delta": 72,
    "max_steps": 0
  },
  "elapsed_seconds": 5028.779289650731,
  "device": "cuda:0",
  "git_sha": "8f584e16671086491acd5747515c5792c0fffec7"
}