{
  "dataset": "div2k_8q",
  "ordering": "rl",
  "seed": 33,
  "m": 8,
  "n": 8,
  "init": "random",
  "topk_ratio": 0.2,
  "k_train": 13107,
  "lr": 0.003,
  "batch": 50,
  "train_batch_idx": [
    7,
    10,
    23,
    26,
    35,
    53,
    57,
    60,
    73,
    74,
    94,
    114,
    116,
    137,
    147,
    163,
    165,
    172,
    176,
    195,
    197,
    200,
    211,
    239,
    242,
    243,
    253,
    256,
    258,
    270,
    279,
    309,
    315,
    317,
    343,
    350,
    372,
    378,
    388,
    396,
    397,
    409,
    414,
    422,
    429,
    454,
    460,
    466,
    498,
    499
  ],
  "max_steps": 2000,
  "grad_check_every": 5,
  "psnr": {
    "0.05": 25.09901093799382,
    "0.1": 27.660249368612796,
    "0.15": 29.676736884593257,
    "0.2": 31.481411149354077
  },
  "final_loss": 58.32024376677664,
  "total_steps": 10000,
  "per_stage_final_loss": [
    835.7184221711215,
    832.265958878665,
    777.7135793761022,
    777.7119709828543,
    775.7901606425984,
    740.274426433674,
    735.431723797492,
    727.9284117357585,
    721.9172479475254,
    664.5794637921978,
    657.4846135297391,
    647.8471234004807,
    641.7409258012428,
    631.44808047138,
    599.3884254529509,
    598.0999533478811,
    596.1607953744449,
    595.8554306034931,
    595.2653621100352,
    560.3442030998096,
    490.80763608457585,
    490.11569221506636,
    490.1026687865188,
    484.9955047799625,
    484.8750084881704,
    484.44519923325817,
    448.52178773713604,
    384.29422560966,
    383.1112230804423,
    381.87551983122796,
    379.50430534906496,
    375.3102548255688,
    365.89628922973935,
    354.34743726511573,
    309.150361869125,
    188.4447707325661,
    172.49112989009657,
    172.49036673765914,
    157.58119565758355,
    157.5811371849242,
    157.58042244959825,
    144.28123453715972,
    144.27500290996997,
    144.27419304285328,
    144.271642711751,
    139.27993684466324,
    139.27849151336522,
    139.27818577992022,
    139.27788127927212,
    139.26729496589428,
    134.3687117007307,
    134.36791859982435,
    134.3653231195826,
    134.36498756078495,
    134.88283615834774,
    134.0117721466969,
    130.19069448904622,
    130.1618252148941,
    130.16089567929052,
    130.15915363115977,
    130.158731255691,
    130.02772969358688,
    126.58867504122776,
    106.93987415350091,
    106.82862846418955,
    106.82697324182274,
    106.82584474351681,
    106.82520159216169,
    106.79223144498134,
    103.0480630317687,
    90.43383544404678,
    58.32024376677664
  ],
  "trigger_counts": {
    "grad_norm": 0,
    "loss_delta": 72,
    "max_steps": 0
  },
  "elapsed_seconds": 5233.805590883829,
  "device": "cuda:0",
  "git_sha": "894ee7c407f737c0a250a28d33487a7db7bd83d3"
}