{
  "dataset": "div2k_8q",
  "ordering": "rl",
  "seed": 8,
  "m": 8,
  "n": 8,
  "init": "random",
  "topk_ratio": 0.2,
  "k_train": 13107,
  "lr": 0.003,
  "batch": 50,
  "train_batch_idx": [
    8,
    13,
    14,
    18,
    22,
    50,
    67,
    74,
    80,
    87,
    92,
    106,
    113,
    121,
    123,
    141,
    145,
    147,
    173,
    180,
    184,
    185,
    189,
    203,
    216,
    219,
    225,
    254,
    264,
    265,
    287,
    293,
    294,
    316,
    324,
    361,
    386,
    390,
    400,
    401,
    403,
    429,
    435,
    445,
    448,
    451,
    458,
    464,
    481,
    491
  ],
  "max_steps": 2000,
  "grad_check_every": 5,
  "psnr": {
    "0.05": 25.09875002019567,
    "0.1": 27.66003207579239,
    "0.15": 29.676515479381337,
    "0.2": 31.481467825260612
  },
  "final_loss": 65.58403208194567,
  "total_steps": 9763,
  "per_stage_final_loss": [
    789.1252740912811,
    779.403322675531,
    745.74813041316,
    741.8720166812557,
    732.4495013044583,
    664.1672629468111,
    663.2123417399404,
    660.1660529960926,
    648.5201741737045,
    599.9069970401058,
    593.6874805448068,
    585.0485256664953,
    581.422819776327,
    561.6295477855298,
    519.9492790904993,
    518.3160156761794,
    516.441228125456,
    515.6286515181534,
    506.6827004447136,
    498.9360273955451,
    423.1592926235688,
    422.9771928743121,
    416.00472813341577,
    415.2886004342222,
    401.0417128984643,
    396.45888429041446,
    396.06297675226614,
    292.0541738716127,
    291.7291842078463,
    291.27963217994795,
    290.75518748456375,
    290.7059488077096,
    281.57977478470866,
    267.67808255414593,
    267.5341453316636,
    179.48430110116527,
    167.99806027840754,
    167.97593545581128,
    151.1661519016495,
    151.16564630058926,
    151.16505451323545,
    136.6731864712596,
    136.67280914187538,
    136.67260915794705,
    136.67244227854937,
    122.04779572314808,
    122.04502586182655,
    122.04381289723399,
    122.04165192836552,
    122.0443413842751,
    117.20449387450745,
    117.2043333988657,
    117.20403220794691,
    117.20338284835908,
    117.19975164160692,
    117.18592739447514,
    113.25016231976056,
    113.24960302080163,
    113.24903031516078,
    113.24839264628962,
    113.24530327272787,
    113.24016047557082,
    113.23390528621847,
    111.07688150228041,
    111.07675710490685,
    111.07664441753667,
    109.98789426464555,
    109.9909430568274,
    109.98385203227696,
    104.34668655745241,
    95.11244707413502,
    65.58403208194567
  ],
  "trigger_counts": {
    "grad_norm": 0,
    "loss_delta": 72,
    "max_steps": 0
  },
  "elapsed_seconds": 10060.538182361051,
  "device": "cuda:0",
  "git_sha": "894ee7c407f737c0a250a28d33487a7db7bd83d3"
}