{
  "dataset": "div2k_8q",
  "ordering": "rl",
  "seed": 82,
  "m": 8,
  "n": 8,
  "init": "random",
  "topk_ratio": 0.2,
  "k_train": 13107,
  "lr": 0.003,
  "batch": 50,
  "train_batch_idx": [
    21,
    37,
    50,
    67,
    68,
    73,
    99,
    102,
    103,
    124,
    126,
    130,
    142,
    170,
    187,
    199,
    215,
    226,
    239,
    244,
    247,
    252,
    254,
    264,
    294,
    296,
    317,
    323,
    346,
    355,
    358,
    361,
    364,
    365,
    367,
    372,
    373,
    383,
    385,
    388,
    398,
    410,
    414,
    423,
    433,
    445,
    448,
    449,
    450,
    496
  ],
  "max_steps": 2000,
  "grad_check_every": 5,
  "psnr": {
    "0.05": 25.098235996402064,
    "0.1": 27.65941607167195,
    "0.15": 29.675584808445787,
    "0.2": 31.480329174675504
  },
  "final_loss": 79.17490166394036,
  "total_steps": 9759,
  "per_stage_final_loss": [
    1170.5730651673762,
    1158.0984785057958,
    1099.8903619559503,
    1099.4908877800608,
    1098.6621938593305,
    1062.1262281277977,
    1061.690088498654,
    1057.7641857714555,
    1054.3249234334874,
    888.8053967271239,
    888.2465123132201,
    875.4457958890405,
    874.4800831259421,
    862.329493698803,
    773.5454356632607,
    765.1820931756582,
    764.772891817549,
    740.7571778534182,
    740.7413498538588,
    740.6260348572794,
    669.7296511235342,
    661.4511069684609,
    660.3305527305278,
    643.5248020514254,
    634.7093865287961,
    598.3220158119634,
    576.6232588903734,
    421.59231723138635,
    421.1089420287576,
    419.29796702683046,
    418.3331488512916,
    412.72003907691465,
    410.19603085922733,
    399.8413275206658,
    352.31446760056355,
    215.75616903622694,
    198.31739901177826,
    198.32009952755408,
    189.7806300228784,
    189.78063165897515,
    189.7801660939899,
    176.7208910081492,
    176.71224566416544,
    176.71108189534476,
    176.70960555900385,
    166.29451365380135,
    166.29320931011614,
    166.28869034028241,
    166.28795023054215,
    166.2877246276339,
    163.7576539556165,
    163.75029247829528,
    163.74841334923843,
    163.74719728891748,
    163.74502491585446,
    163.60378937836822,
    150.68289447659978,
    150.6728818647895,
    150.66968317940228,
    150.66949166000944,
    150.66932588430205,
    150.6684834909587,
    149.34411515803382,
    116.32396096445028,
    116.32385658051226,
    116.32023649628053,
    116.31609491149153,
    116.31335592822329,
    116.31135617440994,
    112.38115711093361,
    107.66488515668156,
    79.17490166394036
  ],
  "trigger_counts": {
    "grad_norm": 0,
    "loss_delta": 72,
    "max_steps": 0
  },
  "elapsed_seconds": 5051.401776343584,
  "device": "cuda:0",
  "git_sha": "8f584e16671086491acd5747515c5792c0fffec7"
}