{
  "dataset": "div2k_8q",
  "ordering": "rl",
  "seed": 92,
  "m": 8,
  "n": 8,
  "init": "random",
  "topk_ratio": 0.2,
  "k_train": 13107,
  "lr": 0.003,
  "batch": 50,
  "train_batch_idx": [
    1,
    6,
    12,
    13,
    16,
    17,
    19,
    34,
    36,
    71,
    95,
    104,
    116,
    128,
    131,
    134,
    152,
    157,
    159,
    167,
    184,
    196,
    202,
    203,
    220,
    223,
    231,
    235,
    236,
    245,
    271,
    273,
    278,
    290,
    296,
    298,
    313,
    319,
    328,
    367,
    373,
    378,
    388,
    394,
    396,
    430,
    434,
    483,
    486,
    490
  ],
  "max_steps": 2000,
  "grad_check_every": 5,
  "psnr": {
    "0.05": 25.09896047413949,
    "0.1": 27.66025585353783,
    "0.15": 29.67682319248067,
    "0.2": 31.48178564667251
  },
  "final_loss": 80.11580662717375,
  "total_steps": 9925,
  "per_stage_final_loss": [
    1202.0189308232236,
    1201.9317281230187,
    1105.843073868823,
    1092.0300272936663,
    1091.6155559543956,
    1026.4557305076473,
    1012.1237083894474,
    1011.0454291806561,
    1003.1546478924988,
    826.5772915350599,
    814.7744642606552,
    812.4758968697854,
    807.2351438441732,
    785.5918442445961,
    647.0301062838977,
    646.5118410355752,
    645.7464622684902,
    619.5770068256699,
    618.4995028591198,
    615.718992534351,
    474.1538517892191,
    474.0901936093177,
    474.08776389706367,
    473.9617465422437,
    464.79905665502184,
    451.145055995126,
    439.43223999630953,
    350.9670090578716,
    350.4177115233832,
    349.77798174053027,
    349.23821928932364,
    349.11148032876906,
    346.96249311067476,
    337.408948634695,
    329.7947262100151,
    220.2443599473555,
    202.06674337429618,
    202.0485831820025,
    187.33527092447906,
    187.33349655433346,
    187.33226537099787,
    175.21036424725068,
    175.20516930599837,
    175.20310837407754,
    175.19971099418922,
    159.10714196570652,
    159.10628041159052,
    159.10409736882337,
    159.10357832895764,
    159.10251812051484,
    157.58466650567152,
    157.58325799982683,
    157.5829507922025,
    157.58194653582407,
    157.57707978611023,
    157.56232021444944,
    151.97365545916225,
    151.9736520545576,
    151.97272370540009,
    151.98066229485667,
    151.97087482054712,
    151.96487506902264,
    143.562020791397,
    120.783526702011,
    120.77643845257488,
    120.77559806361641,
    120.77559254138014,
    120.77476535020404,
    120.77373094173738,
    118.52509760227083,
    105.99383788563897,
    80.11580662717375
  ],
  "trigger_counts": {
    "grad_norm": 0,
    "loss_delta": 72,
    "max_steps": 0
  },
  "elapsed_seconds": 5271.396093359217,
  "device": "cuda:0",
  "git_sha": "5c2d8282104b3081f6b073074cdcfe12a6a6c78c"
}