{
  "dataset": "div2k_8q",
  "ordering": "rl",
  "seed": 97,
  "m": 8,
  "n": 8,
  "init": "random",
  "topk_ratio": 0.2,
  "k_train": 13107,
  "lr": 0.003,
  "batch": 50,
  "train_batch_idx": [
    0,
    4,
    11,
    15,
    22,
    27,
    34,
    38,
    42,
    50,
    51,
    59,
    62,
    80,
    82,
    91,
    102,
    104,
    131,
    163,
    170,
    184,
    194,
    196,
    225,
    231,
    236,
    258,
    269,
    271,
    304,
    308,
    315,
    322,
    344,
    365,
    402,
    403,
    436,
    444,
    448,
    449,
    456,
    457,
    458,
    472,
    476,
    481,
    490,
    497
  ],
  "max_steps": 2000,
  "grad_check_every": 5,
  "psnr": {
    "0.05": 25.093350589404643,
    "0.1": 27.572010936809853,
    "0.15": 29.53229077543966,
    "0.2": 31.29317273148422
  },
  "final_loss": 73.39363657180589,
  "total_steps": 8916,
  "per_stage_final_loss": [
    867.5053037168223,
    856.7506123687027,
    792.9084221918476,
    792.758408601975,
    785.3219953123452,
    772.7411349099426,
    758.9860624035077,
    757.5865092007938,
    739.2962481848523,
    616.2754607261255,
    611.1260843048103,
    608.9539335342234,
    607.4365723866348,
    605.9078500855227,
    534.6011069463624,
    525.2622814475643,
    524.6270091890083,
    502.63053848631404,
    498.2579969271482,
    459.4809253445236,
    369.5984013568888,
    365.0341987637369,
    361.57711175434105,
    361.5734756287709,
    345.8112816222933,
    342.81531772083264,
    340.5824922308174,
    297.18884425092,
    297.184909478164,
    296.50480765899505,
    295.7250307801205,
    294.8639774905243,
    293.0235214906666,
    284.5764246756359,
    284.53941979427134,
    207.17604578199015,
    197.91265346594778,
    197.9099166515988,
    182.5669302863018,
    182.56176112849673,
    182.56142685389156,
    173.31353733049372,
    173.31597178436593,
    173.3202081311,
    173.30835310602947,
    164.6891627546035,
    164.6879881461386,
    164.68629484089513,
    164.68474631882654,
    164.6809806493033,
    163.3965396926008,
    163.39595996128278,
    163.39674827939953,
    163.39511762708415,
    163.39597746791765,
    163.30326171098923,
    158.6843239528795,
    158.5547906741525,
    158.55377823078447,
    158.55303219633296,
    158.55183628962712,
    155.57855912371386,
    153.18405669081187,
    115.81693644328091,
    115.81416974177719,
    115.8149714957475,
    115.8475744106291,
    115.81175408751714,
    115.8006725438471,
    103.72687347040184,
    102.41500983324029,
    73.39363657180589
  ],
  "trigger_counts": {
    "grad_norm": 0,
    "loss_delta": 72,
    "max_steps": 0
  },
  "elapsed_seconds": 5277.093113726936,
  "device": "cuda:0",
  "git_sha": "5c2d8282104b3081f6b073074cdcfe12a6a6c78c"
}