{
  "dataset": "div2k_8q",
  "ordering": "rl",
  "seed": 31,
  "m": 8,
  "n": 8,
  "init": "random",
  "topk_ratio": 0.2,
  "k_train": 13107,
  "lr": 0.003,
  "batch": 50,
  "train_batch_idx": [
    2,
    9,
    18,
    19,
    23,
    30,
    35,
    50,
    54,
    82,
    85,
    100,
    128,
    137,
    142,
    146,
    152,
    162,
    203,
    216,
    223,
    232,
    247,
    255,
    260,
    264,
    278,
    284,
    293,
    296,
    306,
    311,
    314,
    315,
    321,
    330,
    335,
    347,
    355,
    387,
    408,
    412,
    415,
    418,
    441,
    458,
    466,
    467,
    470,
    474
  ],
  "max_steps": 2000,
  "grad_check_every": 5,
  "psnr": {
    "0.05": 24.82034015226626,
    "0.1": 27.2604994164209,
    "0.15": 29.18661997947042,
    "0.2": 30.91395165244969
  },
  "final_loss": 74.1178581859342,
  "total_steps": 9840,
  "per_stage_final_loss": [
    937.8647028050685,
    937.8339412817431,
    890.5144272303934,
    883.2747034311743,
    851.1174659609261,
    832.4811391375374,
    822.2888433811073,
    813.4192460681779,
    807.4167406085378,
    750.1014260342237,
    747.7554078734529,
    747.3171533430365,
    743.3698712421989,
    707.7657223059774,
    632.5618743060159,
    623.1076976369227,
    622.5817147083535,
    617.0941732329348,
    616.2942514729043,
    587.4114440638194,
    558.2425738751581,
    557.9955278893134,
    551.2696570060687,
    538.32602109492,
    519.2832875798695,
    507.7230388874149,
    507.3410175969373,
    370.0794298068935,
    370.0717182877229,
    369.9363916873844,
    369.5269969612615,
    369.44552999435723,
    367.87128657466565,
    363.84259154816874,
    347.0362455939329,
    215.40561194275352,
    199.8742989812581,
    199.86363281857246,
    182.38424660655969,
    182.38347351454559,
    182.3834929026761,
    170.38304860320997,
    170.38100087580446,
    170.40360612056546,
    170.37864349283475,
    164.18322343459323,
    164.18036727952241,
    164.1807012464166,
    164.17662074149916,
    164.1727358766016,
    157.11308477276765,
    157.11335518709188,
    157.11273641459164,
    157.1127235844567,
    157.1047205720742,
    157.00033872748324,
    148.76049177324822,
    148.75987420210006,
    148.7564932587782,
    148.7561068000585,
    148.7562842174153,
    148.74906552781323,
    146.96097467824657,
    129.4105015743202,
    129.40931816070548,
    129.40991043228934,
    129.4083915928691,
    129.4062272352192,
    129.45235599091194,
    125.15492300661492,
    123.93219460969723,
    74.1178581859342
  ],
  "trigger_counts": {
    "grad_norm": 0,
    "loss_delta": 72,
    "max_steps": 0
  },
  "elapsed_seconds": 5346.133437344804,
  "device": "cuda:0",
  "git_sha": "894ee7c407f737c0a250a28d33487a7db7bd83d3"
}