{
  "dataset": "div2k_8q",
  "ordering": "rl",
  "seed": 39,
  "m": 8,
  "n": 8,
  "init": "random",
  "topk_ratio": 0.2,
  "k_train": 13107,
  "lr": 0.003,
  "batch": 50,
  "train_batch_idx": [
    57,
    61,
    70,
    80,
    90,
    100,
    104,
    106,
    107,
    110,
    126,
    133,
    137,
    139,
    140,
    167,
    169,
    184,
    187,
    192,
    201,
    206,
    226,
    231,
    232,
    244,
    266,
    273,
    301,
    303,
    304,
    312,
    313,
    318,
    349,
    360,
    365,
    366,
    368,
    387,
    388,
    392,
    417,
    419,
    440,
    449,
    463,
    467,
    474,
    485
  ],
  "max_steps": 2000,
  "grad_check_every": 5,
  "psnr": {
    "0.05": 25.099019901246102,
    "0.1": 27.660409606164173,
    "0.15": 29.67682973278353,
    "0.2": 31.482055482231484
  },
  "final_loss": 73.94923740906201,
  "total_steps": 9193,
  "per_stage_final_loss": [
    1145.9524263868282,
    1138.1146517210225,
    1113.431539461616,
    1110.1375892816611,
    1094.1004168559518,
    1065.752533893753,
    1059.9987299905688,
    1059.4776870513385,
    1040.1052253258933,
    992.5431703158887,
    983.519829925372,
    961.2992614511753,
    908.6001028418341,
    897.5649241678473,
    765.8240012605768,
    764.2608101484798,
    748.3717887660849,
    747.6788523635853,
    739.2255644178709,
    699.4166006138242,
    574.3825983663248,
    574.3813175146114,
    567.7341892998617,
    565.9053410587094,
    561.568772838947,
    534.675279508737,
    530.455448007298,
    400.3053913497642,
    398.46396484449764,
    398.3554912669024,
    397.4823751707197,
    390.4284146346341,
    389.6792783855538,
    368.9896853380302,
    366.62046775305237,
    224.69166027401,
    206.49205655958173,
    206.4955905643942,
    186.14411801598206,
    186.1426453099057,
    186.14189195588577,
    169.3871213270561,
    169.38260226053578,
    169.37765927187075,
    169.37658928884562,
    166.89787643983553,
    166.89718365316642,
    166.896842275011,
    166.89446377048492,
    166.89364282980867,
    147.35754312713573,
    147.35682066431949,
    147.35542689234967,
    147.35538222464416,
    147.3484570927853,
    147.2816783745788,
    142.5293047833034,
    142.52930824920116,
    142.5283661486338,
    142.52797430485703,
    142.52768450755707,
    142.52576661103512,
    142.33275263117108,
    137.6511121568258,
    137.64956170957197,
    137.6450013244365,
    137.64469566390434,
    137.64480108072277,
    137.64517365731598,
    128.34905773417998,
    108.15144992333688,
    73.94923740906201
  ],
  "trigger_counts": {
    "grad_norm": 0,
    "loss_delta": 72,
    "max_steps": 0
  },
  "elapsed_seconds": 4753.939541460946,
  "device": "cuda:0",
  "git_sha": "894ee7c407f737c0a250a28d33487a7db7bd83d3"
}