{
  "dataset": "div2k_8q",
  "ordering": "rl",
  "seed": 91,
  "m": 8,
  "n": 8,
  "init": "random",
  "topk_ratio": 0.2,
  "k_train": 13107,
  "lr": 0.003,
  "batch": 50,
  "train_batch_idx": [
    10,
    32,
    46,
    47,
    72,
    90,
    100,
    124,
    127,
    131,
    133,
    139,
    144,
    147,
    151,
    161,
    186,
    189,
    201,
    205,
    206,
    227,
    231,
    233,
    263,
    269,
    273,
    302,
    304,
    325,
    331,
    351,
    372,
    373,
    384,
    385,
    386,
    396,
    410,
    413,
    416,
    417,
    421,
    454,
    468,
    480,
    483,
    489,
    493,
    498
  ],
  "max_steps": 2000,
  "grad_check_every": 5,
  "psnr": {
    "0.05": 24.888393672087094,
    "0.1": 27.319861114192182,
    "0.15": 29.23919775580672,
    "0.2": 30.96250474956313
  },
  "final_loss": 81.61753373220778,
  "total_steps": 9801,
  "per_stage_final_loss": [
    1102.2844706894268,
    1101.5423976562965,
    1001.9380800428582,
    994.2312283039105,
    994.1434572585182,
    986.145411180672,
    978.8139641411227,
    974.8843844471821,
    964.2241439033428,
    894.4880848879387,
    883.3453421870109,
    876.9375278713002,
    876.6105410620195,
    871.4505546294021,
    836.183228597988,
    835.7584375671902,
    835.2729873613772,
    820.1268934109941,
    757.5818843637041,
    756.4623852952916,
    631.8785193683342,
    629.0323504465827,
    605.1687757241333,
    571.5116150901523,
    559.7590935498544,
    554.3826770436513,
    529.297328524426,
    446.90720238828584,
    446.8732869399474,
    446.8550634308123,
    446.5959614048954,
    446.53431530274105,
    441.6383300348396,
    433.28249735183005,
    413.8162875196342,
    260.9990290180957,
    246.5343120250843,
    246.5264296185677,
    231.00164518942356,
    230.99736861167628,
    230.99733099574587,
    208.57230723174783,
    208.57001109565755,
    208.56981755837182,
    208.56970118842298,
    202.8632881511036,
    202.8608942342047,
    202.86067767548505,
    202.86056645800633,
    202.8485600021588,
    201.13044183860592,
    201.12949770692688,
    201.12741873614206,
    201.12658354740182,
    201.12747178969477,
    201.06865885097545,
    179.21900885337863,
    179.21644586534833,
    179.21552722038882,
    179.21507715663793,
    179.21251398539047,
    176.0702742724196,
    173.16063008034016,
    151.76961939638798,
    151.76739283809295,
    151.76688863481132,
    151.76633878524262,
    151.76467396763707,
    148.4377796221867,
    141.7026398259838,
    134.25661320882094,
    81.61753373220778
  ],
  "trigger_counts": {
    "grad_norm": 0,
    "loss_delta": 72,
    "max_steps": 0
  },
  "elapsed_seconds": 5305.721965167671,
  "device": "cuda:0",
  "git_sha": "5c2d8282104b3081f6b073074cdcfe12a6a6c78c"
}