{
  "dataset": "div2k_8q",
  "ordering": "rl",
  "seed": 53,
  "m": 8,
  "n": 8,
  "init": "random",
  "topk_ratio": 0.2,
  "k_train": 13107,
  "lr": 0.003,
  "batch": 50,
  "train_batch_idx": [
    5,
    10,
    22,
    37,
    39,
    40,
    45,
    48,
    60,
    78,
    84,
    87,
    89,
    122,
    131,
    137,
    142,
    150,
    168,
    181,
    183,
    190,
    235,
    236,
    278,
    285,
    300,
    307,
    309,
    322,
    326,
    341,
    342,
    346,
    348,
    361,
    368,
    375,
    376,
    380,
    394,
    427,
    434,
    445,
    451,
    461,
    464,
    467,
    480,
    497
  ],
  "max_steps": 2000,
  "grad_check_every": 5,
  "psnr": {
    "0.05": 25.095374037923342,
    "0.1": 27.655481271124113,
    "0.15": 29.670309279012514,
    "0.2": 31.474067877300953
  },
  "final_loss": 72.80451925247738,
  "total_steps": 9503,
  "per_stage_final_loss": [
    1104.569871366309,
    1094.6400170357974,
    979.3194511659856,
    974.8716096498135,
    949.9080264351193,
    916.8319311209034,
    916.7841638372166,
    905.1251977607867,
    899.3762627725,
    785.2647716509842,
    783.3547088455927,
    782.1678872431797,
    779.4119230370601,
    761.1799354155269,
    628.5976667040275,
    628.5811387295103,
    622.4791158967818,
    621.2687012465684,
    591.3966521252304,
    590.0186744226615,
    544.5908216975397,
    543.6970920461227,
    543.6874190257462,
    531.1755782821243,
    531.1686998592534,
    514.3501728317758,
    512.6534992694909,
    475.1161232617337,
    474.99632282906487,
    474.5239183549638,
    473.0985159951874,
    472.19165311371034,
    469.0915392389272,
    451.85243846248136,
    349.9440797501245,
    222.48229492822415,
    212.89631407414993,
    212.83966702987394,
    205.65874500195187,
    205.65721363930672,
    205.65421857612955,
    194.4211743967241,
    194.42053885907362,
    194.42050684957343,
    194.41910001877818,
    186.5112336909224,
    186.49853839353386,
    186.49649885176456,
    186.49622261441925,
    186.48759295957746,
    172.148634401218,
    172.1459012450077,
    172.1457787118049,
    172.14613044920583,
    172.14535595418232,
    172.13216783386824,
    170.04357698272693,
    170.04081976549693,
    170.03998471893206,
    170.30307414440176,
    170.2980170798376,
    170.28477670358112,
    163.82786169602005,
    142.91936922944595,
    142.9183466677058,
    142.91776787554954,
    142.91695179654874,
    142.91381447821846,
    142.90749204823194,
    136.13164253887203,
    130.48677654853,
    72.80451925247738
  ],
  "trigger_counts": {
    "grad_norm": 0,
    "loss_delta": 72,
    "max_steps": 0
  },
  "elapsed_seconds": 5113.126738244668,
  "device": "cuda:0",
  "git_sha": "894ee7c407f737c0a250a28d33487a7db7bd83d3"
}