{
  "dataset": "div2k_8q",
  "ordering": "rl",
  "seed": 4,
  "m": 8,
  "n": 8,
  "init": "random",
  "topk_ratio": 0.2,
  "k_train": 13107,
  "lr": 0.003,
  "batch": 50,
  "train_batch_idx": [
    28,
    37,
    44,
    66,
    81,
    86,
    102,
    103,
    130,
    149,
    159,
    173,
    178,
    201,
    204,
    208,
    226,
    232,
    248,
    255,
    260,
    270,
    278,
    279,
    287,
    290,
    298,
    315,
    327,
    330,
    346,
    353,
    372,
    377,
    399,
    407,
    425,
    426,
    427,
    443,
    445,
    447,
    451,
    461,
    465,
    468,
    472,
    474,
    488,
    497
  ],
  "max_steps": 2000,
  "grad_check_every": 5,
  "psnr": {
    "0.05": 24.843391122011322,
    "0.1": 27.2264677013295,
    "0.15": 29.111655636883473,
    "0.2": 30.806782306151334
  },
  "final_loss": 91.98809014378432,
  "total_steps": 9207,
  "per_stage_final_loss": [
    839.9950602428729,
    839.3829552579773,
    822.1525071964315,
    818.3970412071143,
    807.4852581262641,
    726.2498025775666,
    707.4426129327137,
    706.8512664058642,
    683.2863862953944,
    618.1253973007778,
    615.8844316280109,
    615.7224575966467,
    615.3560266523652,
    597.1014125878733,
    555.04787970434,
    555.0437595371483,
    554.5489864741015,
    540.2478240914294,
    539.980751010461,
    505.3987925474801,
    479.5784875935322,
    473.13525186900443,
    472.62108656115174,
    467.9400958373325,
    459.70770574191556,
    448.9863281597737,
    414.10464462556155,
    398.54934767844753,
    398.5393745602598,
    396.5257346336821,
    394.95222649796153,
    389.65164630503153,
    385.7037249184854,
    379.9933880312125,
    353.1942588450311,
    240.81438336686213,
    216.5965758824715,
    207.51881849904268,
    205.91331695432643,
    205.91316161006787,
    205.9114188584499,
    190.99442935127055,
    190.99378107419804,
    190.99374243080374,
    190.9919221512747,
    183.08705034438776,
    183.0831616196497,
    183.08037558977202,
    183.08069393080004,
    183.08025970116103,
    181.74168501374095,
    181.7405310381876,
    181.7380545098598,
    181.7370285752886,
    181.73571877249373,
    181.71102636549872,
    175.59037449066133,
    175.5883964867746,
    175.5870884368718,
    175.58601862510645,
    175.585511178331,
    174.154372607693,
    169.99041558727365,
    150.47688363015897,
    144.65905096745283,
    144.65853478133423,
    144.6620978683585,
    144.6570789276215,
    140.60800551537776,
    137.26343275884872,
    134.76044181589333,
    91.98809014378432
  ],
  "trigger_counts": {
    "grad_norm": 0,
    "loss_delta": 72,
    "max_steps": 0
  },
  "elapsed_seconds": 4755.677933567204,
  "device": "cuda:0",
  "git_sha": "894ee7c407f737c0a250a28d33487a7db7bd83d3"
}