{
  "dataset": "div2k_8q",
  "ordering": "rl",
  "seed": 72,
  "m": 8,
  "n": 8,
  "init": "random",
  "topk_ratio": 0.2,
  "k_train": 13107,
  "lr": 0.003,
  "batch": 50,
  "train_batch_idx": [
    3,
    24,
    30,
    32,
    34,
    35,
    52,
    57,
    70,
    82,
    97,
    105,
    119,
    124,
    136,
    138,
    143,
    165,
    176,
    189,
    190,
    191,
    208,
    210,
    216,
    244,
    252,
    262,
    266,
    271,
    272,
    277,
    280,
    304,
    325,
    329,
    373,
    377,
    378,
    384,
    397,
    404,
    419,
    428,
    429,
    439,
    448,
    460,
    474,
    495
  ],
  "max_steps": 2000,
  "grad_check_every": 5,
  "psnr": {
    "0.05": 25.234422472495343,
    "0.1": 27.811499749365638,
    "0.15": 29.841349673023974,
    "0.2": 31.659501924105008
  },
  "final_loss": 79.72648975036988,
  "total_steps": 9263,
  "per_stage_final_loss": [
    1499.1840927118699,
    1499.0909534081718,
    1388.6071192074658,
    1362.6901631286364,
    1359.5858409263776,
    1179.0137270975545,
    1166.1288621188921,
    1166.121456802278,
    1165.7175329748095,
    1115.3791903819451,
    1111.8146555830458,
    1111.0857666015622,
    1070.2882272508923,
    958.7480593202214,
    843.6438693141209,
    832.2803570260357,
    813.8248695966654,
    809.2731801287628,
    769.270842980138,
    769.054011942086,
    666.8991116684603,
    662.5410203814844,
    657.9283409928019,
    656.6384670257702,
    643.0044752986443,
    620.1955884172768,
    577.5624092190296,
    451.17054927968275,
    450.93560067148394,
    450.7946358302156,
    448.22078079470214,
    445.25620028843946,
    441.9554418628139,
    436.81957338261276,
    404.3279539831223,
    260.4127784144767,
    248.21250287149385,
    248.18879638190577,
    241.44289450695885,
    241.44159492541957,
    241.44163273417232,
    231.46495378306855,
    231.46306406137475,
    231.46237820294132,
    231.45797009894096,
    220.5752625740468,
    220.57294533795357,
    220.57211355045263,
    220.57076024571418,
    220.5657168431727,
    219.45558238832754,
    219.44767038922004,
    219.4468820023826,
    219.44668180899077,
    219.42004672740018,
    217.9104238978269,
    205.0380885826576,
    205.03512842485824,
    205.0362518669407,
    205.03455050531178,
    205.03189779634755,
    203.0290662458236,
    198.48838595573406,
    171.36694790271227,
    171.37958115546394,
    171.3511004124818,
    171.3546380815144,
    171.34600301251558,
    168.114197799728,
    161.04265315216955,
    134.96083093474266,
    79.72648975036988
  ],
  "trigger_counts": {
    "grad_norm": 0,
    "loss_delta": 72,
    "max_steps": 0
  },
  "elapsed_seconds": 4885.264110053889,
  "device": "cuda:0",
  "git_sha": "8f584e16671086491acd5747515c5792c0fffec7"
}