{
  "dataset": "div2k_8q",
  "ordering": "rl",
  "seed": 22,
  "m": 8,
  "n": 8,
  "init": "random",
  "topk_ratio": 0.2,
  "k_train": 13107,
  "lr": 0.003,
  "batch": 50,
  "train_batch_idx": [
    7,
    23,
    24,
    33,
    40,
    50,
    67,
    77,
    90,
    92,
    103,
    110,
    121,
    122,
    126,
    148,
    152,
    156,
    157,
    163,
    165,
    171,
    180,
    191,
    197,
    203,
    211,
    219,
    225,
    227,
    245,
    255,
    261,
    286,
    290,
    298,
    299,
    310,
    333,
    347,
    384,
    390,
    395,
    429,
    434,
    448,
    456,
    467,
    486,
    494
  ],
  "max_steps": 2000,
  "grad_check_every": 5,
  "psnr": {
    "0.05": 25.09335331261308,
    "0.1": 27.572211658158544,
    "0.15": 29.53240407953119,
    "0.2": 31.29309397831443
  },
  "final_loss": 58.99891545349064,
  "total_steps": 9368,
  "per_stage_final_loss": [
    460.2410457734953,
    457.9953974505492,
    433.64642079193294,
    426.5651930820084,
    424.468348392269,
    417.0435823064807,
    416.9948132608601,
    415.8711541170318,
    413.00032822481575,
    382.33862127779037,
    380.92293970112706,
    379.2871205848425,
    375.2112893968505,
    372.065007596003,
    329.6691076289941,
    329.6293532287063,
    320.0743233300004,
    316.63134871549295,
    315.8465339363558,
    314.85206533340784,
    297.18511462430996,
    297.12198782241586,
    294.58731647863664,
    286.3257330154281,
    280.60737789840425,
    276.7029652134061,
    271.6602233870601,
    247.53287823295315,
    247.15762618494463,
    247.1518240827814,
    247.03372414132602,
    243.7051983924367,
    240.55248747150316,
    231.2457958626351,
    228.79938591394378,
    182.40310939949165,
    171.74204811358803,
    171.74070475416553,
    151.89587034265477,
    151.89437285863076,
    151.89405522280651,
    137.62187362317957,
    137.61862300118878,
    137.61776520156337,
    137.6165428776725,
    132.44755107660555,
    132.44737730571651,
    132.44722515088003,
    132.4473148872109,
    132.44708271206434,
    130.86371287308947,
    130.86237898464384,
    130.86124109471575,
    130.8604284573164,
    130.8592499808181,
    130.85665976536743,
    118.32602329291902,
    118.32097549621285,
    118.32081084299425,
    118.3204279011317,
    118.31871477486251,
    117.3319464179565,
    117.05327158304146,
    109.59236593748935,
    109.5937876275315,
    109.59210920289784,
    109.59213032760516,
    109.5920797700919,
    109.19422569895944,
    96.30984547387723,
    93.4998580284538,
    58.99891545349064
  ],
  "trigger_counts": {
    "grad_norm": 0,
    "loss_delta": 72,
    "max_steps": 0
  },
  "elapsed_seconds": 4890.0886833556,
  "device": "cuda:0",
  "git_sha": "894ee7c407f737c0a250a28d33487a7db7bd83d3"
}