{
  "dataset": "div2k_8q",
  "ordering": "rl",
  "seed": 47,
  "m": 8,
  "n": 8,
  "init": "random",
  "topk_ratio": 0.2,
  "k_train": 13107,
  "lr": 0.003,
  "batch": 50,
  "train_batch_idx": [
    3,
    30,
    36,
    43,
    47,
    52,
    55,
    63,
    65,
    77,
    84,
    90,
    92,
    94,
    132,
    137,
    139,
    148,
    150,
    165,
    196,
    198,
    199,
    209,
    211,
    212,
    219,
    240,
    241,
    246,
    263,
    269,
    273,
    293,
    300,
    335,
    342,
    347,
    354,
    375,
    377,
    388,
    392,
    394,
    398,
    399,
    421,
    440,
    444,
    449
  ],
  "max_steps": 2000,
  "grad_check_every": 5,
  "psnr": {
    "0.05": 24.75889248640115,
    "0.1": 27.18081517183778,
    "0.15": 29.07153726952682,
    "0.2": 30.756303404378322
  },
  "final_loss": 84.43608742050434,
  "total_steps": 9547,
  "per_stage_final_loss": [
    425.60843887005365,
    424.1095103562132,
    411.5477431959391,
    411.4328924568215,
    410.22840036060603,
    406.1330654716705,
    404.8937848859723,
    403.4338519486386,
    402.8823486212353,
    390.87872004284384,
    388.7216811394396,
    388.28291748356753,
    382.60419660076883,
    378.74637273408104,
    378.3649253963468,
    376.67710921451743,
    370.70377295763655,
    370.4627552406586,
    368.4824385161799,
    365.64802567859675,
    341.08201634951934,
    340.8649122757943,
    339.78213394634344,
    337.4403573454092,
    336.1445455615381,
    328.5462194273651,
    328.23373969071616,
    263.3478337679529,
    263.2778003225487,
    263.2468038953144,
    263.07825861581426,
    263.077562305315,
    259.9297930360083,
    256.92052271743387,
    252.89454361185972,
    223.5478729102476,
    203.52796003110012,
    203.51843445112968,
    183.41819462152003,
    183.41746961361318,
    183.41729484382853,
    171.13044704387866,
    171.12683562708168,
    171.12686366460468,
    171.12692978879812,
    159.30275912881504,
    159.3012679892694,
    159.29988043526822,
    159.29968485201343,
    159.29902947620036,
    156.22623187495572,
    156.22491826447123,
    156.22416616662778,
    156.22352742617542,
    156.22323517007646,
    156.18197172779634,
    152.6665688155435,
    152.65783663263446,
    152.6573726215305,
    152.65691781745383,
    152.65670646238837,
    152.6553048209831,
    149.3228722527331,
    131.06796088287913,
    131.06689133019384,
    131.0664966610695,
    131.06613083375464,
    131.0656010381944,
    131.06208089465986,
    126.64886115243323,
    122.9183322401787,
    84.43608742050434
  ],
  "trigger_counts": {
    "grad_norm": 0,
    "loss_delta": 72,
    "max_steps": 0
  },
  "elapsed_seconds": 5087.2467435747385,
  "device": "cuda:0",
  "git_sha": "894ee7c407f737c0a250a28d33487a7db7bd83d3"
}