{
  "dataset": "div2k_8q",
  "ordering": "rl",
  "seed": 40,
  "m": 8,
  "n": 8,
  "init": "random",
  "topk_ratio": 0.2,
  "k_train": 13107,
  "lr": 0.003,
  "batch": 50,
  "train_batch_idx": [
    9,
    14,
    20,
    22,
    26,
    27,
    33,
    51,
    52,
    64,
    68,
    84,
    90,
    102,
    153,
    157,
    171,
    182,
    190,
    199,
    215,
    220,
    223,
    239,
    243,
    253,
    255,
    262,
    270,
    281,
    303,
    308,
    313,
    314,
    317,
    328,
    329,
    343,
    357,
    373,
    377,
    389,
    404,
    420,
    426,
    429,
    438,
    464,
    484,
    489
  ],
  "max_steps": 2000,
  "grad_check_every": 5,
  "psnr": {
    "0.05": 25.0896977274212,
    "0.1": 27.569760504420156,
    "0.15": 29.530540825811446,
    "0.2": 31.291572747792326
  },
  "final_loss": 67.15275017900117,
  "total_steps": 9510,
  "per_stage_final_loss": [
    964.2330360187982,
    949.1589157447072,
    860.0345856650002,
    854.4675768973539,
    836.8983982149635,
    836.4853685308786,
    827.4679583756983,
    807.4760389958296,
    804.0101343841912,
    718.6862593940351,
    718.68032899601,
    708.6963692056507,
    703.4532204071095,
    691.0166989149927,
    641.8559659479029,
    641.6005615154273,
    620.3183881733838,
    617.9301181283786,
    613.2940464867906,
    606.8407638341769,
    545.8616258228441,
    544.550480010061,
    543.0286072594894,
    542.9495333225763,
    542.4473435690869,
    490.9618960599674,
    451.48289455049917,
    350.70188082437016,
    349.55730414700207,
    349.215885919274,
    348.62717849004383,
    345.0705879768134,
    340.839196809282,
    327.3063248976274,
    308.792998248749,
    203.5612279682842,
    185.65355142814533,
    185.65099736042623,
    172.2854531623865,
    172.2856501149234,
    172.28445354934448,
    156.39601135874767,
    156.39254238496306,
    156.39129355524784,
    156.38773449949286,
    152.00714670594073,
    152.00669837686172,
    152.00630580621967,
    152.00613809078993,
    152.00478327066224,
    151.89215051259077,
    151.8914132257366,
    151.89114167252166,
    151.89131711817012,
    151.88789586864215,
    146.79281179154358,
    139.60058401999933,
    139.5964929642246,
    139.59549232868108,
    139.59537980439885,
    139.59532453544054,
    137.08356339966988,
    136.09684886067163,
    110.85860442383569,
    110.85716910310046,
    110.85612383392424,
    110.8555776277239,
    110.85562120560795,
    109.12215060854284,
    99.0510486607594,
    96.78969318296444,
    67.15275017900117
  ],
  "trigger_counts": {
    "grad_norm": 0,
    "loss_delta": 72,
    "max_steps": 0
  },
  "elapsed_seconds": 10868.366720063612,
  "device": "cuda:0",
  "git_sha": "894ee7c407f737c0a250a28d33487a7db7bd83d3"
}