{
  "dataset": "div2k_8q",
  "ordering": "rl",
  "seed": 77,
  "m": 8,
  "n": 8,
  "init": "random",
  "topk_ratio": 0.2,
  "k_train": 13107,
  "lr": 0.003,
  "batch": 50,
  "train_batch_idx": [
    20,
    26,
    42,
    57,
    62,
    69,
    78,
    79,
    87,
    89,
    92,
    98,
    111,
    127,
    146,
    151,
    153,
    164,
    166,
    172,
    174,
    180,
    192,
    217,
    225,
    250,
    273,
    286,
    287,
    316,
    323,
    342,
    343,
    349,
    355,
    358,
    361,
    368,
    371,
    395,
    417,
    425,
    428,
    444,
    461,
    469,
    471,
    482,
    493,
    494
  ],
  "max_steps": 2000,
  "grad_check_every": 5,
  "psnr": {
    "0.05": 25.09932300866932,
    "0.1": 27.66056973535638,
    "0.15": 29.676927784494772,
    "0.2": 31.481836928561112
  },
  "final_loss": 69.8264290871155,
  "total_steps": 9206,
  "per_stage_final_loss": [
    1016.6142722472788,
    1016.1833065302891,
    984.129046941977,
    984.0305823099176,
    982.7579152239045,
    911.5367440188976,
    899.6413656673939,
    892.6135928070202,
    868.2952464568376,
    798.9316480403924,
    789.6103080030291,
    785.5216758034773,
    785.504901120835,
    760.8850872427248,
    685.1539224802575,
    675.9676506866548,
    675.148555528957,
    674.3722846952079,
    674.1010417395943,
    621.957784722414,
    531.4750157420084,
    529.3470602979426,
    528.912406757803,
    528.6884377172624,
    528.3461572323331,
    519.2316037804977,
    494.17423563154057,
    360.8001594005022,
    360.3960651402292,
    357.8632024570638,
    357.04098790499137,
    353.493561223726,
    352.63645371675375,
    352.34134732858627,
    335.9564207332459,
    224.02323365543126,
    219.3364576453162,
    219.33782971860884,
    202.25304271179533,
    202.2503176554585,
    202.25110535127098,
    188.132959412571,
    188.13128200344312,
    188.1300795295476,
    188.1285736314157,
    175.8759333551388,
    175.8750538399693,
    175.87356919361616,
    175.87226017649832,
    175.8724056416167,
    167.9441726598278,
    167.94376401815913,
    167.94352079434154,
    167.9431978379314,
    167.94325766444538,
    167.94142336876521,
    163.08366745792762,
    163.07928267797215,
    163.07836332272387,
    163.0783602462393,
    163.07821087753877,
    163.07643021542054,
    154.71754974910607,
    132.9595705089954,
    132.95891901881626,
    132.95957663498848,
    132.95522153164697,
    132.95461004229418,
    132.9546463622505,
    132.25579330562365,
    104.12982453934843,
    69.8264290871155
  ],
  "trigger_counts": {
    "grad_norm": 0,
    "loss_delta": 72,
    "max_steps": 0
  },
  "elapsed_seconds": 10513.507426287979,
  "device": "cuda:0",
  "git_sha": "8f584e16671086491acd5747515c5792c0fffec7"
}