{
  "dataset": "div2k_8q",
  "ordering": "rl",
  "seed": 30,
  "m": 8,
  "n": 8,
  "init": "random",
  "topk_ratio": 0.2,
  "k_train": 13107,
  "lr": 0.003,
  "batch": 50,
  "train_batch_idx": [
    4,
    42,
    46,
    47,
    51,
    68,
    72,
    76,
    82,
    88,
    106,
    111,
    118,
    120,
    132,
    148,
    151,
    181,
    186,
    194,
    205,
    217,
    229,
    247,
    266,
    271,
    272,
    278,
    292,
    295,
    299,
    301,
    305,
    333,
    341,
    350,
    351,
    360,
    361,
    366,
    369,
    400,
    429,
    432,
    477,
    478,
    480,
    485,
    486,
    493
  ],
  "max_steps": 2000,
  "grad_check_every": 5,
  "psnr": {
    "0.05": 25.088870939225057,
    "0.1": 27.56945583402759,
    "0.15": 29.53004648559631,
    "0.2": 31.291301781983087
  },
  "final_loss": 74.16937089219415,
  "total_steps": 9520,
  "per_stage_final_loss": [
    938.4295436405315,
    931.5643104965327,
    913.1949651716769,
    862.6230424947166,
    836.7349808318727,
    803.2771667790029,
    798.8236279968271,
    775.2383875673335,
    773.1954728532253,
    714.3801334257386,
    713.9866008702913,
    713.5527552391849,
    711.8076954563626,
    708.2074445287633,
    643.0149963583469,
    631.2632051180692,
    625.393169185087,
    624.9759264050017,
    620.7573904992648,
    594.0184589397234,
    553.7112953641058,
    553.2859119982062,
    550.0266474132344,
    546.6577511032789,
    534.3022563675273,
    521.540702693114,
    521.1116620552331,
    452.6139203868861,
    444.48557518173146,
    443.60169697429467,
    440.743427546537,
    438.76435801643095,
    435.2969887383301,
    396.33288579168374,
    374.49906177147227,
    237.7607796430258,
    226.0759540049968,
    226.0755309493802,
    211.760425085075,
    211.7592399288886,
    211.75612916999148,
    198.07322927919176,
    198.06892337954443,
    198.0679373582959,
    198.06865861450729,
    191.6052507986273,
    191.59506056939702,
    191.591317895354,
    191.59068581402636,
    191.59034695566893,
    182.403713366472,
    182.4020604259342,
    182.40142162148499,
    182.40034924415042,
    182.39823308277906,
    182.31097428585895,
    178.6100938610625,
    178.60675434239252,
    178.60524707634133,
    178.6049727849417,
    178.60469699086917,
    175.4493496589469,
    165.7351492409815,
    141.32503884786848,
    141.31680738909805,
    141.31273077345554,
    141.31287299048213,
    141.3128851610778,
    140.54666706979947,
    128.23852837049873,
    125.8235706966731,
    74.16937089219415
  ],
  "trigger_counts": {
    "grad_norm": 0,
    "loss_delta": 72,
    "max_steps": 0
  },
  "elapsed_seconds": 5052.822125231847,
  "device": "cuda:0",
  "git_sha": "894ee7c407f737c0a250a28d33487a7db7bd83d3"
}