{
  "dataset": "div2k_8q",
  "ordering": "rl",
  "seed": 51,
  "m": 8,
  "n": 8,
  "init": "random",
  "topk_ratio": 0.2,
  "k_train": 13107,
  "lr": 0.003,
  "batch": 50,
  "train_batch_idx": [
    6,
    9,
    16,
    27,
    47,
    73,
    86,
    92,
    100,
    101,
    102,
    114,
    116,
    139,
    144,
    152,
    156,
    173,
    179,
    180,
    189,
    193,
    197,
    199,
    212,
    215,
    220,
    222,
    231,
    254,
    284,
    298,
    329,
    341,
    358,
    361,
    373,
    374,
    377,
    379,
    390,
    406,
    423,
    425,
    429,
    436,
    460,
    467,
    477,
    491
  ],
  "max_steps": 2000,
  "grad_check_every": 5,
  "psnr": {
    "0.05": 25.234896055439364,
    "0.1": 27.81190035866004,
    "0.15": 29.84165960854434,
    "0.2": 31.65992634194828
  },
  "final_loss": 59.227263821554416,
  "total_steps": 9918,
  "per_stage_final_loss": [
    605.27434944168,
    604.4525353622411,
    543.7106111361976,
    541.6199154416832,
    540.989527922484,
    501.22993350864783,
    488.6310175321027,
    487.67892294551115,
    486.535251232503,
    425.240427482049,
    423.5090895010742,
    422.11371951205336,
    396.26181262483044,
    385.05429842614495,
    352.0787887271191,
    350.95436390094903,
    344.0887392666147,
    341.32545821581834,
    322.4102342668737,
    321.6912887079714,
    287.27263662386486,
    284.994954969012,
    283.0142094782767,
    279.2042509715132,
    277.13056517033954,
    270.6566914985653,
    259.46910508880364,
    238.0157977934045,
    237.12452104019326,
    236.21893196334014,
    235.76397644087075,
    235.70421091228286,
    233.2059131667534,
    228.91476816584088,
    211.94471031424095,
    141.80990820332391,
    131.99093603771414,
    131.98600239369804,
    123.75646143995709,
    123.75411345620942,
    123.75358322737767,
    120.72673416458962,
    120.72644568115375,
    120.72597729340751,
    120.72432752780057,
    119.36192573868283,
    119.3190325268333,
    119.31899335263479,
    119.31832472431797,
    119.31578619668315,
    118.82754471025827,
    118.82750837252128,
    118.82717253348517,
    118.82732404816791,
    118.8266942464489,
    117.81119640036437,
    112.14030504435439,
    112.13908524685158,
    112.1388681595965,
    112.13798509234998,
    112.13829168625986,
    111.2299479781086,
    109.37255637710724,
    83.6481245219836,
    83.65253589490096,
    83.64652920703774,
    83.64563810704371,
    83.64647192100445,
    81.32098166100621,
    76.87737229030107,
    76.55060930489829,
    59.227263821554416
  ],
  "trigger_counts": {
    "grad_norm": 0,
    "loss_delta": 72,
    "max_steps": 0
  },
  "elapsed_seconds": 5273.091001227498,
  "device": "cuda:0",
  "git_sha": "894ee7c407f737c0a250a28d33487a7db7bd83d3"
}