{
  "dataset": "div2k_8q",
  "ordering": "rl",
  "seed": 64,
  "m": 8,
  "n": 8,
  "init": "random",
  "topk_ratio": 0.2,
  "k_train": 13107,
  "lr": 0.003,
  "batch": 50,
  "train_batch_idx": [
    14,
    15,
    19,
    22,
    29,
    39,
    70,
    85,
    110,
    112,
    134,
    145,
    161,
    197,
    216,
    230,
    233,
    237,
    244,
    245,
    263,
    269,
    271,
    277,
    279,
    291,
    316,
    321,
    325,
    330,
    334,
    335,
    349,
    381,
    382,
    386,
    388,
    389,
    394,
    408,
    411,
    424,
    426,
    445,
    457,
    460,
    469,
    476,
    480,
    486
  ],
  "max_steps": 2000,
  "grad_check_every": 5,
  "psnr": {
    "0.05": 25.098667914161897,
    "0.1": 27.660001612425834,
    "0.15": 29.676408818706197,
    "0.2": 31.481171053960853
  },
  "final_loss": 62.80018508377364,
  "total_steps": 9779,
  "per_stage_final_loss": [
    386.9274280543332,
    371.3301196944021,
    369.58249796055355,
    367.9863085108975,
    362.05943673498126,
    359.08156439842736,
    358.30888735721936,
    350.89565911548397,
    345.79508793506614,
    320.84905451147364,
    318.7189994002695,
    318.70301984670334,
    318.34791199378043,
    314.61276298683254,
    284.9666346165243,
    283.75763781965986,
    281.6633816916132,
    279.9051512106852,
    279.83800312416656,
    279.22790631776047,
    278.4714517843872,
    277.9927217629823,
    277.27009699140245,
    274.24258731978654,
    263.0955722176529,
    258.46743013086916,
    245.9427192794571,
    198.8492263054155,
    198.84475437535662,
    198.84033243220264,
    197.73235997456777,
    197.64097459458412,
    196.853846223223,
    192.77672588954383,
    189.97479133190967,
    159.3125857037124,
    147.7212944075,
    147.71272780513684,
    132.83386309745165,
    132.83222114664954,
    132.8301881230261,
    120.59894457993896,
    120.59884306277495,
    120.59873172462514,
    120.5984581368109,
    113.16981697706788,
    113.16821261934707,
    113.16782616464323,
    113.16781865417748,
    113.16770029088715,
    108.86571120457619,
    108.8643329206925,
    108.86411984886618,
    108.86410459997765,
    108.86210156628118,
    108.83916236778546,
    100.47306724468267,
    100.47270840712551,
    100.47262298555786,
    100.47202888328508,
    100.47186666764583,
    100.47154400883294,
    99.4941386287947,
    92.09529688003974,
    92.0944821078935,
    92.09432488877253,
    92.09445946871107,
    92.0943255301315,
    92.08901922884036,
    91.15434864857949,
    85.16757908253382,
    62.80018508377364
  ],
  "trigger_counts": {
    "grad_norm": 0,
    "loss_delta": 72,
    "max_steps": 0
  },
  "elapsed_seconds": 5081.757119654678,
  "device": "cuda:0",
  "git_sha": "894ee7c407f737c0a250a28d33487a7db7bd83d3"
}