{
  "dataset": "div2k_8q",
  "ordering": "rl",
  "seed": 7,
  "m": 8,
  "n": 8,
  "init": "random",
  "topk_ratio": 0.2,
  "k_train": 13107,
  "lr": 0.003,
  "batch": 50,
  "train_batch_idx": [
    2,
    17,
    21,
    25,
    55,
    57,
    61,
    79,
    103,
    105,
    121,
    131,
    138,
    143,
    161,
    166,
    212,
    219,
    221,
    228,
    229,
    232,
    242,
    246,
    263,
    266,
    280,
    282,
    303,
    309,
    341,
    353,
    373,
    380,
    382,
    384,
    385,
    391,
    403,
    407,
    416,
    422,
    424,
    426,
    472,
    473,
    481,
    484,
    486,
    495
  ],
  "max_steps": 2000,
  "grad_check_every": 5,
  "psnr": {
    "0.05": 25.08690776192457,
    "0.1": 27.568022150607103,
    "0.15": 29.529159767790365,
    "0.2": 31.291040524528547
  },
  "final_loss": 61.632623088774594,
  "total_steps": 10945,
  "per_stage_final_loss": [
    1322.535470420189,
    1292.658023149315,
    1268.3481986896675,
    1259.2701411340477,
    1257.0917276373716,
    1162.550090424618,
    1144.1551488953407,
    1133.2380253344672,
    1121.3777261775251,
    1092.0126089754035,
    1035.5437587246017,
    1032.370631433484,
    1001.172748689538,
    1001.0286835877906,
    682.7608578630615,
    681.4018048605395,
    673.5696839243936,
    671.6096185412479,
    668.5477082427136,
    667.9665698961672,
    642.7707385155625,
    640.2029729630274,
    640.0879711314226,
    635.8434666484831,
    635.3403063095949,
    632.51437948645,
    579.634943930551,
    397.1955678801681,
    395.73879321643136,
    393.7721807690588,
    391.4371157982984,
    356.8040106799793,
    354.8265578905557,
    347.73202598612045,
    330.64331772474355,
    206.7068486953506,
    196.67856544772422,
    196.63669312483003,
    183.52267206055177,
    183.51672936095898,
    183.5064009749272,
    174.5110096811412,
    174.50746007605923,
    174.50424248411227,
    174.50342547076664,
    161.77809053058732,
    161.773598275761,
    161.77116982592784,
    161.7713985671529,
    161.77041438458636,
    156.9936909701112,
    156.9897290016211,
    156.98937703722163,
    156.985114989164,
    156.98362412997287,
    156.16244992364597,
    132.00078350637315,
    131.99946290648074,
    131.99877084231673,
    131.9978038340431,
    131.9971727783335,
    131.35570742929752,
    130.68772644211316,
    121.70752259516354,
    121.70663595781939,
    121.70638795573927,
    121.70560528775266,
    121.70421173077786,
    111.6326844847996,
    109.93172725474328,
    103.04955048683246,
    61.632623088774594
  ],
  "trigger_counts": {
    "grad_norm": 0,
    "loss_delta": 72,
    "max_steps": 0
  },
  "elapsed_seconds": 12312.133066378534,
  "device": "cuda:0",
  "git_sha": "894ee7c407f737c0a250a28d33487a7db7bd83d3"
}