{
  "dataset": "div2k_8q",
  "ordering": "rl",
  "seed": 74,
  "m": 8,
  "n": 8,
  "init": "random",
  "topk_ratio": 0.2,
  "k_train": 13107,
  "lr": 0.003,
  "batch": 50,
  "train_batch_idx": [
    1,
    9,
    19,
    35,
    45,
    49,
    73,
    79,
    89,
    99,
    126,
    158,
    163,
    169,
    175,
    194,
    208,
    215,
    221,
    223,
    235,
    236,
    242,
    247,
    258,
    259,
    260,
    268,
    293,
    306,
    308,
    335,
    348,
    351,
    365,
    378,
    393,
    397,
    403,
    404,
    414,
    422,
    438,
    448,
    451,
    453,
    455,
    466,
    471,
    497
  ],
  "max_steps": 2000,
  "grad_check_every": 5,
  "psnr": {
    "0.05": 25.098019198662563,
    "0.1": 27.659289272522784,
    "0.15": 29.67574934858843,
    "0.2": 31.48037506561093
  },
  "final_loss": 71.57044042488192,
  "total_steps": 8697,
  "per_stage_final_loss": [
    772.4278451734042,
    767.3513335614061,
    688.1089993338177,
    687.3798964210873,
    683.6612107701552,
    646.3468006542743,
    638.8624686307971,
    637.7945770564812,
    636.788665159768,
    601.5185932889946,
    599.5996688362902,
    594.0220142024218,
    567.5437169476071,
    523.807733800954,
    469.6379669346687,
    465.2340513227304,
    463.9553209471303,
    462.76463157155763,
    460.8577592466912,
    460.7994350024851,
    383.7160577144263,
    382.65182604502866,
    378.9393613331073,
    374.9832159462005,
    374.6523778780189,
    374.19081030425383,
    371.3036840299536,
    271.8111521086191,
    271.08356561875854,
    270.48893244225377,
    268.62220325431105,
    265.9669561720144,
    261.9250603530629,
    261.922594933751,
    257.21658553204855,
    162.66859965301043,
    153.73425363761305,
    153.73335091155238,
    137.27176393669,
    137.2701495746562,
    137.26930184639596,
    125.90806543061937,
    125.9057413405494,
    125.90591527885763,
    125.90534706352172,
    123.66333205174959,
    123.66285802751482,
    123.66114916439436,
    123.6606232655735,
    123.66180883317053,
    108.77136382440823,
    108.7710213454419,
    108.77056943405627,
    108.76942461783331,
    108.76803959441266,
    108.75909575325386,
    107.30839171196874,
    107.30844664405392,
    107.3075835002356,
    107.3060163195896,
    107.30598209243126,
    107.27116243463713,
    107.22946621369583,
    97.11228088357639,
    97.11172349325354,
    97.11217272230596,
    97.11097575437657,
    97.12173504860284,
    97.1079859091483,
    94.23042341308913,
    86.57262689336888,
    71.57044042488192
  ],
  "trigger_counts": {
    "grad_norm": 0,
    "loss_delta": 72,
    "max_steps": 0
  },
  "elapsed_seconds": 4647.453253657557,
  "device": "cuda:0",
  "git_sha": "8f584e16671086491acd5747515c5792c0fffec7"
}