{
  "dataset": "div2k_8q",
  "ordering": "rl",
  "seed": 43,
  "m": 8,
  "n": 8,
  "init": "random",
  "topk_ratio": 0.2,
  "k_train": 13107,
  "lr": 0.003,
  "batch": 50,
  "train_batch_idx": [
    1,
    6,
    9,
    19,
    69,
    89,
    103,
    122,
    126,
    127,
    132,
    133,
    149,
    176,
    181,
    183,
    195,
    196,
    202,
    204,
    211,
    213,
    219,
    227,
    230,
    238,
    262,
    265,
    270,
    294,
    299,
    348,
    370,
    384,
    391,
    406,
    409,
    422,
    428,
    444,
    450,
    462,
    465,
    466,
    469,
    489,
    490,
    495,
    496,
    498
  ],
  "max_steps": 2000,
  "grad_check_every": 5,
  "psnr": {
    "0.05": 25.098698510823354,
    "0.1": 27.660048361027606,
    "0.15": 29.67661506845559,
    "0.2": 31.481571828477136
  },
  "final_loss": 70.4410913749641,
  "total_steps": 9084,
  "per_stage_final_loss": [
    558.3272210725202,
    558.2439332631944,
    547.6392678469632,
    546.0909520688018,
    544.5050083076584,
    498.81071992870704,
    497.4220397982872,
    496.05668084788806,
    487.87223434793225,
    448.17126061962625,
    447.6547983474052,
    447.6324670450017,
    446.0715779267384,
    445.6827236349165,
    406.9460769429245,
    401.6095458396067,
    395.435240084921,
    386.86955867160333,
    384.9671838972722,
    380.6004579267557,
    321.71326306592715,
    319.8218305610243,
    318.67718575322056,
    315.77731673335757,
    310.0364989278244,
    303.52290200634604,
    299.20618780627643,
    244.1687302580536,
    244.1587827552101,
    244.14160096898544,
    243.34154583209678,
    243.30301042025852,
    243.02452331856423,
    238.27591791163894,
    234.3324114326959,
    196.32678480050131,
    188.73949591740453,
    188.7337512373869,
    173.56078307574361,
    173.5579088127162,
    173.55748496683194,
    160.96235151986664,
    160.9611993463814,
    160.96163841967996,
    160.96074591341292,
    150.86321013625266,
    150.86226278175616,
    150.86172515091462,
    150.86141577431584,
    150.8610662174713,
    146.94383807254056,
    146.9400923586547,
    146.94011586664286,
    146.93997130067993,
    146.94462725383005,
    146.93831126875455,
    141.15828655981701,
    141.15690360817797,
    141.1570134596209,
    141.15658372834142,
    141.15581685393113,
    141.15617359764474,
    126.12531781932974,
    123.97842239477733,
    123.97694603215899,
    123.97698058355411,
    123.97595848887916,
    124.12217342434812,
    124.11810276796861,
    121.48551736211566,
    105.62579966047566,
    70.4410913749641
  ],
  "trigger_counts": {
    "grad_norm": 0,
    "loss_delta": 72,
    "max_steps": 0
  },
  "elapsed_seconds": 4872.676344867796,
  "device": "cuda:0",
  "git_sha": "894ee7c407f737c0a250a28d33487a7db7bd83d3"
}