{
  "dataset": "div2k_8q",
  "ordering": "rl",
  "seed": 83,
  "m": 8,
  "n": 8,
  "init": "random",
  "topk_ratio": 0.2,
  "k_train": 13107,
  "lr": 0.003,
  "batch": 50,
  "train_batch_idx": [
    14,
    20,
    21,
    70,
    74,
    77,
    113,
    114,
    122,
    130,
    137,
    140,
    143,
    150,
    154,
    157,
    173,
    181,
    187,
    189,
    190,
    205,
    212,
    214,
    217,
    229,
    231,
    232,
    250,
    254,
    266,
    267,
    280,
    286,
    297,
    302,
    330,
    336,
    345,
    348,
    361,
    381,
    387,
    412,
    427,
    431,
    470,
    471,
    474,
    477
  ],
  "max_steps": 2000,
  "grad_check_every": 5,
  "psnr": {
    "0.05": 24.82016017552161,
    "0.1": 27.260148201224375,
    "0.15": 29.186464140376042,
    "0.2": 30.9136729458983
  },
  "final_loss": 71.31716604147464,
  "total_steps": 10878,
  "per_stage_final_loss": [
    1024.8354759863403,
    1019.8260140572626,
    944.3129864937519,
    944.0778214622784,
    942.4237763884593,
    906.5635563468006,
    898.1788779496486,
    883.7846690158696,
    876.3537352913194,
    789.1037555754888,
    781.4336578081811,
    755.6626900778331,
    754.2047695630125,
    753.4250459520708,
    722.7721248576714,
    722.4871103369893,
    715.3297395654396,
    694.4191464056572,
    650.5232151683781,
    627.0274302916858,
    621.5510426492618,
    620.4439087206141,
    620.2805241124578,
    606.1602424083426,
    603.6203485688819,
    597.4532512598016,
    534.2346555970615,
    399.37859529314954,
    398.78965323083656,
    398.73139109510834,
    397.277630782673,
    394.60709120112784,
    386.8428985074814,
    379.1817820015752,
    364.1414353659352,
    224.60751515140248,
    209.2533038969378,
    209.25291211519755,
    193.8762804728307,
    193.88036190194816,
    193.87335058780323,
    181.44971995650943,
    181.44960622896303,
    181.44862768321838,
    181.44757565144369,
    173.5623537116566,
    173.5594628388014,
    173.55803794975097,
    173.55693501004404,
    173.5536782881098,
    170.671058845406,
    169.1778926253247,
    169.17409986834042,
    169.17399790884346,
    169.1738864834879,
    169.13720105008701,
    158.20945380471233,
    158.2054739673019,
    158.2046176918572,
    158.20369607038185,
    158.20377209180725,
    158.16952878203676,
    157.6835282134945,
    110.62913344328572,
    110.66977371177387,
    110.62694453542501,
    110.6265702152535,
    110.66863169734505,
    110.62097718574911,
    100.06669565670846,
    99.3359861826915,
    71.31716604147464
  ],
  "trigger_counts": {
    "grad_norm": 0,
    "loss_delta": 72,
    "max_steps": 0
  },
  "elapsed_seconds": 5669.066908332519,
  "device": "cuda:0",
  "git_sha": "8f584e16671086491acd5747515c5792c0fffec7"
}