{
  "dataset": "div2k_8q",
  "ordering": "rl",
  "seed": 42,
  "m": 8,
  "n": 8,
  "init": "random",
  "topk_ratio": 0.2,
  "k_train": 13107,
  "lr": 0.003,
  "batch": 50,
  "train_batch_idx": [
    31,
    33,
    39,
    40,
    43,
    44,
    59,
    81,
    86,
    92,
    109,
    135,
    175,
    191,
    197,
    199,
    211,
    212,
    216,
    221,
    235,
    239,
    242,
    261,
    268,
    296,
    306,
    309,
    319,
    333,
    338,
    340,
    345,
    349,
    353,
    366,
    371,
    372,
    389,
    391,
    393,
    403,
    417,
    430,
    439,
    444,
    450,
    477,
    481,
    493
  ],
  "max_steps": 2000,
  "grad_check_every": 5,
  "psnr": {
    "0.05": 24.81991793330787,
    "0.1": 27.259529410454558,
    "0.15": 29.18563308775049,
    "0.2": 30.913170761628376
  },
  "final_loss": 71.64254789956735,
  "total_steps": 9673,
  "per_stage_final_loss": [
    1103.3135176311528,
    1092.91552679065,
    978.2098110794528,
    975.4192492066235,
    937.1713634654236,
    917.1722281931064,
    916.4610424580829,
    899.4637056316642,
    882.7552400329837,
    771.3606169027896,
    765.3440642847198,
    759.7954191500543,
    759.7825358687372,
    755.8623385187601,
    590.3653860763931,
    587.8247736673161,
    561.7148958041274,
    559.7000364803514,
    557.7498701069189,
    556.1583335537628,
    466.470223862131,
    454.84217357356516,
    452.41956526862697,
    447.08771644081645,
    427.8334687379007,
    412.3982763224485,
    383.7072574002665,
    329.0587816162699,
    328.6759780696039,
    328.2981418889379,
    328.21732132220865,
    325.1455225200505,
    313.56248333059455,
    295.5086091303225,
    279.90196311154864,
    191.646211913729,
    172.8918950027754,
    172.8886236988162,
    163.1703650521031,
    163.1679238566817,
    163.16654350050197,
    144.19024828247916,
    144.1901019716491,
    144.1900925324172,
    144.1898626918667,
    129.74134432568354,
    129.74121762640655,
    129.74098118319242,
    129.74132615057528,
    129.72728738036517,
    124.08624830136807,
    124.08552266847605,
    124.08384992336731,
    124.08179842012316,
    124.08169731323746,
    124.06995321094429,
    113.20644118220439,
    113.20696236144502,
    113.2058725905592,
    113.20497465993046,
    113.20401026851972,
    113.19694385224179,
    113.18234577782121,
    108.16277828118405,
    108.16036318025,
    108.15949533048777,
    108.15900514873444,
    108.15765499047185,
    108.17572507651516,
    105.5268294390403,
    91.00831929564669,
    71.64254789956735
  ],
  "trigger_counts": {
    "grad_norm": 0,
    "loss_delta": 72,
    "max_steps": 0
  },
  "elapsed_seconds": 11009.333630810492,
  "device": "cuda:0",
  "git_sha": "894ee7c407f737c0a250a28d33487a7db7bd83d3"
}