{
  "dataset": "div2k_8q",
  "ordering": "rl",
  "seed": 90,
  "m": 8,
  "n": 8,
  "init": "random",
  "topk_ratio": 0.2,
  "k_train": 13107,
  "lr": 0.003,
  "batch": 50,
  "train_batch_idx": [
    0,
    30,
    38,
    40,
    43,
    57,
    59,
    62,
    92,
    97,
    104,
    132,
    145,
    148,
    154,
    168,
    180,
    191,
    194,
    199,
    205,
    220,
    236,
    241,
    242,
    245,
    276,
    295,
    307,
    309,
    317,
    320,
    324,
    328,
    330,
    331,
    334,
    341,
    369,
    396,
    399,
    402,
    406,
    423,
    446,
    449,
    451,
    457,
    484,
    492
  ],
  "max_steps": 2000,
  "grad_check_every": 5,
  "psnr": {
    "0.05": 24.84145520729336,
    "0.1": 27.225202861053173,
    "0.15": 29.111407974909135,
    "0.2": 30.807524405556492
  },
  "final_loss": 75.99574114384566,
  "total_steps": 10959,
  "per_stage_final_loss": [
    622.982205499596,
    622.6914193025317,
    597.938154163243,
    597.7877832480829,
    595.1379561284169,
    583.5655477816616,
    583.4885018700834,
    582.9228323160562,
    578.8208181743619,
    531.9130034344334,
    531.0007568621032,
    509.18880748840445,
    504.1775507688183,
    503.6499737531302,
    493.1363010546928,
    481.0459273560993,
    479.70723558187717,
    477.16392912445326,
    476.31480014762303,
    472.1466097089646,
    408.77961508391803,
    401.77149881152246,
    401.6442972311217,
    401.4789446887698,
    399.9806156825537,
    399.964824324112,
    393.79519780923147,
    302.5986486992548,
    302.45213137029714,
    301.1462179512902,
    299.50957535580466,
    295.3417890700462,
    290.9164301661079,
    275.89854313400247,
    259.0347438426928,
    174.09976623562355,
    164.56161012250467,
    164.56074696883604,
    146.32703557772663,
    146.3237832204194,
    146.32339933775154,
    134.71797466911048,
    134.71625705873282,
    134.715858761501,
    134.7153298817833,
    126.91974215653009,
    126.92594690665216,
    126.9179142862038,
    126.91660957053318,
    126.916333008935,
    121.36165215698395,
    121.36083049894718,
    121.3606366993552,
    121.36048651677744,
    121.35954775284648,
    119.58789402049554,
    113.68044368476134,
    113.68407686060011,
    113.67624089874457,
    113.69279370572346,
    113.67516214704035,
    113.28816215217127,
    113.23184109064744,
    95.60300771966558,
    95.60243800516433,
    95.60184575528139,
    95.60164713409034,
    95.60167671398754,
    94.3818013084626,
    90.3741363895429,
    87.61017869741063,
    75.99574114384566
  ],
  "trigger_counts": {
    "grad_norm": 0,
    "loss_delta": 72,
    "max_steps": 0
  },
  "elapsed_seconds": 5910.880968741141,
  "device": "cuda:0",
  "git_sha": "5c2d8282104b3081f6b073074cdcfe12a6a6c78c"
}