{
  "dataset": "div2k_8q",
  "ordering": "rl",
  "seed": 28,
  "m": 8,
  "n": 8,
  "init": "random",
  "topk_ratio": 0.2,
  "k_train": 13107,
  "lr": 0.003,
  "batch": 50,
  "train_batch_idx": [
    8,
    14,
    23,
    34,
    42,
    46,
    65,
    73,
    78,
    85,
    100,
    106,
    110,
    128,
    146,
    152,
    155,
    162,
    165,
    169,
    191,
    219,
    249,
    251,
    252,
    256,
    300,
    303,
    329,
    334,
    336,
    349,
    351,
    369,
    379,
    384,
    385,
    387,
    388,
    401,
    406,
    410,
    433,
    443,
    460,
    462,
    468,
    475,
    483,
    497
  ],
  "max_steps": 2000,
  "grad_check_every": 5,
  "psnr": {
    "0.05": 24.82044918744012,
    "0.1": 27.26029315718752,
    "0.15": 29.18663512444732,
    "0.2": 30.914093820825084
  },
  "final_loss": 71.7155548072604,
  "total_steps": 8633,
  "per_stage_final_loss": [
    956.5490015149265,
    949.5616079586531,
    909.3020315904837,
    890.5410222633567,
    881.4561684448213,
    858.6238304045218,
    856.8271968678775,
    856.6076519714782,
    796.1690373038616,
    733.1268179718562,
    730.899333292764,
    730.2179280475389,
    715.8551239892088,
    715.5969346724331,
    665.1517161544224,
    640.335535811218,
    634.2524009164003,
    620.0300363529341,
    607.8671937654076,
    569.7235813977445,
    441.6073491887535,
    441.607490804584,
    439.9832120894846,
    438.56983317135763,
    438.49384647991354,
    438.25066703163634,
    434.7269119508588,
    433.7534434066189,
    433.31821657360865,
    431.0293255423946,
    430.2363770317333,
    416.0578589512047,
    408.1882623755981,
    408.00032237308756,
    386.380626350386,
    217.40282928579447,
    200.78180392610486,
    200.77599924966205,
    182.50738278048942,
    182.5062985998337,
    182.50731534661398,
    176.81721358132964,
    176.8166211643938,
    176.81537666834447,
    176.81516362475784,
    168.19884081839956,
    168.19908849018088,
    168.19835199028444,
    168.19939379018908,
    168.19089020131625,
    151.1671290815934,
    151.16433462625017,
    151.16355978748155,
    151.1633786953632,
    151.1622192500021,
    151.1457283307229,
    140.9423859463379,
    140.93943206385478,
    140.93779702336678,
    140.93737141948608,
    140.9368946560778,
    140.89370425962764,
    140.89100889161358,
    130.09663305755913,
    130.16667931179435,
    130.16569904831616,
    130.0960636268194,
    130.16526096322875,
    130.09461050280467,
    124.41016513963463,
    105.04960794187394,
    71.7155548072604
  ],
  "trigger_counts": {
    "grad_norm": 0,
    "loss_delta": 72,
    "max_steps": 0
  },
  "elapsed_seconds": 4684.347416833974,
  "device": "cuda:0",
  "git_sha": "894ee7c407f737c0a250a28d33487a7db7bd83d3"
}