{
  "dataset": "div2k_8q",
  "ordering": "rl",
  "seed": 84,
  "m": 8,
  "n": 8,
  "init": "random",
  "topk_ratio": 0.2,
  "k_train": 13107,
  "lr": 0.003,
  "batch": 50,
  "train_batch_idx": [
    18,
    20,
    26,
    35,
    49,
    59,
    67,
    78,
    82,
    90,
    101,
    104,
    127,
    128,
    129,
    131,
    132,
    146,
    153,
    159,
    170,
    172,
    175,
    181,
    197,
    208,
    223,
    242,
    245,
    265,
    289,
    295,
    299,
    301,
    330,
    339,
    341,
    358,
    366,
    378,
    394,
    404,
    408,
    412,
    416,
    427,
    460,
    476,
    478,
    490
  ],
  "max_steps": 2000,
  "grad_check_every": 5,
  "psnr": {
    "0.05": 25.0987202640449,
    "0.1": 27.66008964553292,
    "0.15": 29.676604660917913,
    "0.2": 31.481547162842947
  },
  "final_loss": 73.71333024485602,
  "total_steps": 10541,
  "per_stage_final_loss": [
    487.9257235584219,
    487.07602940034474,
    477.4621629089165,
    467.83978970454274,
    451.1056588351898,
    441.2787698947273,
    438.34337532996597,
    434.8388353070615,
    433.4684857010872,
    399.5518047874748,
    397.7048087310439,
    392.33616773524824,
    386.7638793379315,
    385.27422768286283,
    357.1684229140485,
    356.72598465881003,
    356.5144390450899,
    355.6616838608585,
    353.00862494525916,
    352.78744874214254,
    289.64992732314346,
    287.1406033063048,
    286.0699707931612,
    281.26411299524347,
    275.1931362736292,
    272.96959615763626,
    270.21790510178255,
    234.67175011276117,
    234.6337990107599,
    234.5802972902659,
    233.6028360293733,
    233.01235130626935,
    231.24951413268576,
    229.15209443129882,
    220.83241284316864,
    171.90240239813096,
    167.46279078254562,
    167.46257411215163,
    152.7681211532845,
    152.76756627746065,
    152.76772166338353,
    144.77788771769087,
    144.77627471906195,
    144.77557791960663,
    144.77553348589427,
    136.08199648255345,
    136.08109438457228,
    136.08123240272513,
    136.0821735551053,
    136.08033817323872,
    132.67979655043243,
    132.67804992997299,
    132.6781185933271,
    132.677184365036,
    132.67636746719182,
    132.65923997700932,
    122.41780483765866,
    122.41643530004347,
    122.41603671662892,
    122.41360310927044,
    122.41323052351012,
    122.39985631331955,
    122.0900525241655,
    102.06384118009287,
    102.06094428953739,
    102.06088283590718,
    102.06017970965222,
    102.05878925240955,
    102.05545849683804,
    100.23754077193558,
    90.45590954729792,
    73.71333024485602
  ],
  "trigger_counts": {
    "grad_norm": 0,
    "loss_delta": 72,
    "max_steps": 0
  },
  "elapsed_seconds": 5630.718779100105,
  "device": "cuda:0",
  "git_sha": "5c2d8282104b3081f6b073074cdcfe12a6a6c78c"
}