{
  "dataset": "div2k_8q",
  "ordering": "rl",
  "seed": 44,
  "m": 8,
  "n": 8,
  "init": "random",
  "topk_ratio": 0.2,
  "k_train": 13107,
  "lr": 0.003,
  "batch": 50,
  "train_batch_idx": [
    8,
    9,
    40,
    43,
    46,
    52,
    55,
    74,
    75,
    88,
    96,
    101,
    117,
    157,
    177,
    185,
    187,
    190,
    195,
    197,
    208,
    245,
    255,
    264,
    272,
    280,
    285,
    289,
    300,
    302,
    317,
    323,
    343,
    344,
    365,
    371,
    385,
    396,
    417,
    437,
    442,
    443,
    447,
    450,
    458,
    470,
    475,
    479,
    493,
    494
  ],
  "max_steps": 2000,
  "grad_check_every": 5,
  "psnr": {
    "0.05": 24.819973055442816,
    "0.1": 27.26001189871195,
    "0.15": 29.186429609970343,
    "0.2": 30.91404966140527
  },
  "final_loss": 72.88206021940407,
  "total_steps": 9985,
  "per_stage_final_loss": [
    1157.111204350177,
    1150.2235823958338,
    1060.9944333046426,
    1060.540015890748,
    1053.6652668516642,
    946.643834665515,
    935.7723891917748,
    933.6284569012205,
    931.8768001751334,
    793.0625646412506,
    793.0518227070197,
    791.7084115444073,
    786.5536070353049,
    785.4634015543757,
    693.8025154171528,
    693.7720189424389,
    686.7608303119641,
    686.6459356703405,
    683.4952163635638,
    680.4889593258365,
    451.3137944088819,
    450.95409822200236,
    450.92353363617883,
    444.90742768243075,
    444.4878426601281,
    444.28814886840655,
    440.60140452329665,
    381.75539804015403,
    381.74999765270275,
    381.68978157749024,
    380.88357658047084,
    375.3405463932789,
    364.4357819316967,
    361.0406947150863,
    299.8982642248,
    192.80787701485286,
    179.4132460088298,
    179.41157497294859,
    160.063899350476,
    160.06373206705968,
    160.0635209901216,
    143.5809467235113,
    143.57957285368568,
    143.57937495365124,
    143.57895894936843,
    133.6544072646574,
    133.6533018429919,
    133.65299004432111,
    133.6542605992814,
    133.63665072760395,
    126.61977547057435,
    126.61619090171338,
    126.61552313248168,
    126.61442619431395,
    126.61343063214137,
    126.61037762338543,
    116.27830646340415,
    116.27739172914153,
    116.27725858714821,
    116.27710207461773,
    116.27724571429215,
    116.27658835467719,
    116.27377895406588,
    114.1535295882274,
    114.15299415232141,
    114.15294400115049,
    114.15266130797367,
    113.8023087056976,
    114.14342667321932,
    105.06830707475922,
    97.6903067247249,
    72.88206021940407
  ],
  "trigger_counts": {
    "grad_norm": 0,
    "loss_delta": 72,
    "max_steps": 0
  },
  "elapsed_seconds": 5232.579348140396,
  "device": "cuda:0",
  "git_sha": "894ee7c407f737c0a250a28d33487a7db7bd83d3"
}