{
  "dataset": "div2k_8q",
  "ordering": "rl",
  "seed": 3,
  "m": 8,
  "n": 8,
  "init": "random",
  "topk_ratio": 0.2,
  "k_train": 13107,
  "lr": 0.003,
  "batch": 50,
  "train_batch_idx": [
    0,
    15,
    18,
    21,
    37,
    38,
    43,
    53,
    69,
    74,
    81,
    82,
    107,
    123,
    137,
    143,
    148,
    153,
    155,
    156,
    184,
    199,
    200,
    204,
    212,
    222,
    244,
    266,
    280,
    287,
    315,
    316,
    317,
    322,
    339,
    343,
    354,
    363,
    365,
    379,
    397,
    419,
    425,
    445,
    455,
    460,
    467,
    478,
    480,
    490
  ],
  "max_steps": 2000,
  "grad_check_every": 5,
  "psnr": {
    "0.05": 24.753167436332454,
    "0.1": 27.41715261401444,
    "0.15": 29.488144584863022,
    "0.2": 31.336102780922698
  },
  "final_loss": 80.09163639023386,
  "total_steps": 9111,
  "per_stage_final_loss": [
    423.06642632005827,
    423.04690327329956,
    411.42310455469425,
    411.31480520179343,
    411.099846977331,
    400.1638589507755,
    398.88413624258857,
    398.00642796865947,
    396.8329218595909,
    375.9494719059233,
    375.81101278062437,
    375.70692242797844,
    375.68882996319576,
    375.6073264071885,
    374.0577258616504,
    371.63006459364055,
    364.71102878559003,
    363.60870402492105,
    363.41931307651004,
    355.7316029624222,
    314.79439744552775,
    314.5737165094927,
    312.67843387842095,
    311.97017072102926,
    309.4236813435223,
    308.88356709911926,
    308.7183560579458,
    264.2574031761968,
    258.1627302450299,
    257.8849383656733,
    256.46853781641784,
    253.00110523047076,
    249.1286138231235,
    245.24502126337612,
    224.30959444977358,
    152.87843497659802,
    129.23071483877948,
    129.22785154145515,
    113.1541964208779,
    113.15342652350505,
    113.15300499597458,
    109.79808741484884,
    109.7978919719387,
    109.79735469010572,
    109.79715109137018,
    102.54151180895387,
    102.54079126147073,
    102.5393517455462,
    102.53874746754406,
    102.53665282521634,
    101.2832991654171,
    101.28113762992612,
    101.28080617711589,
    101.27959007313258,
    101.27748837235073,
    101.27357274352839,
    91.52332184548581,
    91.52182066448997,
    91.52043920016662,
    91.51921384570123,
    91.51892708813081,
    91.51859582144425,
    91.5165051999886,
    88.2014544872466,
    88.20113717723372,
    88.20125252485077,
    88.20092623274253,
    88.20077321914218,
    88.199749237816,
    88.19945545301692,
    82.89570046953064,
    80.09163639023386
  ],
  "trigger_counts": {
    "grad_norm": 0,
    "loss_delta": 72,
    "max_steps": 0
  },
  "elapsed_seconds": 4913.808131811209,
  "device": "cuda:0",
  "git_sha": "894ee7c407f737c0a250a28d33487a7db7bd83d3"
}