{
  "dataset": "div2k_8q",
  "ordering": "rl",
  "seed": 70,
  "m": 8,
  "n": 8,
  "init": "random",
  "topk_ratio": 0.2,
  "k_train": 13107,
  "lr": 0.003,
  "batch": 50,
  "train_batch_idx": [
    1,
    7,
    9,
    12,
    13,
    23,
    41,
    67,
    70,
    81,
    96,
    108,
    109,
    112,
    114,
    130,
    145,
    146,
    150,
    155,
    156,
    157,
    159,
    163,
    172,
    183,
    191,
    206,
    210,
    211,
    218,
    224,
    242,
    271,
    283,
    285,
    287,
    288,
    291,
    293,
    296,
    328,
    340,
    347,
    367,
    386,
    442,
    446,
    475,
    485
  ],
  "max_steps": 2000,
  "grad_check_every": 5,
  "psnr": {
    "0.05": 24.8936427503093,
    "0.1": 27.408110102424892,
    "0.15": 29.379829258295995,
    "0.2": 31.143621173086984
  },
  "final_loss": 88.5479709385907,
  "total_steps": 9515,
  "per_stage_final_loss": [
    1870.1328000928045,
    1867.061429608933,
    1731.568144074552,
    1731.0215081541878,
    1730.6929478206341,
    1352.8621658686627,
    1314.424574618164,
    1303.0974538481876,
    1294.8939452864518,
    1272.6390099989987,
    1268.770625527544,
    1263.8011319572593,
    1240.9522413623117,
    1240.8980960520623,
    1032.4824099367024,
    1025.9059868957472,
    1019.68183817305,
    990.0008394884393,
    922.1017273427792,
    875.488748945907,
    578.6208027297533,
    575.8551870607782,
    575.7664492127296,
    573.9139204737776,
    568.6358057015395,
    568.274944000602,
    563.8369373774678,
    412.03559214031264,
    412.01292532310634,
    409.9063362346488,
    407.1161996022098,
    406.89433126164005,
    403.33000043279213,
    399.0209399252672,
    385.668020432142,
    244.6634735316715,
    213.62021257565624,
    213.61462403128965,
    209.54778218121814,
    209.5462683213786,
    209.5431797184336,
    205.5953444819054,
    205.5945911091487,
    205.59445650515966,
    205.5947142609027,
    200.7540553610374,
    200.74936542621057,
    200.74562183521118,
    200.74550034636857,
    200.70461622266842,
    192.17721485246147,
    192.1738534342438,
    192.17377564147782,
    192.17326742893314,
    192.16654771947208,
    192.08999518801735,
    183.23501183107382,
    183.22914566178838,
    183.22565336025443,
    183.22621942682585,
    183.22561689939502,
    183.21360691866437,
    183.1900810352376,
    142.91891294791395,
    142.9131933072346,
    142.91291162383257,
    142.91263836852792,
    142.9120566053194,
    142.91180614412804,
    136.68867721161354,
    136.3038960208716,
    88.5479709385907
  ],
  "trigger_counts": {
    "grad_norm": 0,
    "loss_delta": 72,
    "max_steps": 0
  },
  "elapsed_seconds": 4908.936015643179,
  "device": "cuda:0",
  "git_sha": "8f584e16671086491acd5747515c5792c0fffec7"
}