{
  "dataset": "div2k_8q",
  "ordering": "rl",
  "seed": 37,
  "m": 8,
  "n": 8,
  "init": "random",
  "topk_ratio": 0.2,
  "k_train": 13107,
  "lr": 0.003,
  "batch": 50,
  "train_batch_idx": [
    8,
    30,
    31,
    50,
    61,
    71,
    74,
    85,
    92,
    99,
    101,
    116,
    119,
    124,
    126,
    128,
    136,
    143,
    146,
    147,
    151,
    197,
    207,
    223,
    249,
    263,
    265,
    281,
    286,
    300,
    308,
    311,
    318,
    321,
    331,
    334,
    339,
    343,
    370,
    384,
    398,
    400,
    411,
    416,
    437,
    455,
    471,
    473,
    487,
    494
  ],
  "max_steps": 2000,
  "grad_check_every": 5,
  "psnr": {
    "0.05": 25.09838071604021,
    "0.1": 27.659709032212753,
    "0.15": 29.675938060768036,
    "0.2": 31.48083508278754
  },
  "final_loss": 72.37066298482459,
  "total_steps": 9615,
  "per_stage_final_loss": [
    943.5637308043067,
    942.3883866621179,
    897.2882216924929,
    890.2568720618955,
    883.5814342184691,
    878.896114720979,
    868.5482949165962,
    859.390708224536,
    858.3404664311413,
    748.4116725648363,
    748.3873477832145,
    748.3545650522263,
    740.2992428280146,
    734.063631762309,
    694.0424357189434,
    670.1898403632088,
    657.1263984261354,
    652.0210098877886,
    647.0781530832567,
    598.2969024059381,
    513.8387814459273,
    512.6650909556643,
    512.5781741864583,
    512.4383552135873,
    505.62203576120334,
    504.23385395653065,
    484.771914611493,
    359.15310185671683,
    358.6577174741856,
    358.4248661614659,
    355.4299980000294,
    349.25303658253875,
    343.92443166032274,
    330.3053262153107,
    314.96401102500243,
    205.4078939298781,
    201.39608167603458,
    201.39130779398397,
    187.06423660479243,
    187.06156560215064,
    187.05697646455778,
    173.8668514267992,
    173.86648897862858,
    173.86366310755548,
    173.86184520187246,
    164.6885458322792,
    164.68642333971752,
    164.68570822834656,
    164.68405328818577,
    164.68143618362498,
    156.4366870616046,
    156.43555586014375,
    156.43433522163747,
    156.43353989609295,
    156.4331306308876,
    156.43064430964023,
    155.74008777251098,
    155.73667864570953,
    155.7354803943226,
    155.7343715448396,
    155.73349112468333,
    155.7329466433216,
    148.4037490548821,
    107.80179658634592,
    107.79948460849886,
    107.79921983126212,
    107.79844556989771,
    107.72444371819651,
    107.79534809491929,
    104.75814293713846,
    102.80741040635301,
    72.37066298482459
  ],
  "trigger_counts": {
    "grad_norm": 0,
    "loss_delta": 72,
    "max_steps": 0
  },
  "elapsed_seconds": 5168.0666571594775,
  "device": "cuda:0",
  "git_sha": "894ee7c407f737c0a250a28d33487a7db7bd83d3"
}