{
  "dataset": "div2k_8q",
  "ordering": "rl",
  "seed": 46,
  "m": 8,
  "n": 8,
  "init": "random",
  "topk_ratio": 0.2,
  "k_train": 13107,
  "lr": 0.003,
  "batch": 50,
  "train_batch_idx": [
    3,
    26,
    32,
    35,
    39,
    51,
    63,
    78,
    90,
    99,
    109,
    113,
    118,
    120,
    123,
    124,
    130,
    159,
    171,
    190,
    215,
    226,
    236,
    239,
    244,
    249,
    270,
    284,
    291,
    298,
    319,
    341,
    350,
    351,
    354,
    361,
    369,
    372,
    375,
    378,
    379,
    409,
    415,
    416,
    428,
    429,
    451,
    476,
    477,
    492
  ],
  "max_steps": 2000,
  "grad_check_every": 5,
  "psnr": {
    "0.05": 25.097618326019102,
    "0.1": 27.658608190123346,
    "0.15": 29.674992311290257,
    "0.2": 31.47971957186664
  },
  "final_loss": 82.45511147205342,
  "total_steps": 8734,
  "per_stage_final_loss": [
    1074.1915734894528,
    1072.5209165884214,
    1027.4612538477284,
    1026.2826466114932,
    1002.3778326781551,
    929.456693249276,
    929.4010613147647,
    927.5403611596619,
    915.8166026263615,
    913.1970632213579,
    889.1598152517728,
    886.9225258693793,
    878.8756965962858,
    877.0858418130147,
    803.5169672126792,
    803.28648690123,
    800.0622488869022,
    800.0580487714817,
    765.6830384648752,
    752.7664607343421,
    563.909653224423,
    562.7982138436203,
    555.4380594584894,
    553.3148017703759,
    538.8042142798189,
    504.70601849124665,
    493.2029942230877,
    468.7329263752696,
    468.7322607238856,
    468.565540369586,
    468.45090508764815,
    466.37738466788636,
    466.3769235322073,
    461.70419649930534,
    397.2141523122415,
    240.30295799699238,
    223.16736212217398,
    223.16590097090204,
    221.06658301634235,
    221.06279137614155,
    221.06290232593184,
    202.99218143094623,
    202.99015566924137,
    202.98966140741297,
    202.98894844650172,
    193.93046706612765,
    193.92972104796962,
    193.93019058350086,
    193.92919259483483,
    193.9324139079668,
    186.52995366126845,
    186.5295475584497,
    186.52856566897165,
    186.5289486966141,
    186.5282755030087,
    186.44753402971486,
    177.67045320301534,
    177.66919599986613,
    177.67023987980866,
    177.66895785437814,
    177.66868648836547,
    177.66734726927774,
    177.65071075200376,
    145.62528451990076,
    145.61777729018962,
    145.61777772450318,
    145.61640319288597,
    145.6156234204604,
    145.61459905243325,
    135.2981522432059,
    112.79656283646034,
    82.45511147205342
  ],
  "trigger_counts": {
    "grad_norm": 0,
    "loss_delta": 72,
    "max_steps": 0
  },
  "elapsed_seconds": 4682.239168528467,
  "device": "cuda:0",
  "git_sha": "894ee7c407f737c0a250a28d33487a7db7bd83d3"
}