{
  "dataset": "div2k_8q",
  "ordering": "rl",
  "seed": 86,
  "m": 8,
  "n": 8,
  "init": "random",
  "topk_ratio": 0.2,
  "k_train": 13107,
  "lr": 0.003,
  "batch": 50,
  "train_batch_idx": [
    0,
    18,
    21,
    27,
    28,
    40,
    48,
    54,
    61,
    64,
    65,
    69,
    79,
    83,
    94,
    101,
    105,
    130,
    153,
    160,
    162,
    169,
    170,
    182,
    189,
    197,
    200,
    231,
    278,
    280,
    296,
    300,
    358,
    365,
    366,
    371,
    376,
    389,
    391,
    398,
    412,
    419,
    425,
    431,
    445,
    449,
    453,
    460,
    471,
    473
  ],
  "max_steps": 2000,
  "grad_check_every": 5,
  "psnr": {
    "0.05": 24.81989429694607,
    "0.1": 27.2595993852018,
    "0.15": 29.1855588187849,
    "0.2": 30.913252308173018
  },
  "final_loss": 82.27058772600871,
  "total_steps": 9287,
  "per_stage_final_loss": [
    825.8920926814288,
    808.4967219529151,
    797.899271168176,
    797.6491438766444,
    786.5017911023272,
    772.5133052878787,
    744.1839728655253,
    711.0426638215736,
    710.0311797833294,
    619.0572102635282,
    610.8223241399127,
    610.8116068864683,
    600.7405518074482,
    592.4611006878506,
    532.0635183381754,
    530.5161226565837,
    526.4953590577121,
    522.87293700657,
    493.4782464192885,
    491.52100354969144,
    430.7236195791792,
    430.31450009802097,
    427.84951815387933,
    409.75150982105714,
    402.1615694252664,
    395.04435172074767,
    382.8734802012735,
    332.69084451097183,
    332.6818882117495,
    332.6274128228409,
    330.8159693085193,
    329.2127457840489,
    317.17910030555987,
    308.6820652289252,
    292.4148384565632,
    189.87603900784015,
    178.1582538585148,
    178.15552845871323,
    166.42795324907135,
    166.42681590494405,
    166.42518403977286,
    156.53021023102727,
    156.528310756231,
    156.52738419392554,
    156.52675645857872,
    148.14184248106446,
    148.13717456610533,
    148.1354437236275,
    148.1346641384116,
    148.12560649658548,
    140.1791000352034,
    140.17806202085518,
    140.17794860061161,
    140.17699168081955,
    140.17634668960918,
    140.17596038710568,
    138.30981815462542,
    138.2016734965073,
    138.20029299004534,
    138.1984571866859,
    138.30465685388666,
    138.19127303336106,
    123.00810412087493,
    118.67935318948523,
    118.67866809955456,
    118.6766718495408,
    118.67728435163755,
    118.67494053326344,
    118.6738799483851,
    117.7715652879556,
    102.71825765443646,
    82.27058772600871
  ],
  "trigger_counts": {
    "grad_norm": 0,
    "loss_delta": 72,
    "max_steps": 0
  },
  "elapsed_seconds": 5060.366544280201,
  "device": "cuda:0",
  "git_sha": "5c2d8282104b3081f6b073074cdcfe12a6a6c78c"
}