{
  "dataset": "div2k_8q",
  "ordering": "rl",
  "seed": 88,
  "m": 8,
  "n": 8,
  "init": "random",
  "topk_ratio": 0.2,
  "k_train": 13107,
  "lr": 0.003,
  "batch": 50,
  "train_batch_idx": [
    2,
    6,
    28,
    36,
    56,
    59,
    80,
    91,
    93,
    96,
    100,
    115,
    122,
    125,
    128,
    132,
    146,
    149,
    154,
    158,
    173,
    192,
    215,
    225,
    226,
    227,
    267,
    290,
    304,
    305,
    312,
    313,
    315,
    319,
    320,
    324,
    328,
    337,
    346,
    398,
    411,
    425,
    439,
    441,
    444,
    456,
    471,
    481,
    485,
    487
  ],
  "max_steps": 2000,
  "grad_check_every": 5,
  "psnr": {
    "0.05": 25.09917459060309,
    "0.1": 27.6605207900295,
    "0.15": 29.6768167349125,
    "0.2": 31.48164910415476
  },
  "final_loss": 55.72002597249882,
  "total_steps": 10621,
  "per_stage_final_loss": [
    987.2738822792587,
    987.2693855857652,
    929.6298091028558,
    919.8528742892232,
    918.2631987516465,
    831.8406669549943,
    802.0179292017474,
    796.6452585622185,
    769.0984504863262,
    672.1272389381026,
    651.4561462722884,
    649.9906057176103,
    638.6938030408185,
    620.6140329995859,
    558.6427595517257,
    553.9146785784624,
    534.3735137630342,
    506.5416080507989,
    496.09535602001273,
    488.2596383886182,
    441.6727954290364,
    441.1233415409431,
    436.74952437164626,
    434.81507018224227,
    429.071761264847,
    403.78397737468345,
    388.089352858199,
    317.49782632272496,
    316.9490064645869,
    316.2731910555075,
    315.98200835389065,
    313.59711964613564,
    312.01432455773715,
    303.13987669667756,
    275.21575470537147,
    175.18784999265975,
    162.26731231920255,
    162.26703584414184,
    153.2921248326394,
    153.29259630778097,
    153.29001424162132,
    143.61167509747727,
    143.61148368101564,
    143.61125456222436,
    143.61115155522216,
    136.6512388689103,
    136.65132093487884,
    136.64964071732885,
    136.64734891461518,
    136.64140380654078,
    132.3249401053826,
    132.32153035018584,
    132.31975129746274,
    132.31929099849475,
    132.319340886506,
    132.30917415732728,
    121.28981799779267,
    121.30250002643356,
    121.30099944347936,
    121.30052141220976,
    121.29915679969481,
    121.28873569744468,
    114.93466713187321,
    106.36104151783184,
    95.23454735454605,
    95.23300604399925,
    95.23151151667803,
    95.23151552530659,
    95.22725285962723,
    93.34135954385177,
    91.86694940308142,
    55.72002597249882
  ],
  "trigger_counts": {
    "grad_norm": 0,
    "loss_delta": 72,
    "max_steps": 0
  },
  "elapsed_seconds": 5532.110433636233,
  "device": "cuda:0",
  "git_sha": "5c2d8282104b3081f6b073074cdcfe12a6a6c78c"
}