{
  "dataset": "div2k_8q",
  "ordering": "rl",
  "seed": 78,
  "m": 8,
  "n": 8,
  "init": "random",
  "topk_ratio": 0.2,
  "k_train": 13107,
  "lr": 0.003,
  "batch": 50,
  "train_batch_idx": [
    4,
    15,
    39,
    45,
    46,
    50,
    55,
    59,
    67,
    73,
    85,
    86,
    95,
    103,
    112,
    117,
    143,
    145,
    151,
    152,
    157,
    171,
    176,
    189,
    190,
    194,
    211,
    236,
    238,
    239,
    248,
    255,
    263,
    271,
    300,
    305,
    314,
    316,
    330,
    339,
    383,
    390,
    401,
    407,
    415,
    416,
    434,
    448,
    457,
    477
  ],
  "max_steps": 2000,
  "grad_check_every": 5,
  "psnr": {
    "0.05": 24.820166074081598,
    "0.1": 27.259921668171952,
    "0.15": 29.18607232965501,
    "0.2": 30.91359963090278
  },
  "final_loss": 73.5987610771908,
  "total_steps": 9164,
  "per_stage_final_loss": [
    523.6562397786754,
    523.608338018885,
    499.1254553093837,
    499.11383790398475,
    496.3392420221339,
    462.5184110774643,
    459.9991516495168,
    459.9926535979737,
    452.5742784263967,
    432.62682607919663,
    426.9345661628463,
    421.85374972171616,
    421.7064305716977,
    415.9778500356939,
    380.42175989113997,
    377.8781126980978,
    371.0210827615265,
    370.33883521557885,
    370.2447437375617,
    368.2875390858925,
    350.79671393821127,
    350.76613240838316,
    350.6949267672691,
    348.0418734090393,
    341.00137884343627,
    327.269386952827,
    324.84496282199973,
    280.96224782964384,
    280.9542383622716,
    280.0631016212833,
    275.99459347929087,
    272.66331296409555,
    269.56608302167547,
    262.0037107327264,
    252.04004179229787,
    205.82098876366408,
    178.02306355728288,
    178.00492138914774,
    163.88625978472538,
    163.8860892650735,
    163.88855965436252,
    155.53136101014852,
    155.53059743185415,
    155.52657602192517,
    155.52587492366325,
    148.93130525544842,
    148.9293911677113,
    148.93546737056087,
    148.92963030005293,
    148.91136076726332,
    140.25233887724514,
    140.25000500990592,
    140.2495105731667,
    140.24923532527674,
    140.24928909275062,
    140.2025691775368,
    131.54509133323273,
    131.5447203884702,
    131.54457518866596,
    131.5446305533548,
    131.54370632135002,
    131.5413580789269,
    127.92941430561605,
    109.49372998307342,
    109.49155223450289,
    109.49071100441154,
    109.60154741587206,
    109.49041810099891,
    109.4830401853285,
    100.04506067589526,
    97.83889059657834,
    73.5987610771908
  ],
  "trigger_counts": {
    "grad_norm": 0,
    "loss_delta": 72,
    "max_steps": 0
  },
  "elapsed_seconds": 4800.080198041163,
  "device": "cuda:0",
  "git_sha": "8f584e16671086491acd5747515c5792c0fffec7"
}