{
  "dataset": "div2k_8q",
  "ordering": "rl",
  "seed": 35,
  "m": 8,
  "n": 8,
  "init": "random",
  "topk_ratio": 0.2,
  "k_train": 13107,
  "lr": 0.003,
  "batch": 50,
  "train_batch_idx": [
    0,
    8,
    10,
    13,
    21,
    44,
    46,
    49,
    77,
    78,
    99,
    112,
    125,
    152,
    158,
    166,
    168,
    171,
    183,
    193,
    203,
    208,
    210,
    237,
    239,
    251,
    271,
    280,
    282,
    315,
    316,
    323,
    333,
    357,
    369,
    373,
    379,
    383,
    420,
    423,
    425,
    426,
    427,
    433,
    442,
    464,
    465,
    469,
    479,
    496
  ],
  "max_steps": 2000,
  "grad_check_every": 5,
  "psnr": {
    "0.05": 25.092873584185455,
    "0.1": 27.57147641558142,
    "0.15": 29.531846542658542,
    "0.2": 31.292904773630738
  },
  "final_loss": 65.47658959704083,
  "total_steps": 10451,
  "per_stage_final_loss": [
    1193.4428312803866,
    1184.9549261888103,
    1143.8384713084504,
    1075.691368369434,
    1075.4969831000467,
    982.0046487468779,
    958.7477085676521,
    953.9236473749459,
    953.0531581570197,
    808.4448801494649,
    784.0841849057755,
    783.962731862929,
    777.0894356807288,
    774.8357559914242,
    620.1093628517309,
    615.7201381205795,
    615.673534196966,
    615.0804149320526,
    587.7273304650621,
    539.3737362129705,
    492.3653278120785,
    491.9286728790173,
    491.8692567573306,
    485.4341781088777,
    484.3631234597532,
    483.8365044191924,
    456.078074381944,
    386.94642324468924,
    386.68993721391854,
    385.9158940985754,
    381.8450848715643,
    379.50887987556416,
    376.0091863081958,
    374.0623990338112,
    339.1945048044098,
    199.31368991415562,
    194.70357248575397,
    194.70463160407985,
    188.1017188325482,
    188.09949557076197,
    188.09930540956256,
    174.19465235350964,
    174.1911169085858,
    174.19095276207548,
    174.18911602006523,
    165.25271120559484,
    165.25144241293683,
    165.25121031436353,
    165.2494023909463,
    165.22580126004968,
    164.8184796682516,
    163.6565837628189,
    163.65645963912237,
    163.6548961231518,
    163.6506071567437,
    162.09090245277727,
    143.3255314315016,
    143.32469374017126,
    143.3200246933542,
    143.31894121732435,
    143.31870269949192,
    142.53517959705493,
    136.51671554752295,
    123.6158899094422,
    123.61041142930932,
    123.60593953852593,
    123.60512188098659,
    123.60242057861892,
    120.56985122937695,
    115.85718280521348,
    102.28323108936287,
    65.47658959704083
  ],
  "trigger_counts": {
    "grad_norm": 0,
    "loss_delta": 72,
    "max_steps": 0
  },
  "elapsed_seconds": 5561.6141732232645,
  "device": "cuda:0",
  "git_sha": "894ee7c407f737c0a250a28d33487a7db7bd83d3"
}