{
  "dataset": "div2k_8q",
  "ordering": "rl",
  "seed": 95,
  "m": 8,
  "n": 8,
  "init": "random",
  "topk_ratio": 0.2,
  "k_train": 13107,
  "lr": 0.003,
  "batch": 50,
  "train_batch_idx": [
    15,
    26,
    29,
    30,
    36,
    40,
    63,
    75,
    90,
    103,
    120,
    121,
    129,
    137,
    146,
    165,
    174,
    188,
    189,
    190,
    191,
    195,
    197,
    202,
    220,
    221,
    225,
    236,
    244,
    261,
    269,
    286,
    324,
    334,
    345,
    361,
    362,
    363,
    371,
    380,
    396,
    401,
    414,
    421,
    442,
    464,
    477,
    479,
    491,
    499
  ],
  "max_steps": 2000,
  "grad_check_every": 5,
  "psnr": {
    "0.05": 24.812680284710815,
    "0.1": 27.256359755235252,
    "0.15": 29.183491033430656,
    "0.2": 30.91165614070912
  },
  "final_loss": 78.63026924742336,
  "total_steps": 9278,
  "per_stage_final_loss": [
    816.9675925936136,
    809.9387694853996,
    786.3789319529006,
    772.8930589178769,
    769.5582748587226,
    717.6871204556338,
    711.8225738147272,
    705.0459749003312,
    700.4278091092873,
    643.9515379416424,
    643.5807294028328,
    626.0679977669342,
    605.564690882535,
    575.919473071707,
    487.67188089416584,
    484.8525193055141,
    478.16165811440067,
    477.7771139010261,
    471.2458832114591,
    470.3035244824982,
    392.4611489737469,
    392.45379771443504,
    388.03779102947635,
    381.5970444135266,
    378.8839896541984,
    378.87665581535344,
    356.5593398714627,
    322.7691649581057,
    321.71256119528243,
    321.4519953370462,
    320.76928938150894,
    316.4164430581612,
    308.9419395194352,
    308.64069306951046,
    296.9592124352194,
    224.32804571914107,
    209.52931912893305,
    209.52888121814445,
    186.48283375224352,
    186.47242963133272,
    186.4668428857722,
    184.66394251897322,
    184.6681995367157,
    184.66379157726283,
    184.66335340867585,
    170.97594378134949,
    170.9733819703436,
    170.97151199077047,
    170.97230695367168,
    170.97139357460856,
    161.1462472376852,
    161.14409822544644,
    161.14226049478702,
    161.1401191324938,
    161.138963733374,
    161.13309668542976,
    143.65419679390067,
    143.651154982934,
    143.65103152204796,
    143.65089574394005,
    143.65051238096387,
    143.64221769336152,
    137.8704973896018,
    115.06750122594164,
    115.06661449458174,
    115.06569998640359,
    115.06436889238779,
    115.06340007239355,
    115.06065907918263,
    111.00415096785005,
    109.54482737749902,
    78.63026924742336
  ],
  "trigger_counts": {
    "grad_norm": 0,
    "loss_delta": 72,
    "max_steps": 0
  },
  "elapsed_seconds": 5233.195683406666,
  "device": "cuda:0",
  "git_sha": "5c2d8282104b3081f6b073074cdcfe12a6a6c78c"
}