{
  "dataset": "div2k_8q",
  "ordering": "rl",
  "seed": 10,
  "m": 8,
  "n": 8,
  "init": "random",
  "topk_ratio": 0.2,
  "k_train": 13107,
  "lr": 0.003,
  "batch": 50,
  "train_batch_idx": [
    3,
    33,
    56,
    62,
    65,
    68,
    70,
    94,
    110,
    111,
    116,
    119,
    151,
    153,
    160,
    187,
    190,
    199,
    235,
    242,
    245,
    258,
    274,
    317,
    319,
    350,
    355,
    360,
    362,
    377,
    382,
    385,
    389,
    392,
    397,
    407,
    421,
    432,
    437,
    444,
    447,
    449,
    459,
    474,
    477,
    481,
    482,
    483,
    487,
    488
  ],
  "max_steps": 2000,
  "grad_check_every": 5,
  "psnr": {
    "0.05": 25.089487261266626,
    "0.1": 27.56985096034493,
    "0.15": 29.530765234223264,
    "0.2": 31.292091573882804
  },
  "final_loss": 74.58432705402757,
  "total_steps": 9603,
  "per_stage_final_loss": [
    1170.1192661691157,
    1170.1156704156188,
    1048.4095591144378,
    1047.9837523879269,
    995.3344750604699,
    905.0216611814071,
    904.6922455704678,
    896.493649767651,
    818.715992125247,
    715.9405765544652,
    714.8711614739815,
    714.8156102888202,
    713.3345083936349,
    709.8802427285631,
    620.1010731615324,
    607.7624271926398,
    606.3947651695598,
    606.3926144524036,
    602.576388539726,
    570.5723748436134,
    445.3927525729305,
    444.268940008401,
    443.47718853006,
    443.20258425914756,
    441.0267367522216,
    440.58316961157703,
    438.2975665208037,
    389.38021473855395,
    385.9800423811232,
    384.7642001495834,
    382.0598997600029,
    376.30679206915266,
    365.01587471344044,
    362.90138645835714,
    333.5063549781661,
    211.49337597194463,
    209.01544514602966,
    209.01550233066695,
    198.14178206166224,
    198.1411816891069,
    198.14249237700267,
    183.96847737052704,
    183.96649118826434,
    183.96518317352334,
    183.96051503433472,
    179.2753106847174,
    179.27519556235154,
    179.27333768634256,
    179.27160242597918,
    179.27143170387274,
    174.07564623870033,
    174.07638513015286,
    174.07514174375842,
    174.07019139024294,
    174.0696894433504,
    170.41284882495583,
    151.12175529894878,
    151.1206660402478,
    151.1194532848412,
    151.1188052552273,
    151.11584401908542,
    150.91326037305765,
    150.80105802033012,
    137.60889646959973,
    137.6076972485304,
    137.6073758824768,
    137.60712181676345,
    137.60440054275762,
    137.37055887382002,
    123.0532031689786,
    122.12660563871816,
    74.58432705402757
  ],
  "trigger_counts": {
    "grad_norm": 0,
    "loss_delta": 72,
    "max_steps": 0
  },
  "elapsed_seconds": 5046.598793194629,
  "device": "cuda:0",
  "git_sha": "894ee7c407f737c0a250a28d33487a7db7bd83d3"
}