{
  "dataset": "div2k_8q",
  "ordering": "rl",
  "seed": 71,
  "m": 8,
  "n": 8,
  "init": "random",
  "topk_ratio": 0.2,
  "k_train": 13107,
  "lr": 0.003,
  "batch": 50,
  "train_batch_idx": [
    1,
    8,
    18,
    21,
    51,
    78,
    93,
    96,
    98,
    100,
    108,
    114,
    123,
    136,
    149,
    167,
    168,
    177,
    178,
    200,
    202,
    213,
    223,
    239,
    240,
    242,
    257,
    263,
    277,
    289,
    290,
    296,
    316,
    341,
    347,
    381,
    391,
    412,
    429,
    437,
    449,
    462,
    465,
    467,
    476,
    482,
    487,
    493,
    494,
    498
  ],
  "max_steps": 2000,
  "grad_check_every": 5,
  "psnr": {
    "0.05": 25.098994280549924,
    "0.1": 27.660171489992628,
    "0.15": 29.676729073155247,
    "0.2": 31.482010396375525
  },
  "final_loss": 57.48343719702632,
  "total_steps": 9699,
  "per_stage_final_loss": [
    444.78760119404046,
    444.68951828483324,
    408.4273077204873,
    406.2183554324437,
    404.24730031233673,
    392.8515634265658,
    390.1531083925063,
    389.4830388502913,
    389.46855025151586,
    374.1270823605526,
    372.3915384462342,
    371.9432740105501,
    371.82078925384906,
    371.014244957022,
    349.1716530517355,
    348.84575447253883,
    348.82641521559754,
    346.58651085842735,
    334.8966036492163,
    310.3577546196404,
    294.2627599281293,
    293.5613643358934,
    292.9443402186052,
    283.680564977877,
    281.09577805405047,
    281.00479993950216,
    279.3594994469931,
    229.31364711237714,
    229.20384489429824,
    228.87502532109153,
    228.01109003976353,
    227.13568930577506,
    225.99133808516697,
    222.1786796472472,
    216.41393881183126,
    168.43348358939897,
    153.7452117827934,
    153.74176217687182,
    140.92709733626415,
    140.92452633705076,
    140.92460012189096,
    128.5760957223053,
    128.57562660989814,
    128.57454172213454,
    128.5740417967743,
    125.12975792406156,
    125.12782970746201,
    125.12783505516387,
    125.12777459507834,
    125.1275324169777,
    118.91056803842181,
    118.9100991825894,
    118.90698916189108,
    118.90597636667987,
    118.90591363475993,
    118.90212805990005,
    109.87904014336384,
    109.87521644796647,
    109.87507679495015,
    109.87480733764369,
    109.87292176938053,
    109.85682493806708,
    108.42449975402398,
    85.79136205708237,
    85.78937758365062,
    85.78838014069737,
    85.78787530891542,
    85.78942246200486,
    85.78582676137918,
    83.77895681985672,
    83.66818785791531,
    57.48343719702632
  ],
  "trigger_counts": {
    "grad_norm": 0,
    "loss_delta": 72,
    "max_steps": 0
  },
  "elapsed_seconds": 5324.889405543916,
  "device": "cuda:0",
  "git_sha": "8f584e16671086491acd5747515c5792c0fffec7"
}