{
  "dataset": "div2k_8q",
  "ordering": "rl",
  "seed": 57,
  "m": 8,
  "n": 8,
  "init": "random",
  "topk_ratio": 0.2,
  "k_train": 13107,
  "lr": 0.003,
  "batch": 50,
  "train_batch_idx": [
    13,
    29,
    34,
    58,
    72,
    88,
    98,
    122,
    131,
    136,
    155,
    158,
    159,
    170,
    181,
    183,
    199,
    212,
    215,
    222,
    228,
    241,
    257,
    261,
    263,
    270,
    287,
    288,
    293,
    306,
    309,
    310,
    338,
    361,
    371,
    374,
    383,
    386,
    393,
    399,
    426,
    437,
    449,
    451,
    459,
    474,
    475,
    485,
    491,
    499
  ],
  "max_steps": 2000,
  "grad_check_every": 5,
  "psnr": {
    "0.05": 25.098498257020477,
    "0.1": 27.65980885649885,
    "0.15": 29.676238973592845,
    "0.2": 31.48119444909365
  },
  "final_loss": 71.78531812296346,
  "total_steps": 8575,
  "per_stage_final_loss": [
    648.0241660836042,
    644.9924083467087,
    622.1323713506536,
    618.6489906068158,
    618.387705963421,
    592.0532446439823,
    592.0336095747564,
    584.1334001448298,
    579.9931973764968,
    527.0983700053122,
    524.6833387703095,
    524.503013398441,
    484.38429237871986,
    479.2272386140828,
    435.92974935492657,
    430.20874070983496,
    416.7735253502286,
    413.52666831139,
    413.3579956725425,
    410.6945672702461,
    384.0823465408325,
    383.89419311947563,
    383.82956296391075,
    381.8142466886116,
    378.6450667210967,
    377.4187177311785,
    376.99615172397796,
    309.7718547113138,
    309.73832495921226,
    309.3432848733759,
    309.2844445112499,
    307.96316190853145,
    300.6539366243622,
    289.9279392474116,
    281.64629647011947,
    221.4368083960609,
    203.7317870947496,
    203.72875601828216,
    185.70999108122,
    185.71220758700335,
    185.71092875367097,
    170.22547698734468,
    170.21955922715787,
    170.21883731133306,
    170.21871496279115,
    159.1739516679669,
    159.1713230154771,
    159.1695724932549,
    159.16918219285049,
    159.1690133077855,
    149.8325877702835,
    149.82679050721504,
    149.83053011997268,
    149.82351570246877,
    149.81915864175446,
    149.81189868904394,
    144.06829984650022,
    142.79206366697576,
    142.7901482688878,
    142.7899936072832,
    142.7881037390053,
    142.77240480528067,
    135.6316331678274,
    128.75160607858916,
    128.74902433401905,
    128.74862572977366,
    128.74968164413656,
    128.74812629126288,
    128.74545609280835,
    122.13529048157994,
    99.06941736648125,
    71.78531812296346
  ],
  "trigger_counts": {
    "grad_norm": 0,
    "loss_delta": 72,
    "max_steps": 0
  },
  "elapsed_seconds": 9746.614430571906,
  "device": "cuda:0",
  "git_sha": "894ee7c407f737c0a250a28d33487a7db7bd83d3"
}