{
  "dataset": "div2k_8q",
  "ordering": "rl",
  "seed": 21,
  "m": 8,
  "n": 8,
  "init": "random",
  "topk_ratio": 0.2,
  "k_train": 13107,
  "lr": 0.003,
  "batch": 50,
  "train_batch_idx": [
    0,
    30,
    40,
    52,
    89,
    93,
    100,
    107,
    112,
    126,
    130,
    135,
    157,
    166,
    174,
    179,
    190,
    196,
    212,
    217,
    218,
    225,
    240,
    275,
    286,
    290,
    317,
    318,
    323,
    324,
    327,
    336,
    353,
    357,
    377,
    378,
    403,
    409,
    420,
    430,
    432,
    440,
    448,
    453,
    458,
    465,
    469,
    470,
    472,
    490
  ],
  "max_steps": 2000,
  "grad_check_every": 5,
  "psnr": {
    "0.05": 25.098691112681596,
    "0.1": 27.659959614413633,
    "0.15": 29.67642331450746,
    "0.2": 31.48138411508362
  },
  "final_loss": 63.4771167392369,
  "total_steps": 9619,
  "per_stage_final_loss": [
    1098.063564507918,
    1094.4543473382528,
    1061.5077500555844,
    1031.14198750875,
    1027.7582208680103,
    1013.6975473982075,
    1013.0008827935875,
    1009.5946964378915,
    983.0463499232865,
    854.9072691188642,
    819.1875742769299,
    804.1405053381555,
    801.5836662148673,
    796.9999230514594,
    692.6948111172994,
    692.3401092021796,
    688.5776055536188,
    682.6912051256901,
    678.702171760136,
    672.3845872775188,
    601.882004701333,
    601.6580629665436,
    601.000407577964,
    600.9987674142452,
    564.9531678973262,
    555.7890306000944,
    536.8526217242697,
    381.5047187035103,
    381.4866891149974,
    380.10277253500135,
    375.68902662299365,
    374.94489043650606,
    362.0008492761475,
    335.42617700623987,
    329.0095269830368,
    217.18078447799365,
    196.19173299746615,
    196.17995564619406,
    175.8249550787994,
    175.82415536069652,
    175.82426727795703,
    163.9043200640507,
    163.90385068534255,
    163.9023374828957,
    163.90212801009176,
    159.51398113810015,
    159.51373000818145,
    159.5116851076597,
    159.5113809187428,
    159.51113582495185,
    148.66453605528935,
    148.66281630722878,
    148.6623285368293,
    148.66081364254137,
    148.65655544598525,
    148.61669697596187,
    134.5354673069381,
    134.53428722063427,
    134.5336554683483,
    134.53314876617122,
    134.5327467515169,
    134.5291608072979,
    132.70968492974575,
    128.87626736789787,
    117.4527113255519,
    117.44713528058794,
    117.4450128360071,
    117.4382298498664,
    117.43677390657089,
    115.67684892546626,
    88.95462069988865,
    63.4771167392369
  ],
  "trigger_counts": {
    "grad_norm": 0,
    "loss_delta": 72,
    "max_steps": 0
  },
  "elapsed_seconds": 4554.494077914394,
  "device": "cuda:0",
  "git_sha": "894ee7c407f737c0a250a28d33487a7db7bd83d3"
}