{
  "dataset": "div2k_8q",
  "ordering": "rl",
  "seed": 61,
  "m": 8,
  "n": 8,
  "init": "random",
  "topk_ratio": 0.2,
  "k_train": 13107,
  "lr": 0.003,
  "batch": 50,
  "train_batch_idx": [
    9,
    10,
    37,
    39,
    44,
    78,
    79,
    80,
    82,
    89,
    114,
    119,
    136,
    147,
    169,
    190,
    199,
    214,
    224,
    272,
    273,
    286,
    288,
    306,
    313,
    315,
    322,
    324,
    325,
    327,
    339,
    341,
    343,
    346,
    350,
    357,
    362,
    375,
    380,
    398,
    407,
    425,
    441,
    454,
    460,
    463,
    474,
    479,
    491,
    497
  ],
  "max_steps": 2000,
  "grad_check_every": 5,
  "psnr": {
    "0.05": 25.098541483207452,
    "0.1": 27.659840175639975,
    "0.15": 29.676245392032502,
    "0.2": 31.481305505185297
  },
  "final_loss": 66.75023164339393,
  "total_steps": 9022,
  "per_stage_final_loss": [
    930.6014569275341,
    916.2173390082229,
    771.7863337046557,
    767.56154791541,
    741.8016564569675,
    660.4022027893557,
    658.0948530938686,
    647.4644302484651,
    646.9734833984213,
    607.981176801335,
    607.9739787028142,
    599.9479969718092,
    591.0665633128165,
    589.3197363385725,
    505.9786607011334,
    503.6107999961344,
    503.2810779023732,
    502.49698179995096,
    477.89701263141353,
    473.17544353880555,
    409.65317296544555,
    409.6549125875668,
    409.03102437156406,
    404.313729751589,
    379.6037590853784,
    352.0988460351805,
    324.2766382271423,
    264.37476379612826,
    263.5710686833817,
    263.1374617722906,
    260.8316800558186,
    260.7969672869941,
    256.0085590289923,
    248.55090158999897,
    236.91104474039884,
    177.579927085762,
    170.05162054644217,
    170.04627544692346,
    154.60526071722825,
    154.60498387573895,
    154.60499868563227,
    152.1191005907418,
    152.1192967443395,
    152.1188181188638,
    152.11871308469526,
    145.5933638852443,
    145.5927775763661,
    145.5899125543238,
    145.5899634618405,
    145.58835795223794,
    144.69996233122592,
    144.69986989715468,
    144.69789507347318,
    144.70732411368624,
    144.69692452365064,
    144.697215093902,
    130.36907509647142,
    130.36796080329196,
    130.36451688213282,
    130.36284466716378,
    130.35943344898322,
    130.28868895347193,
    128.76742023207683,
    105.50734286939175,
    105.5072453958932,
    105.50675324899143,
    105.50609564056354,
    105.50583718040559,
    105.49623306564037,
    104.2414023123886,
    100.01304431351619,
    66.75023164339393
  ],
  "trigger_counts": {
    "grad_norm": 0,
    "loss_delta": 72,
    "max_steps": 0
  },
  "elapsed_seconds": 4904.485768446699,
  "device": "cuda:0",
  "git_sha": "894ee7c407f737c0a250a28d33487a7db7bd83d3"
}