{
  "dataset": "div2k_8q",
  "ordering": "rl",
  "seed": 60,
  "m": 8,
  "n": 8,
  "init": "random",
  "topk_ratio": 0.2,
  "k_train": 13107,
  "lr": 0.003,
  "batch": 50,
  "train_batch_idx": [
    0,
    9,
    12,
    16,
    24,
    37,
    47,
    54,
    78,
    101,
    104,
    105,
    144,
    146,
    150,
    159,
    178,
    179,
    182,
    184,
    199,
    210,
    211,
    241,
    247,
    253,
    254,
    270,
    272,
    275,
    289,
    320,
    356,
    372,
    390,
    397,
    407,
    416,
    434,
    436,
    442,
    446,
    448,
    449,
    453,
    462,
    466,
    479,
    497,
    499
  ],
  "max_steps": 2000,
  "grad_check_every": 5,
  "psnr": {
    "0.05": 25.08771289909673,
    "0.1": 27.56900527804508,
    "0.15": 29.530313239559696,
    "0.2": 31.292683254364356
  },
  "final_loss": 67.34312611106984,
  "total_steps": 10186,
  "per_stage_final_loss": [
    915.352032784953,
    913.8045815059216,
    903.4986419374322,
    901.8793614992812,
    896.2152943739756,
    824.22395559186,
    804.3368832508728,
    804.2776494679958,
    803.9748347092287,
    702.7743395778022,
    700.8760413893732,
    700.8271935037395,
    696.934819501375,
    696.9190527333442,
    656.5581147495949,
    655.9042406978404,
    638.1663861149784,
    620.5971594735985,
    612.9407841618919,
    598.714267158871,
    589.8358412998276,
    588.3749614538182,
    588.2848882770865,
    554.8676667953304,
    543.5527818097372,
    539.381375073188,
    524.8120536755596,
    370.2868944986419,
    369.2753322447656,
    368.0765040585112,
    365.9022596995687,
    361.8289636354387,
    346.8778041263397,
    327.270434122179,
    324.67763457981005,
    196.2729025392777,
    191.39847969447084,
    191.39832177834234,
    182.11105508712603,
    182.10591689764405,
    182.10507280075953,
    175.0650164966018,
    175.06038353251083,
    175.08466208114208,
    175.06021575838508,
    165.58335838763531,
    165.58295959323635,
    165.58248100001708,
    165.58116544304482,
    165.57600401592302,
    160.17373959732467,
    160.16955200185782,
    160.16936192680743,
    160.16892003456493,
    160.16766735654284,
    158.88906950221917,
    148.50939120283215,
    148.5070555666096,
    148.50647765824735,
    148.50607643434935,
    148.50347997098712,
    146.59071961412482,
    146.1380497487986,
    135.24025554226031,
    133.29516448984944,
    133.2951356346906,
    133.2947848171047,
    133.29520340321332,
    132.98566110908618,
    127.12838249983626,
    112.42140785572884,
    67.34312611106984
  ],
  "trigger_counts": {
    "grad_norm": 0,
    "loss_delta": 72,
    "max_steps": 0
  },
  "elapsed_seconds": 5369.901938699186,
  "device": "cuda:0",
  "git_sha": "894ee7c407f737c0a250a28d33487a7db7bd83d3"
}