{
  "dataset": "div2k_8q",
  "ordering": "rl",
  "seed": 14,
  "m": 8,
  "n": 8,
  "init": "random",
  "topk_ratio": 0.2,
  "k_train": 13107,
  "lr": 0.003,
  "batch": 50,
  "train_batch_idx": [
    0,
    30,
    33,
    40,
    43,
    67,
    79,
    84,
    99,
    110,
    128,
    146,
    155,
    159,
    163,
    191,
    209,
    216,
    218,
    227,
    244,
    253,
    269,
    273,
    274,
    295,
    307,
    315,
    320,
    333,
    334,
    345,
    351,
    352,
    353,
    355,
    373,
    375,
    381,
    382,
    390,
    393,
    402,
    407,
    419,
    429,
    440,
    459,
    473,
    484
  ],
  "max_steps": 2000,
  "grad_check_every": 5,
  "psnr": {
    "0.05": 25.092908317744627,
    "0.1": 27.571609269006732,
    "0.15": 29.53189228282856,
    "0.2": 31.292882416313805
  },
  "final_loss": 70.81658387615737,
  "total_steps": 8409,
  "per_stage_final_loss": [
    747.9982560668903,
    738.4921475150402,
    728.7521901600281,
    727.5533881767985,
    725.5820783845322,
    712.2842960131137,
    712.2677102593542,
    712.155655776405,
    709.9216478223972,
    637.7892899845882,
    630.1465458090468,
    628.7000260702213,
    623.1765250866478,
    623.1433733961871,
    553.9182182915777,
    553.628705153393,
    550.5989771941262,
    538.2631987364042,
    535.6194325023716,
    524.7039465605059,
    485.53435095166316,
    484.4022035819913,
    481.0990620342386,
    480.1756261155975,
    471.54026804228545,
    467.20727096962537,
    425.3114943754393,
    391.71021794776937,
    389.92981324891707,
    389.9162063444514,
    360.3912205027141,
    360.17535732374824,
    356.22473495992296,
    356.02141461354637,
    325.35283068840835,
    218.16600747238053,
    193.42252454910263,
    193.41115271536955,
    178.89776432458544,
    178.89459944207505,
    178.8951853134589,
    170.8894838705675,
    170.88872295997209,
    170.88784513723826,
    170.88955299447713,
    164.06815482747683,
    164.0669271045648,
    164.06602441493084,
    164.0646140140235,
    164.08419861391016,
    157.20648081234958,
    157.19835238826786,
    157.20225286725977,
    157.19588139763536,
    157.18340867058018,
    157.0426626874374,
    147.5578040621995,
    147.55645949417743,
    147.5563584909932,
    147.5565626750769,
    147.55585942730463,
    143.99075430813207,
    140.4619911812334,
    115.06738251144917,
    115.05444134656742,
    115.05347709910001,
    115.05326868806051,
    115.05211966130882,
    113.25331778352891,
    97.14384467168122,
    91.2509337449089,
    70.81658387615737
  ],
  "trigger_counts": {
    "grad_norm": 0,
    "loss_delta": 72,
    "max_steps": 0
  },
  "elapsed_seconds": 4204.110555142164,
  "device": "cuda:0",
  "git_sha": "894ee7c407f737c0a250a28d33487a7db7bd83d3"
}