{
  "dataset": "div2k_8q",
  "ordering": "rl",
  "seed": 16,
  "m": 8,
  "n": 8,
  "init": "random",
  "topk_ratio": 0.2,
  "k_train": 13107,
  "lr": 0.003,
  "batch": 50,
  "train_batch_idx": [
    2,
    6,
    10,
    20,
    21,
    33,
    42,
    62,
    69,
    73,
    79,
    87,
    90,
    102,
    124,
    136,
    138,
    147,
    158,
    159,
    192,
    195,
    202,
    210,
    214,
    241,
    242,
    246,
    256,
    278,
    285,
    321,
    329,
    330,
    348,
    368,
    370,
    373,
    377,
    380,
    397,
    405,
    413,
    434,
    439,
    460,
    468,
    470,
    474,
    497
  ],
  "max_steps": 2000,
  "grad_check_every": 5,
  "psnr": {
    "0.05": 25.093015090649292,
    "0.1": 27.571690650355787,
    "0.15": 29.531971180050103,
    "0.2": 31.292970173582443
  },
  "final_loss": 70.83038801599908,
  "total_steps": 9387,
  "per_stage_final_loss": [
    729.6472600049818,
    726.2959658848473,
    721.4027890251496,
    718.2159812217925,
    665.9068646676518,
    625.8652079034944,
    622.4580456495455,
    618.5510097957746,
    615.7930009945318,
    610.5065940517242,
    610.2552302768569,
    610.2539999359634,
    608.0246475119785,
    601.356958496572,
    499.81264540009084,
    499.47215602724765,
    494.7471802063943,
    492.44766306869576,
    491.77469780591906,
    487.17158982859087,
    412.62462617427315,
    408.9829312322276,
    405.28323310166235,
    405.27197994533293,
    400.1149571180511,
    379.8510461254064,
    373.66317443818497,
    367.75454760664974,
    367.0570429846771,
    367.0514183273065,
    365.64342726533664,
    365.3591989657873,
    364.11610863256857,
    361.6478630946963,
    313.0079531732878,
    191.79324614602112,
    184.37057589968848,
    184.36951708994783,
    165.93218155646474,
    165.93012210126207,
    165.9297698964106,
    153.8274520487869,
    153.82723976492065,
    153.82589453292604,
    153.82422781116924,
    151.044260593696,
    151.04284933859657,
    151.04242196219852,
    151.04091766241106,
    151.03195937666646,
    140.81948900770888,
    140.81808134377425,
    140.81752638714144,
    140.81381022124526,
    140.81140361220656,
    140.81129221829255,
    125.18210888112728,
    125.27626973851977,
    125.273407551701,
    125.273733385245,
    125.17727162588017,
    125.25769541767009,
    108.53997245095317,
    102.8911333025496,
    102.88656515014308,
    102.88135298103346,
    102.87996418132698,
    102.87961043071559,
    102.6035702388921,
    101.34423574408602,
    91.52588078323548,
    70.83038801599908
  ],
  "trigger_counts": {
    "grad_norm": 0,
    "loss_delta": 72,
    "max_steps": 0
  },
  "elapsed_seconds": 4920.045254657045,
  "device": "cuda:0",
  "git_sha": "894ee7c407f737c0a250a28d33487a7db7bd83d3"
}