{
  "dataset": "div2k_8q",
  "ordering": "rl",
  "seed": 5,
  "m": 8,
  "n": 8,
  "init": "random",
  "topk_ratio": 0.2,
  "k_train": 13107,
  "lr": 0.003,
  "batch": 50,
  "train_batch_idx": [
    0,
    10,
    21,
    22,
    24,
    29,
    31,
    55,
    60,
    69,
    85,
    89,
    92,
    111,
    125,
    128,
    130,
    134,
    177,
    178,
    186,
    189,
    207,
    213,
    234,
    239,
    264,
    273,
    288,
    302,
    304,
    307,
    324,
    330,
    339,
    354,
    363,
    366,
    383,
    406,
    430,
    436,
    445,
    449,
    465,
    469,
    470,
    483,
    488,
    493
  ],
  "max_steps": 2000,
  "grad_check_every": 5,
  "psnr": {
    "0.05": 24.844795525942832,
    "0.1": 27.226773845815952,
    "0.15": 29.11141917273361,
    "0.2": 30.807019450932106
  },
  "final_loss": 84.04467043544093,
  "total_steps": 9809,
  "per_stage_final_loss": [
    1006.5260232480218,
    965.2657352011421,
    874.6692600916218,
    864.4286716129386,
    863.8766460412393,
    831.1492986779574,
    831.1228695502796,
    830.6981506086896,
    810.6776314517437,
    784.8143526047384,
    780.0229217627455,
    779.6639847581406,
    776.20641606314,
    728.9162903616109,
    641.1819220846062,
    638.7536168899428,
    619.1371390220982,
    599.735860482753,
    595.0067785112815,
    593.7583784723779,
    525.5641359299509,
    520.6178252536313,
    520.5070388893103,
    517.244925023499,
    515.85239712683,
    483.5090139148913,
    478.95496365294366,
    430.1539386602158,
    430.0998983132174,
    429.93675123973753,
    429.92720837974207,
    427.5776130353981,
    427.2863387473585,
    422.73720420540855,
    413.1232988088229,
    247.11018799319643,
    229.54938246651844,
    229.54657056606055,
    212.30948652515931,
    212.30837005481888,
    212.29981577823375,
    198.87596312754954,
    198.87493326151588,
    198.87465153649043,
    198.8735990027304,
    187.17921354217054,
    187.17652176373045,
    187.1756154244491,
    187.17520354674016,
    187.16689063558542,
    181.03905352291332,
    181.04199894532493,
    181.0369437479156,
    181.03732895535262,
    181.0338762967207,
    181.0302584571267,
    166.0193512904268,
    166.00385177369566,
    166.001127673078,
    166.00084373304705,
    166.00060185212894,
    164.3102286847162,
    149.18306818995728,
    138.66151252427343,
    138.6403895824278,
    138.63112844471198,
    138.6302006138682,
    138.62872654510738,
    137.78375958440694,
    137.61322713917258,
    124.64702416116874,
    84.04467043544093
  ],
  "trigger_counts": {
    "grad_norm": 0,
    "loss_delta": 72,
    "max_steps": 0
  },
  "elapsed_seconds": 11301.230027189478,
  "device": "cuda:0",
  "git_sha": "894ee7c407f737c0a250a28d33487a7db7bd83d3"
}