{
  "dataset": "div2k_8q",
  "ordering": "rl",
  "seed": 52,
  "m": 8,
  "n": 8,
  "init": "random",
  "topk_ratio": 0.2,
  "k_train": 13107,
  "lr": 0.003,
  "batch": 50,
  "train_batch_idx": [
    2,
    7,
    13,
    18,
    30,
    31,
    35,
    37,
    48,
    49,
    50,
    55,
    88,
    97,
    113,
    114,
    116,
    127,
    131,
    158,
    167,
    184,
    198,
    204,
    212,
    223,
    224,
    236,
    242,
    245,
    253,
    256,
    260,
    272,
    278,
    343,
    362,
    373,
    386,
    416,
    422,
    426,
    428,
    435,
    444,
    447,
    467,
    471,
    483,
    486
  ],
  "max_steps": 2000,
  "grad_check_every": 5,
  "psnr": {
    "0.05": 25.09275971382594,
    "0.1": 27.571457258291616,
    "0.15": 29.53188074172158,
    "0.2": 31.29305558161567
  },
  "final_loss": 64.3311087454178,
  "total_steps": 9604,
  "per_stage_final_loss": [
    766.9002185371538,
    742.9902767208507,
    684.5011841453801,
    684.2067916295277,
    677.5617302313424,
    627.1837658168325,
    603.1190994346736,
    596.0429765116209,
    595.8072279698982,
    520.8742194513801,
    519.3843862032745,
    507.4628096917001,
    476.79482206741113,
    473.60644349694877,
    404.43717632407675,
    404.18744758694834,
    401.9666155860902,
    393.87184244488265,
    390.57615296431834,
    385.29126236652394,
    319.8145477324159,
    319.5653320271572,
    316.44645261485135,
    311.72577444444045,
    303.96155533467396,
    297.88435311008624,
    292.72684648477843,
    267.16723264616695,
    265.37255920617923,
    263.16312827240097,
    260.9406127746438,
    253.4906354752187,
    249.38863600073722,
    246.679820068872,
    245.65649559808844,
    207.69617104599703,
    179.79720306112256,
    169.53160901500905,
    158.899435729649,
    158.89877870142968,
    158.89850982666746,
    157.74453912713574,
    157.7469662643048,
    157.74382369037164,
    157.74167879833277,
    151.28418292848303,
    151.28068064633268,
    151.27516217145435,
    151.2722128218664,
    151.27010105535524,
    137.70783739864117,
    137.70623452631304,
    137.70296564938556,
    137.70215196876742,
    137.69942720584177,
    137.69440586874197,
    132.74866176293781,
    132.74493218215306,
    132.72306747829492,
    132.7217499076575,
    132.72080072614526,
    132.71968922334898,
    132.61092984644984,
    130.2453912989873,
    130.2447772121621,
    130.24336215653136,
    130.242375879347,
    130.24231828533533,
    126.23745233400663,
    120.28050903241197,
    90.91075961171995,
    64.3311087454178
  ],
  "trigger_counts": {
    "grad_norm": 0,
    "loss_delta": 72,
    "max_steps": 0
  },
  "elapsed_seconds": 5169.442729929462,
  "device": "cuda:0",
  "git_sha": "894ee7c407f737c0a250a28d33487a7db7bd83d3"
}