{
  "dataset": "div2k_8q",
  "ordering": "rl",
  "seed": 85,
  "m": 8,
  "n": 8,
  "init": "random",
  "topk_ratio": 0.2,
  "k_train": 13107,
  "lr": 0.003,
  "batch": 50,
  "train_batch_idx": [
    1,
    5,
    20,
    21,
    22,
    26,
    37,
    47,
    67,
    83,
    99,
    107,
    118,
    120,
    141,
    149,
    155,
    158,
    174,
    198,
    201,
    211,
    214,
    218,
    230,
    231,
    243,
    245,
    246,
    273,
    289,
    307,
    309,
    316,
    321,
    366,
    368,
    390,
    404,
    411,
    415,
    421,
    434,
    435,
    443,
    460,
    466,
    484,
    493,
    495
  ],
  "max_steps": 2000,
  "grad_check_every": 5,
  "psnr": {
    "0.05": 25.099143470266345,
    "0.1": 27.660497262139106,
    "0.15": 29.677048657207752,
    "0.2": 31.482106416315073
  },
  "final_loss": 55.14819271542097,
  "total_steps": 9144,
  "per_stage_final_loss": [
    481.1280338055362,
    479.8180536730653,
    477.19325998701584,
    477.1931091888917,
    476.918746927792,
    434.99637708243665,
    429.74107962048146,
    428.28371890123816,
    428.1388028325699,
    393.1090062937837,
    392.8527933908644,
    391.67803001963557,
    390.1685024085719,
    373.13393849950995,
    328.50995473318,
    324.845322043088,
    322.898066799189,
    322.897652175844,
    321.78811294813715,
    321.6493301362677,
    308.8861173235654,
    305.7306103700367,
    305.37201667872023,
    304.86017509775365,
    301.1228430824409,
    293.9367344892923,
    292.17654291624484,
    217.30926258464615,
    216.91557667048937,
    214.17933296963906,
    212.61225711618332,
    209.91286798757486,
    208.20022202788437,
    204.7222180641343,
    196.36990445509343,
    131.2841402275984,
    129.99461106606188,
    129.99472067846887,
    111.97729801573749,
    111.97302610005728,
    111.97432845565424,
    109.94805016426066,
    109.94780523656284,
    109.94722749335259,
    109.94587294766623,
    104.41437485779636,
    104.41354677162587,
    104.4127612473461,
    104.4128699647692,
    104.40388469547939,
    96.77515580874616,
    96.77339409050033,
    96.77315484695599,
    96.77283892468658,
    96.77186544816057,
    96.75457479847643,
    80.716242772411,
    80.71664264634684,
    80.7156036259332,
    80.7155136447941,
    80.71538924518308,
    80.71535565667013,
    80.68378886084004,
    70.87120061238934,
    70.87126058622007,
    70.86937144426611,
    70.86996498028697,
    70.86922220599061,
    70.86726792462468,
    67.71189989734923,
    67.12483946040517,
    55.14819271542097
  ],
  "trigger_counts": {
    "grad_norm": 0,
    "loss_delta": 72,
    "max_steps": 0
  },
  "elapsed_seconds": 4857.399399378337,
  "device": "cuda:0",
  "git_sha": "5c2d8282104b3081f6b073074cdcfe12a6a6c78c"
}