{
  "dataset": "div2k_8q",
  "ordering": "rl",
  "seed": 26,
  "m": 8,
  "n": 8,
  "init": "random",
  "topk_ratio": 0.2,
  "k_train": 13107,
  "lr": 0.003,
  "batch": 50,
  "train_batch_idx": [
    2,
    5,
    30,
    44,
    78,
    82,
    91,
    97,
    106,
    118,
    124,
    137,
    143,
    162,
    164,
    178,
    222,
    225,
    233,
    239,
    248,
    251,
    253,
    259,
    266,
    294,
    314,
    326,
    342,
    349,
    361,
    367,
    371,
    374,
    388,
    412,
    423,
    432,
    436,
    443,
    449,
    451,
    453,
    454,
    458,
    464,
    468,
    475,
    487,
    492
  ],
  "max_steps": 2000,
  "grad_check_every": 5,
  "psnr": {
    "0.05": 25.234385181556306,
    "0.1": 27.811159917272185,
    "0.15": 29.84053874782702,
    "0.2": 31.658649786021996
  },
  "final_loss": 70.8339458236093,
  "total_steps": 10341,
  "per_stage_final_loss": [
    1797.8186486805282,
    1713.1604494764938,
    1496.4880180941266,
    1460.1471425949335,
    1446.3989472049452,
    1242.9485997611573,
    1168.8475869043866,
    1128.9581317687455,
    1128.5216491710012,
    993.4875298527311,
    991.5624987459948,
    991.4556817441594,
    978.7867218286192,
    946.5146323205163,
    830.8551881401119,
    811.4311125766736,
    796.8565176455719,
    792.0715870102108,
    792.0254039994086,
    778.5423955966158,
    572.7519704384554,
    572.3206868907519,
    566.1078431680982,
    560.3267856355253,
    535.777284121001,
    529.9190389051744,
    502.8826030051973,
    426.1313719451334,
    426.11335895001116,
    426.10818037638325,
    424.61145109420914,
    424.0869657773756,
    421.84704315280834,
    418.80167064104836,
    378.48798847305284,
    233.26449146642454,
    221.40941219047565,
    221.40676267418291,
    212.49624025700453,
    212.49375356812584,
    212.49377976171849,
    199.2890374055065,
    199.28424447826788,
    199.28404056572188,
    199.28184399562798,
    193.02287082361127,
    193.0229020814925,
    193.02078882350355,
    193.02205865820426,
    193.02060058936317,
    177.46036224791237,
    177.4548889872264,
    177.4533288686364,
    177.4531982533214,
    177.45305908564242,
    177.4441527121141,
    174.52258180546326,
    174.5223041109657,
    174.51974777631352,
    174.51976783226732,
    174.52069933934771,
    171.95698942447976,
    166.0904079603667,
    150.50374180863807,
    150.50318684035113,
    150.50190151396862,
    150.50061916812493,
    150.49040907252208,
    149.9212204266106,
    143.91550133002104,
    132.70443366948183,
    70.8339458236093
  ],
  "trigger_counts": {
    "grad_norm": 0,
    "loss_delta": 72,
    "max_steps": 0
  },
  "elapsed_seconds": 5304.707433041185,
  "device": "cuda:0",
  "git_sha": "894ee7c407f737c0a250a28d33487a7db7bd83d3"
}