{
  "dataset": "div2k_8q",
  "ordering": "rl",
  "seed": 99,
  "m": 8,
  "n": 8,
  "init": "random",
  "topk_ratio": 0.2,
  "k_train": 13107,
  "lr": 0.003,
  "batch": 50,
  "train_batch_idx": [
    19,
    32,
    44,
    49,
    80,
    116,
    129,
    133,
    141,
    144,
    146,
    147,
    161,
    163,
    164,
    168,
    175,
    183,
    186,
    217,
    218,
    224,
    228,
    233,
    256,
    258,
    262,
    282,
    286,
    300,
    325,
    329,
    336,
    343,
    347,
    372,
    374,
    378,
    395,
    430,
    432,
    436,
    439,
    442,
    443,
    445,
    447,
    453,
    474,
    494
  ],
  "max_steps": 2000,
  "grad_check_every": 5,
  "psnr": {
    "0.05": 25.099078844703694,
    "0.1": 27.660361336455885,
    "0.15": 29.677028800135066,
    "0.2": 31.48209424138206
  },
  "final_loss": 63.36566389945778,
  "total_steps": 9857,
  "per_stage_final_loss": [
    1717.713561251295,
    1717.2648777162208,
    1620.5866418562282,
    1578.3127271753267,
    1564.0032402315494,
    1285.8599236274306,
    1285.718139416459,
    1246.489683513621,
    1200.5574701453525,
    1010.8922074289766,
    994.7395188952389,
    991.2829669711801,
    974.7855804282398,
    958.045745112973,
    828.714785319928,
    813.2215224649287,
    808.481671874533,
    788.6934835868502,
    781.330838413669,
    744.0926950983093,
    545.3344924766986,
    542.5933414166201,
    539.6336629564241,
    534.22428921268,
    531.5238590411665,
    489.3146485550802,
    483.6858757553273,
    400.253717670215,
    399.48534303687956,
    398.4594012700531,
    395.95132298341963,
    387.2999787169769,
    387.3003839705231,
    373.38804523517734,
    323.02760697039497,
    202.20104080166374,
    182.29962068898843,
    182.2889538594398,
    175.6424954074785,
    175.63862333217634,
    175.63266522589424,
    165.1286967574036,
    165.12826621378605,
    165.12825630735708,
    165.1275118504942,
    155.16050075344123,
    155.15886026232747,
    155.15849894713264,
    155.15784367732425,
    155.12662733247336,
    151.85743230720627,
    151.8556578007777,
    151.8541722897855,
    151.85161875567115,
    151.84661342259332,
    151.82332143699355,
    135.61231320416945,
    135.61161471249278,
    135.60893838690964,
    135.62219674879603,
    135.60118264019843,
    135.537353633173,
    135.3977621298623,
    118.93618797582118,
    118.9278077335051,
    118.92615745526791,
    118.9253481673291,
    118.92403306179416,
    118.9555461264011,
    115.31581307777675,
    88.2225043017411,
    63.36566389945778
  ],
  "trigger_counts": {
    "grad_norm": 0,
    "loss_delta": 72,
    "max_steps": 0
  },
  "elapsed_seconds": 11174.533766785637,
  "device": "cuda:0",
  "git_sha": "5c2d8282104b3081f6b073074cdcfe12a6a6c78c"
}