{
  "dataset": "div2k_8q",
  "ordering": "rl",
  "seed": 27,
  "m": 8,
  "n": 8,
  "init": "random",
  "topk_ratio": 0.2,
  "k_train": 13107,
  "lr": 0.003,
  "batch": 50,
  "train_batch_idx": [
    1,
    3,
    4,
    14,
    55,
    62,
    86,
    90,
    92,
    96,
    130,
    137,
    140,
    142,
    144,
    147,
    148,
    171,
    186,
    190,
    199,
    220,
    263,
    272,
    305,
    315,
    318,
    344,
    364,
    368,
    376,
    385,
    409,
    420,
    428,
    433,
    442,
    443,
    446,
    461,
    463,
    466,
    471,
    477,
    483,
    489,
    491,
    497,
    498,
    499
  ],
  "max_steps": 2000,
  "grad_check_every": 5,
  "psnr": {
    "0.05": 25.280496563024506,
    "0.1": 27.97570346143543,
    "0.15": 30.085465305889894,
    "0.2": 31.97056643078561
  },
  "final_loss": 59.7442083027944,
  "total_steps": 9112,
  "per_stage_final_loss": [
    951.0096618288395,
    951.0097800648521,
    819.1080459010205,
    818.222083958976,
    817.3858699977762,
    729.3828908263537,
    729.0560774077344,
    708.0856784311284,
    707.9589161719583,
    620.8537973022295,
    617.1433275659372,
    593.3713233661091,
    581.1326217381275,
    580.8969579963854,
    474.93456805367225,
    474.01300238750355,
    473.8087629158022,
    473.63025139972115,
    469.20392400756975,
    456.7996007943069,
    399.2586719109719,
    398.94585757835733,
    398.56036975611187,
    394.4039957467449,
    390.63189950670653,
    389.8820576144359,
    362.31842556855935,
    279.93217718980776,
    279.73355021498463,
    279.72338133272325,
    277.3748272982295,
    277.4234888275329,
    271.45786656571664,
    270.9996898079113,
    267.20088402440336,
    204.91072701069973,
    184.97946944933094,
    184.97797957716136,
    171.18701089476235,
    171.1871123162995,
    171.1869166552958,
    164.56203199129232,
    164.56034547222538,
    164.55665973160623,
    164.55378373188884,
    157.93129851640916,
    157.93205099335933,
    157.9304404662363,
    157.9299589096186,
    157.9259190000281,
    153.26805567659724,
    153.26687186674647,
    153.26693622446686,
    153.26597588958938,
    153.26571777955223,
    153.26248951124578,
    148.42901337976156,
    148.42880781563346,
    148.43107352046655,
    148.42841213107766,
    148.428070959648,
    148.42700228547977,
    145.97261602036681,
    126.92096658677032,
    126.91268334719622,
    126.91161538887165,
    126.91046253235426,
    126.90991335850107,
    126.9096613623035,
    122.21600816350092,
    118.21584953959264,
    59.7442083027944
  ],
  "trigger_counts": {
    "grad_norm": 0,
    "loss_delta": 72,
    "max_steps": 0
  },
  "elapsed_seconds": 4934.797212986276,
  "device": "cuda:0",
  "git_sha": "894ee7c407f737c0a250a28d33487a7db7bd83d3"
}