{
  "dataset": "div2k_8q",
  "ordering": "rl",
  "seed": 20,
  "m": 8,
  "n": 8,
  "init": "random",
  "topk_ratio": 0.2,
  "k_train": 13107,
  "lr": 0.003,
  "batch": 50,
  "train_batch_idx": [
    2,
    15,
    25,
    33,
    35,
    43,
    45,
    55,
    66,
    101,
    108,
    110,
    113,
    118,
    126,
    128,
    132,
    143,
    158,
    161,
    188,
    191,
    209,
    210,
    220,
    230,
    239,
    259,
    264,
    273,
    296,
    302,
    305,
    308,
    316,
    324,
    333,
    351,
    374,
    389,
    393,
    402,
    407,
    424,
    432,
    434,
    446,
    448,
    459,
    464
  ],
  "max_steps": 2000,
  "grad_check_every": 5,
  "psnr": {
    "0.05": 25.099218473582592,
    "0.1": 27.660578129298827,
    "0.15": 29.67682187427665,
    "0.2": 31.481496174877865
  },
  "final_loss": 57.632826701069824,
  "total_steps": 10491,
  "per_stage_final_loss": [
    1213.582893844872,
    1212.5047126531597,
    1127.6569143940849,
    1123.6093288439456,
    1122.4803327037855,
    945.1125518113129,
    945.0843916926029,
    944.7676943099441,
    941.876748518181,
    801.0381716708604,
    799.8971501931217,
    793.7339250058849,
    793.6543511392365,
    793.1524360466123,
    745.4244204363634,
    725.200673286985,
    725.1218688343855,
    686.179173663987,
    685.9111482440027,
    684.8904141081608,
    594.2911582534284,
    594.2862189505794,
    589.5229153840073,
    589.4335339341123,
    564.0763206405546,
    541.5431305849853,
    519.7665301605672,
    345.5042929247428,
    343.5674489408585,
    343.40830624598397,
    341.6971113764185,
    340.38681798154767,
    338.03883801016264,
    335.3722733545645,
    319.828141767755,
    189.74389940903572,
    171.70546981025734,
    171.7063932213277,
    162.3150549646247,
    162.31211933455617,
    162.31090419177022,
    150.85409240516285,
    150.8535488379787,
    150.8530212587646,
    150.85177457701081,
    146.21174281934495,
    146.21163104860742,
    146.21126061158276,
    146.21131498116273,
    146.21110368641482,
    140.315353285968,
    140.31423487323093,
    140.312267660386,
    140.31156089715452,
    140.3110955392688,
    140.30752003582143,
    137.7847949390402,
    137.78396616801183,
    137.7836388605315,
    137.7850963335698,
    137.7835551767985,
    137.78226250932892,
    131.96460256724333,
    86.31197734730047,
    86.31083116536396,
    86.22406742464676,
    86.30957904335516,
    86.22310688371876,
    86.56542284470554,
    84.895339762728,
    77.45015033767672,
    57.632826701069824
  ],
  "trigger_counts": {
    "grad_norm": 0,
    "loss_delta": 72,
    "max_steps": 0
  },
  "elapsed_seconds": 5551.204112381674,
  "device": "cuda:0",
  "git_sha": "894ee7c407f737c0a250a28d33487a7db7bd83d3"
}