{
  "dataset": "div2k_8q",
  "ordering": "rl",
  "seed": 54,
  "m": 8,
  "n": 8,
  "init": "random",
  "topk_ratio": 0.2,
  "k_train": 13107,
  "lr": 0.003,
  "batch": 50,
  "train_batch_idx": [
    3,
    12,
    13,
    14,
    36,
    39,
    55,
    59,
    68,
    82,
    85,
    89,
    100,
    102,
    118,
    126,
    135,
    137,
    140,
    144,
    148,
    152,
    181,
    185,
    197,
    210,
    223,
    230,
    235,
    250,
    264,
    283,
    309,
    324,
    335,
    337,
    348,
    353,
    363,
    369,
    390,
    392,
    398,
    408,
    421,
    433,
    437,
    458,
    462,
    492
  ],
  "max_steps": 2000,
  "grad_check_every": 5,
  "psnr": {
    "0.05": 25.09790389078245,
    "0.1": 27.659272123831148,
    "0.15": 29.675785372539018,
    "0.2": 31.480568268638585
  },
  "final_loss": 68.37034077360455,
  "total_steps": 9479,
  "per_stage_final_loss": [
    365.6572409238509,
    364.6212719293569,
    354.14823966207086,
    352.5784672136657,
    352.3326961168004,
    335.1522083002533,
    332.88808482578634,
    326.7390206127729,
    322.66130167260405,
    305.40980218240446,
    302.8906305222488,
    301.5879715657263,
    300.423869126567,
    299.9256904541779,
    283.30641676418486,
    283.1994106592317,
    282.747788017517,
    282.1708610927704,
    273.01651749077786,
    268.79224443565613,
    265.4654436999044,
    265.44665191106236,
    265.35747048242,
    263.5259540774014,
    259.15662805211235,
    256.5207852491356,
    253.46287795379104,
    235.705665151111,
    235.63246373142974,
    235.61681322429982,
    235.02436111946383,
    235.0186994968614,
    233.3626535352657,
    229.54635308796526,
    228.3144699266162,
    188.9830380163248,
    173.18304857169727,
    173.18278785367525,
    167.70044442328359,
    167.6986565100407,
    167.6976468839611,
    158.27868680175663,
    158.26210165855736,
    158.2617928428014,
    158.26051660155542,
    149.66537253593825,
    149.66382021060073,
    149.66326759944445,
    149.6620785828375,
    149.66055886505947,
    147.41713144477342,
    147.41672795605007,
    147.41651198445382,
    147.41644262105908,
    147.41548194444525,
    147.41237421800696,
    134.34741351076715,
    134.34571088047002,
    134.34368327003992,
    134.343490572133,
    134.34290028055236,
    134.33642292049285,
    129.23956378672727,
    118.91472478015707,
    118.91722041141973,
    118.91412422756656,
    118.9230469123196,
    118.91245078733677,
    118.9102022132656,
    113.83673076087537,
    113.13507626046527,
    68.37034077360455
  ],
  "trigger_counts": {
    "grad_norm": 0,
    "loss_delta": 72,
    "max_steps": 0
  },
  "elapsed_seconds": 4936.687475463375,
  "device": "cuda:0",
  "git_sha": "894ee7c407f737c0a250a28d33487a7db7bd83d3"
}