{
  "entangled_qft_progressive_k2": {
    "metrics": {
      "0.05": {
        "mean_mse": 0.021630111384598107,
        "std_mse": 0.010967371727470624,
        "mean_psnr": 17.25088053303507,
        "std_psnr": 2.397432061529354,
        "mean_ssim": 0.8190028442210483,
        "std_ssim": 0.06965929449444479,
        "nan_count": 0
      },
      "0.1": {
        "mean_mse": 0.006312390806478515,
        "std_mse": 0.004777274081861123,
        "mean_psnr": 23.34824207420183,
        "std_psnr": 3.6780300388060323,
        "mean_ssim": 0.9453614172007966,
        "std_ssim": 0.032188563777904376,
        "nan_count": 0
      },
      "0.15": {
        "mean_mse": 0.0020461138231029287,
        "std_mse": 0.0021779718546246253,
        "mean_psnr": 30.08086225423815,
        "std_psnr": 6.500160447264173,
        "mean_ssim": 0.9801049013710416,
        "std_ssim": 0.016863070357500256,
        "nan_count": 0
      },
      "0.2": {
        "mean_mse": 0.0006345003016616436,
        "std_mse": 0.0009325381823552791,
        "mean_psnr": 39.814067432465336,
        "std_psnr": 12.741343094916607,
        "mean_ssim": 0.9932323451772246,
        "std_ssim": 0.008312519542576644,
        "nan_count": 0
      }
    },
    "time": 9.786812956444919,
    "_pdft_py": {
      "family": "entangled_qft",
      "stage_k": 2,
      "n_trainable": 8,
      "block_size": 4,
      "steps": 1008,
      "epochs_completed": 112,
      "device": "cuda:0",
      "n_test": 50
    }
  }
}