{
  "rich_progressive_k2": {
    "metrics": {
      "0.05": {
        "mean_mse": 0.17294664545538974,
        "std_mse": 0.008822368411814944,
        "mean_psnr": 7.626540489766593,
        "std_psnr": 0.22189717598568157,
        "mean_ssim": 0.6415479299208827,
        "std_ssim": 0.039401686600163736,
        "nan_count": 0
      },
      "0.1": {
        "mean_mse": 0.0001769903022127608,
        "std_mse": 0.0002555575131771293,
        "mean_psnr": 45.06897081024606,
        "std_psnr": 11.870845009933882,
        "mean_ssim": 0.994463043631897,
        "std_ssim": 0.00584090044972454,
        "nan_count": 0
      },
      "0.15": {
        "mean_mse": 2.319407646093692e-06,
        "std_mse": 5.563248071710864e-06,
        "mean_psnr": 68.02579838081262,
        "std_psnr": 12.352635553624141,
        "mean_ssim": 0.9997759863712884,
        "std_ssim": 0.0003302379215532629,
        "nan_count": 0
      },
      "0.2": {
        "mean_mse": 3.831854754541343e-08,
        "std_mse": 8.991828825090769e-08,
        "mean_psnr": 81.11946246810851,
        "std_psnr": 7.070654573938181,
        "mean_ssim": 0.9999852381049918,
        "std_ssim": 2.203666763758369e-05,
        "nan_count": 0
      }
    },
    "time": 158.51841735932976,
    "_pdft_py": {
      "family": "rich",
      "stage_k": 2,
      "n_trainable": 6,
      "block_size": 4,
      "steps": 1008,
      "epochs_completed": 112,
      "device": "cuda:0",
      "n_test": 50
    }
  }
}