{
  "qft_progressive_k2": {
    "metrics": {
      "0.05": {
        "mean_mse": 0.014624510815878889,
        "std_mse": 0.007823728574792172,
        "mean_psnr": 19.06318623299215,
        "std_psnr": 2.6166245262076857,
        "mean_ssim": 0.5265541187418993,
        "std_ssim": 0.0867647339390773,
        "nan_count": 0
      },
      "0.1": {
        "mean_mse": 0.002664336140112229,
        "std_mse": 0.0017588166887361433,
        "mean_psnr": 26.93225814002557,
        "std_psnr": 3.567770281611921,
        "mean_ssim": 0.7929872300566112,
        "std_ssim": 0.06556749751883258,
        "nan_count": 0
      },
      "0.15": {
        "mean_mse": 0.001439411985952475,
        "std_mse": 0.0010117122092430503,
        "mean_psnr": 29.764737337884313,
        "std_psnr": 3.8804240593892225,
        "mean_ssim": 0.8706205706793917,
        "std_ssim": 0.04746862614696714,
        "nan_count": 0
      },
      "0.2": {
        "mean_mse": 0.0008785436629511176,
        "std_mse": 0.0006481617064409702,
        "mean_psnr": 32.04590160388226,
        "std_psnr": 4.1304949346032585,
        "mean_ssim": 0.9122831897776079,
        "std_ssim": 0.03593418012198998,
        "nan_count": 0
      }
    },
    "time": 459.8713938193396,
    "_pdft_py": {
      "stage_k": 2,
      "n_trainable": 6,
      "n_frozen": 66,
      "inner_m": 2,
      "inner_n": 2,
      "block_size": 4,
      "steps": 1008,
      "epochs_completed": 112,
      "device": "cuda:0",
      "n_test": 50
    }
  }
}