{
  "block_dct_8": {
    "metrics": {
      "0.05": 41.30690152802513,
      "0.10": 61.87924019311646,
      "0.15": 90.6999584045673,
      "0.20": 117.58160240700612
    }
  }
}