{
  "rich_4": {
    "metrics": {
      "0.05": {
        "mean_mse": 0.014585408086163654,
        "std_mse": 0.007850364609409114,
        "mean_psnr": 19.087570350086963,
        "std_psnr": 2.6445504286128716,
        "mean_ssim": 0.5266301986293637,
        "std_ssim": 0.08638745334210764,
        "nan_count": 0
      },
      "0.1": {
        "mean_mse": 0.0024107808583065343,
        "std_mse": 0.0016368508007673,
        "mean_psnr": 27.431801130865978,
        "std_psnr": 3.6864284621503742,
        "mean_ssim": 0.8040450718327838,
        "std_ssim": 0.06507792926824672,
        "nan_count": 0
      },
      "0.15": {
        "mean_mse": 0.0012414251846687612,
        "std_mse": 0.0009053256031688537,
        "mean_psnr": 30.500440143392897,
        "std_psnr": 4.054848605471663,
        "mean_ssim": 0.8836670179250503,
        "std_ssim": 0.04616828557922289,
        "nan_count": 0
      },
      "0.2": {
        "mean_mse": 0.0007338581896759791,
        "std_mse": 0.0005644058623741141,
        "mean_psnr": 32.93965367364033,
        "std_psnr": 4.337705802969129,
        "mean_ssim": 0.9237936764830376,
        "std_ssim": 0.034042766910390106,
        "nan_count": 0
      }
    },
    "time": 90.29011573642492,
    "_pdft_py": {
      "warmup_s": 2.47951334156096,
      "device": "cuda:0",
      "epochs_completed": 112,
      "steps": 1008,
      "n_test": 50,
      "eval_failed_count": {
        "0.05": 0,
        "0.1": 0,
        "0.15": 0,
        "0.2": 0
      }
    }
  }
}