{
  "entangled_qft": {
    "metrics": {
      "0.05": {
        "mean_mse": 0.0038260127090121365,
        "std_mse": 0.002377232734880573,
        "mean_psnr": 25.234984170023072,
        "std_psnr": 3.353183378087496,
        "mean_ssim": 0.7263854184935495,
        "std_ssim": 0.07763967076358981,
        "nan_count": 0
      },
      "0.1": {
        "mean_mse": 0.0021996599364573657,
        "std_mse": 0.0014535315465966018,
        "mean_psnr": 27.8117722145847,
        "std_psnr": 3.71915581875345,
        "mean_ssim": 0.8235017528541491,
        "std_ssim": 0.058815639702976895,
        "nan_count": 0
      },
      "0.15": {
        "mean_mse": 0.0014242594163657615,
        "std_mse": 0.0009883374399008657,
        "mean_psnr": 29.841470462566935,
        "std_psnr": 4.005430122116771,
        "mean_ssim": 0.8751545402774167,
        "std_ssim": 0.046272708171946,
        "nan_count": 0
      },
      "0.2": {
        "mean_mse": 0.0009651583765490728,
        "std_mse": 0.0006995475774397348,
        "mean_psnr": 31.659824299392184,
        "std_psnr": 4.245194095909899,
        "mean_ssim": 0.9084857337505149,
        "std_ssim": 0.03689088660224591,
        "nan_count": 0
      }
    },
    "time": 575.0938014546409,
    "_pdft_py": {
      "basis": "entangled_qft",
      "lam": 1.0,
      "init_mode": "identity",
      "regulariser": "L1InitAnchorMSELoss",
      "steps": 1008,
      "epochs_completed": 112,
      "device": "cuda:0",
      "n_test": 50
    }
  }
}