{
  "entangled_qft_progressive_k6": {
    "metrics": {
      "0.05": {
        "mean_mse": 0.0024585574791222775,
        "std_mse": 0.0013361339023420515,
        "mean_psnr": 27.09781105329893,
        "std_psnr": 3.5693563948800304,
        "mean_ssim": 0.8892158431098326,
        "std_ssim": 0.04942097187932834,
        "nan_count": 0
      },
      "0.1": {
        "mean_mse": 0.001162528496101151,
        "std_mse": 0.0007387442204166744,
        "mean_psnr": 30.815403557388358,
        "std_psnr": 4.529409936156274,
        "mean_ssim": 0.9187129547381925,
        "std_ssim": 0.04192194512685071,
        "nan_count": 0
      },
      "0.15": {
        "mean_mse": 0.0006099854371416093,
        "std_mse": 0.0004438934641171949,
        "mean_psnr": 34.29149901873959,
        "std_psnr": 6.032558217382736,
        "mean_ssim": 0.9404656548127527,
        "std_ssim": 0.03612985839074231,
        "nan_count": 0
      },
      "0.2": {
        "mean_mse": 0.00033250368541073777,
        "std_mse": 0.00027734381643641147,
        "mean_psnr": 38.41267614502331,
        "std_psnr": 10.632588037243588,
        "mean_ssim": 0.9584538255077456,
        "std_ssim": 0.029963577110837178,
        "nan_count": 0
      }
    },
    "time": 404.8611390357837,
    "_pdft_py": {
      "family": "entangled_qft",
      "stage_k": 6,
      "n_trainable": 48,
      "block_size": 64,
      "steps": 1008,
      "epochs_completed": 112,
      "device": "cuda:0",
      "n_test": 50
    }
  }
}