{
  "qft": {
    "metrics": {
      "0.05": {
        "mean_mse": 0.003935720766126452,
        "std_mse": 0.002392591150767556,
        "mean_psnr": 25.093387821378943,
        "std_psnr": 3.3501134850452257,
        "mean_ssim": 0.7224156269529327,
        "std_ssim": 0.07812083430279353,
        "nan_count": 0
      },
      "0.1": {
        "mean_mse": 0.002307323931536348,
        "std_mse": 0.0014882315484623463,
        "mean_psnr": 27.571949413730614,
        "std_psnr": 3.6992681895596626,
        "mean_ssim": 0.8172544254259826,
        "std_ssim": 0.05931797492776828,
        "nan_count": 0
      },
      "0.15": {
        "mean_mse": 0.0015143018075839578,
        "std_mse": 0.0010242478025016383,
        "mean_psnr": 29.532225679073445,
        "std_psnr": 3.9759972425883947,
        "mean_ssim": 0.8688161557737145,
        "std_ssim": 0.047338311035918665,
        "nan_count": 0
      },
      "0.2": {
        "mean_mse": 0.001037836714455833,
        "std_mse": 0.0007331690932343147,
        "mean_psnr": 31.293331478170817,
        "std_psnr": 4.2085991713555355,
        "mean_ssim": 0.9025864866772975,
        "std_ssim": 0.038367036921666306,
        "nan_count": 0
      }
    },
    "time": 1072.9483117312193,
    "_pdft_py": {
      "warmup_s": 2.3127655666321516,
      "device": "cuda:0",
      "epochs_completed": 223,
      "steps": 2007,
      "n_test": 50,
      "eval_failed_count": {
        "0.05": 0,
        "0.1": 0,
        "0.15": 0,
        "0.2": 0
      }
    }
  }
}