{
  "qft": {
    "metrics": {
      "0.05": {
        "mean_mse": 0.004067474141210954,
        "std_mse": 0.0024451615447134904,
        "mean_psnr": 24.912312689820922,
        "std_psnr": 3.2689041008907984,
        "mean_ssim": 0.7156042077006678,
        "std_ssim": 0.07716767759190765,
        "nan_count": 0
      },
      "0.1": {
        "mean_mse": 0.0024194706723927213,
        "std_mse": 0.001534106302851154,
        "mean_psnr": 27.304217665465085,
        "std_psnr": 3.5658264093419665,
        "mean_ssim": 0.8100212017232762,
        "std_ssim": 0.05914720498633521,
        "nan_count": 0
      },
      "0.15": {
        "mean_mse": 0.0016052612347213075,
        "std_mse": 0.001063536850005922,
        "mean_psnr": 29.20082249703394,
        "std_psnr": 3.8102612751206153,
        "mean_ssim": 0.8617986611716497,
        "std_ssim": 0.04762420262193558,
        "nan_count": 0
      },
      "0.2": {
        "mean_mse": 0.0011106675907100114,
        "std_mse": 0.0007664922012330517,
        "mean_psnr": 30.906273644758716,
        "std_psnr": 4.0199889590763975,
        "mean_ssim": 0.8962524069320154,
        "std_ssim": 0.03915918733795632,
        "nan_count": 0
      }
    },
    "time": 175.68233934324235,
    "_pdft_py": {
      "warmup_s": 3.646266075782478,
      "device": "cuda:0",
      "epochs_completed": 36,
      "steps": 324,
      "n_test": 50,
      "eval_failed_count": {
        "0.05": 0,
        "0.1": 0,
        "0.15": 0,
        "0.2": 0
      }
    }
  }
}