{
  "qft": {
    "metrics": {
      "0.05": {
        "mean_mse": 0.00406748087494467,
        "std_mse": 0.0024451177163486043,
        "mean_psnr": 24.912251368811017,
        "std_psnr": 3.2688380530773555,
        "mean_ssim": 0.7155959241345338,
        "std_ssim": 0.07713654411676693,
        "nan_count": 0
      },
      "0.1": {
        "mean_mse": 0.002419541257352835,
        "std_mse": 0.0015341332333665917,
        "mean_psnr": 27.304071307169565,
        "std_psnr": 3.565861160222595,
        "mean_ssim": 0.8100525273942764,
        "std_ssim": 0.0591301524495485,
        "nan_count": 0
      },
      "0.15": {
        "mean_mse": 0.0016052994820746022,
        "std_mse": 0.0010635616087897237,
        "mean_psnr": 29.200731598489632,
        "std_psnr": 3.810352399072341,
        "mean_ssim": 0.8617807241945036,
        "std_ssim": 0.04762034872085748,
        "nan_count": 0
      },
      "0.2": {
        "mean_mse": 0.0011106858083964524,
        "std_mse": 0.0007664833915936542,
        "mean_psnr": 30.906239236953514,
        "std_psnr": 4.020152709326986,
        "mean_ssim": 0.8962446783924282,
        "std_ssim": 0.03914474963003834,
        "nan_count": 0
      }
    },
    "time": 288.50023745093495,
    "_pdft_py": {
      "warmup_s": 2.3127227844670415,
      "device": "cuda:0",
      "epochs_completed": 60,
      "steps": 540,
      "n_test": 50,
      "eval_failed_count": {
        "0.05": 0,
        "0.1": 0,
        "0.15": 0,
        "0.2": 0
      }
    }
  }
}