{
  "qft": {
    "metrics": {
      "0.05": {
        "mean_mse": 0.003935741052337899,
        "std_mse": 0.0023925948322518686,
        "mean_psnr": 25.093396838846473,
        "std_psnr": 3.3502092135985935,
        "mean_ssim": 0.7224533748346282,
        "std_ssim": 0.07812773026054336,
        "nan_count": 0
      },
      "0.1": {
        "mean_mse": 0.002307313709733068,
        "std_mse": 0.0014882373841529051,
        "mean_psnr": 27.572026018531222,
        "std_psnr": 3.69939660012753,
        "mean_ssim": 0.8172521832131031,
        "std_ssim": 0.05932367340245696,
        "nan_count": 0
      },
      "0.15": {
        "mean_mse": 0.0015142929850508525,
        "std_mse": 0.0010242622335949359,
        "mean_psnr": 29.53237641010718,
        "std_psnr": 3.9762154384752355,
        "mean_ssim": 0.8688295395075407,
        "std_ssim": 0.04732662833966476,
        "nan_count": 0
      },
      "0.2": {
        "mean_mse": 0.001037839640100701,
        "std_mse": 0.0007331787016706504,
        "mean_psnr": 31.293532368325703,
        "std_psnr": 4.20903286174453,
        "mean_ssim": 0.9025888028417396,
        "std_ssim": 0.03839061353368111,
        "nan_count": 0
      }
    },
    "time": 539.7502356618643,
    "_pdft_py": {
      "warmup_s": 2.2528489027172327,
      "device": "cuda:0",
      "epochs_completed": 112,
      "steps": 1008,
      "n_test": 50,
      "eval_failed_count": {
        "0.05": 0,
        "0.1": 0,
        "0.15": 0,
        "0.2": 0
      }
    }
  }
}