{
  "rich_8": {
    "metrics": {
      "0.01": {
        "mean_mse": 0.05809715088721101,
        "std_mse": 0.0126732841457559,
        "mean_psnr": 12.47168970204077,
        "std_psnr": 1.0190186545340558,
        "mean_ssim": 0.4491347847851127,
        "std_ssim": 0.10775143522052633,
        "nan_count": 0
      },
      "0.02": {
        "mean_mse": 0.038393578705318676,
        "std_mse": 0.010160783940036581,
        "mean_psnr": 14.31947641405053,
        "std_psnr": 1.2113448577839452,
        "mean_ssim": 0.5997912341622844,
        "std_ssim": 0.08779551583127378,
        "nan_count": 0
      },
      "0.05": {
        "mean_mse": 0.016348379980845935,
        "std_mse": 0.005931961916761468,
        "mean_psnr": 18.17140411187639,
        "std_psnr": 1.6705332143616949,
        "mean_ssim": 0.8119950063355788,
        "std_ssim": 0.044394221617038494,
        "nan_count": 0
      },
      "0.1": {
        "mean_mse": 0.005708423239685304,
        "std_mse": 0.002882318684966798,
        "mean_psnr": 23.04149754465825,
        "std_psnr": 2.399680438640723,
        "mean_ssim": 0.91038043842166,
        "std_ssim": 0.024089556023017,
        "nan_count": 0
      },
      "0.15": {
        "mean_mse": 0.002247366765501612,
        "std_mse": 0.001401396029047313,
        "mean_psnr": 27.40606456580113,
        "std_psnr": 3.006576747455551,
        "mean_ssim": 0.9487881144458021,
        "std_ssim": 0.01543736547639737,
        "nan_count": 0
      },
      "0.2": {
        "mean_mse": 0.0009204340757455263,
        "std_mse": 0.0006951003997330941,
        "mean_psnr": 31.689527502608307,
        "std_psnr": 3.674945605307234,
        "mean_ssim": 0.9692239127797488,
        "std_ssim": 0.011027349146708073,
        "nan_count": 0
      }
    },
    "seed": 98,
    "init": "family_random_basis",
    "objective": "top10pct_mse",
    "steps": 1008,
    "epochs_completed": 112,
    "elapsed_seconds": 21.7
  }
}