{
  "rich_b4": {
    "metrics": {
      "0.01": {
        "mean_mse": 0.008527126799368175,
        "std_mse": 0.004879900803867754,
        "mean_psnr": 21.54286258393134,
        "std_psnr": 2.898724824154429,
        "mean_ssim": 0.49742724704402214,
        "std_ssim": 0.10899690388043416,
        "nan_count": 0
      },
      "0.02": {
        "mean_mse": 0.005783245709337054,
        "std_mse": 0.003494437878832862,
        "mean_psnr": 23.363225042077662,
        "std_psnr": 3.1790247747392213,
        "mean_ssim": 0.6147366329195587,
        "std_ssim": 0.09808515374107218,
        "nan_count": 0
      },
      "0.05": {
        "mean_mse": 0.0031346435587646703,
        "std_mse": 0.002045632519182314,
        "mean_psnr": 26.226122955908778,
        "std_psnr": 3.6010184226519124,
        "mean_ssim": 0.7585842492461592,
        "std_ssim": 0.07653296857062732,
        "nan_count": 0
      },
      "0.1": {
        "mean_mse": 0.0016822327257599579,
        "std_mse": 0.0011801594351269413,
        "mean_psnr": 29.127370139016513,
        "std_psnr": 4.003688741367846,
        "mean_ssim": 0.8544740170010625,
        "std_ssim": 0.05496981394320794,
        "nan_count": 0
      },
      "0.15": {
        "mean_mse": 0.0010410719057994285,
        "std_mse": 0.0007715117730593106,
        "mean_psnr": 31.36808389632493,
        "std_psnr": 4.299420764228036,
        "mean_ssim": 0.9016747272263791,
        "std_ssim": 0.04144165112037296,
        "nan_count": 0
      },
      "0.2": {
        "mean_mse": 0.0006810566693586542,
        "std_mse": 0.0005296208910325297,
        "mean_psnr": 33.35432155562706,
        "std_psnr": 4.5451274106524,
        "mean_ssim": 0.9304915637270974,
        "std_ssim": 0.031833321175506,
        "nan_count": 0
      }
    },
    "seed": 98,
    "init": "family_random_basis",
    "objective": "top10pct_mse",
    "steps": 1008,
    "epochs_completed": 112,
    "elapsed_seconds": 475.5
  }
}