basis,keep_ratio,mean,std
block_dct_8,0.05,0.0032351364579517395,0.0021322868804941916
block_dct_8,0.1,0.0016037859828065847,0.0011449116507051685
block_dct_8,0.15,0.000953272601836943,0.0007233212098807435
block_dct_8,0.2,0.0006058333186047093,0.00048441425765993355
block_fft_8,0.05,0.004481271140393801,0.002713342812473903
block_fft_8,0.1,0.0025328569213161245,0.001630039894528383
block_fft_8,0.15,0.0016569579200586303,0.0011137518020966875
block_fft_8,0.2,0.001145404810013133,0.0008007449060781389
dct,0.05,0.0036414549476467073,0.0023484847097757352
dct,0.1,0.002195198368281126,0.001463891458930445
dct,0.15,0.0014845702738966794,0.001013721780347799
dct,0.2,0.0010520217471639626,0.0007325856704181737
fft,0.05,0.004372288094600663,0.002704903487919131
fft,0.1,0.0027700108441058545,0.0017905216719261599
fft,0.15,0.0019646530819591133,0.0013133842305724707
fft,0.2,0.0014590484122163616,0.0010021705253476679
tebd,0.05,0.0039396594078730226,0.002394239143866697
tebd,0.1,0.0023104715806061887,0.0014898022401193848
tebd,0.15,0.0015170587602850655,0.0010255569182575062
tebd,0.2,0.001040101874624565,0.0007338883618055713
