basis,time_s,warmup_s
block_dct_8,0.8758682105690241,NaN
block_dct_8_rank,0.825645905919373,NaN
block_fft_8,1.1235388228669763,NaN
block_pca_8,1.483654446899891,NaN
block_pca_8_rank,1.4311964502558112,NaN
dct,0.7983071357011795,NaN
dct_rank,2.1123069440945983,NaN
fft,1.0110597144812346,NaN
pca,4.536049941554666,NaN
pca_rank,4.58298113103956,NaN
tebd,283.2095369659364,6.37120932713151
