{
  "dataset": "div2k_8q",
  "method": "dct4ctl_random_normal",
  "init": "haar_so",
  "topk_ratio": 0.2,
  "epochs": 1008,
  "data_seed_fixed_test": 42,
  "keep_ratios": [
    0.05,
    0.1,
    0.15,
    0.2
  ],
  "seeds": [
    1,
    2,
    3,
    4,
    5,
    6,
    7,
    8,
    9,
    10,
    11,
    12,
    13,
    14,
    15,
    16,
    17,
    18,
    19,
    20
  ],
  "n_seeds": 20,
  "per_seed": {
    "1": {
      "0.05": 24.27034722371652,
      "0.1": 26.529318852090828,
      "0.15": 28.288164767120964,
      "0.2": 29.861368890882304
    },
    "2": {
      "0.05": 23.834673816068925,
      "0.1": 25.843032092945986,
      "0.15": 27.419806054353206,
      "0.2": 28.843134580207387
    },
    "3": {
      "0.05": 23.94360439491379,
      "0.1": 26.00103736590003,
      "0.15": 27.61042758223365,
      "0.2": 29.047714904886433
    },
    "4": {
      "0.05": 23.863642015195534,
      "0.1": 25.80241239805688,
      "0.15": 27.33643577921647,
      "0.2": 28.71783513742391
    },
    "5": {
      "0.05": 24.16236314725651,
      "0.1": 26.21156571728425,
      "0.15": 27.818732413548478,
      "0.2": 29.25473341711026
    },
    "6": {
      "0.05": 23.842541861949165,
      "0.1": 25.837767656855103,
      "0.15": 27.41203133268587,
      "0.2": 28.834549705025637
    },
    "7": {
      "0.05": 23.997679972034774,
      "0.1": 26.006045282673764,
      "0.15": 27.580066937884016,
      "0.2": 28.986565834558313
    },
    "8": {
      "0.05": 24.054100223266705,
      "0.1": 26.027208397843633,
      "0.15": 27.57742437765814,
      "0.2": 28.969167085782257
    },
    "9": {
      "0.05": 23.337909255891514,
      "0.1": 25.431531900965805,
      "0.15": 27.026283114963466,
      "0.2": 28.434251235062913
    },
    "10": {
      "0.05": 24.33673426581476,
      "0.1": 26.305992043228528,
      "0.15": 27.863038279015964,
      "0.2": 29.265621143575213
    },
    "11": {
      "0.05": 23.85017823355739,
      "0.1": 25.841182581752243,
      "0.15": 27.396408258584913,
      "0.2": 28.786077793824926
    },
    "12": {
      "0.05": 24.599014140235195,
      "0.1": 26.738750928743084,
      "0.15": 28.409804578029345,
      "0.2": 29.892854893888078
    },
    "13": {
      "0.05": 23.585092365614592,
      "0.1": 25.572931731809334,
      "0.15": 27.13290741046806,
      "0.2": 28.52694838601656
    },
    "14": {
      "0.05": 24.267182171480854,
      "0.1": 26.29701405440459,
      "0.15": 27.8945641339954,
      "0.2": 29.327014624073886
    },
    "15": {
      "0.05": 24.530382133337348,
      "0.1": 26.6627344686537,
      "0.15": 28.321691511709354,
      "0.2": 29.79449479366753
    },
    "16": {
      "0.05": 24.20865154664242,
      "0.1": 26.259341945070737,
      "0.15": 27.857303160698674,
      "0.2": 29.28735120035094
    },
    "17": {
      "0.05": 23.70261531224851,
      "0.1": 25.621465642726907,
      "0.15": 27.14381866404317,
      "0.2": 28.516511085611846
    },
    "18": {
      "0.05": 23.79661786244198,
      "0.1": 25.796817616251637,
      "0.15": 27.355351816236848,
      "0.2": 28.74446163242448
    },
    "19": {
      "0.05": 23.20618733594042,
      "0.1": 25.167923953370643,
      "0.15": 26.720692158396044,
      "0.2": 28.112865740197748
    },
    "20": {
      "0.05": 24.240382487868395,
      "0.1": 26.303797303571812,
      "0.15": 27.9081399290416,
      "0.2": 29.33933083131267
    }
  },
  "agg": {
    "0.05": {
      "mean": 23.98149498827376,
      "std": 0.361906565711022,
      "min": 23.20618733594042,
      "max": 24.599014140235195,
      "n": 20,
      "shapiro_p": 0.7944117324941584
    },
    "0.1": {
      "mean": 26.012893596709972,
      "std": 0.40694291728713194,
      "min": 25.167923953370643,
      "max": 26.738750928743084,
      "n": 20,
      "shapiro_p": 0.9256356131914931
    },
    "0.15": {
      "mean": 27.603654612994184,
      "std": 0.4462167488630618,
      "min": 26.720692158396044,
      "max": 28.409804578029345,
      "n": 20,
      "shapiro_p": 0.7785836432807698
    },
    "0.2": {
      "mean": 29.027142645794164,
      "std": 0.4815773616915542,
      "min": 28.112865740197748,
      "max": 29.892854893888078,
      "n": 20,
      "shapiro_p": 0.6158314296538278
    }
  },
  "init_loss_per_seed": {
    "1": 2023.2742292184573,
    "2": 1972.7892954137794,
    "3": 2034.6830364663829,
    "4": 2054.7567671465795,
    "5": 1338.8349126327169,
    "6": 1724.760655785585,
    "7": 1297.822334103922,
    "8": 1553.3001433662025,
    "9": 2080.4717359397173,
    "10": 1917.8246508457287,
    "11": 1866.7748415759131,
    "12": 855.5299833073293,
    "13": 1059.6524871746028,
    "14": 1291.84950490114,
    "15": 1762.357420930572,
    "16": 2361.8465610358776,
    "17": 1295.7085039197907,
    "18": 1859.689086251762,
    "19": 2027.2425764819527,
    "20": 1223.6195256535125
  },
  "missing": []
}