{
  "tebd_progressive_k7": {
    "metrics": {
      "0.05": {
        "mean_mse": 0.004067407068840237,
        "std_mse": 0.002444958436598017,
        "mean_psnr": 24.912282172506963,
        "std_psnr": 3.268783052878525,
        "mean_ssim": 0.7155696992864387,
        "std_ssim": 0.07716791785113035,
        "nan_count": 0
      },
      "0.1": {
        "mean_mse": 0.0024195070656543223,
        "std_mse": 0.0015341445063640198,
        "mean_psnr": 27.304151695378913,
        "std_psnr": 3.5658939013203783,
        "mean_ssim": 0.8100668986724305,
        "std_ssim": 0.05916647452685462,
        "nan_count": 0
      },
      "0.15": {
        "mean_mse": 0.0016052579822895127,
        "std_mse": 0.0010635408154048272,
        "mean_psnr": 29.20088749128654,
        "std_psnr": 3.810523112844674,
        "mean_ssim": 0.861786272671378,
        "std_ssim": 0.047635477839907445,
        "nan_count": 0
      },
      "0.2": {
        "mean_mse": 0.0011106775068746527,
        "std_mse": 0.0007665171287780794,
        "mean_psnr": 30.906297668941466,
        "std_psnr": 4.020148479465239,
        "mean_ssim": 0.896265977570176,
        "std_ssim": 0.039153309137866875,
        "nan_count": 0
      }
    },
    "time": 482.0756343342364,
    "_pdft_py": {
      "family": "tebd",
      "stage_k": 7,
      "n_trainable": 28,
      "block_size": 128,
      "steps": 1008,
      "epochs_completed": 112,
      "device": "cuda:0",
      "n_test": 50
    }
  }
}