{
  "rich_progressive_k4": {
    "metrics": {
      "0.05": {
        "mean_mse": 0.019259190128936846,
        "std_mse": 0.010274807047335745,
        "mean_psnr": 17.809133947649478,
        "std_psnr": 2.494933392452371,
        "mean_ssim": 0.819475829875365,
        "std_ssim": 0.05925359924475578,
        "nan_count": 0
      },
      "0.1": {
        "mean_mse": 0.005340017034377841,
        "std_mse": 0.004159762280589065,
        "mean_psnr": 24.06737998694674,
        "std_psnr": 3.595748392002055,
        "mean_ssim": 0.9262001797805414,
        "std_ssim": 0.023570609518481677,
        "nan_count": 0
      },
      "0.15": {
        "mean_mse": 0.001779671268910545,
        "std_mse": 0.0017636192222324136,
        "mean_psnr": 29.695870609390973,
        "std_psnr": 4.754756820241316,
        "mean_ssim": 0.9567551362152987,
        "std_ssim": 0.01404039116371914,
        "nan_count": 0
      },
      "0.2": {
        "mean_mse": 0.0006457305754933695,
        "std_mse": 0.0007687419442090761,
        "mean_psnr": 35.095700091404645,
        "std_psnr": 5.8665621460853,
        "mean_ssim": 0.9714280682318354,
        "std_ssim": 0.011526158885764134,
        "nan_count": 0
      }
    },
    "time": 21.159722677432,
    "_pdft_py": {
      "family": "rich",
      "stage_k": 4,
      "n_trainable": 20,
      "block_size": 16,
      "steps": 1008,
      "epochs_completed": 112,
      "device": "cuda:0",
      "n_test": 50
    }
  }
}