{
  "rich_progressive_k6": {
    "metrics": {
      "0.05": {
        "mean_mse": 0.0031346274673489083,
        "std_mse": 0.0020084610883098096,
        "mean_psnr": 26.211511767204,
        "std_psnr": 3.6041179938793197,
        "mean_ssim": 0.7594691862171524,
        "std_ssim": 0.07522056395185435,
        "nan_count": 0
      },
      "0.1": {
        "mean_mse": 0.001709389363967132,
        "std_mse": 0.0011780510310158213,
        "mean_psnr": 29.033750515063602,
        "std_psnr": 3.992474334696436,
        "mean_ssim": 0.8527954566620979,
        "std_ssim": 0.054529220590999274,
        "nan_count": 0
      },
      "0.15": {
        "mean_mse": 0.0010696768466520142,
        "std_mse": 0.0007788940168517279,
        "mean_psnr": 31.220106661965897,
        "std_psnr": 4.283103336431069,
        "mean_ssim": 0.899489924546194,
        "std_ssim": 0.0416917814864999,
        "nan_count": 0
      },
      "0.2": {
        "mean_mse": 0.000706801471813323,
        "std_mse": 0.0005401877645133411,
        "mean_psnr": 33.15301437375397,
        "std_psnr": 4.512343253665009,
        "mean_ssim": 0.9282154889390228,
        "std_ssim": 0.03251900459623434,
        "nan_count": 0
      }
    },
    "time": 859.0869536912069,
    "_pdft_py": {
      "family": "rich",
      "stage_k": 6,
      "n_trainable": 42,
      "block_size": 64,
      "steps": 1008,
      "epochs_completed": 112,
      "device": "cuda:0",
      "n_test": 50
    }
  }
}