{
  "basis": "qft",
  "seed": 98,
  "m": 8,
  "n": 8,
  "mixing": [
    0.9999998109730696,
    0.999999938389234,
    0.999999883188045,
    0.9999979019707669,
    0.0038283563892383033,
    0.0012481166513178296,
    0.0003804897403998503,
    0.0007681392880833888,
    0.9999999992753609,
    0.9999999996332194,
    0.999999943823924,
    0.9999999391345052,
    0.0010784681815225851,
    0.001615325737877695,
    0.001172383046550411,
    0.0001198556311962095
  ],
  "row_tags": [
    "H",
    "H",
    "H",
    "H",
    "X",
    "Z",
    "Z",
    "X"
  ],
  "col_tags": [
    "H",
    "H",
    "H",
    "H",
    "Z",
    "Z",
    "Z",
    "Z"
  ],
  "n_mix_row": 4,
  "n_mix_col": 4,
  "block_row": 16,
  "block_col": 16,
  "cp_abs_phase_median": 1.6700166810732808,
  "cp_active_frac": 0.9464285714285714,
  "n_cp": 56,
  "leakage_sweep": {
    "2": 0.8746399459130727,
    "4": 0.7493678710306573,
    "8": 0.498977909350689,
    "16": 4.237240979976242e-06,
    "32": 5.731514939322224e-07,
    "64": 1.8370261989364423e-07,
    "128": 1.4750951315978256e-07
  },
  "eff_block": 16,
  "eff_leakage": 4.237240979976242e-06
}