{
  "rich_progressive_k5": {
    "metrics": {
      "0.05": {
        "mean_mse": 0.016331619844132172,
        "std_mse": 0.007690272310253203,
        "mean_psnr": 18.42248311537297,
        "std_psnr": 2.3394417541607937,
        "mean_ssim": 0.7658169681602467,
        "std_ssim": 0.05990712683461618,
        "nan_count": 0
      },
      "0.1": {
        "mean_mse": 0.006764340980236118,
        "std_mse": 0.003903132707633699,
        "mean_psnr": 22.50547069604188,
        "std_psnr": 2.8349234588762915,
        "mean_ssim": 0.8499098871242994,
        "std_ssim": 0.038839911083249475,
        "nan_count": 0
      },
      "0.15": {
        "mean_mse": 0.0032396123771460915,
        "std_mse": 0.0021676006813513577,
        "mean_psnr": 25.99926238769035,
        "std_psnr": 3.376800287093621,
        "mean_ssim": 0.8942961310534515,
        "std_ssim": 0.031302829853155724,
        "nan_count": 0
      },
      "0.2": {
        "mean_mse": 0.0016523098452358945,
        "std_mse": 0.001237129825419194,
        "mean_psnr": 29.2617789537805,
        "std_psnr": 3.926378684484031,
        "mean_ssim": 0.9168242151721396,
        "std_ssim": 0.029600823523493632,
        "nan_count": 0
      }
    },
    "time": 27.024480666033924,
    "_pdft_py": {
      "family": "rich",
      "stage_k": 5,
      "n_trainable": 30,
      "block_size": 32,
      "steps": 1008,
      "epochs_completed": 112,
      "device": "cuda:0",
      "n_test": 50
    }
  }
}