{
  "tebd": {
    "metrics": {
      "0.01": {
        "mean_mse": 0.008873079768715564,
        "std_mse": 0.004908896071505397,
        "mean_psnr": 21.335406355520274,
        "std_psnr": 2.8579421258958355,
        "mean_ssim": 0.49820027327965855,
        "std_ssim": 0.10890428336076861,
        "nan_count": 0
      },
      "0.02": {
        "mean_mse": 0.006540078244278409,
        "std_mse": 0.003756980395059495,
        "mean_psnr": 22.747892165527116,
        "std_psnr": 3.0466829981193455,
        "mean_ssim": 0.5929792044829407,
        "std_ssim": 0.09815762486741926,
        "nan_count": 0
      },
      "0.05": {
        "mean_mse": 0.003935818361642738,
        "std_mse": 0.0023926952066725903,
        "mean_psnr": 25.093412186422743,
        "std_psnr": 3.350410355403683,
        "mean_ssim": 0.7223736954681677,
        "std_ssim": 0.07814407729260249,
        "nan_count": 0
      },
      "0.1": {
        "mean_mse": 0.002307420825843738,
        "std_mse": 0.0014883923676594446,
        "mean_psnr": 27.571953123937277,
        "std_psnr": 3.6994825177281028,
        "mean_ssim": 0.8172489186606997,
        "std_ssim": 0.059320974324431466,
        "nan_count": 0
      },
      "0.15": {
        "mean_mse": 0.00151437440795558,
        "std_mse": 0.0010243671890355615,
        "mean_psnr": 29.532331551736846,
        "std_psnr": 3.976410775592724,
        "mean_ssim": 0.8688115385079602,
        "std_ssim": 0.04731667091512298,
        "nan_count": 0
      },
      "0.2": {
        "mean_mse": 0.0010378793161746555,
        "std_mse": 0.000733221453657419,
        "mean_psnr": 31.29348456271595,
        "std_psnr": 4.209092989211259,
        "mean_ssim": 0.9025939669220638,
        "std_ssim": 0.03837396047990197,
        "nan_count": 0
      }
    },
    "seed": 98,
    "init": "family_random_basis",
    "objective": "top10pct_mse",
    "steps": 1008,
    "epochs_completed": 112,
    "elapsed_seconds": 289.7
  }
}