{
  "qft_b2": {
    "metrics": {
      "0.01": {
        "mean_mse": 0.06010276362321366,
        "std_mse": 0.012698370086157018,
        "mean_psnr": 12.317378495129866,
        "std_psnr": 0.9875322782818569,
        "mean_ssim": 0.43791881442659536,
        "std_ssim": 0.10761409115730587,
        "nan_count": 0
      },
      "0.02": {
        "mean_mse": 0.04177182571997829,
        "std_mse": 0.0106342867163384,
        "mean_psnr": 13.943879094128807,
        "std_psnr": 1.1802283117826196,
        "mean_ssim": 0.5902128329367776,
        "std_ssim": 0.09777603497685834,
        "nan_count": 0
      },
      "0.05": {
        "mean_mse": 0.01926320142420311,
        "std_mse": 0.006476506864522965,
        "mean_psnr": 17.42275950551833,
        "std_psnr": 1.5773675174426658,
        "mean_ssim": 0.8025474738606704,
        "std_ssim": 0.05428474729577709,
        "nan_count": 0
      },
      "0.1": {
        "mean_mse": 0.007664732127773957,
        "std_mse": 0.003448690523426879,
        "mean_psnr": 21.610852317975162,
        "std_psnr": 2.0440639678003016,
        "mean_ssim": 0.9124238158534567,
        "std_ssim": 0.030005273831211092,
        "nan_count": 0
      },
      "0.15": {
        "mean_mse": 0.0034885908807439315,
        "std_mse": 0.001962711802513516,
        "mean_psnr": 25.288270138887313,
        "std_psnr": 2.5934695715842198,
        "mean_ssim": 0.9530917092164036,
        "std_ssim": 0.018986557914620637,
        "nan_count": 0
      },
      "0.2": {
        "mean_mse": 0.0016763201543971416,
        "std_mse": 0.0011637506013268256,
        "mean_psnr": 28.889974168348157,
        "std_psnr": 3.3513825607403187,
        "mean_ssim": 0.976853811051476,
        "std_ssim": 0.012308612340352739,
        "nan_count": 0
      }
    },
    "seed": 98,
    "init": "family_random_basis",
    "objective": "top10pct_mse",
    "steps": 1008,
    "epochs_completed": 112,
    "elapsed_seconds": 22.5
  }
}