{
  "experiment": "dct4_sweep_training",
  "dataset": "div2k_8q",
  "m": 8,
  "n": 8,
  "parametrization": "controlled",
  "topk_ratio": 0.1,
  "k_train": 6554,
  "batch_n": 50,
  "max_sweeps": 20,
  "rel_tol": 1e-05,
  "keep_ratios": [
    0.01,
    0.05,
    0.1,
    0.2
  ],
  "rho_keys": [
    "0.01",
    "0.05",
    "0.1",
    "0.2"
  ],
  "git_sha": "816d24e43d002400f33d5cb8e3b71007f9f188bd",
  "runs": {
    "exact/fwd": {
      "init": "exact",
      "order": "fwd",
      "init_seed": 1,
      "n_sweeps": 15,
      "converged": true,
      "init_loss": 157.53851792530557,
      "final_loss": 144.36890979624496,
      "psnr_untrained": {
        "0.01": 20.958655266645692,
        "0.05": 24.842327278720617,
        "0.1": 27.214395072318943,
        "0.2": 30.542843158703835
      },
      "psnr_final": {
        "0.01": 21.45296849939548,
        "0.05": 25.188232139620286,
        "0.1": 27.557355256091185,
        "0.2": 30.945112382683583
      },
      "n_accepted_total": 132,
      "n_skipped_total": 3078,
      "n_visits": 3210,
      "wall_s_total": 6693.019343637861
    },
    "exact/rev": {
      "init": "exact",
      "order": "rev",
      "init_seed": 1,
      "n_sweeps": 18,
      "converged": true,
      "init_loss": 157.53851792530557,
      "final_loss": 144.47213230947315,
      "psnr_untrained": {
        "0.01": 20.958655266645692,
        "0.05": 24.842327278720617,
        "0.1": 27.214395072318943,
        "0.2": 30.542843158703835
      },
      "psnr_final": {
        "0.01": 21.36269864638025,
        "0.05": 25.143105989987447,
        "0.1": 27.516579071308296,
        "0.2": 30.90053386650507
      },
      "n_accepted_total": 200,
      "n_skipped_total": 3652,
      "n_visits": 3852,
      "wall_s_total": 7783.80862100143
    },
    "random/fwd": {
      "init": "random",
      "order": "fwd",
      "init_seed": 1,
      "n_sweeps": 54,
      "converged": true,
      "init_loss": 4441.490437088306,
      "final_loss": 316.82434805879467,
      "psnr_untrained": {
        "0.01": 8.972434020805867,
        "0.05": 11.305541828062085,
        "0.1": 13.156800384112378,
        "0.2": 16.150983849361136
      },
      "psnr_final": {
        "0.01": 18.63940114148109,
        "0.05": 22.011279765988743,
        "0.1": 24.123571251046815,
        "0.2": 27.142384421830492
      },
      "n_accepted_total": 2000,
      "n_skipped_total": 9556,
      "n_visits": 11556,
      "wall_s_total": 24489.76149645541
    },
    "random/rev": {
      "init": "random",
      "order": "rev",
      "init_seed": 1,
      "n_sweeps": 64,
      "converged": false,
      "init_loss": 4441.490437088306,
      "final_loss": 284.70527923789786,
      "psnr_untrained": {
        "0.01": 8.972434020805867,
        "0.05": 11.305541828062085,
        "0.1": 13.156800384112378,
        "0.2": 16.150983849361136
      },
      "psnr_final": {
        "0.01": 19.28154306197171,
        "0.05": 22.528424571723054,
        "0.1": 24.56311466876581,
        "0.2": 27.50771709876088
      },
      "n_accepted_total": 2539,
      "n_skipped_total": 11157,
      "n_visits": 13696,
      "wall_s_total": 30038.26565851923
    }
  }
}