{
  "experiment": "dct4_sweep_training",
  "dataset": "div2k_8q",
  "m": 8,
  "n": 8,
  "parametrization": "controlled",
  "topk_ratio": 0.1,
  "k_train": 6554,
  "batch_n": 50,
  "max_sweeps": 20,
  "rel_tol": 1e-05,
  "keep_ratios": [
    0.01,
    0.05,
    0.1,
    0.2
  ],
  "rho_keys": [
    "0.01",
    "0.05",
    "0.1",
    "0.2"
  ],
  "git_sha": "cff909a2b02dcdb474f0d194cb3b44156a243f91",
  "runs": {
    "exact/fwd": {
      "init": "exact",
      "order": "fwd",
      "init_seed": 1,
      "n_sweeps": 15,
      "converged": true,
      "init_loss": 157.53851792530557,
      "final_loss": 144.36890979624496,
      "psnr_untrained": {
        "0.01": 20.958655266645692,
        "0.05": 24.842327278720617,
        "0.1": 27.214395072318943,
        "0.2": 30.542843158703835
      },
      "psnr_final": {
        "0.01": 21.45296849939548,
        "0.05": 25.188232139620286,
        "0.1": 27.557355256091185,
        "0.2": 30.945112382683583
      },
      "n_accepted_total": 132,
      "n_skipped_total": 3078,
      "n_visits": 3210,
      "wall_s_total": 6693.019343637861
    },
    "exact/rev": {
      "init": "exact",
      "order": "rev",
      "init_seed": 1,
      "n_sweeps": 18,
      "converged": true,
      "init_loss": 157.53851792530557,
      "final_loss": 144.47213230947315,
      "psnr_untrained": {
        "0.01": 20.958655266645692,
        "0.05": 24.842327278720617,
        "0.1": 27.214395072318943,
        "0.2": 30.542843158703835
      },
      "psnr_final": {
        "0.01": 21.36269864638025,
        "0.05": 25.143105989987447,
        "0.1": 27.516579071308296,
        "0.2": 30.90053386650507
      },
      "n_accepted_total": 200,
      "n_skipped_total": 3652,
      "n_visits": 3852,
      "wall_s_total": 7783.80862100143
    },
    "random/fwd": {
      "init": "random",
      "order": "fwd",
      "init_seed": 1,
      "n_sweeps": 20,
      "converged": false,
      "init_loss": 4441.490437088306,
      "final_loss": 324.9365308021543,
      "psnr_untrained": {
        "0.01": 8.972434020805867,
        "0.05": 11.305541828062085,
        "0.1": 13.156800384112378,
        "0.2": 16.150983849361136
      },
      "psnr_final": {
        "0.01": 18.566132936076883,
        "0.05": 21.910149595353722,
        "0.1": 24.01331967319917,
        "0.2": 27.005041504576447
      },
      "n_accepted_total": 1238,
      "n_skipped_total": 3042,
      "n_visits": 4280,
      "wall_s_total": 9627.937101963907
    },
    "random/rev": {
      "init": "random",
      "order": "rev",
      "init_seed": 1,
      "n_sweeps": 20,
      "converged": false,
      "init_loss": 4441.490437088306,
      "final_loss": 297.46389716207,
      "psnr_untrained": {
        "0.01": 8.972434020805867,
        "0.05": 11.305541828062085,
        "0.1": 13.156800384112378,
        "0.2": 16.150983849361136
      },
      "psnr_final": {
        "0.01": 19.19262510762177,
        "0.05": 22.364380756940964,
        "0.1": 24.3681027248624,
        "0.2": 27.276094522877564
      },
      "n_accepted_total": 1492,
      "n_skipped_total": 2788,
      "n_visits": 4280,
      "wall_s_total": 10860.029323442839
    }
  }
}