{
  "qft_progressive_k5": {
    "metrics": {
      "0.05": {
        "mean_mse": 0.0018150108279053406,
        "std_mse": 0.00114926519995562,
        "mean_psnr": 28.823634038038563,
        "std_psnr": 4.372606544790167,
        "mean_ssim": 0.9335552411244283,
        "std_ssim": 0.035095117001436964,
        "nan_count": 0
      },
      "0.1": {
        "mean_mse": 0.0006769425846501233,
        "std_mse": 0.000534997554166279,
        "mean_psnr": 34.266471965590206,
        "std_psnr": 6.644635240351699,
        "mean_ssim": 0.9595869165423639,
        "std_ssim": 0.026412302457457393,
        "nan_count": 0
      },
      "0.15": {
        "mean_mse": 0.0002788700451898252,
        "std_mse": 0.0002639695543431686,
        "mean_psnr": 40.2019298765186,
        "std_psnr": 10.965244564178526,
        "mean_ssim": 0.9762519208865672,
        "std_ssim": 0.019504013897520642,
        "nan_count": 0
      },
      "0.2": {
        "mean_mse": 0.00011490774050106215,
        "std_mse": 0.00012954753018509877,
        "mean_psnr": 48.52230419456228,
        "std_psnr": 22.587077798077278,
        "mean_ssim": 0.9872636407639181,
        "std_ssim": 0.01318041714200566,
        "nan_count": 0
      }
    },
    "time": 326.05655179265887,
    "_pdft_py": {
      "family": "qft",
      "stage_k": 5,
      "n_trainable": 30,
      "block_size": 32,
      "steps": 1008,
      "epochs_completed": 112,
      "device": "cuda:0",
      "n_test": 50
    }
  }
}