{
  "qft_warmstart_blocked_8": {
    "metrics": {
      "0.05": {
        "mean_mse": 0.0038777105076585007,
        "std_mse": 0.002429657081752407,
        "mean_psnr": 25.184775456203933,
        "std_psnr": 3.347979510841835,
        "mean_ssim": 0.713961892704239,
        "std_ssim": 0.07909364101033477,
        "nan_count": 0
      },
      "0.1": {
        "mean_mse": 0.002078237074610751,
        "std_mse": 0.001392398847292787,
        "mean_psnr": 28.085682942475852,
        "std_psnr": 3.74484915516736,
        "mean_ssim": 0.8257397066759973,
        "std_ssim": 0.05829997435325029,
        "nan_count": 0
      },
      "0.15": {
        "mean_mse": 0.0012943518728851212,
        "std_mse": 0.0009115103321843825,
        "mean_psnr": 30.296396623973777,
        "std_psnr": 4.053425839935072,
        "mean_ssim": 0.8810659576471211,
        "std_ssim": 0.04485198271421407,
        "nan_count": 0
      },
      "0.2": {
        "mean_mse": 0.0008518601520729477,
        "std_mse": 0.0006274742969278142,
        "mean_psnr": 32.26033123315187,
        "std_psnr": 4.327571855010924,
        "mean_ssim": 0.9151903290556527,
        "std_ssim": 0.03493288437300092,
        "nan_count": 0
      }
    },
    "time": 559.876679145731,
    "_pdft_py": {
      "warmup_s": 8.375539411790669,
      "device": "cuda:0",
      "epochs_completed": 112,
      "steps": 1008,
      "n_test": 50,
      "eval_failed_count": {
        "0.05": 0,
        "0.1": 0,
        "0.15": 0,
        "0.2": 0
      },
      "warm_started_from": "results/div2k_8q_pca_vs_block_dct/by_basis/blocked_8/trained_blocked_8.json",
      "warmstart_bit_exact_max_diff": 4.440892098500626e-16
    }
  }
}