{
  "qft_identity_reg": {
    "metrics": {
      "0.05": {
        "mean_mse": 0.05674502202885606,
        "std_mse": 0.02361012462267152,
        "mean_psnr": 12.821243228207784,
        "std_psnr": 1.774350931021556,
        "mean_ssim": 0.5389889135951618,
        "std_ssim": 0.12458757938225892,
        "nan_count": 0
      },
      "0.1": {
        "mean_mse": 0.02101560396553622,
        "std_mse": 0.01710986467380759,
        "mean_psnr": 18.340415968671536,
        "std_psnr": 4.16434098540464,
        "mean_ssim": 0.8194651592991247,
        "std_ssim": 0.1046169117021236,
        "nan_count": 0
      },
      "0.15": {
        "mean_mse": 0.005219514125450592,
        "std_mse": 0.007581823430097201,
        "mean_psnr": 30.845499582073415,
        "std_psnr": 14.190695567809582,
        "mean_ssim": 0.9512190369319857,
        "std_ssim": 0.05293360232513254,
        "nan_count": 0
      },
      "0.2": {
        "mean_mse": 0.0009360927691892714,
        "std_mse": 0.0019828765274686063,
        "mean_psnr": 61.89119302522528,
        "std_psnr": 29.829038141119696,
        "mean_ssim": 0.9899253667197492,
        "std_ssim": 0.01869120836948137,
        "nan_count": 0
      }
    },
    "time": 22.325675974600017,
    "_pdft_py": {
      "reg": "L1",
      "lam": 10.0,
      "outer_weight": null,
      "inner_m": null,
      "inner_n": null,
      "steps": 1008,
      "epochs_completed": 112,
      "device": "cuda:0",
      "n_test": 50
    }
  }
}