{
  "rich_progressive_k2": {
    "metrics": {
      "0.05": {
        "mean_mse": 0.019172506131055415,
        "std_mse": 0.010452766635012222,
        "mean_psnr": 17.844037503901376,
        "std_psnr": 2.5123997938441898,
        "mean_ssim": 0.8254023250097898,
        "std_ssim": 0.06290905765968442,
        "nan_count": 0
      },
      "0.1": {
        "mean_mse": 0.005346760625835524,
        "std_mse": 0.004152508360300124,
        "mean_psnr": 24.02808491522106,
        "std_psnr": 3.5267431315190567,
        "mean_ssim": 0.9321558906167563,
        "std_ssim": 0.025292491670323075,
        "nan_count": 0
      },
      "0.15": {
        "mean_mse": 0.0017931478803488283,
        "std_mse": 0.001747832642764858,
        "mean_psnr": 29.590911971752863,
        "std_psnr": 4.645785723669815,
        "mean_ssim": 0.9633479522931881,
        "std_ssim": 0.01641045683986144,
        "nan_count": 0
      },
      "0.2": {
        "mean_mse": 0.000657520936428599,
        "std_mse": 0.0007805195780848545,
        "mean_psnr": 35.21016403456429,
        "std_psnr": 6.179541393041655,
        "mean_ssim": 0.9798987268094392,
        "std_ssim": 0.013042420536854078,
        "nan_count": 0
      }
    },
    "time": 10.91308511607349,
    "_pdft_py": {
      "family": "rich",
      "stage_k": 2,
      "n_trainable": 6,
      "block_size": 4,
      "steps": 1008,
      "epochs_completed": 112,
      "device": "cuda:0",
      "n_test": 50
    }
  }
}