{
  "entangled_qft": {
    "metrics": {
      "0.05": {
        "mean_mse": 0.00197959411255036,
        "std_mse": 0.001463021519282398,
        "mean_psnr": 28.546383683612344,
        "std_psnr": 4.327104499115987,
        "mean_ssim": 0.7923076821956263,
        "std_ssim": 0.07883154429059577,
        "nan_count": 0
      },
      "0.1": {
        "mean_mse": 0.0010687862354209594,
        "std_mse": 0.0008501160115156319,
        "mean_psnr": 31.406985640718148,
        "std_psnr": 4.5470941717276725,
        "mean_ssim": 0.8670632256732255,
        "std_ssim": 0.05616345528527373,
        "nan_count": 0
      },
      "0.15": {
        "mean_mse": 0.0006574146983176923,
        "std_mse": 0.0005538512144214982,
        "mean_psnr": 33.661456304856074,
        "std_psnr": 4.697584667680791,
        "mean_ssim": 0.9067613306120798,
        "std_ssim": 0.04251416235280158,
        "nan_count": 0
      },
      "0.2": {
        "mean_mse": 0.0004265309443133613,
        "std_mse": 0.0003781642199358584,
        "mean_psnr": 35.669766934210955,
        "std_psnr": 4.83290887434439,
        "mean_ssim": 0.932344861836398,
        "std_ssim": 0.03289471109180276,
        "nan_count": 0
      }
    },
    "time": 2446.1871565710753,
    "_pdft_py": {
      "warmup_s": 1.909209368750453,
      "device": "cuda:0",
      "epochs_completed": 22,
      "steps": 4686,
      "n_test": 50,
      "eval_failed_count": {
        "0.05": 0,
        "0.1": 0,
        "0.15": 0,
        "0.2": 0
      }
    }
  },
  "fft": {
    "metrics": {
      "0.05": {
        "mean_mse": 0.0024401436871266924,
        "std_mse": 0.0017324759343047712,
        "mean_psnr": 27.403750127097428,
        "std_psnr": 3.7484499512176908,
        "mean_ssim": 0.7298224956624736,
        "std_ssim": 0.09329801932997737,
        "nan_count": 0
      },
      "0.1": {
        "mean_mse": 0.001488880125907599,
        "std_mse": 0.001097732845662215,
        "mean_psnr": 29.67316323215549,
        "std_psnr": 3.9517464506408064,
        "mean_ssim": 0.8079241007272651,
        "std_ssim": 0.07528089328053172,
        "nan_count": 0
      },
      "0.15": {
        "mean_mse": 0.0010229550562507938,
        "std_mse": 0.0007791290327223191,
        "mean_psnr": 31.384335135924545,
        "std_psnr": 4.058257571503076,
        "mean_ssim": 0.8527540595959843,
        "std_ssim": 0.0626348501698144,
        "nan_count": 0
      },
      "0.2": {
        "mean_mse": 0.0007382952965417644,
        "std_mse": 0.0005800640856247112,
        "mean_psnr": 32.86704685591475,
        "std_psnr": 4.128540411572009,
        "mean_ssim": 0.8838616423271319,
        "std_ssim": 0.052900855476857224,
        "nan_count": 0
      }
    },
    "time": 22.88883232139051
  },
  "dct": {
    "metrics": {
      "0.05": {
        "mean_mse": 0.0020374249189626424,
        "std_mse": 0.0014550806545694977,
        "mean_psnr": 28.23857327744257,
        "std_psnr": 3.8600037012481776,
        "mean_ssim": 0.7527529942083863,
        "std_ssim": 0.08580926576888757,
        "nan_count": 0
      },
      "0.1": {
        "mean_mse": 0.0011742736320593395,
        "std_mse": 0.0008718480617964398,
        "mean_psnr": 30.732970140406064,
        "std_psnr": 4.01264749448279,
        "mean_ssim": 0.8287370246614052,
        "std_ssim": 0.06767140418795284,
        "nan_count": 0
      },
      "0.15": {
        "mean_mse": 0.0007666939829141483,
        "std_mse": 0.000589485910328929,
        "mean_psnr": 32.65074410428862,
        "std_psnr": 4.080786499939879,
        "mean_ssim": 0.8725328014671844,
        "std_ssim": 0.055286675018749655,
        "nan_count": 0
      },
      "0.2": {
        "mean_mse": 0.0005274377046589507,
        "std_mse": 0.0004187005400508359,
        "mean_psnr": 34.332301341821164,
        "std_psnr": 4.126176495360563,
        "mean_ssim": 0.902732821615965,
        "std_ssim": 0.045920231960764404,
        "nan_count": 0
      }
    },
    "time": 17.61318211723119
  },
  "block_fft_8": {
    "metrics": {
      "0.05": {
        "mean_mse": 0.002296706041379366,
        "std_mse": 0.0016758435705338515,
        "mean_psnr": 27.791124318963785,
        "std_psnr": 4.052954767057343,
        "mean_ssim": 0.7524605397198676,
        "std_ssim": 0.08782058493679971,
        "nan_count": 0
      },
      "0.1": {
        "mean_mse": 0.001175338645480224,
        "std_mse": 0.0009300301050984207,
        "mean_psnr": 30.861023936102978,
        "std_psnr": 4.266379535207005,
        "mean_ssim": 0.8463738163322665,
        "std_ssim": 0.06307352173908765,
        "nan_count": 0
      },
      "0.15": {
        "mean_mse": 0.0007191415840497938,
        "std_mse": 0.0006097307692616854,
        "mean_psnr": 33.12846034094207,
        "std_psnr": 4.392657119538597,
        "mean_ssim": 0.8926666745939782,
        "std_ssim": 0.04877719027807938,
        "nan_count": 0
      },
      "0.2": {
        "mean_mse": 0.00047104820878303145,
        "std_mse": 0.0004255450109587897,
        "mean_psnr": 35.090669126608375,
        "std_psnr": 4.497306529253943,
        "mean_ssim": 0.9215673065667371,
        "std_ssim": 0.038756658592556024,
        "nan_count": 0
      }
    },
    "time": 21.96556141693145
  },
  "block_dct_8": {
    "metrics": {
      "0.05": {
        "mean_mse": 0.0015571508066932439,
        "std_mse": 0.0012543917611069204,
        "mean_psnr": 29.811678632400522,
        "std_psnr": 4.587904676603182,
        "mean_ssim": 0.8165099101601143,
        "std_ssim": 0.07874933793484493,
        "nan_count": 0
      },
      "0.1": {
        "mean_mse": 0.0006803331782430178,
        "std_mse": 0.0006137391201413183,
        "mean_psnr": 33.642079606756376,
        "std_psnr": 4.777652208519725,
        "mean_ssim": 0.902324072441456,
        "std_ssim": 0.05091390642705483,
        "nan_count": 0
      },
      "0.15": {
        "mean_mse": 0.00037196357847278704,
        "std_mse": 0.0003683564659300432,
        "mean_psnr": 36.432789011558995,
        "std_psnr": 4.871371165070954,
        "mean_ssim": 0.9389781528216737,
        "std_ssim": 0.035737906960503794,
        "nan_count": 0
      },
      "0.2": {
        "mean_mse": 0.00022249017430112873,
        "std_mse": 0.00023882701539637484,
        "mean_psnr": 38.794909877679494,
        "std_psnr": 4.896484631283228,
        "mean_ssim": 0.9594198580390363,
        "std_ssim": 0.025626646900499494,
        "nan_count": 0
      }
    },
    "time": 17.75667257513851
  },
  "pca": {
    "skipped": "pca_intractable_at_1m_dim"
  },
  "block_pca_8": {
    "metrics": {
      "0.05": {
        "mean_mse": 0.001634616341607991,
        "std_mse": 0.0013176527901151878,
        "mean_psnr": 29.573257263875092,
        "std_psnr": 4.497597986999381,
        "mean_ssim": 0.8099433890564931,
        "std_ssim": 0.07570239145751981,
        "nan_count": 0
      },
      "0.1": {
        "mean_mse": 0.0007329696041211211,
        "std_mse": 0.0006429603331628467,
        "mean_psnr": 33.25349610886252,
        "std_psnr": 4.682576969296258,
        "mean_ssim": 0.8948253133328948,
        "std_ssim": 0.049414582986208086,
        "nan_count": 0
      },
      "0.15": {
        "mean_mse": 0.0004051372377718522,
        "std_mse": 0.0003826224502812273,
        "mean_psnr": 35.96179964113353,
        "std_psnr": 4.766057777519256,
        "mean_ssim": 0.9330694922473666,
        "std_ssim": 0.03493268684458882,
        "nan_count": 0
      },
      "0.2": {
        "mean_mse": 0.00024399798688413182,
        "std_mse": 0.0002463456515565125,
        "mean_psnr": 38.26868872065891,
        "std_psnr": 4.79784367730511,
        "mean_ssim": 0.9549092863129954,
        "std_ssim": 0.025239565643381468,
        "nan_count": 0
      }
    },
    "time": 51.66017022356391,
    "_pdft_py": {
      "pca_fingerprint": {
        "n_samples_fit": 8192000,
        "d": 64,
        "k_effective": 64,
        "block": 8,