basis,time_s,warmup_s
block_dct_8,17.75667257513851,NaN
block_dct_8_rank,16.447635846212506,NaN
block_fft_8,21.96556141693145,NaN
block_pca_8,31.323567612096667,NaN
block_pca_8_rank,29.896363014355302,NaN
dct,17.61318211723119,NaN
dct_rank,40.5959459496662,NaN
entangled_qft,2446.1871565710753,1.909209368750453
fft,22.88883232139051,NaN
pca,NaN,NaN
pca_rank,NaN,NaN
