{
  "entangled_qft_progressive_k8": {
    "metrics": {
      "0.05": {
        "mean_mse": 0.001899393296326392,
        "std_mse": 0.0011552786450034803,
        "mean_psnr": 28.494606379863658,
        "std_psnr": 4.1136078651096994,
        "mean_ssim": 0.9177353288762987,
        "std_ssim": 0.041248367950082784,
        "nan_count": 0
      },
      "0.1": {
        "mean_mse": 0.0007678460700833122,
        "std_mse": 0.0005608459114444705,
        "mean_psnr": 33.218571359801565,
        "std_psnr": 5.704927719289144,
        "mean_ssim": 0.9458550733375627,
        "std_ssim": 0.03276432969423431,
        "nan_count": 0
      },
      "0.15": {
        "mean_mse": 0.0003440014526919072,
        "std_mse": 0.0002952710638813505,
        "mean_psnr": 38.13311491889449,
        "std_psnr": 8.871436962519558,
        "mean_ssim": 0.9655791878455805,
        "std_ssim": 0.025740876777513945,
        "nan_count": 0
      },
      "0.2": {
        "mean_mse": 0.000156538510228474,
        "std_mse": 0.0001577531222905915,
        "mean_psnr": 44.17611198437135,
        "std_psnr": 14.612542387944563,
        "mean_ssim": 0.9798946445460814,
        "std_ssim": 0.018543745445406608,
        "nan_count": 0
      }
    },
    "time": 556.1677452912554,
    "_pdft_py": {
      "family": "entangled_qft",
      "stage_k": 8,
      "n_trainable": 80,
      "block_size": 256,
      "steps": 1008,
      "epochs_completed": 112,
      "device": "cuda:0",
      "n_test": 50
    }
  }
}