{
  "rich_progressive_k5": {
    "metrics": {
      "0.05": {
        "mean_mse": 0.000645294979547136,
        "std_mse": 0.0005552525677192711,
        "mean_psnr": 34.8193246642327,
        "std_psnr": 7.290569679294367,
        "mean_ssim": 0.9448875545711976,
        "std_ssim": 0.03174819460323916,
        "nan_count": 0
      },
      "0.1": {
        "mean_mse": 0.00010457792919596339,
        "std_mse": 0.00011653440407322551,
        "mean_psnr": 44.91023556601329,
        "std_psnr": 9.621085708766469,
        "mean_ssim": 0.982426041425972,
        "std_ssim": 0.015641510625797495,
        "nan_count": 0
      },
      "0.15": {
        "mean_mse": 2.1695732481411268e-05,
        "std_mse": 2.819339348422732e-05,
        "mean_psnr": 53.82215862692935,
        "std_psnr": 11.055237852915702,
        "mean_ssim": 0.9945500084315679,
        "std_ssim": 0.006275070341440844,
        "nan_count": 0
      },
      "0.2": {
        "mean_mse": 4.59789523300228e-06,
        "std_mse": 6.792093474194381e-06,
        "mean_psnr": 62.069559902234424,
        "std_psnr": 11.598339271093572,
        "mean_ssim": 0.9985030711884498,
        "std_ssim": 0.002036179942932449,
        "nan_count": 0
      }
    },
    "time": 635.9951338311657,
    "_pdft_py": {
      "family": "rich",
      "stage_k": 5,
      "n_trainable": 30,
      "block_size": 32,
      "steps": 1008,
      "epochs_completed": 112,
      "device": "cuda:0",
      "n_test": 50
    }
  }
}