{
  "entangled_qft_progressive_k7": {
    "metrics": {
      "0.05": {
        "mean_mse": 0.003935671916023903,
        "std_mse": 0.002392652144889352,
        "mean_psnr": 25.093582933570943,
        "std_psnr": 3.3503955261319414,
        "mean_ssim": 0.7224053305074445,
        "std_ssim": 0.07815755641559896,
        "nan_count": 0
      },
      "0.1": {
        "mean_mse": 0.0023073268641227874,
        "std_mse": 0.0014883025843946986,
        "mean_psnr": 27.572106105624428,
        "std_psnr": 3.699499294216823,
        "mean_ssim": 0.8172371076190628,
        "std_ssim": 0.059344805459889294,
        "nan_count": 0
      },
      "0.15": {
        "mean_mse": 0.0015142983194289122,
        "std_mse": 0.0010242843405272018,
        "mean_psnr": 29.5324447676651,
        "std_psnr": 3.9763650258977883,
        "mean_ssim": 0.8688209979653502,
        "std_ssim": 0.04734432481183276,
        "nan_count": 0
      },
      "0.2": {
        "mean_mse": 0.0010378611679489362,
        "std_mse": 0.0007332050198152879,
        "mean_psnr": 31.293472781287992,
        "std_psnr": 4.208960862249035,
        "mean_ssim": 0.9026116265583646,
        "std_ssim": 0.03839231245174241,
        "nan_count": 0
      }
    },
    "time": 491.346929452382,
    "_pdft_py": {
      "family": "entangled_qft",
      "stage_k": 7,
      "n_trainable": 63,
      "block_size": 128,
      "steps": 1008,
      "epochs_completed": 112,
      "device": "cuda:0",
      "n_test": 50
    }
  }
}