{
  "tebd_b3": {
    "metrics": {
      "0.01": {
        "mean_mse": 0.060113478539175126,
        "std_mse": 0.012643041786779677,
        "mean_psnr": 12.315643826352982,
        "std_psnr": 0.9831383210490358,
        "mean_ssim": 0.43831002294322297,
        "std_ssim": 0.10769845598426347,
        "nan_count": 0
      },
      "0.02": {
        "mean_mse": 0.04177247390273783,
        "std_mse": 0.01061181761310031,
        "mean_psnr": 13.943175584598293,
        "std_psnr": 1.1778094036611853,
        "mean_ssim": 0.5893393357096993,
        "std_ssim": 0.09684091950423875,
        "nan_count": 0
      },
      "0.05": {
        "mean_mse": 0.019253334131503423,
        "std_mse": 0.006473575857917266,
        "mean_psnr": 17.425037414252802,
        "std_psnr": 1.5775150969791063,
        "mean_ssim": 0.8022643125375734,
        "std_ssim": 0.05428766185198817,
        "nan_count": 0
      },
      "0.1": {
        "mean_mse": 0.007649594239593608,
        "std_mse": 0.0034392133144703313,
        "mean_psnr": 21.618833484242295,
        "std_psnr": 2.0427976446360345,
        "mean_ssim": 0.9122441140458021,
        "std_ssim": 0.029787879979273704,
        "nan_count": 0
      },
      "0.15": {
        "mean_mse": 0.0034807983255139264,
        "std_mse": 0.0019557940993222426,
        "mean_psnr": 25.297392449879258,
        "std_psnr": 2.5935241114602285,
        "mean_ssim": 0.9533775444650615,
        "std_ssim": 0.019151223813187918,
        "nan_count": 0
      },
      "0.2": {
        "mean_mse": 0.001672511431640726,
        "std_mse": 0.0011608841653785054,
        "mean_psnr": 28.90360321304736,
        "std_psnr": 3.3613982512532146,
        "mean_ssim": 0.9765738436559315,
        "std_ssim": 0.01225114384445314,
        "nan_count": 0
      }
    },
    "seed": 98,
    "init": "family_random_basis",
    "objective": "top10pct_mse",
    "steps": 1008,
    "epochs_completed": 112,
    "elapsed_seconds": 24.6
  }
}