{
  "tebd_progressive_k5": {
    "metrics": {
      "0.05": {
        "mean_mse": 0.0015834195331469558,
        "std_mse": 0.001060608846396359,
        "mean_psnr": 29.66640998506649,
        "std_psnr": 4.902087199604013,
        "mean_ssim": 0.9389997460041538,
        "std_ssim": 0.033616345540188726,
        "nan_count": 0
      },
      "0.1": {
        "mean_mse": 0.0005526208209422313,
        "std_mse": 0.00045842610346145994,
        "mean_psnr": 35.61319796027174,
        "std_psnr": 7.662222488448552,
        "mean_ssim": 0.9646361573067631,
        "std_ssim": 0.024790516540161782,
        "nan_count": 0
      },
      "0.15": {
        "mean_mse": 0.00021236723446525722,
        "std_mse": 0.000211464595427381,
        "mean_psnr": 42.39880077169387,
        "std_psnr": 13.21094757837777,
        "mean_ssim": 0.980465977073722,
        "std_ssim": 0.017726768575401182,
        "nan_count": 0
      },
      "0.2": {
        "mean_mse": 8.186804845584377e-05,
        "std_mse": 9.86338061842553e-05,
        "mean_psnr": 51.42325347041002,
        "std_psnr": 23.726750189209,
        "mean_ssim": 0.9904146600362027,
        "std_ssim": 0.011103842650420801,
        "nan_count": 0
      }
    },
    "time": 349.649993323721,
    "_pdft_py": {
      "family": "tebd",
      "stage_k": 5,
      "n_trainable": 20,
      "block_size": 32,
      "steps": 1008,
      "epochs_completed": 112,
      "device": "cuda:0",
      "n_test": 50
    }
  }
}