{
  "entangled_qft_progressive_k2": {
    "metrics": {
      "0.05": {
        "mean_mse": 0.0176254519659657,
        "std_mse": 0.008520290489957325,
        "mean_psnr": 18.120271855106598,
        "std_psnr": 2.388561458881752,
        "mean_ssim": 0.8284763194603572,
        "std_ssim": 0.06024594392018525,
        "nan_count": 0
      },
      "0.1": {
        "mean_mse": 0.00709046945729087,
        "std_mse": 0.0043515185238680145,
        "mean_psnr": 22.393708689129777,
        "std_psnr": 2.9753451681097887,
        "mean_ssim": 0.9204994756197,
        "std_ssim": 0.03156194206421694,
        "nan_count": 0
      },
      "0.15": {
        "mean_mse": 0.0032191607810252557,
        "std_mse": 0.002329351100295645,
        "mean_psnr": 26.1873453467977,
        "std_psnr": 3.556799580533854,
        "mean_ssim": 0.9603753590786185,
        "std_ssim": 0.019806450651358113,
        "nan_count": 0
      },
      "0.2": {
        "mean_mse": 0.0015295260621131048,
        "std_mse": 0.0013067538501757708,
        "mean_psnr": 30.046717966400248,
        "std_psnr": 4.5281996376559945,
        "mean_ssim": 0.9800066108233983,
        "std_ssim": 0.012559867418360657,
        "nan_count": 0
      }
    },
    "time": 10.057106686756015,
    "_pdft_py": {
      "family": "entangled_qft",
      "stage_k": 2,
      "n_trainable": 8,
      "block_size": 4,
      "steps": 1008,
      "epochs_completed": 112,
      "device": "cuda:0",
      "n_test": 50
    }
  }
}