{
  "mera_progressive_k4": {
    "metrics": {
      "0.05": {
        "mean_mse": 0.0012144672376274476,
        "std_mse": 0.0009294358623466902,
        "mean_psnr": 31.493028411915205,
        "std_psnr": 6.234803367685241,
        "mean_ssim": 0.9577527471965578,
        "std_ssim": 0.025904817763714304,
        "nan_count": 0
      },
      "0.1": {
        "mean_mse": 0.0003397100864486635,
        "std_mse": 0.0003317781965559279,
        "mean_psnr": 39.88168803735226,
        "std_psnr": 11.96835236847172,
        "mean_ssim": 0.9802299819991654,
        "std_ssim": 0.01676040612418937,
        "nan_count": 0
      },
      "0.15": {
        "mean_mse": 0.00010316865992338886,
        "std_mse": 0.00012295071687805242,
        "mean_psnr": 51.97844582317485,
        "std_psnr": 27.921711455418123,
        "mean_ssim": 0.9914879302477598,
        "std_ssim": 0.00973265396217032,
        "nan_count": 0
      },
      "0.2": {
        "mean_mse": 2.984943769289054e-05,
        "std_mse": 4.342988365761361e-05,
        "mean_psnr": 69.3700848165979,
        "std_psnr": 40.44394457908607,
        "mean_ssim": 0.996992047034471,
        "std_ssim": 0.004281744562964078,
        "nan_count": 0
      }
    },
    "time": 277.262089824304,
    "_pdft_py": {
      "family": "mera",
      "stage_k": 4,
      "n_trainable": 20,
      "block_size": 16,
      "steps": 1008,
      "epochs_completed": 112,
      "device": "cuda:0",
      "n_test": 50
    }
  }
}