{
  "tebd": {
    "metrics": {
      "0.05": {
        "mean_mse": 0.023661717810789892,
        "std_mse": 0.009416128569720274,
        "mean_psnr": 16.63589724013454,
        "std_psnr": 1.8702287620012508,
        "mean_ssim": 0.6422999594333691,
        "std_ssim": 0.054604182636054446,
        "nan_count": 0
      },
      "0.1": {
        "mean_mse": 0.013059500694706811,
        "std_mse": 0.006264767842064581,
        "mean_psnr": 19.403785273809874,
        "std_psnr": 2.312304817572416,
        "mean_ssim": 0.7425054671337843,
        "std_ssim": 0.03955511639412488,
        "nan_count": 0
      },
      "0.15": {
        "mean_mse": 0.007906046048506487,
        "std_mse": 0.004313364089155119,
        "mean_psnr": 21.790475861035034,
        "std_psnr": 2.743099442614887,
        "mean_ssim": 0.7912899613416802,
        "std_ssim": 0.041937287283522015,
        "nan_count": 0
      },
      "0.2": {
        "mean_mse": 0.005047540880899572,
        "std_mse": 0.0031119904070316964,
        "mean_psnr": 24.008852875292206,
        "std_psnr": 3.230950243459356,
        "mean_ssim": 0.8217344332664253,
        "std_ssim": 0.041895322631351935,
        "nan_count": 0
      }
    },
    "time": 7.485078323632479,
    "_pdft_py": {
      "warmup_s": 0.5943169947713614,
      "device": "cuda:0",
      "epochs_completed": 60,
      "steps": 540,
      "n_test": 50,
      "eval_failed_count": {
        "0.05": 0,
        "0.1": 0,
        "0.15": 0,
        "0.2": 0
      }
    }
  }
}