{
  "tebd": {
    "metrics": {
      "0.05": {
        "mean_mse": 0.023281969940308532,
        "std_mse": 0.009362051541264885,
        "mean_psnr": 16.71857367931447,
        "std_psnr": 1.9090554179987578,
        "mean_ssim": 0.6945373809628612,
        "std_ssim": 0.0872015204623413,
        "nan_count": 0
      },
      "0.1": {
        "mean_mse": 0.012508283583189226,
        "std_mse": 0.005917378006726089,
        "mean_psnr": 19.57848332035783,
        "std_psnr": 2.2941978329071655,
        "mean_ssim": 0.798826797352513,
        "std_ssim": 0.05699149279035501,
        "nan_count": 0
      },
      "0.15": {
        "mean_mse": 0.007369433590380798,
        "std_mse": 0.003968322837727262,
        "mean_psnr": 22.056650172846762,
        "std_psnr": 2.6620581196495348,
        "mean_ssim": 0.8389915878827182,
        "std_ssim": 0.04610586463428076,
        "nan_count": 0
      },
      "0.2": {
        "mean_mse": 0.004578944949254805,
        "std_mse": 0.002773499855033367,
        "mean_psnr": 24.355547530503085,
        "std_psnr": 3.0892196454687406,
        "mean_ssim": 0.8746563551281359,
        "std_ssim": 0.04434123232872857,
        "nan_count": 0
      }
    },
    "time": 26.527302068658173,
    "_pdft_py": {
      "warmup_s": 0.3303360156714916,
      "device": "cpu:0",
      "epochs_completed": 112,
      "steps": 1008,
      "n_test": 50,
      "eval_failed_count": {
        "0.05": 0,
        "0.1": 0,
        "0.15": 0,
        "0.2": 0
      }
    }
  }
}