{
  "tebd": {
    "metrics": {
      "0.05": {
        "mean_mse": 0.023289018150051105,
        "std_mse": 0.009366518307858621,
        "mean_psnr": 16.717524616661823,
        "std_psnr": 1.9098628423849595,
        "mean_ssim": 0.6944205751353121,
        "std_ssim": 0.08599324513851817,
        "nan_count": 0
      },
      "0.1": {
        "mean_mse": 0.012516051456313782,
        "std_mse": 0.005931455328561011,
        "mean_psnr": 19.577669419615624,
        "std_psnr": 2.298338379018423,
        "mean_ssim": 0.7985796014998489,
        "std_ssim": 0.05711626344241621,
        "nan_count": 0
      },
      "0.15": {
        "mean_mse": 0.007366281041834888,
        "std_mse": 0.003966754939876281,
        "mean_psnr": 22.05788788016501,
        "std_psnr": 2.659895223428773,
        "mean_ssim": 0.839161251656809,
        "std_ssim": 0.04807599076230779,
        "nan_count": 0
      },
      "0.2": {
        "mean_mse": 0.004578330103169658,
        "std_mse": 0.002774042917003672,
        "mean_psnr": 24.35630319283099,
        "std_psnr": 3.0891279567896506,
        "mean_ssim": 0.873753974139029,
        "std_ssim": 0.04454168559058766,
        "nan_count": 0
      }
    },
    "time": 25.084097292274237,
    "_pdft_py": {
      "warmup_s": 0.591246691532433,
      "device": "cuda:1",
      "epochs_completed": 223,
      "steps": 2007,
      "n_test": 50,
      "eval_failed_count": {
        "0.05": 0,
        "0.1": 0,
        "0.15": 0,
        "0.2": 0
      }
    }
  }
}