{
  "tebd": {
    "metrics": {
      "0.05": {
        "mean_mse": 0.023281969940308542,
        "std_mse": 0.009362051541264885,
        "mean_psnr": 16.71857367931447,
        "std_psnr": 1.9090554179987578,
        "mean_ssim": 0.6945373809628612,
        "std_ssim": 0.0872015204623413,
        "nan_count": 0
      },
      "0.1": {
        "mean_mse": 0.012508283583189221,
        "std_mse": 0.005917378006726088,
        "mean_psnr": 19.57848332035783,
        "std_psnr": 2.294197832907165,
        "mean_ssim": 0.798826797352513,
        "std_ssim": 0.05699149279035501,
        "nan_count": 0
      },
      "0.15": {
        "mean_mse": 0.007369433590380796,
        "std_mse": 0.0039683228377272615,
        "mean_psnr": 22.056650172846762,
        "std_psnr": 2.6620581196495348,
        "mean_ssim": 0.8389915878827182,
        "std_ssim": 0.04610586463428076,
        "nan_count": 0
      },
      "0.2": {
        "mean_mse": 0.004578944949254803,
        "std_mse": 0.0027734998550333657,
        "mean_psnr": 24.355547530503085,
        "std_psnr": 3.0892196454687415,
        "mean_ssim": 0.8746563551281359,
        "std_ssim": 0.04434123232872857,
        "nan_count": 0
      }
    },
    "time": 17.37692087702453,
    "_pdft_py": {
      "warmup_s": 2.658836953341961,
      "device": "cuda:1",
      "epochs_completed": 112,
      "steps": 1008,
      "n_test": 50,
      "eval_failed_count": {
        "0.05": 0,
        "0.1": 0,
        "0.15": 0,
        "0.2": 0
      }
    }
  }
}