{
  "entangled_qft": {
    "metrics": {
      "0.05": {
        "mean_mse": 0.005932138273768813,
        "std_mse": 0.0034298506875535145,
        "mean_psnr": 23.0838287063724,
        "std_psnr": 2.804441884740041,
        "mean_ssim": 0.602684829367351,
        "std_ssim": 0.07691351826476289,
        "nan_count": 0
      },
      "0.1": {
        "mean_mse": 0.00404221565184017,
        "std_mse": 0.0024351732867173895,
        "mean_psnr": 24.805203681731914,
        "std_psnr": 2.90024834419062,
        "mean_ssim": 0.7013373420976083,
        "std_ssim": 0.06633483734207787,
        "nan_count": 0
      },
      "0.15": {
        "mean_mse": 0.0030233438644732603,
        "std_mse": 0.0018615350629444891,
        "mean_psnr": 26.096058665743243,
        "std_psnr": 2.953346621861948,
        "mean_ssim": 0.7583445942573802,
        "std_ssim": 0.05988987747008196,
        "nan_count": 0
      },
      "0.2": {
        "mean_mse": 0.0023455901150593412,
        "std_mse": 0.0014650023694293872,
        "mean_psnr": 27.217505528809923,
        "std_psnr": 2.989120968794875,
        "mean_ssim": 0.7980216684036816,
        "std_ssim": 0.05510607689664718,
        "nan_count": 0
      }
    },
    "time": 572.8183529321104,
    "_pdft_py": {
      "basis": "entangled_qft",
      "lam": 10.0,
      "regulariser": "L1InitAnchorMSELoss",
      "steps": 1008,
      "epochs_completed": 112,
      "device": "cuda:0",
      "n_test": 50
    }
  }
}