{
  "rich": {
    "metrics": {
      "0.05": {
        "mean_mse": 0.015559871556604217,
        "std_mse": 0.008137002262473126,
        "mean_psnr": 18.788907940247174,
        "std_psnr": 2.6831055191877025,
        "mean_ssim": 0.8292180910348782,
        "std_ssim": 0.05062715395540756,
        "nan_count": 0
      },
      "0.1": {
        "mean_mse": 0.005463197284759521,
        "std_mse": 0.0037810800707197916,
        "mean_psnr": 23.78287512680979,
        "std_psnr": 3.4278386552755773,
        "mean_ssim": 0.9177430629637642,
        "std_ssim": 0.024324403801059057,
        "nan_count": 0
      },
      "0.15": {
        "mean_mse": 0.002210831118949933,
        "std_mse": 0.0019087968446423827,
        "mean_psnr": 28.267793498498236,
        "std_psnr": 4.159740638026453,
        "mean_ssim": 0.9513310532813573,
        "std_ssim": 0.015730189562078785,
        "nan_count": 0
      },
      "0.2": {
        "mean_mse": 0.000934629053430715,
        "std_mse": 0.0009666238016839876,
        "mean_psnr": 32.685084160150474,
        "std_psnr": 4.928532894671637,
        "mean_ssim": 0.9696897750530811,
        "std_ssim": 0.012371088774000382,
        "nan_count": 0
      }
    },
    "time": 19.829519589431584,
    "_pdft_py": {
      "warmup_s": 0.6577275153249502,
      "device": "cpu:0",
      "epochs_completed": 112,
      "steps": 1008,
      "n_test": 50,
      "eval_failed_count": {
        "0.05": 0,
        "0.1": 0,
        "0.15": 0,
        "0.2": 0
      }
    }
  }
}