{
  "rich": {
    "metrics": {
      "0.05": {
        "mean_mse": 0.01545345606179801,
        "std_mse": 0.008336566213250404,
        "mean_psnr": 18.822967663441382,
        "std_psnr": 2.6477896580583034,
        "mean_ssim": 0.8308386967823848,
        "std_ssim": 0.05175059830101457,
        "nan_count": 0
      },
      "0.1": {
        "mean_mse": 0.005523856453061624,
        "std_mse": 0.0038624602585380003,
        "mean_psnr": 23.705599546662306,
        "std_psnr": 3.3218804902577257,
        "mean_ssim": 0.9167656989725852,
        "std_ssim": 0.024866311031562876,
        "nan_count": 0
      },
      "0.15": {
        "mean_mse": 0.0022464563918832277,
        "std_mse": 0.001923360494677591,
        "mean_psnr": 28.149203070543845,
        "std_psnr": 4.063935745451221,
        "mean_ssim": 0.952120854791816,
        "std_ssim": 0.014814705501140259,
        "nan_count": 0
      },
      "0.2": {
        "mean_mse": 0.000954455516246963,
        "std_mse": 0.001001897682884377,
        "mean_psnr": 32.60485271303043,
        "std_psnr": 4.910073429716749,
        "mean_ssim": 0.9705467421843632,
        "std_ssim": 0.011815733919118613,
        "nan_count": 0
      }
    },
    "time": 7.385671880096197,
    "_pdft_py": {
      "warmup_s": 2.101420163176954,
      "device": "cuda:0",
      "epochs_completed": 60,
      "steps": 540,
      "n_test": 50,
      "eval_failed_count": {
        "0.05": 0,
        "0.1": 0,
        "0.15": 0,
        "0.2": 0
      }
    }
  }
}