{
  "rich": {
    "metrics": {
      "0.05": {
        "mean_mse": 0.015469621275976522,
        "std_mse": 0.008312554540613375,
        "mean_psnr": 18.810487378032256,
        "std_psnr": 2.626652727813836,
        "mean_ssim": 0.8279906612667495,
        "std_ssim": 0.050803463325291086,
        "nan_count": 0
      },
      "0.1": {
        "mean_mse": 0.005510565201317478,
        "std_mse": 0.0038706196135481212,
        "mean_psnr": 23.726630177512693,
        "std_psnr": 3.3321924094856232,
        "mean_ssim": 0.9159831318145164,
        "std_ssim": 0.025453539942742066,
        "nan_count": 0
      },
      "0.15": {
        "mean_mse": 0.0022378924224436105,
        "std_mse": 0.001926251407200049,
        "mean_psnr": 28.178912601023807,
        "std_psnr": 4.06544578601161,
        "mean_ssim": 0.9506846077669105,
        "std_ssim": 0.013973060456448215,
        "nan_count": 0
      },
      "0.2": {
        "mean_mse": 0.0009559951029971651,
        "std_mse": 0.0010043056138162284,
        "mean_psnr": 32.56603476217252,
        "std_psnr": 4.824634468576701,
        "mean_ssim": 0.9686622546930637,
        "std_ssim": 0.011843218741011869,
        "nan_count": 0
      }
    },
    "time": 17.18640129547566,
    "_pdft_py": {
      "warmup_s": 0.6583092473447323,
      "device": "cuda:1",
      "epochs_completed": 223,
      "steps": 2007,
      "n_test": 50,
      "eval_failed_count": {
        "0.05": 0,
        "0.1": 0,
        "0.15": 0,
        "0.2": 0
      }
    }
  }
}