{
  "tebd_progressive_k2": {
    "metrics": {
      "0.05": {
        "mean_mse": 0.014624507902907884,
        "std_mse": 0.007823736811815845,
        "mean_psnr": 19.063184747439085,
        "std_psnr": 2.6166134636603373,
        "mean_ssim": 0.5265475556863239,
        "std_ssim": 0.08675080987421746,
        "nan_count": 0
      },
      "0.1": {
        "mean_mse": 0.002664325795037608,
        "std_mse": 0.001758814437370951,
        "mean_psnr": 26.932225520984762,
        "std_psnr": 3.5676320179750243,
        "mean_ssim": 0.7929733194953497,
        "std_ssim": 0.06555650459237475,
        "nan_count": 0
      },
      "0.15": {
        "mean_mse": 0.0014393915240310542,
        "std_mse": 0.0010116966869531433,
        "mean_psnr": 29.764675089577146,
        "std_psnr": 3.8800653310142126,
        "mean_ssim": 0.870595952701844,
        "std_ssim": 0.04745131688036627,
        "nan_count": 0
      },
      "0.2": {
        "mean_mse": 0.0008785492541164803,
        "std_mse": 0.0006481785218189572,
        "mean_psnr": 32.045647726679206,
        "std_psnr": 4.1297621732005405,
        "mean_ssim": 0.912273991556573,
        "std_ssim": 0.03592349661396034,
        "nan_count": 0
      }
    },
    "time": 135.03889251779765,
    "_pdft_py": {
      "family": "tebd",
      "stage_k": 2,
      "n_trainable": 8,
      "block_size": 4,
      "steps": 1008,
      "epochs_completed": 112,
      "device": "cuda:0",
      "n_test": 50
    }
  }
}