{
  "qft_progressive_k1": {
    "metrics": {
      "0.05": {
        "mean_mse": 0.1340729700688613,
        "std_mse": 0.07098327671754094,
        "mean_psnr": 9.426448266884472,
        "std_psnr": 2.602537573898796,
        "mean_ssim": 0.17408752706750458,
        "std_ssim": 0.03364442764256247,
        "nan_count": 0
      },
      "0.1": {
        "mean_mse": 0.06941085132958921,
        "std_mse": 0.04230126157322377,
        "mean_psnr": 12.472865605565259,
        "std_psnr": 2.8986942550699335,
        "mean_ssim": 0.36049091418440715,
        "std_ssim": 0.04521774773655022,
        "nan_count": 0
      },
      "0.15": {
        "mean_mse": 0.030601460709676936,
        "std_mse": 0.019833299054998456,
        "mean_psnr": 16.175635819490694,
        "std_psnr": 3.1389739753119175,
        "mean_ssim": 0.5366449786813184,
        "std_ssim": 0.055438949231033874,
        "nan_count": 0
      },
      "0.2": {
        "mean_mse": 0.009774253995839538,
        "std_mse": 0.006221406044995301,
        "mean_psnr": 21.138937184426492,
        "std_psnr": 3.2174652409865865,
        "mean_ssim": 0.7106695524394858,
        "std_ssim": 0.05538767677931634,
        "nan_count": 0
      }
    },
    "time": 34.49976776354015,
    "_pdft_py": {
      "stage_k": 1,
      "n_trainable": 2,
      "block_size": 2,
      "steps": 504,
      "epochs_completed": 56,
      "device": "cuda:0",
      "n_test": 50
    }
  }
}