{
  "qft_identity_reg": {
    "metrics": {
      "0.05": {
        "mean_mse": 0.0038259820459272498,
        "std_mse": 0.0023770666695683493,
        "mean_psnr": 25.234833288277937,
        "std_psnr": 3.352835221153559,
        "mean_ssim": 0.7263833197762453,
        "std_ssim": 0.0776303199734928,
        "nan_count": 0
      },
      "0.1": {
        "mean_mse": 0.0021996998738873235,
        "std_mse": 0.0014534965016479435,
        "mean_psnr": 27.811547451976956,
        "std_psnr": 3.7189696727474097,
        "mean_ssim": 0.8235075242436848,
        "std_ssim": 0.05879778684985146,
        "nan_count": 0
      },
      "0.15": {
        "mean_mse": 0.00142426759475239,
        "std_mse": 0.0009883067930006471,
        "mean_psnr": 29.841280910359863,
        "std_psnr": 4.005252002294561,
        "mean_ssim": 0.8751807182655026,
        "std_ssim": 0.046270272652113746,
        "nan_count": 0
      },
      "0.2": {
        "mean_mse": 0.0009651645137518812,
        "std_mse": 0.0006995147387062886,
        "mean_psnr": 31.659509788426888,
        "std_psnr": 4.244792279202689,
        "mean_ssim": 0.9084870415359972,
        "std_ssim": 0.036889284398277274,
        "nan_count": 0
      }
    },
    "time": 563.7506039161235,
    "_pdft_py": {
      "lam": 0.001,
      "outer_weight": 10.0,
      "inner_m": 3,
      "inner_n": 3,
      "steps": 1008,
      "epochs_completed": 112,
      "device": "cuda:0",
      "n_test": 50
    }
  }
}