{
  "qft_progressive_k2": {
    "metrics": {
      "0.05": {
        "mean_mse": 0.014624500002684835,
        "std_mse": 0.007823727032400321,
        "mean_psnr": 19.063185519551766,
        "std_psnr": 2.6166110655980974,
        "mean_ssim": 0.5265573674562193,
        "std_ssim": 0.08675837247331039,
        "nan_count": 0
      },
      "0.1": {
        "mean_mse": 0.002664314441378252,
        "std_mse": 0.001758802888067721,
        "mean_psnr": 26.93229051746253,
        "std_psnr": 3.5677758392354173,
        "mean_ssim": 0.7929814575379192,
        "std_ssim": 0.06556308804097377,
        "nan_count": 0
      },
      "0.15": {
        "mean_mse": 0.0014393985379728168,
        "std_mse": 0.0010117119194848995,
        "mean_psnr": 29.764783908313397,
        "std_psnr": 3.8803884964455913,
        "mean_ssim": 0.8706059028623427,
        "std_ssim": 0.04745800161001909,
        "nan_count": 0
      },
      "0.2": {
        "mean_mse": 0.0008785373934857635,
        "std_mse": 0.000648169428814784,
        "mean_psnr": 32.04588255497069,
        "std_psnr": 4.130247505628467,
        "mean_ssim": 0.9122814280905532,
        "std_ssim": 0.035931462872557836,
        "nan_count": 0
      }
    },
    "time": 64.51716082636267,
    "_pdft_py": {
      "stage_k": 2,
      "n_trainable": 6,
      "block_size": 4,
      "steps": 504,
      "epochs_completed": 56,
      "device": "cuda:0",
      "n_test": 50
    }
  }
}