{
  "rich_progressive_k1": {
    "metrics": {
      "0.05": {
        "mean_mse": 0.02168516708206961,
        "std_mse": 0.010991391325360726,
        "mean_psnr": 17.23875602129145,
        "std_psnr": 2.3943222347144566,
        "mean_ssim": 0.818391999514888,
        "std_ssim": 0.06931360244092649,
        "nan_count": 0
      },
      "0.1": {
        "mean_mse": 0.006339860792324071,
        "std_mse": 0.004804964026880166,
        "mean_psnr": 23.335014195665664,
        "std_psnr": 3.684944029404875,
        "mean_ssim": 0.9451921160279404,
        "std_ssim": 0.03230879708360783,
        "nan_count": 0
      },
      "0.15": {
        "mean_mse": 0.002055408973951711,
        "std_mse": 0.0021866702574452903,
        "mean_psnr": 30.048433873370836,
        "std_psnr": 6.474334629636529,
        "mean_ssim": 0.9801998958132403,
        "std_ssim": 0.016839597212389045,
        "nan_count": 0
      },
      "0.2": {
        "mean_mse": 0.0006366190022775374,
        "std_mse": 0.0009347415341825211,
        "mean_psnr": 49.61787334845697,
        "std_psnr": 54.478938074627365,
        "mean_ssim": 0.993286167195607,
        "std_ssim": 0.008308782845406473,
        "nan_count": 0
      }
    },
    "time": 7.415161601267755,
    "_pdft_py": {
      "family": "rich",
      "stage_k": 1,
      "n_trainable": 2,
      "block_size": 2,
      "steps": 1008,
      "epochs_completed": 112,
      "device": "cuda:0",
      "n_test": 50
    }
  }
}