{
  "config": {
    "dataset": "quickdraw",
    "n_train": 500,
    "n_test": 50,
    "img_size": 32,
    "seed": 7,
    "keep_ratios": [
      0.05,
      0.1,
      0.15,
      0.2
    ]
  },
  "metrics": {
    "block_dct_8": {
      "metrics": {
        "0.05": {
          "mean_mse": 0.022060064915567636,
          "std_mse": 0.00870603843633318,
          "mean_psnr": 16.934478220675864,
          "std_psnr": 1.8585784457218537,
          "mean_ssim": 0.7097484461838193,
          "std_ssim": 0.05881601836413205,
          "nan_count": 0
        },
        "0.1": {
          "mean_mse": 0.010645039854571223,
          "std_mse": 0.005358043217126987,
          "mean_psnr": 20.35650985898954,
          "std_psnr": 2.4669501341759075,
          "mean_ssim": 0.8168603354065849,
          "std_ssim": 0.038283152228197385,
          "nan_count": 0
        },
        "0.15": {
          "mean_mse": 0.005840101819485426,
          "std_mse": 0.003439621582646779,
          "mean_psnr": 23.253419393746885,
          "std_psnr": 3.0629122993143874,
          "mean_ssim": 0.8679667537743033,
          "std_ssim": 0.03315192469799387,
          "nan_count": 0
        },
        "0.2": {
          "mean_mse": 0.003355284634162672,
          "std_mse": 0.002258980852422115,
          "mean_psnr": 26.0019363165172,
          "std_psnr": 3.6884245818506907,
          "mean_ssim": 0.9019118122040355,
          "std_ssim": 0.02988922381355188,
          "nan_count": 0
        }
      },
      "time_s": 0.058097305707633495
    },
    "block_dct_8_rank": {
      "metrics": {
        "0.05": {
          "mean_mse": 0.04677590515464544,
          "std_mse": 0.01131019159885974,
          "mean_psnr": 13.435940584523351,
          "std_psnr": 1.110720323286206,
          "mean_ssim": 0.42570183665888595,
          "std_ssim": 0.0924518106195504,
          "nan_count": 0
        },
        "0.1": {
          "mean_mse": 0.03458119187504053,
          "std_mse": 0.008849464020212217,
          "mean_psnr": 14.76330610103372,
          "std_psnr": 1.1744450020260984,
          "mean_ssim": 0.5860113122704275,
          "std_ssim": 0.057146129236336336,
          "nan_count": 0
        },
        "0.15": {
          "mean_mse": 0.027377856820821764,
          "std_mse": 0.006739312343380187,
          "mean_psnr": 15.76562797186107,
          "std_psnr": 1.1265651968254164,
          "mean_ssim": 0.6624010685919473,
          "std_ssim": 0.03544054944974496,
          "nan_count": 0
        },
        "0.2": {
          "mean_mse": 0.02125205809250474,
          "std_mse": 0.006226074502002047,
          "mean_psnr": 16.918460921549,
          "std_psnr": 1.3166885294910728,
          "mean_ssim": 0.7233606954474852,
          "std_ssim": 0.03405301727500496,
          "nan_count": 0
        }
      },
      "time_s": 0.05463104788213968
    },
    "block_fft_8": {
      "metrics": {
        "0.05": {
          "mean_mse": 0.0290821011736989,
          "std_mse": 0.010287900246314074,
          "mean_psnr": 15.657958083417881,
          "std_psnr": 1.6462341212827676,
          "mean_ssim": 0.6310010106215421,
          "std_ssim": 0.06974243695260213,
          "nan_count": 0
        },
        "0.1": {
          "mean_mse": 0.016335931397043167,
          "std_mse": 0.007094125995579709,
          "mean_psnr": 18.337568764047457,
          "std_psnr": 2.1255320813382244,
          "mean_ssim": 0.7473073115132877,
          "std_ssim": 0.054918128830509776,
          "nan_count": 0
        },
        "0.15": {
          "mean_mse": 0.010246978420764209,
          "std_mse": 0.005263308969536411,
          "mean_psnr": 20.573433754429495,
          "std_psnr": 2.596941519326543,
          "mean_ssim": 0.8050382152555707,
          "std_ssim": 0.04369332113649002,
          "nan_count": 0
        },
        "0.2": {
          "mean_mse": 0.00673919701948762,
          "std_mse": 0.003928827057839917,
          "mean_psnr": 22.621753864139436,
          "std_psnr": 3.047258027261201,
          "mean_ssim": 0.8458104456290577,
          "std_ssim": 0.03992105713084874,
          "nan_count": 0
        }
      },
      "time_s": 0.06880677957087755
    },
    "block_pca_8": {
      "metrics": {
        "0.05": {
          "mean_mse": 0.022823105892031004,
          "std_mse": 0.008269301094629974,
          "mean_psnr": 16.72194185122827,
          "std_psnr": 1.6764055561709617,
          "mean_ssim": 0.6147885847738258,
          "std_ssim": 0.040264748414085144,
          "nan_count": 0
        },
        "0.1": {
          "mean_mse": 0.01089694041344178,
          "std_mse": 0.004968744084830435,
          "mean_psnr": 20.129048939253053,
          "std_psnr": 2.182093362745585,
          "mean_ssim": 0.7233048780659935,
          "std_ssim": 0.04986781882351804,
          "nan_count": 0
        },
        "0.15": {
          "mean_mse": 0.005956348757272496,
          "std_mse": 0.0031288168590798407,
          "mean_psnr": 22.94264870624751,
          "std_psnr": 2.591559338947555,
          "mean_ssim": 0.7718601550141999,
          "std_ssim": 0.05543323210369973,
          "nan_count": 0
        },
        "0.2": {
          "mean_mse": 0.00352186577316192,
          "std_mse": 0.002091428682545605,
          "mean_psnr": 25.44625250002129,
          "std_psnr": 3.0112000436004127,
          "mean_ssim": 0.8005537844049749,
          "std_ssim": 0.056818899241322496,
          "nan_count": 0
        }
      },
      "time_s": 0.05433785542845726
    },
    "block_pca_8_rank": {
      "metrics": {
        "0.05": {
          "mean_mse": 0.04583669976284395,
          "std_mse": 0.011335870216865024,
          "mean_psnr": 13.529337314872464,
          "std_psnr": 1.130299840219629,
          "mean_ssim": 0.37568858792057697,
          "std_ssim": 0.05888841236474889,
          "nan_count": 0
        },
        "0.1": {
          "mean_mse": 0.03331836507684578,
          "std_mse": 0.008608667923660319,
          "mean_psnr": 14.925982181463729,
          "std_psnr": 1.1757293257505026,
          "mean_ssim": 0.5640884504840337,
          "std_ssim": 0.043613197031387205,
          "nan_count": 0
        },
        "0.15": {
          "mean_mse": 0.025831167412115653,
          "std_mse": 0.0074454613186740815,
          "mean_psnr": 16.06345434017196,
          "std_psnr": 1.2864943309739585,
          "mean_ssim": 0.6539184979393022,
          "std_ssim": 0.03913451797676002,
          "nan_count": 0
        },
        "0.2": {
          "mean_mse": 0.020411750766517092,
          "std_mse": 0.006265321009953356,
          "mean_psnr": 17.1124907198698,
          "std_psnr": 1.3789145875615512,
          "mean_ssim": 0.7181551684062312,
          "std_ssim": 0.03430167733639602,
          "nan_count": 0
        }
      },
      "time_s": 0.04561031702905893
    },
    "dct": {
      "metrics": {
        "0.05": {
          "mean_mse": 0.026157648898661137,
          "std_mse": 0.007109289478462846,
          "mean_psnr": 15.985741146661974,
          "std_psnr": 1.1937810509198465,
          "mean_ssim": 0.544144589380005,
          "std_ssim": 0.05747774410058435,
          "nan_count": 0
        },
        "0.1": {
          "mean_mse": 0.01536663543432951,
          "std_mse": 0.004387236712470957,
          "mean_psnr": 18.311164939294457,
          "std_psnr": 1.2476570360313726,
          "mean_ssim": 0.6421271409935021,
          "std_ssim": 0.07628455377674931,
          "nan_count": 0
        },
        "0.15": {
          "mean_mse": 0.009923047237098217,
          "std_mse": 0.0029262468251507186,
          "mean_psnr": 20.22183951273205,
          "std_psnr": 1.2881826448833742,
          "mean_ssim": 0.6902201147581322,
          "std_ssim": 0.08323419756236172,
          "nan_count": 0
        },
        "0.2": {
          "mean_mse": 0.006657083015888929,
          "std_mse": 0.0019773804534887686,
          "mean_psnr": 21.959414671447927,