{
  "tebd_b3": {
    "metrics": {
      "0.01": {
        "mean_mse": 0.037338256997536366,
        "std_mse": 0.01933586990829391,
        "mean_psnr": 14.920183515528523,
        "std_psnr": 2.437613391030255,
        "mean_ssim": 0.2839572079033435,
        "std_ssim": 0.09300474835908505,
        "nan_count": 0
      },
      "0.02": {
        "mean_mse": 0.007955714243258631,
        "std_mse": 0.004635118942411334,
        "mean_psnr": 21.85538693055732,
        "std_psnr": 2.894073600426628,
        "mean_ssim": 0.514820286237636,
        "std_ssim": 0.10744260900427069,
        "nan_count": 0
      },
      "0.05": {
        "mean_mse": 0.003877916214592526,
        "std_mse": 0.0024298203056991583,
        "mean_psnr": 25.184675526621266,
        "std_psnr": 3.3483460978736024,
        "mean_ssim": 0.7138100872866795,
        "std_ssim": 0.07918499651749003,
        "nan_count": 0
      },
      "0.1": {
        "mean_mse": 0.0020782569737728927,
        "std_mse": 0.00139244412325684,
        "mean_psnr": 28.08582703372485,
        "std_psnr": 3.745337424163992,
        "mean_ssim": 0.8256351675281947,
        "std_ssim": 0.05838769514128197,
        "nan_count": 0
      },
      "0.15": {
        "mean_mse": 0.0012943846864181846,
        "std_mse": 0.0009115754917731552,
        "mean_psnr": 30.296447591414267,
        "std_psnr": 4.0536733072006905,
        "mean_ssim": 0.8810334320141601,
        "std_ssim": 0.04485806944180932,
        "nan_count": 0
      },
      "0.2": {
        "mean_mse": 0.0008518885831577393,
        "std_mse": 0.0006275370483530255,
        "mean_psnr": 32.26039326935292,
        "std_psnr": 4.327824358861875,
        "mean_ssim": 0.9151740899782611,
        "std_ssim": 0.03494471565445613,
        "nan_count": 0
      }
    },
    "seed": 98,
    "init": "family_random_basis",
    "objective": "top10pct_mse",
    "steps": 1008,
    "epochs_completed": 112,
    "elapsed_seconds": 131.1
  }
}