{
  "rich_progressive_k4": {
    "metrics": {
      "0.05": {
        "mean_mse": 0.0031917707379832934,
        "std_mse": 0.002050531681403522,
        "mean_psnr": 26.13424384333875,
        "std_psnr": 3.5962959468009115,
        "mean_ssim": 0.7516515437506945,
        "std_ssim": 0.07681726259917296,
        "nan_count": 0
      },
      "0.1": {
        "mean_mse": 0.0016720565438632321,
        "std_mse": 0.0011562718058534605,
        "mean_psnr": 29.13623625356216,
        "std_psnr": 3.9948877566857193,
        "mean_ssim": 0.8529999094123419,
        "std_ssim": 0.05451355750905846,
        "nan_count": 0
      },
      "0.15": {
        "mean_mse": 0.001021521589572804,
        "std_mse": 0.0007482289892932503,
        "mean_psnr": 31.434369637695394,
        "std_psnr": 4.293202636554059,
        "mean_ssim": 0.9020770811642813,
        "std_ssim": 0.04085738636531922,
        "nan_count": 0
      },
      "0.2": {
        "mean_mse": 0.0006619691120060797,
        "std_mse": 0.0005101689302332867,
        "mean_psnr": 33.46503945924675,
        "std_psnr": 4.540937101224927,
        "mean_ssim": 0.9314287688249732,
        "std_ssim": 0.03131548611191895,
        "nan_count": 0
      }
    },
    "time": 440.3429675595835,
    "_pdft_py": {
      "family": "rich",
      "stage_k": 4,
      "n_trainable": 20,
      "block_size": 16,
      "steps": 1008,
      "epochs_completed": 112,
      "device": "cuda:0",
      "n_test": 50
    }
  }
}