{
  "rich": {
    "metrics": {
      "0.05": {
        "mean_mse": 0.015452330484798452,
        "std_mse": 0.008335657087505768,
        "mean_psnr": 18.82357483696921,
        "std_psnr": 2.648809681761101,
        "mean_ssim": 0.8312458840501852,
        "std_ssim": 0.052766539978442474,
        "nan_count": 0
      },
      "0.1": {
        "mean_mse": 0.0055292953515948436,
        "std_mse": 0.0038547562915932808,
        "mean_psnr": 23.694889728175532,
        "std_psnr": 3.3130070995245102,
        "mean_ssim": 0.9156293260591578,
        "std_ssim": 0.02474113943047235,
        "nan_count": 0
      },
      "0.15": {
        "mean_mse": 0.002248856125987736,
        "std_mse": 0.0019194448153805636,
        "mean_psnr": 28.12904508924495,
        "std_psnr": 4.041382640134232,
        "mean_ssim": 0.9515325328009479,
        "std_ssim": 0.014762891268110114,
        "nan_count": 0
      },
      "0.2": {
        "mean_mse": 0.000959145903947073,
        "std_mse": 0.00100554602670033,
        "mean_psnr": 32.575213886401315,
        "std_psnr": 4.901943866538495,
        "mean_ssim": 0.9700480343887482,
        "std_ssim": 0.012072020864430185,
        "nan_count": 0
      }
    },
    "time": 14.954287969507277,
    "_pdft_py": {
      "warmup_s": 2.3743504593148828,
      "device": "cuda:1",
      "epochs_completed": 112,
      "steps": 1008,
      "n_test": 50,
      "eval_failed_count": {
        "0.05": 0,
        "0.1": 0,
        "0.15": 0,
        "0.2": 0
      }
    }
  }
}