{
  "real_rich_progressive_k3": {
    "metrics": {
      "0.05": {
        "mean_mse": 0.003328735656536413,
        "std_mse": 0.0021832651281652833,
        "mean_psnr": 25.970879926179176,
        "std_psnr": 3.5899450913337185,
        "mean_ssim": 0.73923155890153,
        "std_ssim": 0.08064783605437213,
        "nan_count": 0
      },
      "0.1": {
        "mean_mse": 0.001675643455423055,
        "std_mse": 0.0011841738803508863,
        "mean_psnr": 29.16731773015748,
        "std_psnr": 4.0355996217870835,
        "mean_ssim": 0.8508824806164605,
        "std_ssim": 0.05663551662822854,
        "nan_count": 0
      },
      "0.15": {
        "mean_mse": 0.0010038172413594526,
        "std_mse": 0.0007505160513656696,
        "mean_psnr": 31.559244961641916,
        "std_psnr": 4.352645066869992,
        "mean_ssim": 0.9022692627336956,
        "std_ssim": 0.041721874463082384,
        "nan_count": 0
      },
      "0.2": {
        "mean_mse": 0.0006412905773389044,
        "std_mse": 0.0005035488045786413,
        "mean_psnr": 33.65688168462204,
        "std_psnr": 4.609198446448119,
        "mean_ssim": 0.932430341785655,
        "std_ssim": 0.03140851926955913,
        "nan_count": 0
      }
    },
    "time": 287.5484392391518,
    "_pdft_py": {
      "family": "real_rich",
      "stage_k": 3,
      "n_trainable": 12,
      "block_size": 8,
      "steps": 1008,
      "epochs_completed": 112,
      "device": "cuda:0",
      "n_test": 50
    }
  }
}