{
  "mera_progressive_k8": {
    "metrics": {
      "0.05": {
        "mean_mse": 0.002458507740233078,
        "std_mse": 0.001336077778770439,
        "mean_psnr": 27.097897761308726,
        "std_psnr": 3.569385858562295,
        "mean_ssim": 0.8892171936009079,
        "std_ssim": 0.0494514233677578,
        "nan_count": 0
      },
      "0.1": {
        "mean_mse": 0.001162530176530403,
        "std_mse": 0.0007387568148800713,
        "mean_psnr": 30.815553934481837,
        "std_psnr": 4.529871007872512,
        "mean_ssim": 0.9187041397398977,
        "std_ssim": 0.04192532122109181,
        "nan_count": 0
      },
      "0.15": {
        "mean_mse": 0.0006099789441380005,
        "std_mse": 0.0004438872208335542,
        "mean_psnr": 34.29180180199047,
        "std_psnr": 6.034006343951647,
        "mean_ssim": 0.940465999837122,
        "std_ssim": 0.03612592453834889,
        "nan_count": 0
      },
      "0.2": {
        "mean_mse": 0.00033249444895541567,
        "std_mse": 0.00027732648446986266,
        "mean_psnr": 38.4327632688098,
        "std_psnr": 10.732045807018862,
        "mean_ssim": 0.9584500558033388,
        "std_ssim": 0.029961005536150866,
        "nan_count": 0
      }
    },
    "time": 545.9995289556682,
    "_pdft_py": {
      "family": "mera",
      "stage_k": 8,
      "n_trainable": 44,
      "block_size": 256,
      "steps": 1008,
      "epochs_completed": 112,
      "device": "cuda:0",
      "n_test": 50
    }
  }
}