{
  "real_rich_4": {
    "metrics": {
      "0.05": {
        "mean_mse": 0.01591059093376984,
        "std_mse": 0.00857526952963633,
        "mean_psnr": 18.686469263564486,
        "std_psnr": 2.6176878442387905,
        "mean_ssim": 0.8325079408914121,
        "std_ssim": 0.05566023414940148,
        "nan_count": 0
      },
      "0.1": {
        "mean_mse": 0.005633602058759322,
        "std_mse": 0.0040455612769597525,
        "mean_psnr": 23.662798654478852,
        "std_psnr": 3.380044129015928,
        "mean_ssim": 0.9254324629448683,
        "std_ssim": 0.028802252340080717,
        "nan_count": 0
      },
      "0.15": {
        "mean_mse": 0.0022407517745044524,
        "std_mse": 0.0019514361929486637,
        "mean_psnr": 28.227696119887945,
        "std_psnr": 4.181265245069521,
        "mean_ssim": 0.9623231955442975,
        "std_ssim": 0.016302100912463417,
        "nan_count": 0
      },
      "0.2": {
        "mean_mse": 0.0009325604493938379,
        "std_mse": 0.0009933571416239394,
        "mean_psnr": 32.95675941744765,
        "std_psnr": 5.334945203794712,
        "mean_ssim": 0.9798798467585894,
        "std_ssim": 0.01169471731178156,
        "nan_count": 0
      }
    },
    "time": 6.591708013787866,
    "_pdft_py": {
      "warmup_s": 0.43887185771018267,
      "device": "cuda:0",
      "epochs_completed": 112,
      "steps": 1008,
      "n_test": 50,
      "eval_failed_count": {
        "0.05": 0,
        "0.1": 0,
        "0.15": 0,
        "0.2": 0
      }
    }
  }
}