{
  "dataset": "div2k_8q",
  "topk_ratio": 0.2,
  "batch": 50,
  "seeds": [
    1,
    2,
    3,
    4,
    5,
    6,
    7,
    8,
    9,
    10,
    11,
    12,
    13,
    14,
    15,
    16,
    17,
    18,
    19,
    20,
    21,
    22,
    23,
    24,
    25,
    26,
    27,
    28,
    29,
    30,
    31,
    32,
    33,
    34,
    35,
    36,
    37,
    38,
    39,
    40,
    41,
    42,
    43,
    44,
    45,
    46,
    47,
    48,
    49,
    50,
    51,
    52,
    53,
    54,
    55,
    56,
    57,
    58,
    59,
    60,
    61,
    62,
    63,
    64,
    65,
    66,
    67,
    68,
    69,
    70,
    71,
    72,
    73,
    74,
    75,
    76,
    77,
    78,
    79,
    80,
    81,
    82,
    83,
    84,
    85,
    86,
    87,
    88,
    89,
    90,
    91,
    92,
    93,
    94,
    95,
    96,
    97,
    98,
    99,
    100
  ],
  "L0": {
    "1": 1017.6044847625541,
    "2": 905.5183098129651,
    "3": 430.91230043279677,
    "4": 959.7324008502873,
    "5": 1180.0052809118704,
    "6": 910.3786369512652,
    "7": 1491.226777780733,
    "8": 899.2974662859034,
    "9": 1067.2561901805564,
    "10": 1239.446343796265,
    "11": 984.1440290946641,
    "12": 1038.5080569525844,
    "13": 1038.8908091778524,
    "14": 867.7323723222909,
    "15": 634.8600774516127,
    "16": 813.7833562054672,
    "17": 622.7132503836564,
    "18": 486.000486618453,
    "19": 1141.0504593469357,
    "20": 1430.792338852894,
    "21": 1237.2730655892237,
    "22": 548.2995722281524,
    "23": 974.934186634676,
    "24": 941.6899916800324,
    "25": 1167.2846228042597,
    "26": 2228.2447970629623,
    "27": 1098.9262135313306,
    "28": 1034.0732709378356,
    "29": 471.52542556395144,
    "30": 1134.7160502254796,
    "31": 1026.3399220376048,
    "32": 884.919820532754,
    "33": 1028.3738891314867,
    "34": 1242.8895735525925,
    "35": 1412.1671379741451,
    "36": 871.974158696088,
    "37": 1064.0600183966792,
    "38": 754.4325139071321,
    "39": 1260.1935138308288,
    "40": 1100.0739651421154,
    "41": 2236.2877735713664,
    "42": 1243.6287783426073,
    "43": 655.6921174534731,
    "44": 1243.7262818980184,
    "45": 852.0354299317877,
    "46": 1292.760650293088,
    "47": 454.88003237654544,
    "48": 1015.4349504420179,
    "49": 1565.1439571260998,
    "50": 1180.799059176399,
    "51": 757.6568400901871,
    "52": 829.4734071978746,
    "53": 1333.2856806074672,
    "54": 387.3258414702598,
    "55": 1038.6212735276429,
    "56": 2069.9540355009517,
    "57": 688.1717394985128,
    "58": 985.0377774379356,
    "59": 1142.495319959794,
    "60": 1078.7154909607461,
    "61": 1145.253585706449,
    "62": 1671.0943715015087,
    "63": 1147.8164089058894,
    "64": 416.63269328742626,
    "65": 494.463521603134,
    "66": 1830.6808688574,
    "67": 887.870215512637,
    "68": 1615.2157312430018,
    "69": 2166.7249247491527,
    "70": 2111.6707877891813,
    "71": 524.434606508781,
    "72": 1459.6745194102923,
    "73": 977.1308083996488,
    "74": 873.2008235250582,
    "75": 745.7919233243435,
    "76": 591.7740344030733,
    "77": 1268.6424906382965,
    "78": 587.0161274829616,
    "79": 799.3015645196708,
    "80": 1096.4774893769104,
    "81": 1177.479311603843,
    "82": 1163.2064268370734,
    "83": 1189.9974228252986,
    "84": 511.39277250130664,
    "85": 568.1357215885655,
    "86": 831.4291144887997,
    "87": 1294.7970344976363,
    "88": 1126.9687636392873,
    "89": 1230.7488526238872,
    "90": 692.7295570128903,
    "91": 1155.0917242935905,
    "92": 1269.3567232109363,
    "93": 580.4563142347663,
    "94": 498.02950020114383,
    "95": 947.1871338477981,
    "96": 941.1892847912337,
    "97": 947.5784984625888,
    "98": 1695.183281117014,
    "99": 2283.082101502183,
    "100": 871.6066125531058
  },
  "grad_norm0": {
    "1": 1846.8367004407448,
    "2": 1699.1596267689965,
    "3": 1069.902850662642,
    "4": 1971.657199268521,
    "5": 2510.768383687754,
    "6": 1854.3011402538168,
    "7": 2384.639570875203,
    "8": 1739.8029772412606,
    "9": 1022.2671859539923,
    "10": 2378.0464716138285,
    "11": 2232.5173935868643,
    "12": 1967.264046043579,
    "13": 1762.588494034535,
    "14": 1291.736927362984,
    "15": 1213.322459259109,
    "16": 1488.9467654371342,
    "17": 823.0603202660864,
    "18": 1045.0296449998123,
    "19": 2342.696403485515,
    "20": 1942.1661273052355,
    "21": 1645.760244927949,
    "22": 1098.1359809156754,
    "23": 1198.8643507816878,
    "24": 1400.5615176757306,
    "25": 2261.1289558378153,
    "26": 3317.2319817515104,
    "27": 2360.303392850123,
    "28": 1307.57272492082,
    "29": 1055.3149374423888,
    "30": 1571.0963648478526,
    "31": 1382.011437378233,
    "32": 1558.2547178736993,
    "33": 1354.9726265593652,
    "34": 1957.0348648255394,
    "35": 2515.9606746987365,
    "36": 1439.230384453252,
    "37": 1743.8337796074638,
    "38": 1342.3615133317353,
    "39": 1787.8520898234779,
    "40": 1919.8942992051445,
    "41": 3108.064842862832,
    "42": 2265.997083946422,
    "43": 1314.7847560156602,
    "44": 2247.607604465216,
    "45": 1412.7055495048367,
    "46": 1699.9831030215548,
    "47": 971.4138384844064,
    "48": 1202.294019922392,
    "49": 1760.0477547472747,
    "50": 2256.4618671182247,
    "51": 1797.2176925929573,
    "52": 2157.764739764992,
    "53": 2097.7969470633543,
    "54": 807.2839375306971,
    "55": 1462.6681682208978,
    "56": 2248.33735373407,
    "57": 1299.1675351007332,
    "58": 1390.299484636691,
    "59": 1750.102907866746,
    "60": 1499.6297836315364,
    "61": 2355.9205310664474,
    "62": 2592.0825921285164,
    "63": 1911.12102609928,
    "64": 859.6388206197412,
    "65": 909.5066680710592,
    "66": 3431.4133433578763,
    "67": 1335.5481404714883,
    "68": 2006.3019227721268,
    "69": 3593.8932147063106,
    "70": 3256.9735300375733,
    "71": 1007.1527730397166,
    "72": 2093.057732535382,
    "73": 1705.2375175633435,
    "74": 2006.352722745821,
    "75": 1253.07348514141,
    "76": 1116.3946911565101,
    "77": 2054.450713127031,
    "78": 1105.9166043581838,
    "79": 822.1995940601034,
    "80": 2155.9101365313063,
    "81": 1871.1833320877654,
    "82": 1760.994378114353,
    "83": 1568.7798482117898,
    "84": 1101.9631015578893,
    "85": 1074.1570380258743,
    "86": 1612.0675181025815,
    "87": 2223.3338934820463,
    "88": 1922.5274529007047,
    "89": 2302.946468174793,
    "90": 1570.6239587748692,
    "91": 1832.7816958486965,
    "92": 2301.1161793289457,
    "93": 1195.6912420186807,
    "94": 1112.352929743122,
    "95": 2077.488039871859,
    "96": 1911.8583099303598,
    "97": 2051.8714855053727,
    "98": 3354.858020963072,
    "99": 3332.6491432970065,
    "100": 1510.087519217864
  },
  "L0_stats": {
    "mean": 1060.7988522307148,
    "std": 417.07918804392756,
    "min": 387.3258414702598,
    "max": 2283.082101502183
  },
  "pca": {
    "explained_var_ratio": [
      0.028162797234722863,
      0.025712492279950237
    ],
    "coords": {
      "1": [
        -0.02303012885229319,
        -2.4049033196266807
      ],
      "2": [
        3.0011805500540385,
        -1.614279688240767
      ],
      "3": [
        -1.8774601715459251,
        -0.24515616156685294
      ],
      "4": [
        2.044880247147604,
        -2.1525901937365837
      ],
      "5": [
        -0.13315741606378279,
        -0.20997741534038017
      ],
      "6": [
        0.9245348726629494,
        -1.0573765520527387
      ],
      "7": [
        -1.5916021102585354,
        2.091465678729874
      ],
      "8": [
        2.676202436722877,
        0.8893581731301994
      ],
      "9": [
        -0.928816782742199,
        -1.8357285661950224
      ],
      "10": [
        -0.13351825777643478,
        -1.4256953415034697
      ],
      "11": [
        0.8576176515797389,
        -1.792870494006335
      ],
      "12": [
        -1.5441491221691725,
        -0.7711763585193194
      ],