{
    "real_rich": {
        "metrics": {
            "0.05": {
                "mean_mse": 0.016537569134458446,
                "std_mse": 0.005696304510376013,
                "mean_psnr": 18.100157479767,
                "std_psnr": 1.6237257549777726,
                "mean_ssim": 0.807322064806582,
                "std_ssim": 0.040428144373047405,
                "nan_count": 0
            },
            "0.1": {
                "mean_mse": 0.005643593243359638,
                "std_mse": 0.0026467483849293484,
                "mean_psnr": 23.0260343214238,
                "std_psnr": 2.276622375420414,
                "mean_ssim": 0.905179285792904,
                "std_ssim": 0.019571293351869662,
                "nan_count": 0
            },
            "0.15": {
                "mean_mse": 0.002196945417131628,
                "std_mse": 0.0012970134635243926,
                "mean_psnr": 27.461005616669933,
                "std_psnr": 2.9661417669631085,
                "mean_ssim": 0.9429942454223539,
                "std_ssim": 0.016753443488828765,
                "nan_count": 0
            },
            "0.2": {
                "mean_mse": 0.0009000081344750136,
                "std_mse": 0.0006273638109046813,
                "mean_psnr": 31.68903946572318,
                "std_psnr": 3.5559902228934592,
                "mean_ssim": 0.9631257309321556,
                "std_ssim": 0.011957588424369912,
                "nan_count": 0
            }
        },
        "time": 12.755891893059015,
        "_pdft_py": {
            "warmup_s": 4.254304741509259,
            "device": "cuda:0",
            "epochs_completed": 112,
            "steps": 1008,
            "n_test": 50,
            "eval_failed_count": {
                "0.05": 0,
                "0.1": 0,
                "0.15": 0,
                "0.2": 0
            }
        }
    },
    "rich": {
        "metrics": {
            "0.05": {
                "mean_mse": 0.01658812614999744,
                "std_mse": 0.005849817469661845,
                "mean_psnr": 18.100679716982366,
                "std_psnr": 1.666248731822161,
                "mean_ssim": 0.8108336925378957,
                "std_ssim": 0.04419228349914699,
                "nan_count": 0
            },
            "0.1": {
                "mean_mse": 0.005718033492461406,
                "std_mse": 0.0027945161780800615,
                "mean_psnr": 23.000499466538393,
                "std_psnr": 2.339016390373368,
                "mean_ssim": 0.9105345377782855,
                "std_ssim": 0.021469606316265006,
                "nan_count": 0
            },
            "0.15": {
                "mean_mse": 0.0021998293626290877,
                "std_mse": 0.0012920251172168955,
                "mean_psnr": 27.437348830531455,
                "std_psnr": 2.9160299417786044,
                "mean_ssim": 0.9494852811428746,
                "std_ssim": 0.015511314438567089,
                "nan_count": 0
            },
            "0.2": {
                "mean_mse": 0.0009025418310821707,
                "std_mse": 0.000613936866801449,
                "mean_psnr": 31.642242221005322,
                "std_psnr": 3.5004181469188103,
                "mean_ssim": 0.9671541363613669,
                "std_ssim": 0.011634706848009086,
                "nan_count": 0
            }
        },
        "time": 8.866943746805191,
        "_pdft_py": {
            "warmup_s": 0.6791140642017126,
            "device": "cuda:0",
            "epochs_completed": 112,
            "steps": 1008,
            "n_test": 50,
            "eval_failed_count": {
                "0.05": 0,
                "0.1": 0,
                "0.15": 0,
                "0.2": 0
            }
        }
    },
    "fft": {
        "metrics": {
            "0.05": {
                "mean_mse": 0.03190968826413155,
                "std_mse": 0.0065469852593678,
                "mean_psnr": 15.058246451324552,
                "std_psnr": 0.9387136545515467,
                "mean_ssim": 0.4926679686888004,
                "std_ssim": 0.04232187952645556,
                "nan_count": 0
            },
            "0.1": {
                "mean_mse": 0.01985895907506347,
                "std_mse": 0.004320604269948642,
                "mean_psnr": 17.131767893132515,
                "std_psnr": 1.008902309916662,
                "mean_ssim": 0.6132825298420466,
                "std_ssim": 0.06421414389020846,
                "nan_count": 0
            },
            "0.15": {
                "mean_mse": 0.013480285499244928,
                "std_mse": 0.0029839469713567874,
                "mean_psnr": 18.821412959850786,
                "std_psnr": 1.0483669941947047,
                "mean_ssim": 0.6719477416340883,
                "std_ssim": 0.07371129937522776,
                "nan_count": 0
            },
            "0.2": {
                "mean_mse": 0.009450688175857067,
                "std_mse": 0.0021376776907383547,
                "mean_psnr": 20.371423987931323,
                "std_psnr": 1.0885472526425175,
                "mean_ssim": 0.7098356013758983,
                "std_ssim": 0.07812874361427094,
                "nan_count": 0
            }
        },
        "time": 0.06763499602675438
    },
    "dct": {
        "metrics": {
            "0.05": {
                "mean_mse": 0.02574531773105264,
                "std_mse": 0.00467773941951472,
                "mean_psnr": 15.970120719933616,
                "std_psnr": 0.8356893641472537,
                "mean_ssim": 0.5546226285653363,
                "std_ssim": 0.06269516457543056,
                "nan_count": 0
            },
            "0.1": {
                "mean_mse": 0.015082809124141932,
                "std_mse": 0.0029022541312327425,
                "mean_psnr": 18.301563241741544,
                "std_psnr": 0.8837922866065013,
                "mean_ssim": 0.652973517291706,
                "std_ssim": 0.0782638491103172,
                "nan_count": 0
            },
            "0.15": {
                "mean_mse": 0.009707062877714634,
                "std_mse": 0.0018751164368215158,
                "mean_psnr": 20.216439352985876,
                "std_psnr": 0.8895826043783689,
                "mean_ssim": 0.7008899334963681,
                "std_ssim": 0.0840547534145559,
                "nan_count": 0
            },
            "0.2": {
                "mean_mse": 0.00650049441959709,
                "std_mse": 0.001288856316165984,
                "mean_psnr": 21.961551876023847,
                "std_psnr": 0.9063438806438376,
                "mean_ssim": 0.7330275784008282,
                "std_ssim": 0.08405663913735703,
                "nan_count": 0
            }
        },
        "time": 0.05256557557731867
    },
    "block_fft_8": {
        "metrics": {
            "0.05": {
                "mean_mse": 0.028539531081914902,
                "std_mse": 0.008320503203944224,
                "mean_psnr": 15.650816053630972,
                "std_psnr": 1.385107135007754,
                "mean_ssim": 0.6348281066378505,
                "std_ssim": 0.0643198024052631,
                "nan_count": 0
            },
            "0.1": {
                "mean_mse": 0.015672531267628072,
                "std_mse": 0.005580305877978408,
                "mean_psnr": 18.353904277538263,
                "std_psnr": 1.6889810114570898,
                "mean_ssim": 0.7568773340949602,
                "std_ssim": 0.04604536157586752,
                "nan_count": 0
            },
            "0.15": {
                "mean_mse": 0.00964678210671991,
                "std_mse": 0.003998589469241543,
                "mean_psnr": 20.57893043867926,
                "std_psnr": 2.0031850859756104,
                "mean_ssim": 0.8129772074316449,
                "std_ssim": 0.043027717321954075,
                "nan_count": 0
            },