{
  "type": "BlockedBasis",
  "m": 5,
  "n": 5,
  "tensors": [
    [
      [
        0.7518769894768482,
        -0.020949062831877776
      ],
      [
        0.6585665244092395,
        0.02307081249629259
      ],
      [
        0.6585665244092388,
        -0.023070812496291834
      ],
      [
        -0.7518769894768477,
        -0.020949062831878543
      ]
    ],
    [
      [
        0.7861587477451173,
        0.08881420480428925
      ],
      [
        0.5974639314230848,
        0.13077962768441664
      ],
      [
        0.5974639314230851,
        -0.13077962768441925
      ],
      [
        -0.7861587477451168,
        0.08881420480429303
      ]
    ],
    [
      [
        0.9141523121682591,
        -0.0015585650451485785
      ],
      [
        0.40531997943838516,
        -0.006231797532608248
      ],
      [
        0.405319979438386,
        0.006231797532608062
      ],
      [
        -0.914152312168257,
        -0.0015585650451480733
      ]
    ],
    [
      [
        0.648677112095246,
        0.01922639612583521
      ],
      [
        0.7601087732845488,
        -0.03290900654298097
      ],
      [
        0.7601087732845492,
        0.03290900654298142
      ],
      [
        -0.648677112095245,
        0.019226396125834946
      ]
    ],
    [
      [
        0.6142027348166523,
        0.14861609939366824
      ],
      [
        0.7677357203581594,
        0.10606657923630562
      ],
      [
        0.7677357203581595,
        -0.10606657923630755
      ],
      [
        -0.6142027348166536,
        0.14861609939366946
      ]
    ],
    [
      [
        0.4079269732284093,
        -0.004683371802894218
      ],
      [
        0.9130019929807449,
        0.001005661200317231
      ],
      [
        0.9130019929807467,
        -0.0010056612003172412
      ],
      [
        -0.4079269732284082,
        -0.004683371802894199
      ]
    ],
    [
      [
        0.9457713787410299,
        -0.24447192506520632
      ],
      [
        -0.15760508868529957,
        -0.005574518251143764
      ],
      [
        -0.12526711993035244,
        -0.03164815651759063
      ],
      [
        -0.053783177017914845,
        -0.035964572835342754
      ],
      [
        0.18973331032115112,
        -0.012874468958970686
      ],
      [
        0.9199857051501296,
        0.23222419668220223
      ],
      [
        0.21054513661169708,
        0.07270736412869659
      ],
      [
        0.09548473063170156,
        0.0692877670670594
      ],
      [
        0.09090112565479418,
        -0.028604945317635796
      ],
      [
        -0.26345096448642347,
        -0.04122289350837967
      ],
      [
        0.8416145547439502,
        0.3003199479628696
      ],
      [
        0.34687321092302065,
        0.03138232723545206
      ],
      [
        0.01831010952815984,
        -0.012999167663543509
      ],
      [
        -0.0609911441909582,
        -0.0014588535707528323
      ],
      [
        -0.05034846625865931,
        -0.36420987019592904
      ],
      [
        0.30588796893694736,
        0.8757981882046577
      ]
    ],
    [
      [
        0.9736358751571528,
        -0.0015869537164402195
      ],
      [
        0.11865975268706713,
        -0.19209587432958183
      ],
      [
        -0.004226406594261294,
        -0.010120582450974977
      ],
      [
        -0.010948991819947263,
        -0.028452297252444737
      ],
      [
        -0.11896102821430576,
        -0.19201703003328396
      ],
      [
        0.9739669107409189,
        -0.00224423661886381
      ],
      [
        0.0029660913173956667,
        -0.0026556659007821613
      ],
      [
        0.014216875321090974,
        0.01196596524346978
      ],
      [
        -0.0007057309291087587,
        -0.014620711775280808
      ],
      [
        -0.004716761915103595,
        0.00019962856942610298
      ],
      [
        0.9702114974917565,
        -0.01883020342509349
      ],
      [
        0.09887494867088795,
        -0.21982326340862976
      ],
      [
        0.02662759756373687,
        -0.0092252862979633
      ],
      [
        -0.01786150135733546,
        -0.007819041905588842
      ],
      [
        0.08521846661858128,
        -0.22569170910786931
      ],
      [
        0.6724944542484796,
        0.6988404459430142
      ]
    ],
    [
      [
        0.9165925722490731,
        -0.31651884903790234
      ],
      [
        0.21927542143455978,
        0.012432145270786798
      ],
      [
        -0.06822747879480201,
        0.08020517721800458
      ],
      [
        -0.01736405297023557,
        -0.006945240772674242
      ],
      [
        -0.21783621457855507,
        0.018280445894944115
      ],
      [
        0.9213764359638729,
        0.3100418193302457
      ],
      [
        0.040965932694286264,
        0.012574746352275068
      ],
      [
        -0.07084634820482928,
        -0.01723964882408473
      ],
      [
        0.08213992779216163,
        0.06648404333590276
      ],
      [
        -0.016163287402605562,
        0.011312804827344255
      ],
      [
        0.9509116815050402,
        0.21646254140229895
      ],
      [
        0.19322442309009252,
        -0.004351700781723188
      ],
      [
        0.016316598313083477,
        -0.021301560530008107
      ],
      [
        0.014173585246871144,
        0.07818659030868312
      ],
      [
        0.00480960480467012,
        -0.18964076208960073
      ],
      [
        0.2073109487668656,
        0.9560342035161201
      ]
    ],
    [
      [
        0.9177893992634709,
        -0.2615758503149693
      ],
      [
        0.13924780188702857,
        0.025417573839265593
      ],
      [
        -0.08145880671398129,
        -0.09664424970066691
      ],
      [
        -0.07173836760964931,
        -0.2192775596421035
      ],
      [
        -0.10294564228157717,
        0.016130101868752373
      ],
      [
        0.9433238915762019,
        0.27644745524174685
      ],
      [
        0.039313539699049695,
        0.05684449739598652
      ],
      [
        0.03532181537865345,
        0.1297473417504733
      ],
      [
        0.07854795008046991,
        -0.0037500934920111887
      ],
      [
        -0.025025557057173367,
        -0.013816795464484633
      ],
      [
        0.872158304791727,
        0.3324396411063711
      ],
      [
        -0.3465684918450815,
        -0.04138877695876195
      ],
      [
        0.2631262534567704,
        -0.054437475688217864
      ],
      [
        -0.10812339840553357,
        -0.034248869411368565
      ],
      [
        0.012299280415333359,
        0.3285118028713915
      ],
      [
        0.31500784730573383,
        0.8412111868342258
      ]
    ],
    [
      [
        0.9744263497202906,
        -0.02331736169759689
      ],
      [
        -0.11000758505747524,
        0.1935487856914473
      ],
      [
        -0.008542378788981857,
        -0.016028821427798944
      ],
      [
        0.00639880135483277,
        -0.0039935436538931154
      ],
      [
        0.1095364315779827,
        0.1940308467985183
      ],
      [
        0.9739762508844176,
        0.028515632650118385
      ],
      [
        0.014798273760733631,
        0.02536229026256106
      ],
      [
        -0.005505705498110114,
        0.004286559089101705
      ],
      [
        0.002265296991165239,
        -0.016657626528237778
      ],
      [
        -0.013590951105660604,
        0.028196391405811292
      ],
      [
        0.9696271263332128,
        -0.01766046801948293
      ],
      [
        -0.10695685088664424,
        0.21635437888855177
      ],
      [
        0.0006338490760289408,
        -0.004514466235623292
      ],
      [
        -0.003266396714007988,
        0.001974944843166328
      ],
      [
        -0.07654073642429568,
        0.22904307322061743
      ],
      [
        0.67674050750883,
        0.6954622346679225
      ]
    ],
    [
