{
  "type": "BlockedBasis",
  "m": 5,
  "n": 5,
  "tensors": [
    [
      [
        0.7421869371591491,
        0.0
      ],
      [
        0.6701929202179964,
        0.0
      ],
      [
        0.6701929202179934,
        0.0
      ],
      [
        -0.7421869371591494,
        0.0
      ]
    ],
    [
      [
        0.7252499876449121,
        0.0
      ],
      [
        0.6884856247018207,
        0.0
      ],
      [
        0.6884856247018227,
        0.0
      ],
      [
        -0.7252499876449088,
        0.0
      ]
    ],
    [
      [
        0.4303280484981368,
        0.0
      ],
      [
        0.9026725711329571,
        0.0
      ],
      [
        0.9026725711329551,
        0.0
      ],
      [
        -0.4303280484981364,
        0.0
      ]
    ],
    [
      [
        0.7221934030563988,
        0.0
      ],
      [
        0.6916911800665198,
        0.0
      ],
      [
        0.6916911800665192,
        0.0
      ],
      [
        -0.7221934030563991,
        0.0
      ]
    ],
    [
      [
        0.7197799350469058,
        0.0
      ],
      [
        0.6942023084835377,
        0.0
      ],
      [
        0.6942023084835363,
        0.0
      ],
      [
        -0.7197799350469066,
        0.0
      ]
    ],
    [
      [
        0.9007823346796967,
        0.0
      ],
      [
        0.4342708665441313,
        0.0
      ],
      [
        0.4342708665441329,
        0.0
      ],
      [
        -0.9007823346796963,
        0.0
      ]
    ],
    [
      [
        0.9857131451899301,
        0.0
      ],
      [
        -0.019058870843930615,
        0.0
      ],
      [
        -0.1601609912940374,
        0.0
      ],
      [
        -0.0485264021913693,
        0.0
      ],
      [
        0.06961308701904559,
        0.0
      ],
      [
        0.9502171722504946,
        0.0
      ],
      [
        0.27900663998997716,
        0.0
      ],
      [
        0.1199859930052354,
        0.0
      ],
      [
        0.15336683997643535,
        0.0
      ],
      [
        -0.30913930801121703,
        0.0
      ],
      [
        0.899874467492727,
        0.0
      ],
      [
        0.2667160351247395,
        0.0
      ],
      [
        -0.001491948757278019,
        0.0
      ],
      [
        -0.03401430941193186,
        0.0
      ],
      [
        -0.29449905681323735,
        0.0
      ],
      [
        0.9550450808104562,
        0.0
      ]
    ],
    [
      [
        0.9670331805287838,
        0.0
      ],
      [
        -0.24953718962100283,
        0.0
      ],
      [
        -0.04833209869693099,
        0.0
      ],
      [
        -0.015557216588768952,
        0.0
      ],
      [
        0.24946923691166545,
        0.0
      ],
      [
        0.9681281303466416,
        0.0
      ],
      [
        0.00013417201157530989,
        0.0
      ],
      [
        -0.022203717348552084,
        0.0
      ],
      [
        0.03921314046478258,
        0.0
      ],
      [
        -0.016607055997464242,
        0.0
      ],
      [
        0.9597164038028052,
        0.0
      ],
      [
        -0.27772461104085866,
        0.0
      ],
      [
        0.0327758631616109,
        0.0
      ],
      [
        0.013539568629040061,
        0.0
      ],
      [
        0.27678225106612586,
        0.0
      ],
      [
        0.960278089081549,
        0.0
      ]
    ],
    [
      [
        0.980655181961474,
        0.0
      ],
      [
        -0.19388432183981186,
        0.0
      ],
      [
        -0.012218478963702954,
        0.0
      ],
      [
        -0.02397900349568877,
        0.0
      ],
      [
        0.1945951162776469,
        0.0
      ],
      [
        0.9796741321491933,
        0.0
      ],
      [
        0.04690031099891143,
        0.0
      ],
      [
        0.013103295265876095,
        0.0
      ],
      [
        -0.001330335576244039,
        0.0
      ],
      [
        -0.04396892835835269,
        0.0
      ],
      [
        0.9792421030162657,
        0.0
      ],
      [
        -0.19786325385616987,
        0.0
      ],
      [
        0.02112782573433063,
        0.0
      ],
      [
        -0.02672448093910192,
        0.0
      ],
      [
        0.19681456572189324,
        0.0
      ],
      [
        0.9798486841436164,
        0.0
      ]
    ],
    [
      [
        0.9866335021799997,
        0.0
      ],
      [
        -0.024976049597818024,
        0.0
      ],
      [
        -0.14012692109377503,
        0.0
      ],
      [
        -0.0793408804292852,
        0.0
      ],
      [
        0.068582354310093,
        0.0
      ],
      [
        0.9599082383109677,
        0.0
      ],
      [
        0.24399865019907985,
        0.0
      ],
      [
        0.11973843744197973,
        0.0
      ],
      [
        0.14408789485819878,
        0.0
      ],
      [
        -0.2755156569453405,
        0.0
      ],
      [
        0.9118506796325411,
        0.0
      ],
      [
        0.268063685319339,
        0.0
      ],
      [
        0.0330071448120819,
        0.0
      ],
      [
        -0.04520501904877577,
        0.0
      ],
      [
        -0.298927152897624,
        0.0
      ],
      [
        0.9526329785938921,
        0.0
      ]
    ],
    [
      [
        0.9629417416750733,
        0.0
      ],
      [
        0.26310156309497323,
        0.0
      ],
      [
        -0.03851864576155226,
        0.0
      ],
      [
        -0.04513406214215534,
        0.0
      ],
      [
        -0.26396406091875657,
        0.0
      ],
      [
        0.9643559013840236,
        0.0
      ],
      [
        0.007734322284124851,
        0.0
      ],
      [
        -0.016758587884689993,
        0.0
      ],
      [
        0.047613535724099175,
        0.0
      ],
      [
        0.009523932978288754,
        0.0
      ],
      [
        0.9683126215762965,
        0.0
      ],
      [
        0.24497533102848534,
        0.0
      ],
      [
        0.02826885032863447,
        0.0
      ],
      [
        0.026543505107873663,
        0.0
      ],
      [
        -0.24663163033873445,
        0.0
      ],
      [
        0.9683331830285208,
        0.0
      ]
    ],
    [
      [
        0.9810571634333525,
        0.0
      ],
      [
        0.18008238200029913,
        0.0
      ],
      [
        -0.04272783685713689,
        0.0
      ],
      [
        -0.05719711292281494,
        0.0
      ],
      [
        -0.17927931771149005,
        0.0
      ],
      [
        0.9834583789495502,
        0.0
      ],
      [
        0.025772252579669048,
        0.0
      ],
      [
        0.002081852970138979,
        0.0
      ],
      [
        0.05560018237393768,
        0.0
      ],
      [
        -0.016008418297415915,
        0.0
      ],
      [
        0.9840633573401906,
        0.0
      ],
      [
        0.16814178244550265,
        0.0
      ],
      [
        0.04789977074041717,
        0.0
      ],
      [
        0.011121290870673494,
        0.0
      ],
      [
        -0.17067346511637502,
        0.0
      ],
      [
        0.9840998410514828,
        0.0
      ]
    ]
  ]
}