{
  "mera_b4": {
    "metrics": {
      "0.01": {
        "mean_mse": 0.060099184356422135,
        "std_mse": 0.01265669148620208,
        "mean_psnr": 12.316893553879545,
        "std_psnr": 0.983967986596569,
        "mean_ssim": 0.43742476338042363,
        "std_ssim": 0.10746661613823877,
        "nan_count": 0
      },
      "0.02": {
        "mean_mse": 0.04176363664895178,
        "std_mse": 0.01061383204504097,
        "mean_psnr": 13.944097381095755,
        "std_psnr": 1.1775934352889013,
        "mean_ssim": 0.589429558384266,
        "std_ssim": 0.09694738419823355,
        "nan_count": 0
      },
      "0.05": {
        "mean_mse": 0.01925216826829092,
        "std_mse": 0.00647416293682416,
        "mean_psnr": 17.425438046071793,
        "std_psnr": 1.5781429052588394,
        "mean_ssim": 0.801856058112587,
        "std_ssim": 0.053458218998139226,
        "nan_count": 0
      },
      "0.1": {
        "mean_mse": 0.007649340515848999,
        "std_mse": 0.0034424986519322573,
        "mean_psnr": 21.619283569778602,
        "std_psnr": 2.0426609978741896,
        "mean_ssim": 0.912148565893699,
        "std_ssim": 0.0299117259502409,
        "nan_count": 0
      },
      "0.15": {
        "mean_mse": 0.003480288194678553,
        "std_mse": 0.001957789831394462,
        "mean_psnr": 25.298184441296435,
        "std_psnr": 2.593137842008831,
        "mean_ssim": 0.9529861687969265,
        "std_ssim": 0.018924222995017132,
        "nan_count": 0
      },
      "0.2": {
        "mean_mse": 0.0016727787444961314,
        "std_mse": 0.0011610360023298156,
        "mean_psnr": 28.902112458699488,
        "std_psnr": 3.358908677847681,
        "mean_ssim": 0.9765508896979287,
        "std_ssim": 0.012287504148270735,
        "nan_count": 0
      }
    },
    "seed": 98,
    "init": "family_random_basis",
    "objective": "top10pct_mse",
    "steps": 1008,
    "epochs_completed": 112,
    "elapsed_seconds": 31.4
  }
}