{
  "qft_identity_reg": {
    "metrics": {
      "0.05": {
        "mean_mse": 0.0038260259930627434,
        "std_mse": 0.00237728144444701,
        "mean_psnr": 25.23506280977561,
        "std_psnr": 3.3534005984524224,
        "mean_ssim": 0.7263451562277977,
        "std_ssim": 0.07763008808733007,
        "nan_count": 0
      },
      "0.1": {
        "mean_mse": 0.002199697945083216,
        "std_mse": 0.0014535563287333187,
        "mean_psnr": 27.81180410027449,
        "std_psnr": 3.7194186899432844,
        "mean_ssim": 0.8235167668482473,
        "std_ssim": 0.05880415690357526,
        "nan_count": 0
      },
      "0.15": {
        "mean_mse": 0.0014242815142971226,
        "std_mse": 0.0009883903844568654,
        "mean_psnr": 29.841569518594333,
        "std_psnr": 4.005675090162484,
        "mean_ssim": 0.8751757883861242,
        "std_ssim": 0.046286270564493005,
        "nan_count": 0
      },
      "0.2": {
        "mean_mse": 0.0009651645605618659,
        "std_mse": 0.0006995599292450419,
        "mean_psnr": 31.660004723783786,
        "std_psnr": 4.245572133242163,
        "mean_ssim": 0.9084934184969948,
        "std_ssim": 0.03690336121304218,
        "nan_count": 0
      }
    },
    "time": 562.227227428928,
    "_pdft_py": {
      "lam": 0.1,
      "outer_weight": 10.0,
      "inner_m": 3,
      "inner_n": 3,
      "steps": 1008,
      "epochs_completed": 112,
      "device": "cuda:0",
      "n_test": 50
    }
  }
}