{
  "real_rich": {
    "metrics": {
      "0.05": {
        "mean_mse": 0.003325771274492416,
        "std_mse": 0.0021793357184614857,
        "mean_psnr": 25.97103749383297,
        "std_psnr": 3.579290844918525,
        "mean_ssim": 0.7393535150987699,
        "std_ssim": 0.08000212845422316,
        "nan_count": 0
      },
      "0.1": {
        "mean_mse": 0.0016697693941036945,
        "std_mse": 0.0011796069359198144,
        "mean_psnr": 29.180907864010624,
        "std_psnr": 4.028930434259742,
        "mean_ssim": 0.8508626355864888,
        "std_ssim": 0.056666705346144576,
        "nan_count": 0
      },
      "0.15": {
        "mean_mse": 0.0009966396681552572,
        "std_mse": 0.0007445928002106007,
        "mean_psnr": 31.586400638442715,
        "std_psnr": 4.340113760992019,
        "mean_ssim": 0.9024556035591971,
        "std_ssim": 0.04169448328568122,
        "nan_count": 0
      },
      "0.2": {
        "mean_mse": 0.0006340377808663954,
        "std_mse": 0.0004973766706917047,
        "mean_psnr": 33.69681244748283,
        "std_psnr": 4.58516415479188,
        "mean_ssim": 0.9328446533675909,
        "std_ssim": 0.0312900968055183,
        "nan_count": 0
      }
    },
    "time": 154.85598357394338,
    "_pdft_py": {
      "warmup_s": 1.7078831195831299,
      "device": "cuda:0",
      "epochs_completed": 100,
      "steps": 900,
      "n_test": 50,
      "eval_failed_count": {
        "0.05": 0,
        "0.1": 0,
        "0.15": 0,
        "0.2": 0
      }
    }
  },
  "fft": {
    "metrics": {
      "0.05": {
        "mean_mse": 0.004372288094600663,
        "std_mse": 0.002704903487919131,
        "mean_psnr": 24.49968192630874,
        "std_psnr": 2.9406797865901346,
        "mean_ssim": 0.6841024544664625,
        "std_ssim": 0.08166694969078116,
        "nan_count": 0
      },
      "0.1": {
        "mean_mse": 0.0027700108441058545,
        "std_mse": 0.0017905216719261599,
        "mean_psnr": 26.53809150707204,
        "std_psnr": 3.0363149992663017,
        "mean_ssim": 0.7761097595872383,
        "std_ssim": 0.06802711512105347,
        "nan_count": 0
      },
      "0.15": {
        "mean_mse": 0.0019646530819591133,
        "std_mse": 0.0013133842305724707,
        "mean_psnr": 28.068175847813073,
        "std_psnr": 3.09760697572969,
        "mean_ssim": 0.8271939257079878,
        "std_ssim": 0.05935767212926042,
        "nan_count": 0
      },
      "0.2": {
        "mean_mse": 0.0014590484122163616,
        "std_mse": 0.0010021705253476679,
        "mean_psnr": 29.388728802893375,
        "std_psnr": 3.140630516224256,
        "mean_ssim": 0.8613784495857756,
        "std_ssim": 0.05216430217900487,
        "nan_count": 0
      }
    },
    "time": 1.0056471163406968
  },
  "dct": {
    "metrics": {
      "0.05": {
        "mean_mse": 0.0036414549476467073,
        "std_mse": 0.0023484847097757352,
        "mean_psnr": 25.360332342507977,
        "std_psnr": 3.0436325867769827,
        "mean_ssim": 0.7180923919526044,
        "std_ssim": 0.0737661755554892,
        "nan_count": 0
      },
      "0.1": {
        "mean_mse": 0.002195198368281126,
        "std_mse": 0.001463891458930445,
        "mean_psnr": 27.605718108404407,
        "std_psnr": 3.1292003251138585,
        "mean_ssim": 0.8052295085807079,
        "std_ssim": 0.06089113739028191,
        "nan_count": 0
      },
      "0.15": {
        "mean_mse": 0.0014845702738966794,
        "std_mse": 0.001013721780347799,
        "mean_psnr": 29.331892283428942,
        "std_psnr": 3.1781719873501197,
        "mean_ssim": 0.8528841349123658,
        "std_ssim": 0.0521943924929838,
        "nan_count": 0
      },
      "0.2": {
        "mean_mse": 0.0010520217471639626,
        "std_mse": 0.0007325856704181737,
        "mean_psnr": 30.84661239837931,
        "std_psnr": 3.210166063524447,
        "mean_ssim": 0.8852723577509832,
        "std_ssim": 0.045177924259557835,
        "nan_count": 0
      }
    },
    "time": 0.7941167475655675
  },
  "block_fft_8": {
    "metrics": {
      "0.05": {
        "mean_mse": 0.004481271140393801,
        "std_mse": 0.002713342812473903,
        "mean_psnr": 24.473455296205856,
        "std_psnr": 3.1806115943895352,
        "mean_ssim": 0.6694705602577273,
        "std_ssim": 0.08173116066375742,
        "nan_count": 0
      },
      "0.1": {
        "mean_mse": 0.0025328569213161245,
        "std_mse": 0.001630039894528383,
        "mean_psnr": 27.09888691757884,
        "std_psnr": 3.4750059306655423,
        "mean_ssim": 0.7877391803994661,
        "std_ssim": 0.06258094784808461,
        "nan_count": 0
      },
      "0.15": {
        "mean_mse": 0.0016569579200586303,
        "std_mse": 0.0011137518020966875,
        "mean_psnr": 29.063035817798312,
        "std_psnr": 3.720835208459809,
        "mean_ssim": 0.848375806927907,
        "std_ssim": 0.05046872800844264,
        "nan_count": 0
      },
      "0.2": {
        "mean_mse": 0.001145404810013133,
        "std_mse": 0.0008007449060781389,
        "mean_psnr": 30.785664798249833,
        "std_psnr": 3.960019066906252,
        "mean_ssim": 0.8869194034564529,
        "std_ssim": 0.04146364941853043,
        "nan_count": 0
      }
    },
    "time": 1.1454960750415921
  },
  "block_dct_8": {
    "metrics": {
      "0.05": {
        "mean_mse": 0.0032351364579517395,
        "std_mse": 0.0021322868804941916,
        "mean_psnr": 26.113799712562695,
        "std_psnr": 3.624774827639563,
        "mean_ssim": 0.7456429409437803,
        "std_ssim": 0.08029401760875556,
        "nan_count": 0
      },
      "0.1": {
        "mean_mse": 0.0016037859828065847,
        "std_mse": 0.0011449116507051685,
        "mean_psnr": 29.408267486841922,
        "std_psnr": 4.137008356173856,
        "mean_ssim": 0.8574215111448198,
        "std_ssim": 0.05610518994123253,
        "nan_count": 0
      },
      "0.15": {
        "mean_mse": 0.000953272601836943,
        "std_mse": 0.0007233212098807435,
        "mean_psnr": 31.86277287853919,
        "std_psnr": 4.507634945672907,
        "mean_ssim": 0.9079769079358745,
        "std_ssim": 0.040960965052233914,
        "nan_count": 0
      },
      "0.2": {
        "mean_mse": 0.0006058333186047093,
        "std_mse": 0.00048441425765993355,
        "mean_psnr": 34.007107442323466,
        "std_psnr": 4.8029306935845435,
        "mean_ssim": 0.9371674888373804,
        "std_ssim": 0.03079547711600154,
        "nan_count": 0
      }
    },
    "time": 0.8727288004010916
  }
}