basis,time_s,warmup_s
block_dct_8,0.8727288004010916,NaN
block_dct_8_rank,0.7907613702118397,NaN
block_fft_8,1.1454960750415921,NaN
block_pca_8,1.4801027700304985,NaN
block_pca_8_rank,1.4355231998488307,NaN
dct,0.7941167475655675,NaN
dct_rank,2.088294968008995,NaN
fft,1.0056471163406968,NaN
pca,4.577475070022047,NaN
pca_rank,4.557079100981355,NaN
real_rich,154.85598357394338,1.7078831195831299
