{
  "dataset": "div2k_8q",
  "ordering": "bg",
  "seed": 91,
  "m": 8,
  "n": 8,
  "init": "random",
  "topk_ratio": 0.2,
  "k_train": 13107,
  "lr": 0.003,
  "batch": 50,
  "train_batch_idx": [
    10,
    32,
    46,
    47,
    72,
    90,
    100,
    124,
    127,
    131,
    133,
    139,
    144,
    147,
    151,
    161,
    186,
    189,
    201,
    205,
    206,
    227,
    231,
    233,
    263,
    269,
    273,
    302,
    304,
    325,
    331,
    351,
    372,
    373,
    384,
    385,
    386,
    396,
    410,
    413,
    416,
    417,
    421,
    454,
    468,
    480,
    483,
    489,
    493,
    498
  ],
  "max_steps": 2000,
  "grad_check_every": 5,
  "psnr": {
    "0.05": 25.234119825168296,
    "0.1": 27.81084511705274,
    "0.15": 29.840240599215704,
    "0.2": 31.658812875213087
  },
  "final_loss": 70.02061003387745,
  "total_steps": 8458,
  "per_stage_final_loss": [
    455.21601314873334,
    237.78516678933318,
    198.11854277081488,
    197.73884824055241,
    183.81094372773114,
    183.55107379703583,
    176.6759073324081,
    176.32693738907645,
    176.23357836685287,
    170.9817938204138,
    170.7024668135402,
    169.8823347889929,
    169.18704447530442,
    168.9627370582874,
    168.59064509248188,
    168.3953798781645,
    166.34038649372212,
    165.66780904275,
    165.67703593107782,
    165.62070361012852,
    165.05990153288514,
    165.05816115255112,
    165.05269765008399,
    165.0509751021966,
    165.02862961263455,
    164.20528798915186,
    164.18393948485857,
    164.1775415581572,
    164.1552391636336,
    164.1445403344427,
    156.22357303164512,
    156.22390168682523,
    156.2234974596941,
    156.22149380711642,
    156.21964928728445,
    156.21909459667853,
    148.0017329863556,
    147.99205977905405,
    147.9936183656394,
    147.9960245249436,
    147.990085545991,
    147.99046216839858,
    135.27660261088764,
    135.27484785421657,
    135.27494892637387,
    135.2749830759312,
    135.27410032836167,
    135.27393706689304,
    135.2736043685441,
    122.40755283321855,
    122.40344093234911,
    122.40141438688713,
    122.40123043418028,
    122.40241696579179,
    122.40125171120934,
    122.40011825346214,
    99.36647647078664,
    99.36384126481221,
    99.36448325862106,
    99.36366085265666,
    99.36324929237185,
    99.36261738521813,
    99.36070544654672,
    99.36056278276348,
    70.02285529262123,
    70.02179189048444,
    70.02162866405864,
    70.02144117621948,
    70.05267328966742,
    70.0208235419587,
    70.02062933522289,
    70.02061003387745
  ],
  "trigger_counts": {
    "grad_norm": 0,
    "loss_delta": 72,
    "max_steps": 0
  },
  "elapsed_seconds": 4892.18618449755,
  "device": "cuda:0",
  "git_sha": "894ee7c407f737c0a250a28d33487a7db7bd83d3"
}