{
  "dataset": "div2k_8q",
  "ordering": "bg",
  "seed": 45,
  "m": 8,
  "n": 8,
  "init": "random",
  "topk_ratio": 0.2,
  "k_train": 13107,
  "lr": 0.003,
  "batch": 50,
  "train_batch_idx": [
    21,
    22,
    27,
    56,
    59,
    131,
    145,
    169,
    176,
    191,
    195,
    200,
    204,
    206,
    209,
    225,
    234,
    239,
    241,
    251,
    252,
    258,
    259,
    262,
    274,
    277,
    296,
    307,
    315,
    322,
    331,
    344,
    348,
    350,
    360,
    361,
    369,
    371,
    372,
    388,
    392,
    398,
    412,
    416,
    420,
    447,
    462,
    470,
    480,
    495
  ],
  "max_steps": 2000,
  "grad_check_every": 5,
  "psnr": {
    "0.05": 25.23390754167559,
    "0.1": 27.810562062870012,
    "0.15": 29.840084144535748,
    "0.2": 31.658454865555427
  },
  "final_loss": 63.66215447351189,
  "total_steps": 9161,
  "per_stage_final_loss": [
    546.8962342766513,
    207.20279486588007,
    171.14847179940563,
    169.87385794782938,
    160.85718539618773,
    159.82830448808056,
    154.11328892104981,
    153.74558649608684,
    153.32444815099333,
    150.72898628527264,
    150.29780723151492,
    149.9263751122367,
    149.22090323539302,
    149.10375944462191,
    148.7591329277672,
    148.14139553534653,
    147.53319071967366,
    147.41880709588045,
    147.26857441013428,
    145.9299520251659,
    144.62577301639408,
    144.62451199935526,
    144.622073346842,
    144.62657259020267,
    144.62040233174125,
    141.58680166071684,
    141.57477482860128,
    141.57196930589186,
    141.5694509835986,
    141.56905712628304,
    137.49509631190028,
    137.48894767795034,
    137.485112196603,
    137.4848713060294,
    137.48269404919512,
    137.48184821148476,
    134.3413627809431,
    134.33769524052235,
    134.33781478893835,
    134.33703358740237,
    134.33677963157785,
    134.3337010234475,
    115.9644209689522,
    115.95979010363438,
    115.95854408928213,
    115.95880633678182,
    115.9577780110909,
    115.9586400829564,
    115.95815028836937,
    101.24079250756604,
    101.23948403388734,
    101.23567155736313,
    101.23362238940761,
    101.23332799861532,
    101.23316156643875,
    101.23260291346499,
    91.63708108583849,
    91.63546819970836,
    91.6352837497087,
    91.63475161773516,
    91.63451724406144,
    91.63468864344708,
    91.63449326791648,
    91.6337968018154,
    63.66777458699102,
    63.66748414765555,
    63.666098560267024,
    63.66343269104857,
    63.66328682256821,
    63.66204610690815,
    63.6620540120743,
    63.66215447351189
  ],
  "trigger_counts": {
    "grad_norm": 0,
    "loss_delta": 72,
    "max_steps": 0
  },
  "elapsed_seconds": 11252.348207888193,
  "device": "cuda:0",
  "git_sha": "bd0867448ab390a980c2cfe61993086fbc410c72"
}