{
  "dataset": "div2k_8q",
  "ordering": "bg",
  "seed": 28,
  "m": 8,
  "n": 8,
  "init": "random",
  "topk_ratio": 0.2,
  "k_train": 13107,
  "lr": 0.003,
  "batch": 50,
  "train_batch_idx": [
    8,
    14,
    23,
    34,
    42,
    46,
    65,
    73,
    78,
    85,
    100,
    106,
    110,
    128,
    146,
    152,
    155,
    162,
    165,
    169,
    191,
    219,
    249,
    251,
    252,
    256,
    300,
    303,
    329,
    334,
    336,
    349,
    351,
    369,
    379,
    384,
    385,
    387,
    388,
    401,
    406,
    410,
    433,
    443,
    460,
    462,
    468,
    475,
    483,
    497
  ],
  "max_steps": 2000,
  "grad_check_every": 5,
  "psnr": {
    "0.05": 25.23489039127696,
    "0.1": 27.81180520202433,
    "0.15": 29.84160242794407,
    "0.2": 31.660031180378848
  },
  "final_loss": 60.073787470110055,
  "total_steps": 8883,
  "per_stage_final_loss": [
    414.1510025625498,
    181.8530696449295,
    160.2320205295555,
    159.0535219715465,
    158.93692935630443,
    158.5811503724482,
    157.56213802851786,
    151.92763287664062,
    151.72647940574137,
    145.05211663134406,
    145.05246490166923,
    145.04871107985454,
    144.26537298650396,
    143.89099642022302,
    143.41468680457092,
    142.8354200909032,
    142.25762599091365,
    142.16595159031678,
    141.8966428449814,
    141.45266564511368,
    140.29348470388604,
    140.29316656007717,
    140.29384685860774,
    140.2915247968754,
    140.2969823604041,
    138.73191437035007,
    138.73482491889877,
    138.7289829332258,
    138.72453337773058,
    138.62017374851473,
    136.9385086791425,
    136.93712774485778,
    136.9366023716711,
    136.93500818524348,
    136.93392014951934,
    136.9342999440839,
    132.11457798879098,
    132.1117603574932,
    132.08904652489136,
    132.08890622525007,
    132.08846329994884,
    132.0873296978793,
    123.64021657777495,
    123.63072290683493,
    123.63116772991135,
    123.6297134925115,
    123.62986943244528,
    123.63004119522006,
    123.62772221322543,
    110.22551077599823,
    110.2237756945568,
    110.2228502756562,
    110.24426351181044,
    110.22010741836225,
    110.22035318909636,
    110.21886696130693,
    87.35617849863137,
    87.35515422992347,
    87.3541586670372,
    87.35399117850207,
    87.35338201923008,
    87.35142271895427,
    87.35132142462946,
    87.3512409964436,
    60.07529312057861,
    60.074017103080024,
    60.073836225658006,
    60.07387003306729,
    60.1008975292578,
    60.10085642487195,
    60.10184900921013,
    60.073787470110055
  ],
  "trigger_counts": {
    "grad_norm": 0,
    "loss_delta": 72,
    "max_steps": 0
  },
  "elapsed_seconds": 10861.201372156851,
  "device": "cuda:0",
  "git_sha": "5c2d8282104b3081f6b073074cdcfe12a6a6c78c"
}