{
  "dataset": "div2k_8q",
  "ordering": "bg",
  "seed": 73,
  "m": 8,
  "n": 8,
  "init": "random",
  "topk_ratio": 0.2,
  "k_train": 13107,
  "lr": 0.003,
  "batch": 50,
  "train_batch_idx": [
    7,
    13,
    14,
    23,
    36,
    37,
    49,
    55,
    56,
    74,
    79,
    83,
    86,
    92,
    93,
    95,
    97,
    101,
    122,
    137,
    155,
    157,
    198,
    215,
    222,
    223,
    233,
    272,
    285,
    320,
    321,
    338,
    339,
    348,
    354,
    355,
    369,
    373,
    392,
    393,
    394,
    396,
    438,
    451,
    463,
    474,
    482,
    487,
    488,
    496
  ],
  "max_steps": 2000,
  "grad_check_every": 5,
  "psnr": {
    "0.05": 25.234081170292196,
    "0.1": 27.81063197629224,
    "0.15": 29.840013130158013,
    "0.2": 31.658297003596093
  },
  "final_loss": 70.83734674389446,
  "total_steps": 9621,
  "per_stage_final_loss": [
    455.825047741474,
    228.21142931269054,
    201.06642925109418,
    200.98975268259915,
    173.42279464924442,
    172.23072510779076,
    167.94015247527622,
    167.7135781744373,
    166.98187104405392,
    164.63014235740636,
    164.61501868523933,
    163.99654243450058,
    162.77783925391492,
    162.62015694667048,
    162.62020879177084,
    161.80215863289814,
    160.24500396542823,
    160.07822172301894,
    159.7449097333543,
    159.73837890204865,
    158.63502943671796,
    158.63414465774545,
    158.62544495680658,
    158.62542726264022,
    158.59457655058586,
    156.39340370844022,
    156.35657696121496,
    156.34601867136757,
    156.34449002876715,
    156.31867368629193,
    148.62632671132877,
    148.625118248406,
    148.61082081869972,
    148.61076645337408,
    148.61048627107516,
    148.61038181519788,
    138.1102757527239,
    138.10899376088662,
    138.1057974447531,
    138.09989641941186,
    138.09897572283404,
    138.09188081327858,
    121.32268192852229,
    121.32191695664937,
    121.3210790341919,
    121.32106607538137,
    121.31947294225436,
    121.31781207398338,
    121.31737702703711,
    113.05472813625842,
    113.05025046489034,
    113.05096394552655,
    113.04980129634951,
    113.04915580624078,
    113.04975813860474,
    113.05242197416905,
    86.53481899962784,
    86.53315115092832,
    86.53283331713796,
    86.53277439801272,
    86.53019584784657,
    86.5297214297063,
    86.52943862152209,
    86.52944598178605,
    70.83540071042113,
    70.83512484542179,
    70.83473892538699,
    70.83445169680725,
    70.83404703213394,
    70.83400969693263,
    70.8332524327385,
    70.83734674389446
  ],
  "trigger_counts": {
    "grad_norm": 0,
    "loss_delta": 72,
    "max_steps": 0
  },
  "elapsed_seconds": 5269.910765124485,
  "device": "cuda:0",
  "git_sha": "894ee7c407f737c0a250a28d33487a7db7bd83d3"
}