{
  "dataset": "div2k_8q",
  "ordering": "bg",
  "seed": 71,
  "m": 8,
  "n": 8,
  "init": "random",
  "topk_ratio": 0.2,
  "k_train": 13107,
  "lr": 0.003,
  "batch": 50,
  "train_batch_idx": [
    1,
    8,
    18,
    21,
    51,
    78,
    93,
    96,
    98,
    100,
    108,
    114,
    123,
    136,
    149,
    167,
    168,
    177,
    178,
    200,
    202,
    213,
    223,
    239,
    240,
    242,
    257,
    263,
    277,
    289,
    290,
    296,
    316,
    341,
    347,
    381,
    391,
    412,
    429,
    437,
    449,
    462,
    465,
    467,
    476,
    482,
    487,
    493,
    494,
    498
  ],
  "max_steps": 2000,
  "grad_check_every": 5,
  "psnr": {
    "0.05": 25.233984307324008,
    "0.1": 27.810723584402304,
    "0.15": 29.840072584951812,
    "0.2": 31.658625567612685
  },
  "final_loss": 54.964289177314804,
  "total_steps": 8702,
  "per_stage_final_loss": [
    294.6329014529719,
    182.30155362979,
    158.572432635174,
    158.57114168970094,
    143.78512423306958,
    143.48642525367998,
    139.71077908006959,
    139.71042625970628,
    139.32834414638276,
    137.21483924519683,
    136.5892814020424,
    136.57339483260787,
    135.58722063789614,
    135.5354077660448,
    135.43969694395534,
    134.83502467400123,
    134.1598241850897,
    134.08745531468537,
    133.9839814924214,
    133.068089711246,
    132.44497692555566,
    132.44493655265413,
    132.4454233298596,
    132.4443922735153,
    132.43914435723903,
    131.6336517806436,
    131.61190247445262,
    131.6116448653783,
    131.61027549497257,
    131.61050665120075,
    126.04634452310744,
    126.03608645453772,
    126.03447135567936,
    126.03366575094304,
    126.03611269498714,
    126.0297220235569,
    120.61006440392059,
    120.60075799625083,
    120.60191487026889,
    120.5953132189731,
    120.59532474336321,
    120.59417736124273,
    109.72620638531576,
    109.72386248444313,
    109.72173045718579,
    109.72079524753791,
    109.7193579313569,
    109.71791353986958,
    109.72053189238494,
    97.45775968245373,
    97.45575694063453,
    97.45574632197041,
    97.45440950140447,
    97.4543415263644,
    97.45823165431574,
    97.45347651008902,
    73.29403001871525,
    73.28956533674166,
    73.28951958788764,
    73.2949569943217,
    73.2891010441804,
    73.28889833508332,
    73.28878325457089,
    73.28876604503733,
    54.96669253671757,
    54.96558130607971,
    54.96505134628815,
    54.97434059557603,
    54.96545320713949,
    54.965131370032715,
    54.963741350504115,
    54.964289177314804
  ],
  "trigger_counts": {
    "grad_norm": 0,
    "loss_delta": 72,
    "max_steps": 0
  },
  "elapsed_seconds": 4808.018819439225,
  "device": "cuda:0",
  "git_sha": "894ee7c407f737c0a250a28d33487a7db7bd83d3"
}