{
  "dataset": "div2k_8q",
  "ordering": "bg",
  "seed": 57,
  "m": 8,
  "n": 8,
  "init": "random",
  "topk_ratio": 0.2,
  "k_train": 13107,
  "lr": 0.003,
  "batch": 50,
  "train_batch_idx": [
    13,
    29,
    34,
    58,
    72,
    88,
    98,
    122,
    131,
    136,
    155,
    158,
    159,
    170,
    181,
    183,
    199,
    212,
    215,
    222,
    228,
    241,
    257,
    261,
    263,
    270,
    287,
    288,
    293,
    306,
    309,
    310,
    338,
    361,
    371,
    374,
    383,
    386,
    393,
    399,
    426,
    437,
    449,
    451,
    459,
    474,
    475,
    485,
    491,
    499
  ],
  "max_steps": 2000,
  "grad_check_every": 5,
  "psnr": {
    "0.05": 25.27977567704663,
    "0.1": 27.97460971610419,
    "0.15": 30.08445847638832,
    "0.2": 31.969475126102772
  },
  "final_loss": 64.88781100055931,
  "total_steps": 10386,
  "per_stage_final_loss": [
    315.0622296457097,
    204.1776242835645,
    179.08875544540467,
    177.59339398203764,
    163.01578653758838,
    162.8816558735337,
    161.19438072577626,
    160.92420385781563,
    159.99314355697464,
    158.50819541109064,
    157.96157116621694,
    157.9593936002114,
    156.96340743439166,
    156.91333620165437,
    156.80856817460403,
    156.33481483005403,
    155.3818427149565,
    155.24791863001886,
    154.77066110548364,
    154.64846429734664,
    154.03917303026788,
    154.03563847771034,
    154.03206732105966,
    153.85385207785328,
    153.84327179022617,
    153.631923322813,
    153.59672570543387,
    153.50019489493474,
    153.37633332998277,
    153.2980660694559,
    150.16410838571872,
    150.16180996090537,
    150.15763303948293,
    150.14887086267663,
    150.14067575200457,
    150.14009929741303,
    146.6852175272803,
    146.68237541545946,
    146.6788467432785,
    146.67629285808857,
    146.68344099894819,
    146.67333871361,
    135.60120013424262,
    135.5953791886514,
    135.59646514748903,
    135.59286539877363,
    135.5929656270203,
    135.59263294947868,
    135.59291421336079,
    122.54236625594473,
    122.53736825391405,
    122.53600282839078,
    122.53396777596967,
    122.53343056730739,
    122.53403193869778,
    122.53343415722476,
    93.3367730113655,
    93.33604868630403,
    93.33586696852839,
    93.33563195703155,
    93.33545041904833,
    93.33530957709515,
    93.33601314922937,
    93.33508579887483,
    64.88926572590884,
    64.88909528770708,
    64.88910581580204,
    64.88875180740435,
    64.88846960680563,
    64.88834089396158,
    64.88809170782378,
    64.88781100055931
  ],
  "trigger_counts": {
    "grad_norm": 0,
    "loss_delta": 72,
    "max_steps": 0
  },
  "elapsed_seconds": 5757.286161962897,
  "device": "cuda:0",
  "git_sha": "894ee7c407f737c0a250a28d33487a7db7bd83d3"
}