{
  "dataset": "div2k_8q",
  "ordering": "bg",
  "seed": 14,
  "m": 8,
  "n": 8,
  "init": "random",
  "topk_ratio": 0.2,
  "k_train": 13107,
  "lr": 0.003,
  "batch": 50,
  "train_batch_idx": [
    0,
    30,
    33,
    40,
    43,
    67,
    79,
    84,
    99,
    110,
    128,
    146,
    155,
    159,
    163,
    191,
    209,
    216,
    218,
    227,
    244,
    253,
    269,
    273,
    274,
    295,
    307,
    315,
    320,
    333,
    334,
    345,
    351,
    352,
    353,
    355,
    373,
    375,
    381,
    382,
    390,
    393,
    402,
    407,
    419,
    429,
    440,
    459,
    473,
    484
  ],
  "max_steps": 2000,
  "grad_check_every": 5,
  "psnr": {
    "0.05": 25.16422676821675,
    "0.1": 27.86093972794538,
    "0.15": 29.959949839911086,
    "0.2": 31.83600551074112
  },
  "final_loss": 61.514529718004,
  "total_steps": 8046,
  "per_stage_final_loss": [
    451.3921320730553,
    226.77554475522484,
    180.85574712217007,
    180.3925960529373,
    159.3466020366365,
    158.15951478325007,
    152.95707314132972,
    152.55070488139316,
    152.19526884412275,
    150.57480413367307,
    150.22822547838135,
    149.42214919248988,
    148.30725986231184,
    148.2787152223894,
    147.71172191921892,
    147.62619756575504,
    146.9365705619238,
    146.9351417449279,
    146.80527953216742,
    145.9742040248368,
    144.9522486888926,
    144.94674005654568,
    144.94039972395896,
    144.9400901212518,
    144.2934024187352,
    142.86116210845088,
    142.8568005731292,
    142.79243044968345,
    142.70706220519082,
    142.70309228963023,
    140.45642707439347,
    140.16798544577244,
    140.1626795025087,
    140.15621758316632,
    140.15740252982548,
    140.15577823652242,
    131.95968153448402,
    131.95435821560673,
    131.95456563966442,
    131.94983513262872,
    131.94721670605495,
    131.9455514485723,
    119.55001740594615,
    119.54790269449987,
    119.54203796360176,
    119.54088374088406,
    119.54095647411074,
    119.53994541340994,
    119.53802614803084,
    98.54249281047964,
    98.5385434729686,
    98.536452541738,
    98.53533728235074,
    98.53670911672017,
    98.53472938396791,
    98.5345884192103,
    65.37905742016886,
    65.3796260492126,
    65.37634168896622,
    65.37545785123233,
    65.37553001905846,
    65.3749125030506,
    65.37486437066849,
    65.37483700847709,
    61.530179447726354,
    61.51644935459886,
    61.515739051854105,
    61.51572525529689,
    61.514981810420736,
    61.514915822061305,
    61.515682227050746,
    61.514529718004
  ],
  "trigger_counts": {
    "grad_norm": 0,
    "loss_delta": 72,
    "max_steps": 0
  },
  "elapsed_seconds": 3090.1151538165286,
  "device": "cuda:0",
  "git_sha": "5c2d8282104b3081f6b073074cdcfe12a6a6c78c"
}