{
  "dataset": "div2k_8q",
  "ordering": "bg",
  "seed": 31,
  "m": 8,
  "n": 8,
  "init": "random",
  "topk_ratio": 0.2,
  "k_train": 13107,
  "lr": 0.003,
  "batch": 50,
  "train_batch_idx": [
    2,
    9,
    18,
    19,
    23,
    30,
    35,
    50,
    54,
    82,
    85,
    100,
    128,
    137,
    142,
    146,
    152,
    162,
    203,
    216,
    223,
    232,
    247,
    255,
    260,
    264,
    278,
    284,
    293,
    296,
    306,
    311,
    314,
    315,
    321,
    330,
    335,
    347,
    355,
    387,
    408,
    412,
    415,
    418,
    441,
    458,
    466,
    467,
    470,
    474
  ],
  "max_steps": 2000,
  "grad_check_every": 5,
  "psnr": {
    "0.05": 25.280208458324836,
    "0.1": 27.97500177193956,
    "0.15": 30.084659848698482,
    "0.2": 31.96964516082059
  },
  "final_loss": 60.6773022905787,
  "total_steps": 9555,
  "per_stage_final_loss": [
    447.093098890778,
    210.93495417830752,
    183.82097039132375,
    183.80000535752973,
    160.24311683388345,
    159.6241281181976,
    155.04469904644972,
    154.72068087258143,
    154.28555326903117,
    153.5867992758278,
    153.2565918955146,
    153.24552364570962,
    151.73274879691388,
    151.50387303699142,
    151.23588115996753,
    151.23675245203447,
    148.55335079287244,
    148.433988330188,
    148.4084561712104,
    148.32548379123634,
    147.4835469080522,
    147.483212721758,
    147.48144528978162,
    147.4659437737341,
    147.46684313433386,
    147.04544243590925,
    147.046728940499,
    147.0357567435861,
    147.01654663085577,
    146.5309362106295,
    143.07989477493484,
    143.07859764116543,
    143.07836958388805,
    143.0818817871808,
    143.09015465455457,
    143.07252390745998,
    138.3920071049395,
    138.38220602988454,
    138.38154011489323,
    138.38085558097757,
    138.37940196921326,
    138.37868508132732,
    126.90155777413497,
    126.89979611190944,
    126.90063230608426,
    126.89897736120064,
    126.8964589759793,
    126.89601891290675,
    126.8929156011235,
    117.4816879995542,
    117.45860917241893,
    117.45579259797285,
    117.45569069470243,
    117.45553698637985,
    117.45486150648529,
    117.45183756851861,
    87.50218433721155,
    87.5009828651415,
    87.49827950227005,
    87.49811716295419,
    87.49772030780674,
    87.49692360448587,
    87.49646698235638,
    87.49626884593653,
    60.68020808602718,
    60.679073052526476,
    60.679006805579775,
    60.67846714087463,
    60.67935674834849,
    60.67782407343069,
    60.67773938163623,
    60.6773022905787
  ],
  "trigger_counts": {
    "grad_norm": 0,
    "loss_delta": 72,
    "max_steps": 0
  },
  "elapsed_seconds": 5307.025026488118,
  "device": "cuda:0",
  "git_sha": "5c2d8282104b3081f6b073074cdcfe12a6a6c78c"
}