{
  "dataset": "div2k_8q",
  "ordering": "bg",
  "seed": 17,
  "m": 8,
  "n": 8,
  "init": "random",
  "topk_ratio": 0.2,
  "k_train": 13107,
  "lr": 0.003,
  "batch": 50,
  "train_batch_idx": [
    3,
    7,
    16,
    17,
    23,
    39,
    42,
    48,
    70,
    73,
    74,
    81,
    87,
    98,
    119,
    168,
    173,
    178,
    198,
    199,
    202,
    208,
    210,
    225,
    228,
    235,
    237,
    254,
    274,
    275,
    281,
    284,
    286,
    296,
    314,
    327,
    334,
    341,
    344,
    348,
    359,
    363,
    381,
    399,
    423,
    459,
    476,
    477,
    485,
    492
  ],
  "max_steps": 2000,
  "grad_check_every": 5,
  "psnr": {
    "0.05": 25.279359427498324,
    "0.1": 27.97432243643841,
    "0.15": 30.08412532686381,
    "0.2": 31.968769919336292
  },
  "final_loss": 60.6241488845622,
  "total_steps": 8361,
  "per_stage_final_loss": [
    290.1520979100073,
    170.49369514017118,
    160.65044984949085,
    160.05174026275512,
    148.92995615048622,
    147.50944203864682,
    143.49613234242582,
    143.44580800566428,
    143.16284239398507,
    140.1107402710781,
    139.9086739410862,
    139.4730845730005,
    139.3359506002078,
    139.2209518092535,
    139.05320945774864,
    139.01733601269268,
    138.71987158215867,
    138.70955745780492,
    138.5799290379179,
    137.97512125149058,
    136.71526056525613,
    136.71438844679867,
    136.7130542280646,
    136.7030865468398,
    136.70036730856705,
    136.1739724753381,
    136.1735233407379,
    136.1680204597805,
    136.16065146946715,
    136.15701199924175,
    133.32019736094747,
    133.31978094354687,
    133.4704715079605,
    133.31334435869675,
    133.3128597310277,
    133.3138749779168,
    127.98591221852031,
    127.98835988104378,
    127.98817800034358,
    127.98783781945392,
    127.9869952145518,
    127.98543247638507,
    115.49409722645943,
    115.48884219923818,
    115.4883915861775,
    115.48806262395918,
    115.48795347383856,
    115.48779063580969,
    115.48729241965232,
    96.98453935811519,
    96.97913485712634,
    96.97688152276557,
    96.97327495238922,
    96.97272845942622,
    96.97202652661196,
    96.97206311558726,
    70.53305401052741,
    70.53213888052791,
    70.53162453007974,
    70.53047646620786,
    70.52700131714003,
    70.52762643627646,
    70.52553116549814,
    70.52560895902239,
    60.62806437323418,
    60.62731386657085,
    60.62730970397547,
    60.62715721621893,
    60.626890461938714,
    60.62433655845305,
    60.62559076973912,
    60.6241488845622
  ],
  "trigger_counts": {
    "grad_norm": 0,
    "loss_delta": 72,
    "max_steps": 0
  },
  "elapsed_seconds": 3195.592253347859,
  "device": "cuda:0",
  "git_sha": "5c2d8282104b3081f6b073074cdcfe12a6a6c78c"
}