{
  "dataset": "div2k_8q",
  "ordering": "bg",
  "seed": 63,
  "m": 8,
  "n": 8,
  "init": "random",
  "topk_ratio": 0.2,
  "k_train": 13107,
  "lr": 0.003,
  "batch": 50,
  "train_batch_idx": [
    37,
    60,
    65,
    70,
    76,
    77,
    79,
    80,
    86,
    89,
    92,
    107,
    134,
    135,
    144,
    146,
    147,
    155,
    160,
    164,
    170,
    172,
    179,
    187,
    193,
    205,
    231,
    233,
    245,
    253,
    257,
    260,
    280,
    285,
    300,
    305,
    327,
    340,
    380,
    415,
    423,
    430,
    450,
    458,
    461,
    465,
    472,
    473,
    491,
    497
  ],
  "max_steps": 2000,
  "grad_check_every": 5,
  "psnr": {
    "0.05": 25.23469520950693,
    "0.1": 27.81116352458504,
    "0.15": 29.840740937975088,
    "0.2": 31.659078520261165
  },
  "final_loss": 50.57834039324257,
  "total_steps": 9283,
  "per_stage_final_loss": [
    492.0834953990034,
    190.1546771496617,
    155.5401282538564,
    154.356081966801,
    131.6063350201703,
    131.5982343818468,
    126.00714672304686,
    126.00355629392584,
    125.35192734429319,
    121.8577794528306,
    121.65745906655593,
    121.25669332163665,
    121.05024895357641,
    121.04071042149121,
    120.96385417381101,
    120.55401303432022,
    119.25554766923044,
    118.98082987944545,
    118.5789202719626,
    118.50166769698198,
    117.19955438297846,
    117.19546305511467,
    117.1930030032227,
    117.19085211132024,
    117.19025022053728,
    115.89099358930322,
    115.89055460887874,
    115.88540914893885,
    115.88202555031137,
    115.8740168964604,
    112.47328475793717,
    112.4721839021745,
    112.47144353061427,
    112.46885681827638,
    112.46796528788579,
    112.46742540515503,
    107.33914868289153,
    107.33595543476142,
    107.33511553998726,
    107.33323486828937,
    107.33454839786353,
    107.33526750866912,
    95.88144240025426,
    95.88077623612655,
    95.8782919765627,
    95.87947042808244,
    95.87739877892655,
    95.87705184443952,
    95.87530874909801,
    83.64088236119721,
    83.63955717579513,
    83.63872027465055,
    83.63779046672867,
    83.63721035629653,
    83.64108820995975,
    83.63548320582737,
    72.89695518630398,
    72.89635991166962,
    72.89543354730831,
    72.8944035204507,
    72.89421257157818,
    72.89418338459447,
    72.89535137697229,
    72.89360028351278,
    50.57931662561601,
    50.57876302426189,
    50.57861233600257,
    50.57866539431361,
    50.5786159831131,
    50.578410399953064,
    50.57813834584004,
    50.57834039324257
  ],
  "trigger_counts": {
    "grad_norm": 0,
    "loss_delta": 72,
    "max_steps": 0
  },
  "elapsed_seconds": 5102.0679291067645,
  "device": "cuda:0",
  "git_sha": "894ee7c407f737c0a250a28d33487a7db7bd83d3"
}