{
  "dataset": "div2k_8q",
  "ordering": "bg",
  "seed": 67,
  "m": 8,
  "n": 8,
  "init": "random",
  "topk_ratio": 0.2,
  "k_train": 13107,
  "lr": 0.003,
  "batch": 50,
  "train_batch_idx": [
    5,
    41,
    48,
    57,
    77,
    85,
    105,
    111,
    136,
    141,
    143,
    151,
    163,
    164,
    165,
    166,
    183,
    187,
    199,
    202,
    203,
    204,
    205,
    210,
    215,
    217,
    234,
    253,
    275,
    281,
    313,
    316,
    323,
    334,
    346,
    348,
    353,
    355,
    358,
    362,
    388,
    389,
    397,
    400,
    407,
    418,
    428,
    464,
    470,
    492
  ],
  "max_steps": 2000,
  "grad_check_every": 5,
  "psnr": {
    "0.05": 25.23479272003143,
    "0.1": 27.811326861343,
    "0.15": 29.84100747903523,
    "0.2": 31.65924383811936
  },
  "final_loss": 69.43940316543551,
  "total_steps": 9380,
  "per_stage_final_loss": [
    455.7060517953552,
    250.4007040087526,
    199.99511071077563,
    198.53970224349447,
    170.98966341118555,
    170.98807100332235,
    167.55589487803303,
    167.2318329365058,
    166.31160405817224,
    159.876374238288,
    159.8732508221357,
    158.80951889772615,
    158.4976652016447,
    158.3455189553916,
    158.127421075767,
    157.58860386366544,
    157.23503923402714,
    157.22020675232565,
    157.21239846064714,
    156.47220459775787,
    155.04653340413591,
    155.0418615512323,
    155.03738202190294,
    155.03897068290672,
    155.03386672823822,
    153.69766451451375,
    153.67636559395692,
    153.67206297061475,
    153.6452419421343,
    153.59811055636982,
    153.1477921051495,
    153.14487518119913,
    153.1385666383456,
    153.13945055124813,
    153.13848771592959,
    153.1345753919217,
    147.18174923193382,
    147.15501366058933,
    147.1555537732531,
    147.15352030643402,
    147.1533345217207,
    147.15331428648398,
    133.25168263432883,
    133.25175316476373,
    133.25425806261467,
    133.25001556893727,
    133.2497065835842,
    133.2488993488427,
    133.24731249613612,
    116.74836848333595,
    116.74578220905812,
    116.7423943306238,
    116.74288922049553,
    116.74234821326644,
    116.74077876007483,
    116.74036386567889,
    90.06002875489503,
    90.05746647691751,
    90.05765859412553,
    90.05641117070459,
    90.05837374502615,
    90.05576582664602,
    90.05521970608581,
    90.05876866850977,
    69.44201838802279,
    69.44150360820674,
    69.4406940155781,
    69.440444810765,
    69.43947085844069,
    69.43943905186322,
    69.43939551572167,
    69.43940316543551
  ],
  "trigger_counts": {
    "grad_norm": 0,
    "loss_delta": 72,
    "max_steps": 0
  },
  "elapsed_seconds": 5327.477312753908,
  "device": "cuda:0",
  "git_sha": "894ee7c407f737c0a250a28d33487a7db7bd83d3"
}