{
  "dataset": "div2k_8q",
  "ordering": "bg",
  "seed": 41,
  "m": 8,
  "n": 8,
  "init": "random",
  "topk_ratio": 0.2,
  "k_train": 13107,
  "lr": 0.003,
  "batch": 50,
  "train_batch_idx": [
    17,
    28,
    30,
    54,
    57,
    77,
    81,
    86,
    105,
    116,
    136,
    153,
    158,
    160,
    161,
    189,
    200,
    205,
    234,
    237,
    243,
    280,
    285,
    288,
    292,
    299,
    321,
    322,
    332,
    333,
    345,
    348,
    354,
    373,
    375,
    378,
    386,
    388,
    390,
    408,
    431,
    449,
    451,
    453,
    455,
    463,
    464,
    470,
    472,
    486
  ],
  "max_steps": 2000,
  "grad_check_every": 5,
  "psnr": {
    "0.05": 25.234960649633116,
    "0.1": 27.811698733565375,
    "0.15": 29.84169778379399,
    "0.2": 31.659914977270443
  },
  "final_loss": 65.8766597126098,
  "total_steps": 9337,
  "per_stage_final_loss": [
    733.9307961251798,
    235.40134789195946,
    174.21359281149327,
    173.99459250432753,
    148.60300535950716,
    148.5024813426409,
    141.81511762802327,
    141.50533603856226,
    140.86270021947027,
    138.95218679740805,
    138.28886333672844,
    137.28346303895682,
    136.78130378205051,
    136.77870870365888,
    136.23043559936502,
    135.8118552790303,
    135.66575422081235,
    135.6512458551061,
    135.17842496461998,
    134.6666647605659,
    131.80665479982002,
    131.80623414862683,
    131.80473336325335,
    131.80094896303862,
    131.79624619914824,
    129.266813515176,
    129.26888435685282,
    129.26612474003394,
    129.26618716843282,
    129.26392298022233,
    128.78634834729237,
    128.78564599042141,
    128.7854847139507,
    128.78474167724931,
    128.7858778048029,
    128.78493817942862,
    123.0903515732895,
    123.09322744751383,
    123.09441534956132,
    123.0941635602241,
    123.09252644361267,
    123.08906982608353,
    107.63223777505401,
    107.63091434990703,
    107.62909498002492,
    107.6280366781852,
    107.6276346896093,
    107.62761904651688,
    107.62694923116669,
    98.38100109243427,
    98.37478336974227,
    98.37422542803351,
    98.37429212609655,
    98.37399394197121,
    98.37505754680774,
    98.37375665938606,
    93.4678436970156,
    93.46565830773449,
    93.4644509423129,
    93.46325871616628,
    93.4628259012443,
    93.462760769862,
    93.46324604718997,
    93.46271172666486,
    65.8786318374168,
    65.8777274934632,
    65.87758516393149,
    65.87756856025155,
    65.87735457248115,
    65.87690045365878,
    65.87687113100657,
    65.8766597126098
  ],
  "trigger_counts": {
    "grad_norm": 0,
    "loss_delta": 72,
    "max_steps": 0
  },
  "elapsed_seconds": 5210.803136003204,
  "device": "cuda:0",
  "git_sha": "8f584e16671086491acd5747515c5792c0fffec7"
}