{
  "dataset": "div2k_8q",
  "ordering": "bg",
  "seed": 97,
  "m": 8,
  "n": 8,
  "init": "random",
  "topk_ratio": 0.2,
  "k_train": 13107,
  "lr": 0.003,
  "batch": 50,
  "train_batch_idx": [
    0,
    4,
    11,
    15,
    22,
    27,
    34,
    38,
    42,
    50,
    51,
    59,
    62,
    80,
    82,
    91,
    102,
    104,
    131,
    163,
    170,
    184,
    194,
    196,
    225,
    231,
    236,
    258,
    269,
    271,
    304,
    308,
    315,
    322,
    344,
    365,
    402,
    403,
    436,
    444,
    448,
    449,
    456,
    457,
    458,
    472,
    476,
    481,
    490,
    497
  ],
  "max_steps": 2000,
  "grad_check_every": 5,
  "psnr": {
    "0.05": 25.234719887456496,
    "0.1": 27.811626784589,
    "0.15": 29.84130562193908,
    "0.2": 31.659556044705948
  },
  "final_loss": 67.7299961335953,
  "total_steps": 9091,
  "per_stage_final_loss": [
    435.6775108495252,
    225.17533945561388,
    175.1666537184197,
    175.11138607969465,
    162.53087202702014,
    162.53072803654052,
    158.1045750312389,
    157.8022535428833,
    157.11764002740668,
    151.7362564615788,
    151.28767110804944,
    151.31758894202034,
    150.73058486215064,
    150.63517462942363,
    150.36201587235098,
    149.86766766803584,
    149.21448305891224,
    149.09510741659165,
    149.09191777659183,
    148.13173784859111,
    146.5317750740664,
    146.5304358445584,
    146.52572094726256,
    146.52037455530134,
    146.51442335638575,
    146.49869341692323,
    146.49152128094516,
    146.4882220591157,
    146.48253167045405,
    146.47270628405965,
    143.37343775612467,
    143.37417693004335,
    143.3734412386481,
    143.3730044101113,
    143.36587261547774,
    143.3595936066706,
    136.88281185481657,
    136.87883595401019,
    136.87559369537013,
    136.87409637322796,
    136.86263785536983,
    136.86392182236426,
    123.6151322064922,
    123.61070046576334,
    123.60718626009944,
    123.61186673142986,
    123.6059470595538,
    123.6044029372337,
    123.60375071073662,
    116.89873603672393,
    116.70990645036137,
    116.70329916305525,
    116.71195688145538,
    116.70215719493812,
    116.70079663472683,
    116.7004661906551,
    95.4432211555647,
    95.44260576551414,
    95.44193369353964,
    95.44328204814059,
    95.44060505455943,
    95.44009857250323,
    95.4421811050308,
    95.4460478571581,
    67.73356625165746,
    67.73280934058045,
    67.73225972415534,
    67.73176594232552,
    67.73277369328352,
    67.73113384653482,
    67.73091702825283,
    67.7299961335953
  ],
  "trigger_counts": {
    "grad_norm": 0,
    "loss_delta": 72,
    "max_steps": 0
  },
  "elapsed_seconds": 11115.796037782915,
  "device": "cuda:0",
  "git_sha": "894ee7c407f737c0a250a28d33487a7db7bd83d3"
}