{
  "dataset": "div2k_8q",
  "ordering": "bg",
  "seed": 56,
  "m": 8,
  "n": 8,
  "init": "random",
  "topk_ratio": 0.2,
  "k_train": 13107,
  "lr": 0.003,
  "batch": 50,
  "train_batch_idx": [
    7,
    14,
    30,
    31,
    75,
    96,
    108,
    111,
    122,
    134,
    139,
    142,
    143,
    151,
    159,
    161,
    165,
    167,
    169,
    177,
    179,
    200,
    208,
    240,
    250,
    261,
    263,
    273,
    275,
    281,
    296,
    304,
    312,
    328,
    331,
    351,
    352,
    360,
    408,
    417,
    432,
    447,
    448,
    450,
    462,
    463,
    467,
    471,
    473,
    481
  ],
  "max_steps": 2000,
  "grad_check_every": 5,
  "psnr": {
    "0.05": 25.23523362042274,
    "0.1": 27.811756137224947,
    "0.15": 29.84145943056659,
    "0.2": 31.659474393487198
  },
  "final_loss": 65.80214023431961,
  "total_steps": 9458,
  "per_stage_final_loss": [
    814.2699457423093,
    259.8462337466078,
    186.8929322966013,
    185.98488961561694,
    161.144090260002,
    160.25601426543503,
    154.83473310859858,
    154.47818235549215,
    153.68910104604132,
    148.80965390122103,
    148.19485232822,
    147.468934792118,
    146.9028471998391,
    146.87424666165109,
    146.87049604954294,
    145.9437516486091,
    145.67565614474995,
    145.2859646682738,
    145.2762539365672,
    144.2732215295263,
    143.10431587178562,
    143.10497169507624,
    143.09946134073954,
    143.09380918676993,
    142.79866833959662,
    141.46487143430647,
    141.47359029356417,
    141.46333269992328,
    141.45152387373744,
    141.4481570777563,
    139.72673353359573,
    139.72592332399302,
    139.72529275781258,
    139.72485111654174,
    139.71535475353198,
    139.71685615957512,
    133.10090322693225,
    133.0873447974254,
    133.0849444595044,
    133.08452546137377,
    133.08378177234493,
    133.08495254893435,
    117.1910108798545,
    117.18119624767438,
    117.1799845973208,
    117.17851162611805,
    117.17876871600654,
    117.17862230146409,
    117.17927515491483,
    97.12502939316974,
    97.12304724320602,
    97.12271361884625,
    97.1214060709426,
    97.12128151785244,
    97.12131861948768,
    97.1216653213634,
    76.30117979766881,
    76.299942431178,
    76.29905130591203,
    76.29859192155723,
    76.29861040004252,
    76.29848195288511,
    76.2993544413143,
    76.2984998846366,
    65.80315925019643,
    65.80261607096996,
    65.83359177424374,
    65.8022541410938,
    65.80219118317511,
    65.80221015122954,
    65.80217142166852,
    65.80214023431961
  ],
  "trigger_counts": {
    "grad_norm": 0,
    "loss_delta": 72,
    "max_steps": 0
  },
  "elapsed_seconds": 5277.514692268334,
  "device": "cuda:0",
  "git_sha": "894ee7c407f737c0a250a28d33487a7db7bd83d3"
}