{
  "dataset": "div2k_8q",
  "ordering": "bg",
  "seed": 77,
  "m": 8,
  "n": 8,
  "init": "random",
  "topk_ratio": 0.2,
  "k_train": 13107,
  "lr": 0.003,
  "batch": 50,
  "train_batch_idx": [
    20,
    26,
    42,
    57,
    62,
    69,
    78,
    79,
    87,
    89,
    92,
    98,
    111,
    127,
    146,
    151,
    153,
    164,
    166,
    172,
    174,
    180,
    192,
    217,
    225,
    250,
    273,
    286,
    287,
    316,
    323,
    342,
    343,
    349,
    355,
    358,
    361,
    368,
    371,
    395,
    417,
    425,
    428,
    444,
    461,
    469,
    471,
    482,
    493,
    494
  ],
  "max_steps": 2000,
  "grad_check_every": 5,
  "psnr": {
    "0.05": 25.234723337782107,
    "0.1": 27.81138316961243,
    "0.15": 29.841245014654145,
    "0.2": 31.659450026838837
  },
  "final_loss": 66.72214735699664,
  "total_steps": 8178,
  "per_stage_final_loss": [
    519.2543756385653,
    227.7463702980042,
    177.18439884370636,
    176.0750287008485,
    153.12767007643842,
    152.6748279438113,
    147.57375961824678,
    147.49483928939674,
    146.50238619531004,
    145.1135396403327,
    145.03245598484406,
    144.8459398177627,
    144.28332489203598,
    144.22485764331287,
    143.87385363561953,
    143.28708648523968,
    142.3316249734045,
    142.32023341292648,
    141.69230144408263,
    141.2473985822521,
    139.25842605009277,
    139.2587195487231,
    139.2559505014801,
    139.24779065197933,
    139.24430440391123,
    136.75406448007135,
    136.75129107082398,
    136.75061633417414,
    136.74979418687857,
    136.76055004875238,
    129.24055936729434,
    129.23883476917595,
    129.23809362348644,
    129.2374349040624,
    129.2373826979261,
    129.23220176270317,
    121.2140374081835,
    121.20845103249205,
    121.20807742292702,
    121.20775326513787,
    121.2082753205605,
    121.20874743079838,
    102.4541217166649,
    102.451108234114,
    102.45007692803415,
    102.45022367665213,
    102.4500641866881,
    102.4486987840045,
    102.45095788287512,
    82.72668173552488,
    82.72551733340809,
    82.72390912484013,
    82.72414456067094,
    82.72418792841675,
    82.7234183964562,
    82.72306945251431,
    67.59235964966547,
    67.59191990177574,
    67.59131455760252,
    67.59116846930428,
    67.59286957678738,
    67.59111221043617,
    67.59129371192597,
    67.59117305708581,
    66.72329936514856,
    66.72261509494903,
    66.72236774395576,
    66.72225662955941,
    66.72224876846921,
    66.72230909909736,
    66.72208557815007,
    66.72214735699664
  ],
  "trigger_counts": {
    "grad_norm": 0,
    "loss_delta": 72,
    "max_steps": 0
  },
  "elapsed_seconds": 4645.740245002322,
  "device": "cuda:0",
  "git_sha": "894ee7c407f737c0a250a28d33487a7db7bd83d3"
}