{
  "dataset": "div2k_8q",
  "ordering": "bg",
  "seed": 47,
  "m": 8,
  "n": 8,
  "init": "random",
  "topk_ratio": 0.2,
  "k_train": 13107,
  "lr": 0.003,
  "batch": 50,
  "train_batch_idx": [
    3,
    30,
    36,
    43,
    47,
    52,
    55,
    63,
    65,
    77,
    84,
    90,
    92,
    94,
    132,
    137,
    139,
    148,
    150,
    165,
    196,
    198,
    199,
    209,
    211,
    212,
    219,
    240,
    241,
    246,
    263,
    269,
    273,
    293,
    300,
    335,
    342,
    347,
    354,
    375,
    377,
    388,
    392,
    394,
    398,
    399,
    421,
    440,
    444,
    449
  ],
  "max_steps": 2000,
  "grad_check_every": 5,
  "psnr": {
    "0.05": 25.234704945430828,
    "0.1": 27.811416327326647,
    "0.15": 29.841036730871178,
    "0.2": 31.65915703172451
  },
  "final_loss": 68.88929859623984,
  "total_steps": 8882,
  "per_stage_final_loss": [
    281.7970804664355,
    226.40832741930194,
    187.9109686317518,
    186.97128945324926,
    166.70609288213606,
    165.48202801123668,
    161.2109808849614,
    160.9922216400415,
    160.51332996497388,
    159.55494815494262,
    159.05224605477554,
    159.058972934833,
    158.52988944246422,
    158.49220959137972,
    158.20835259406286,
    157.76092523402704,
    157.72789898284174,
    157.2479443422415,
    157.04135999466604,
    156.90955395895384,
    155.05402219309082,
    155.0505014103452,
    155.04910732542245,
    155.05094359488257,
    155.0407444397546,
    153.76355584414068,
    153.75306178685466,
    153.74096455082062,
    153.73880041703205,
    153.73252231123826,
    148.36080573132702,
    148.3577947170127,
    148.35578122772688,
    148.35410267116103,
    148.3547470206179,
    148.36888351424778,
    140.09965628020143,
    140.08465946559835,
    140.08247630940164,
    140.0826879411616,
    140.0792155709018,
    140.08052497778027,
    121.25389970114375,
    121.25118598490668,
    121.25114905231561,
    121.25115073405297,
    121.2509270730037,
    121.25006831820838,
    121.25036672046514,
    110.16243492546714,
    110.16115387635,
    110.16106540060659,
    110.16079499482687,
    110.1601082058615,
    110.15990334556012,
    110.15933212424018,
    74.31588174824212,
    74.31563405062442,
    74.31563889130663,
    74.31268972055678,
    74.31106246981037,
    74.31064780948148,
    74.32418437740043,
    74.31054195873972,
    68.88998663779523,
    68.88965355782493,
    68.88955292465113,
    68.88952155073098,
    68.88952277423448,
    68.890107918255,
    68.88933882146509,
    68.88929859623984
  ],
  "trigger_counts": {
    "grad_norm": 0,
    "loss_delta": 72,
    "max_steps": 0
  },
  "elapsed_seconds": 4944.173366134986,
  "device": "cuda:0",
  "git_sha": "8f584e16671086491acd5747515c5792c0fffec7"
}