{
  "dataset": "div2k_8q",
  "ordering": "bg",
  "seed": 81,
  "m": 8,
  "n": 8,
  "init": "random",
  "topk_ratio": 0.2,
  "k_train": 13107,
  "lr": 0.003,
  "batch": 50,
  "train_batch_idx": [
    2,
    5,
    18,
    21,
    23,
    25,
    40,
    45,
    56,
    81,
    96,
    97,
    100,
    108,
    109,
    130,
    153,
    158,
    187,
    194,
    196,
    197,
    202,
    204,
    211,
    215,
    219,
    226,
    232,
    262,
    279,
    295,
    296,
    331,
    335,
    339,
    346,
    368,
    369,
    381,
    415,
    432,
    436,
    437,
    439,
    440,
    454,
    473,
    491,
    495
  ],
  "max_steps": 2000,
  "grad_check_every": 5,
  "psnr": {
    "0.05": 25.27893207293729,
    "0.1": 27.973927668316616,
    "0.15": 30.083360048758955,
    "0.2": 31.968477406039593
  },
  "final_loss": 73.30028387571842,
  "total_steps": 8374,
  "per_stage_final_loss": [
    710.245715717905,
    258.0267060995169,
    210.57030315429557,
    208.87251061128035,
    189.37640608360928,
    187.98292048984746,
    182.1192937991793,
    181.95428622257808,
    181.4320844877366,
    177.13829384975736,
    176.57861587995555,
    176.5719458115058,
    175.24369407721343,
    175.20297343154408,
    174.76155481840703,
    174.52414824422914,
    172.99467353885285,
    172.95048186414795,
    172.93351963855616,
    172.06028970398978,
    170.60318194231746,
    170.59520622805323,
    170.5953786305464,
    170.59251545551132,
    170.57150093332663,
    170.14330665312852,
    170.1459850410752,
    170.12796616514368,
    170.1155433554547,
    169.9985221527236,
    166.50708109357925,
    166.4928101613809,
    166.4916890705554,
    166.49075901887898,
    166.48274930377116,
    166.48089215095158,
    159.97754599676406,
    159.9691880925728,
    159.96457272343372,
    159.95690182168752,
    159.9589236610968,
    159.9600377029138,
    143.02599111632625,
    143.02257454058207,
    143.02087438376165,
    143.0196476471545,
    143.01884747131336,
    143.01739777464917,
    143.0139065163591,
    135.8544027781599,
    135.88106662368696,
    135.84912575437616,
    135.84730073562093,
    135.8450278081027,
    135.845087242175,
    135.84316959610325,
    100.33108871144228,
    100.32961943992838,
    100.328558352628,
    100.3307110516341,
    100.32757608354278,
    100.32717703579421,
    100.3268080442593,
    100.3305087144307,
    73.30265082464626,
    73.30240271749216,
    73.32494088349551,
    73.30172191456391,
    73.30160451156856,
    73.30162956094519,
    73.30042465488066,
    73.30028387571842
  ],
  "trigger_counts": {
    "grad_norm": 0,
    "loss_delta": 72,
    "max_steps": 0
  },
  "elapsed_seconds": 4665.406648727134,
  "device": "cuda:0",
  "git_sha": "894ee7c407f737c0a250a28d33487a7db7bd83d3"
}