{
  "dataset": "div2k_8q",
  "ordering": "bg",
  "seed": 50,
  "m": 8,
  "n": 8,
  "init": "random",
  "topk_ratio": 0.2,
  "k_train": 13107,
  "lr": 0.003,
  "batch": 50,
  "train_batch_idx": [
    6,
    7,
    30,
    53,
    58,
    59,
    87,
    108,
    110,
    117,
    125,
    128,
    134,
    143,
    156,
    184,
    188,
    206,
    218,
    249,
    258,
    261,
    268,
    270,
    280,
    293,
    296,
    298,
    306,
    310,
    314,
    323,
    324,
    350,
    352,
    355,
    374,
    378,
    380,
    385,
    433,
    445,
    446,
    465,
    472,
    473,
    474,
    478,
    497,
    498
  ],
  "max_steps": 2000,
  "grad_check_every": 5,
  "psnr": {
    "0.05": 25.235188081817864,
    "0.1": 27.811938350219688,
    "0.15": 29.84172676489821,
    "0.2": 31.660042467628287
  },
  "final_loss": 64.88070745042131,
  "total_steps": 10202,
  "per_stage_final_loss": [
    475.8478945728621,
    209.91301432120736,
    170.99110035227866,
    170.13503541234914,
    158.50008014467494,
    157.71282280714763,
    152.46064990233978,
    151.9385531941681,
    151.38476378556135,
    147.49827842208848,
    147.09968256925342,
    146.31510833138242,
    145.133243569005,
    145.13344737828308,
    144.40098881348808,
    144.39927386323848,
    143.56424678542254,
    143.56284203605085,
    143.1734643320378,
    142.62601927374502,
    142.61131190397987,
    142.58427507224494,
    142.57800771549933,
    142.46694001976417,
    141.56574598556128,
    141.2504678250235,
    141.2486736971364,
    141.0754025446518,
    140.93900907161193,
    140.69137882645327,
    138.88387743392633,
    138.8813674788655,
    138.88185621193972,
    138.88238932926043,
    138.88082858676827,
    138.85670727123082,
    136.3077859098775,
    135.35537112911257,
    135.35592805414913,
    135.35536105336004,
    135.35445634465083,
    135.3492902478996,
    126.07800837580864,
    126.06601560600308,
    126.06672022596429,
    126.06508156203913,
    126.06642233845777,
    126.06389643296757,
    126.06294812945616,
    115.02016194806654,
    115.01808989555673,
    115.01745241289998,
    115.01495898314553,
    115.01510866934254,
    115.01442075705647,
    115.01467877837649,
    89.80929343643817,
    89.80694047378958,
    89.80651997661484,
    89.80580471730632,
    89.8048324399296,
    89.8046407836278,
    89.80452281358826,
    89.80449168748413,
    64.88125596080336,
    64.88085554639716,
    64.8809738218621,
    64.88086098273801,
    64.88078516003472,
    64.88072171179257,
    64.88066332306113,
    64.88070745042131
  ],
  "trigger_counts": {
    "grad_norm": 0,
    "loss_delta": 72,
    "max_steps": 0
  },
  "elapsed_seconds": 5686.3635813565925,
  "device": "cuda:0",
  "git_sha": "8f584e16671086491acd5747515c5792c0fffec7"
}