{
  "dataset": "div2k_8q",
  "ordering": "bg",
  "seed": 89,
  "m": 8,
  "n": 8,
  "init": "random",
  "topk_ratio": 0.2,
  "k_train": 13107,
  "lr": 0.003,
  "batch": 50,
  "train_batch_idx": [
    5,
    9,
    20,
    33,
    63,
    72,
    79,
    83,
    113,
    120,
    129,
    134,
    138,
    148,
    149,
    159,
    161,
    164,
    168,
    169,
    177,
    178,
    184,
    191,
    227,
    233,
    248,
    260,
    272,
    279,
    307,
    308,
    318,
    328,
    333,
    337,
    339,
    349,
    359,
    361,
    362,
    365,
    384,
    387,
    416,
    424,
    441,
    448,
    470,
    472
  ],
  "max_steps": 2000,
  "grad_check_every": 5,
  "psnr": {
    "0.05": 25.280279501956933,
    "0.1": 27.97507598219563,
    "0.15": 30.085000194762095,
    "0.2": 31.969900227955495
  },
  "final_loss": 69.39820673469487,
  "total_steps": 9283,
  "per_stage_final_loss": [
    611.7259841637941,
    260.04777945934313,
    200.0621218688839,
    198.8659829072502,
    173.25408595201796,
    173.16310610309844,
    168.16570972281042,
    168.10656767534067,
    167.95325349040905,
    162.55054524293854,
    162.33543600486016,
    162.20486750896035,
    161.4810212113853,
    161.304916074327,
    161.30394019121704,
    160.8229650214398,
    159.57864085839896,
    159.57276382407235,
    159.53000793427117,
    159.11920019930378,
    157.31181418883057,
    157.30993932066053,
    157.3090351271338,
    157.30946243438845,
    157.30607280037404,
    151.57339304777486,
    151.57255798929538,
    151.5712713107485,
    151.5707637128615,
    151.61265017296355,
    150.46596375604975,
    150.4660368686064,
    150.46514638307025,
    150.46154395272237,
    150.46044187412758,
    150.45864181808452,
    141.5391086290128,
    141.52452953605015,
    141.52167648055038,
    141.5307611075618,
    141.51995868643021,
    141.51937980961304,
    120.60736646366111,
    120.60216215728106,
    120.60063994620909,
    120.60066304467068,
    120.59733002844209,
    120.59765904372973,
    120.5964766506283,
    101.96274548543667,
    101.96146882420146,
    101.95936666159072,
    101.958792706409,
    101.9590401474778,
    101.95844677428325,
    101.95895912054065,
    87.35695666842439,
    87.35707531628778,
    87.35616173782275,
    87.35608658891806,
    87.35606198942057,
    87.35601358220494,
    87.35591339208044,
    87.35544013105948,
    69.40129579842765,
    69.40084898476164,
    69.40052419415913,
    69.39848603320064,
    69.39955198144901,
    69.39850705117162,
    69.39821066947216,
    69.39820673469487
  ],
  "trigger_counts": {
    "grad_norm": 0,
    "loss_delta": 72,
    "max_steps": 0
  },
  "elapsed_seconds": 5167.5578917860985,
  "device": "cuda:0",
  "git_sha": "894ee7c407f737c0a250a28d33487a7db7bd83d3"
}