{
  "dataset": "div2k_8q",
  "ordering": "bg",
  "seed": 58,
  "m": 8,
  "n": 8,
  "init": "random",
  "topk_ratio": 0.2,
  "k_train": 13107,
  "lr": 0.003,
  "batch": 50,
  "train_batch_idx": [
    4,
    13,
    45,
    48,
    64,
    80,
    95,
    101,
    110,
    125,
    128,
    132,
    139,
    141,
    175,
    201,
    219,
    224,
    230,
    246,
    252,
    257,
    259,
    260,
    269,
    276,
    282,
    290,
    302,
    313,
    334,
    338,
    355,
    361,
    389,
    397,
    399,
    429,
    433,
    434,
    452,
    455,
    456,
    459,
    465,
    475,
    480,
    484,
    485,
    492
  ],
  "max_steps": 2000,
  "grad_check_every": 5,
  "psnr": {
    "0.05": 25.214216121875257,
    "0.1": 27.800406861060907,
    "0.15": 29.83443978649034,
    "0.2": 31.65529507697379
  },
  "final_loss": 54.909353169056374,
  "total_steps": 10668,
  "per_stage_final_loss": [
    479.7686608178639,
    200.12723619981975,
    161.96629224512833,
    161.53254232385362,
    140.83209755435644,
    140.30279915256818,
    140.02151371348265,
    139.65660338587958,
    139.32428776846896,
    138.23828533763327,
    138.23469557733307,
    137.64157594663214,
    136.13821846490225,
    135.97188649357233,
    135.96825013920804,
    135.81726382353438,
    135.20306497386218,
    135.20062743789276,
    134.9002995461828,
    134.54134261188761,
    133.39622394597112,
    133.39567256894216,
    133.37695988036168,
    133.33189943593007,
    133.32403851528798,
    131.98869201346037,
    131.97928709915763,
    131.98074544753447,
    131.94905232954642,
    131.9443158682031,
    128.78338396603965,
    128.7818105418603,
    128.77972532282337,
    128.77819613749486,
    128.77612615685482,
    128.77562190679376,
    127.11277782535163,
    127.108097768715,
    127.10625614785077,
    127.10269881871729,
    127.10515291124582,
    127.10293731543553,
    116.90357901865235,
    116.90006895151839,
    116.89986593609925,
    116.89936056328537,
    116.90078463528958,
    116.8986726600993,
    116.89640978384605,
    103.527917165572,
    103.52557973045403,
    103.52518721728127,
    103.52460207289242,
    103.52463418578503,
    103.52404638638298,
    103.52568854379935,
    79.22850026983454,
    79.22893350269497,
    79.22794467971534,
    79.22707933795421,
    79.22689557315273,
    79.2266292904472,
    79.22648122993685,
    79.22678686868872,
    54.865080320581455,
    54.86492400247942,
    54.864692092903425,
    54.8640895203566,
    54.86385259085144,
    54.86313281093666,
    54.86291976339133,
    54.909353169056374
  ],
  "trigger_counts": {
    "grad_norm": 0,
    "loss_delta": 72,
    "max_steps": 0
  },
  "elapsed_seconds": 5856.361258640885,
  "device": "cuda:0",
  "git_sha": "894ee7c407f737c0a250a28d33487a7db7bd83d3"
}