{
  "dataset": "div2k_8q",
  "ordering": "bg",
  "seed": 80,
  "m": 8,
  "n": 8,
  "init": "random",
  "topk_ratio": 0.2,
  "k_train": 13107,
  "lr": 0.003,
  "batch": 50,
  "train_batch_idx": [
    0,
    1,
    8,
    16,
    25,
    40,
    61,
    64,
    72,
    81,
    103,
    108,
    114,
    120,
    139,
    143,
    144,
    155,
    159,
    172,
    211,
    237,
    261,
    269,
    272,
    275,
    283,
    289,
    296,
    299,
    301,
    306,
    310,
    320,
    332,
    334,
    348,
    355,
    361,
    366,
    378,
    397,
    409,
    414,
    431,
    475,
    478,
    487,
    494,
    495
  ],
  "max_steps": 2000,
  "grad_check_every": 5,
  "psnr": {
    "0.05": 25.279460006570343,
    "0.1": 27.974066088511282,
    "0.15": 30.083808186465472,
    "0.2": 31.968880363359848
  },
  "final_loss": 60.07685182763492,
  "total_steps": 7582,
  "per_stage_final_loss": [
    540.118679783757,
    257.1873958600417,
    184.63815816733901,
    184.4803862633874,
    158.54484314949653,
    158.3959677391244,
    153.44270541026248,
    152.3756241537078,
    152.16409451606893,
    145.8531470824051,
    145.85216160531238,
    145.63622801003424,
    144.46223082527962,
    144.37058154319033,
    144.3544595629324,
    144.01701603587233,
    143.12863871646337,
    142.4721432074563,
    141.38080545339002,
    141.26361515120104,
    139.09238586079496,
    139.09098101431707,
    139.09137270664797,
    139.09123364894725,
    139.07970997916692,
    134.55553176937775,
    134.5466731115495,
    134.54607447758994,
    134.5455336666899,
    134.53938453592178,
    131.2848620313036,
    131.2828337256263,
    131.28303768225567,
    131.28474868421188,
    131.28222990169155,
    131.2807337788255,
    130.65701540928416,
    130.6577664837912,
    130.65721078709547,
    130.65983866584975,
    130.65289390949437,
    130.65285277515855,
    124.84658368155102,
    124.84332629827901,
    124.84346840200226,
    125.13044480678823,
    124.84324513600052,
    124.84150364577214,
    124.84123166348098,
    107.76756365987686,
    107.76314701813179,
    107.76072744770956,
    107.76055577248779,
    107.76029898455873,
    107.758702142305,
    107.76080438449073,
    88.78276289536447,
    88.78215861650432,
    88.78171902579145,
    88.78191821869613,
    88.78122613451373,
    88.78092805936835,
    88.78418633008896,
    88.78080747950361,
    60.079793743400955,
    60.07955351169225,
    60.07920706581688,
    60.07906628601398,
    60.07935952126928,
    60.07833788142396,
    60.077853303146966,
    60.07685182763492
  ],
  "trigger_counts": {
    "grad_norm": 0,
    "loss_delta": 72,
    "max_steps": 0
  },
  "elapsed_seconds": 9380.059841057286,
  "device": "cuda:0",
  "git_sha": "894ee7c407f737c0a250a28d33487a7db7bd83d3"
}