{
  "dataset": "div2k_8q",
  "ordering": "bg",
  "seed": 16,
  "m": 8,
  "n": 8,
  "init": "random",
  "topk_ratio": 0.2,
  "k_train": 13107,
  "lr": 0.003,
  "batch": 50,
  "train_batch_idx": [
    2,
    6,
    10,
    20,
    21,
    33,
    42,
    62,
    69,
    73,
    79,
    87,
    90,
    102,
    124,
    136,
    138,
    147,
    158,
    159,
    192,
    195,
    202,
    210,
    214,
    241,
    242,
    246,
    256,
    278,
    285,
    321,
    329,
    330,
    348,
    368,
    370,
    373,
    377,
    380,
    397,
    405,
    413,
    434,
    439,
    460,
    468,
    470,
    474,
    497
  ],
  "max_steps": 2000,
  "grad_check_every": 5,
  "psnr": {
    "0.05": 25.235001465413617,
    "0.1": 27.81188563283582,
    "0.15": 29.841531919070814,
    "0.2": 31.66008615404248
  },
  "final_loss": 64.96903538095907,
  "total_steps": 9365,
  "per_stage_final_loss": [
    413.3520756846714,
    223.45473475131325,
    182.89906690046215,
    181.69505436336667,
    157.62373982893152,
    156.26585019277843,
    151.51920052028797,
    151.3508605914158,
    150.27908798003747,
    147.85468776868103,
    147.81345777487564,
    147.55920985258348,
    145.83265267294755,
    145.77213084409448,
    145.65319365575291,
    144.96604079261493,
    143.61668826030532,
    143.51478097748702,
    143.19375262540171,
    142.53342523718476,
    142.03787000625132,
    142.0375023286232,
    142.034187067067,
    142.02560192042952,
    142.01957637869234,
    139.64278621419786,
    139.6319921001293,
    139.6313954230249,
    139.6303974444795,
    139.60933926328804,
    132.72680638113408,
    132.7228974133413,
    132.71385877125417,
    132.71304946487908,
    132.7106133177563,
    132.71362439101685,
    126.89785130486355,
    126.89690271396647,
    126.8943932022456,
    126.89262773217543,
    126.8915800114044,
    126.8909950070546,
    108.95224714757033,
    108.91959059432588,
    108.91455856744975,
    108.9139229154399,
    108.95755484978338,
    108.91278408781888,
    108.9122409919657,
    86.91891773588061,
    86.92397731998165,
    86.92173640072528,
    86.9147931510538,
    86.91866988386438,
    86.91789586538651,
    86.91819931324724,
    70.30527055028485,
    70.30426408062928,
    70.30368442904896,
    70.30355850155198,
    70.30332510071283,
    70.30319223840573,
    70.30287124491394,
    70.30222379621922,
    64.97100130683671,
    64.97074559722189,
    64.97067208366688,
    64.97041051612536,
    64.96985390743582,
    64.96987265756091,
    64.96989122184888,
    64.96903538095907
  ],
  "trigger_counts": {
    "grad_norm": 0,
    "loss_delta": 72,
    "max_steps": 0
  },
  "elapsed_seconds": 3735.8822956979275,
  "device": "cuda:0",
  "git_sha": "5c2d8282104b3081f6b073074cdcfe12a6a6c78c"
}