{
  "dataset": "div2k_8q",
  "ordering": "bg",
  "seed": 90,
  "m": 8,
  "n": 8,
  "init": "random",
  "topk_ratio": 0.2,
  "k_train": 13107,
  "lr": 0.003,
  "batch": 50,
  "train_batch_idx": [
    0,
    30,
    38,
    40,
    43,
    57,
    59,
    62,
    92,
    97,
    104,
    132,
    145,
    148,
    154,
    168,
    180,
    191,
    194,
    199,
    205,
    220,
    236,
    241,
    242,
    245,
    276,
    295,
    307,
    309,
    317,
    320,
    324,
    328,
    330,
    331,
    334,
    341,
    369,
    396,
    399,
    402,
    406,
    423,
    446,
    449,
    451,
    457,
    484,
    492
  ],
  "max_steps": 2000,
  "grad_check_every": 5,
  "psnr": {
    "0.05": 25.234565307891863,
    "0.1": 27.811261733414902,
    "0.15": 29.841058672336107,
    "0.2": 31.659150013798026
  },
  "final_loss": 63.761694375379584,
  "total_steps": 9198,
  "per_stage_final_loss": [
    461.1333161127349,
    223.70891707057228,
    194.1452853760135,
    193.31971296028405,
    169.35447085653584,
    167.91229413577955,
    161.99377433753313,
    161.9294974603115,
    161.4803621111992,
    156.11136701327186,
    155.5961005462944,
    155.5477977758916,
    154.0310793661678,
    153.95745541980457,
    153.96016322239146,
    153.64050273156482,
    153.4892143237935,
    153.4578473113051,
    153.4198514958902,
    152.48379408538307,
    151.1617995272096,
    151.16932688800003,
    151.16863583229798,
    151.13353372776427,
    151.0880916097259,
    149.36221266229126,
    149.36130856289154,
    149.36883224475514,
    149.36255319607758,
    149.35297157594343,
    143.47598935051766,
    143.46974378546886,
    143.45729293081038,
    143.45468070458276,
    143.45243399301867,
    143.45442792417614,
    137.3295560064965,
    137.3286347992564,
    137.3258276056307,
    137.32749776319213,
    137.3253475646892,
    137.3251838790473,
    119.88219843437496,
    119.87834107307732,
    119.87390263826849,
    119.86931265598986,
    119.86700687747309,
    119.86698528152338,
    119.86679470073706,
    103.22732021649843,
    103.22232354395433,
    103.22270791090268,
    103.22168821360742,
    103.22177793714553,
    103.22186458376513,
    103.22205869755203,
    78.58124980638325,
    78.58016247098871,
    78.57973920824651,
    78.57792967981128,
    78.57809253348097,
    78.57805493269503,
    78.57735264066739,
    78.57729914329202,
    63.76414520094753,
    63.76247669168175,
    63.76247426148798,
    63.76232895450244,
    63.762900883715346,
    63.761945816817644,
    63.76174019294315,
    63.761694375379584
  ],
  "trigger_counts": {
    "grad_norm": 0,
    "loss_delta": 72,
    "max_steps": 0
  },
  "elapsed_seconds": 5164.21918558795,
  "device": "cuda:0",
  "git_sha": "894ee7c407f737c0a250a28d33487a7db7bd83d3"
}