{
  "dataset": "div2k_8q",
  "ordering": "bg",
  "seed": 79,
  "m": 8,
  "n": 8,
  "init": "random",
  "topk_ratio": 0.2,
  "k_train": 13107,
  "lr": 0.003,
  "batch": 50,
  "train_batch_idx": [
    7,
    16,
    19,
    22,
    27,
    28,
    32,
    36,
    39,
    40,
    41,
    48,
    52,
    58,
    69,
    94,
    134,
    146,
    174,
    188,
    221,
    241,
    281,
    284,
    292,
    293,
    323,
    327,
    341,
    344,
    369,
    377,
    399,
    402,
    407,
    415,
    420,
    424,
    440,
    443,
    448,
    457,
    460,
    462,
    464,
    467,
    473,
    479,
    488,
    496
  ],
  "max_steps": 2000,
  "grad_check_every": 5,
  "psnr": {
    "0.05": 25.28045418161128,
    "0.1": 27.975462081159126,
    "0.15": 30.085315206561912,
    "0.2": 31.970240275923803
  },
  "final_loss": 74.42776192758296,
  "total_steps": 9084,
  "per_stage_final_loss": [
    460.0888840360973,
    223.99162332884458,
    195.56640812817255,
    194.35634024570908,
    176.7818236500679,
    176.16401448947337,
    174.08485253022656,
    173.6673602871758,
    173.2761161028332,
    168.671157622605,
    168.65598400109192,
    167.94746499965956,
    166.32818951296034,
    166.3205646160681,
    166.3131097593809,
    165.87835399769415,
    165.11644035748625,
    165.08063343960626,
    164.87613141160386,
    164.25701216571255,
    163.79697896294851,
    163.73524155702464,
    163.73826875399166,
    163.38525727645083,
    163.2988460214324,
    162.7645189429461,
    162.7619627750953,
    162.73239918061037,
    162.71651087818455,
    162.2343710949578,
    159.7692526029186,
    159.68295609726363,
    159.674985024082,
    159.67402999940163,
    159.67464547359106,
    159.67389496567037,
    155.12432230561097,
    155.07841391039193,
    155.07640018028277,
    155.0768217349435,
    155.07386793591684,
    155.0738073757894,
    143.54926091925344,
    143.55173650037818,
    143.54696160783143,
    143.54923965815783,
    143.54710045987852,
    143.54625436545163,
    143.54470242530138,
    130.0122090889758,
    130.0052952960381,
    129.99834231934304,
    129.99820347703186,
    129.99755919821183,
    129.99774619647746,
    129.99860657896468,
    105.7853037821043,
    105.77916048390064,
    105.77808728430337,
    102.11493568145022,
    102.11063889409951,
    102.11191773825846,
    102.11180465432473,
    102.11405870553514,
    74.43004707555298,
    74.42958448355341,
    74.4290567392254,
    74.42868796961233,
    74.4283502064955,
    74.42795083333962,
    74.42743233953667,
    74.42776192758296
  ],
  "trigger_counts": {
    "grad_norm": 0,
    "loss_delta": 72,
    "max_steps": 0
  },
  "elapsed_seconds": 4918.7063478706405,
  "device": "cuda:0",
  "git_sha": "894ee7c407f737c0a250a28d33487a7db7bd83d3"
}