{
  "dataset": "div2k_8q",
  "ordering": "bg",
  "seed": 25,
  "m": 8,
  "n": 8,
  "init": "random",
  "topk_ratio": 0.2,
  "k_train": 13107,
  "lr": 0.003,
  "batch": 50,
  "train_batch_idx": [
    0,
    13,
    43,
    56,
    68,
    70,
    71,
    72,
    89,
    94,
    98,
    105,
    106,
    119,
    135,
    141,
    142,
    143,
    168,
    185,
    202,
    203,
    205,
    219,
    227,
    247,
    253,
    261,
    268,
    271,
    274,
    277,
    288,
    318,
    332,
    335,
    347,
    361,
    366,
    374,
    375,
    383,
    387,
    434,
    443,
    459,
    463,
    475,
    476,
    499
  ],
  "max_steps": 2000,
  "grad_check_every": 5,
  "psnr": {
    "0.05": 25.278510455672716,
    "0.1": 27.973410758343935,
    "0.15": 30.082992164706504,
    "0.2": 31.967843508236083
  },
  "final_loss": 56.21952006861007,
  "total_steps": 9219,
  "per_stage_final_loss": [
    389.5402111120834,
    244.0748391152679,
    184.48508994060336,
    183.94811558228926,
    158.0988101390396,
    158.0881082660363,
    152.16972180300417,
    152.07043340693602,
    151.91147363118827,
    146.69929563172016,
    146.66379817786367,
    145.74409234133304,
    144.62607117805317,
    144.24915475560567,
    144.24831718902243,
    144.12158192096416,
    143.1276491751045,
    142.9335149381377,
    142.93224741618064,
    142.85810823541937,
    142.00406672696477,
    141.99798982538712,
    141.9937634699645,
    141.9938188417854,
    141.98465429072775,
    139.75642303884922,
    139.72778838373205,
    139.72809210057815,
    139.726331213479,
    139.71398970201392,
    132.65173225422498,
    132.65095587552113,
    132.64985094187077,
    132.64898020830879,
    132.6476532820887,
    132.6467929287673,
    128.41477725402135,
    128.4054315878416,
    128.4054667639554,
    128.4047514206771,
    128.40490760444246,
    128.39869325812302,
    111.03878270058009,
    111.03088389218568,
    111.0304066031974,
    111.03001659172331,
    111.02963459434093,
    111.02930230424934,
    111.02922133341863,
    108.85645955515687,
    108.85348931040268,
    108.85349067085005,
    108.8532560945614,
    108.85315390124892,
    108.85339894986886,
    108.85254339507435,
    81.4825028849122,
    81.48155791905188,
    81.48373388189981,
    81.48150436293419,
    81.48137428032418,
    81.48167948997497,
    81.4808636560071,
    81.48224274948409,
    56.22243084842358,
    56.22237866051699,
    56.22198408059806,
    56.221363612151215,
    56.22061049329117,
    56.2201464980833,
    56.22010610231646,
    56.21952006861007
  ],
  "trigger_counts": {
    "grad_norm": 0,
    "loss_delta": 72,
    "max_steps": 0
  },
  "elapsed_seconds": 5220.391606416553,
  "device": "cuda:0",
  "git_sha": "5c2d8282104b3081f6b073074cdcfe12a6a6c78c"
}