{
  "dataset": "div2k_8q",
  "ordering": "bg",
  "seed": 43,
  "m": 8,
  "n": 8,
  "init": "random",
  "topk_ratio": 0.2,
  "k_train": 13107,
  "lr": 0.003,
  "batch": 50,
  "train_batch_idx": [
    1,
    6,
    9,
    19,
    69,
    89,
    103,
    122,
    126,
    127,
    132,
    133,
    149,
    176,
    181,
    183,
    195,
    196,
    202,
    204,
    211,
    213,
    219,
    227,
    230,
    238,
    262,
    265,
    270,
    294,
    299,
    348,
    370,
    384,
    391,
    406,
    409,
    422,
    428,
    444,
    450,
    462,
    465,
    466,
    469,
    489,
    490,
    495,
    496,
    498
  ],
  "max_steps": 2000,
  "grad_check_every": 5,
  "psnr": {
    "0.05": 25.279625437409713,
    "0.1": 27.974392426621407,
    "0.15": 30.083847480554812,
    "0.2": 31.968857299913076
  },
  "final_loss": 64.23264180449188,
  "total_steps": 7931,
  "per_stage_final_loss": [
    249.01485135839619,
    192.00297381599196,
    176.4049482727908,
    175.51756668573864,
    153.8578354003902,
    153.11968229146956,
    150.2529989616197,
    149.80665345028854,
    149.04689521449365,
    143.1668622609061,
    143.00085367822493,
    142.2124014274898,
    141.96470070404635,
    141.88123960126038,
    141.4077352919717,
    141.35362998834924,
    140.8815828382162,
    140.88118194535866,
    140.14929169897428,
    139.8542798171426,
    137.30567143994347,
    137.3017046401105,
    137.3018145354153,
    137.2975992231942,
    137.28674597609697,
    136.76829515208829,
    136.7647464647647,
    136.7567626740624,
    136.75567190715364,
    136.75262545093537,
    128.85675765105108,
    128.85524449667847,
    128.85319595968897,
    128.85325474031882,
    128.8517016046822,
    128.84745233583726,
    122.29805749650372,
    122.29375704630638,
    122.28948785732204,
    122.28936480295268,
    122.28623314409157,
    122.28611710770637,
    105.91173925033723,
    105.90479506005786,
    105.90437420748458,
    105.90464214652611,
    105.90194931958654,
    105.90164095161651,
    105.90070409693108,
    83.88706407704134,
    83.88630370241349,
    83.88613945349647,
    83.88721116081216,
    83.8845023371096,
    83.88448054684297,
    83.88436372662778,
    65.34357325123338,
    65.34283173676184,
    65.34306537239542,
    65.34221696993957,
    65.34126031903213,
    65.34033164977322,
    65.34115205813144,
    65.3400361075281,
    64.23327698384485,
    64.23327323882837,
    64.23311543849705,
    64.23321450167556,
    64.23285473784482,
    64.2465710716706,
    64.23183753636941,
    64.23264180449188
  ],
  "trigger_counts": {
    "grad_norm": 0,
    "loss_delta": 72,
    "max_steps": 0
  },
  "elapsed_seconds": 4510.9352429602295,
  "device": "cuda:0",
  "git_sha": "8f584e16671086491acd5747515c5792c0fffec7"
}