{
  "dataset": "div2k_8q",
  "ordering": "bg",
  "seed": 60,
  "m": 8,
  "n": 8,
  "init": "random",
  "topk_ratio": 0.2,
  "k_train": 13107,
  "lr": 0.003,
  "batch": 50,
  "train_batch_idx": [
    0,
    9,
    12,
    16,
    24,
    37,
    47,
    54,
    78,
    101,
    104,
    105,
    144,
    146,
    150,
    159,
    178,
    179,
    182,
    184,
    199,
    210,
    211,
    241,
    247,
    253,
    254,
    270,
    272,
    275,
    289,
    320,
    356,
    372,
    390,
    397,
    407,
    416,
    434,
    436,
    442,
    446,
    448,
    449,
    453,
    462,
    466,
    479,
    497,
    499
  ],
  "max_steps": 2000,
  "grad_check_every": 5,
  "psnr": {
    "0.05": 25.28045329795934,
    "0.1": 27.975234873571534,
    "0.15": 30.08504551457278,
    "0.2": 31.96996154473181
  },
  "final_loss": 58.43824372472021,
  "total_steps": 8644,
  "per_stage_final_loss": [
    415.36400853552396,
    190.88899360263156,
    164.5564219559128,
    163.0866176600832,
    142.59620435721882,
    142.5327749312602,
    138.08857545155115,
    137.61223737872407,
    137.4562740187113,
    137.19216151645765,
    136.79701835161782,
    136.6464103407121,
    136.61010642645508,
    136.5317544057661,
    136.34645336313173,
    135.3456626971574,
    134.67558814521388,
    134.42679156776703,
    133.99547231956367,
    133.62645058452995,
    130.18766538340637,
    130.1921143290226,
    130.18946400020124,
    130.18860230505774,
    130.18635772452234,
    129.303869186116,
    129.300945590216,
    129.29820123717025,
    129.2722263738703,
    129.24851786074848,
    125.00359062354782,
    124.99317915725108,
    124.99106861768965,
    124.99137687991917,
    124.98896359081812,
    124.98959513582238,
    119.44977320874209,
    119.44676127972787,
    119.44633171174826,
    119.44660255691132,
    119.44607172687604,
    119.44592848468747,
    111.33567839524066,
    111.33553326186544,
    111.33460384142752,
    111.33458998274727,
    111.33408804985136,
    111.33533758587565,
    111.33339341505864,
    94.80645924072046,
    94.80547998008672,
    94.80361753630665,
    94.80268564727265,
    94.80155142266995,
    94.80025353303736,
    94.80115892473563,
    87.34277053511221,
    87.34171816253165,
    87.34070970811227,
    87.3407154964556,
    87.34049947917916,
    87.34040769430773,
    87.3404368254331,
    87.3407732964369,
    58.44299872479901,
    58.441405438972474,
    58.44078911453142,
    58.438859793311984,
    58.440444108419285,
    58.439758824304306,
    58.43854515558189,
    58.43824372472021
  ],
  "trigger_counts": {
    "grad_norm": 0,
    "loss_delta": 72,
    "max_steps": 0
  },
  "elapsed_seconds": 10529.317921595648,
  "device": "cuda:0",
  "git_sha": "894ee7c407f737c0a250a28d33487a7db7bd83d3"
}