{
  "dataset": "div2k_8q",
  "ordering": "bg",
  "seed": 55,
  "m": 8,
  "n": 8,
  "init": "random",
  "topk_ratio": 0.2,
  "k_train": 13107,
  "lr": 0.003,
  "batch": 50,
  "train_batch_idx": [
    3,
    7,
    12,
    20,
    28,
    31,
    39,
    54,
    99,
    100,
    105,
    121,
    153,
    156,
    159,
    162,
    167,
    181,
    188,
    199,
    212,
    226,
    230,
    236,
    246,
    258,
    264,
    270,
    276,
    284,
    285,
    320,
    323,
    326,
    329,
    331,
    347,
    348,
    356,
    365,
    373,
    376,
    395,
    434,
    441,
    468,
    472,
    478,
    480,
    498
  ],
  "max_steps": 2000,
  "grad_check_every": 5,
  "psnr": {
    "0.05": 25.234456446688938,
    "0.1": 27.811021136418557,
    "0.15": 29.84066404874472,
    "0.2": 31.65904035397733
  },
  "final_loss": 61.30412237632412,
  "total_steps": 10071,
  "per_stage_final_loss": [
    441.42789425027763,
    188.76152096103795,
    158.5592393269005,
    157.45038643572568,
    153.77697858435855,
    152.68821493947164,
    146.07953672152658,
    145.61189535242121,
    145.54309630849897,
    142.37834557190857,
    142.35917033620535,
    141.5303087542131,
    141.52210751259622,
    141.42945774203193,
    140.47784194275224,
    140.40051715199283,
    139.3824821049739,
    139.10931402217508,
    138.97949306460075,
    138.40992346434433,
    137.49576620833096,
    137.4931791050513,
    137.4843818566525,
    137.4818354466171,
    137.37794882798187,
    135.63608048648877,
    135.63246393464036,
    135.6237378154261,
    135.6242197465559,
    135.61664012373683,
    128.76414070619344,
    128.76345750102234,
    128.761543817847,
    128.76162716388387,
    128.76007543975604,
    128.76153034374317,
    119.82792940689309,
    119.82744889057128,
    119.82686957550287,
    119.82654029295918,
    119.82651220283064,
    119.82654455760242,
    103.76251723536609,
    103.74893631807612,
    103.74774084208266,
    103.74729743536017,
    103.74878925483057,
    103.74346957213126,
    103.74277342280341,
    89.96667750765319,
    89.96641481811065,
    89.96593402543643,
    89.96605869727408,
    89.9659636903887,
    89.96563339959927,
    89.96486062430215,
    75.54094765183278,
    75.5328109441292,
    75.6352559935143,
    75.52994831257806,
    75.52957523972057,
    75.52894509944768,
    75.5285305132657,
    75.52918220613213,
    61.30663557822198,
    61.30564824794694,
    61.30553539118542,
    61.30541138403713,
    61.30656980526887,
    61.30586389776856,
    61.304756413496655,
    61.30412237632412
  ],
  "trigger_counts": {
    "grad_norm": 0,
    "loss_delta": 72,
    "max_steps": 0
  },
  "elapsed_seconds": 5544.0089583983645,
  "device": "cuda:0",
  "git_sha": "894ee7c407f737c0a250a28d33487a7db7bd83d3"
}