{
  "dataset": "div2k_8q",
  "ordering": "bg",
  "seed": 62,
  "m": 8,
  "n": 8,
  "init": "random",
  "topk_ratio": 0.2,
  "k_train": 13107,
  "lr": 0.003,
  "batch": 50,
  "train_batch_idx": [
    10,
    12,
    53,
    55,
    56,
    101,
    102,
    105,
    110,
    119,
    131,
    132,
    147,
    149,
    156,
    159,
    178,
    201,
    210,
    211,
    225,
    226,
    228,
    237,
    238,
    246,
    249,
    256,
    257,
    259,
    275,
    303,
    306,
    308,
    312,
    318,
    338,
    339,
    355,
    365,
    386,
    390,
    405,
    407,
    416,
    418,
    427,
    430,
    447,
    476
  ],
  "max_steps": 2000,
  "grad_check_every": 5,
  "psnr": {
    "0.05": 25.234319159477636,
    "0.1": 27.81085532555452,
    "0.15": 29.84026462213873,
    "0.2": 31.65865710244274
  },
  "final_loss": 64.05042581566968,
  "total_steps": 8850,
  "per_stage_final_loss": [
    533.1152568861917,
    226.65520565666063,
    176.44444045900428,
    176.38661793883176,
    157.28127947107868,
    155.9803062534489,
    150.30300517873013,
    150.04334854070422,
    149.75687528122953,
    144.60809366230032,
    144.099866548878,
    143.9887806516029,
    142.12083507402284,
    142.0755326462767,
    142.07438046391724,
    141.97796876919662,
    140.72614462344336,
    140.72088635312102,
    140.03997252092972,
    139.99941600501185,
    139.34358876421078,
    139.34190607282628,
    139.34449106154287,
    139.34210343364714,
    139.31651117856163,
    136.43097246248658,
    136.42997962057905,
    136.43507955716333,
    136.42646602216763,
    136.43059084334234,
    134.25025978404784,
    134.2494740296104,
    134.24852870203543,
    134.24681012055572,
    134.24642285010066,
    134.24625724947896,
    126.61683452674664,
    126.60983561565918,
    126.61019635644094,
    126.61047999259301,
    126.6061673213958,
    126.60591611367175,
    115.92964393311787,
    115.9379960036773,
    115.92318663939774,
    115.92173172208106,
    115.9203617652039,
    115.92337551768728,
    115.91884304747607,
    99.80096579283267,
    99.80082520026164,
    99.79775009901424,
    99.79497043277337,
    99.79460570695896,
    99.79453880809795,
    99.79675205365184,
    70.33844588120319,
    70.33690567670598,
    70.33624879452013,
    70.33596578821232,
    70.33551428952745,
    70.33536701586607,
    70.335341961391,
    70.33538173338071,
    64.05264502006077,
    64.05158314855811,
    64.0513900412559,
    64.05120603319443,
    64.05107851658511,
    64.05092158758048,
    64.05079239320015,
    64.05042581566968
  ],
  "trigger_counts": {
    "grad_norm": 0,
    "loss_delta": 72,
    "max_steps": 0
  },
  "elapsed_seconds": 10914.100183870643,
  "device": "cuda:0",
  "git_sha": "894ee7c407f737c0a250a28d33487a7db7bd83d3"
}