{
  "dataset": "div2k_8q",
  "ordering": "bg",
  "seed": 5,
  "m": 8,
  "n": 8,
  "init": "random",
  "topk_ratio": 0.2,
  "k_train": 13107,
  "lr": 0.003,
  "batch": 50,
  "train_batch_idx": [
    0,
    10,
    21,
    22,
    24,
    29,
    31,
    55,
    60,
    69,
    85,
    89,
    92,
    111,
    125,
    128,
    130,
    134,
    177,
    178,
    186,
    189,
    207,
    213,
    234,
    239,
    264,
    273,
    288,
    302,
    304,
    307,
    324,
    330,
    339,
    354,
    363,
    366,
    383,
    406,
    430,
    436,
    445,
    449,
    465,
    469,
    470,
    483,
    488,
    493
  ],
  "max_steps": 2000,
  "grad_check_every": 5,
  "psnr": {
    "0.05": 25.235004656923092,
    "0.1": 27.81171158825142,
    "0.15": 29.841339660706097,
    "0.2": 31.659601350949
  },
  "final_loss": 70.11891956962006,
  "total_steps": 9633,
  "per_stage_final_loss": [
    491.259849958902,
    229.16327492032107,
    184.52253658399178,
    182.99241926160965,
    167.19427514816624,
    167.14424530007372,
    163.018986170403,
    162.617711616109,
    161.68015209228156,
    159.12323539371798,
    159.02744071288038,
    158.64757507262507,
    157.8169944224499,
    157.81445672475093,
    157.72006181456888,
    156.99605802092088,
    156.32521316200388,
    156.32416937158044,
    156.26973644666108,
    155.23493759747765,
    152.796797564146,
    152.78073785106488,
    152.77446518433044,
    152.7689287014409,
    152.76896439637494,
    149.5598291696424,
    149.55587228006422,
    149.5562173889812,
    149.55534470754546,
    149.55370924013673,
    140.89549748320923,
    140.88932311901607,
    140.88845693356268,
    140.88684774193828,
    140.89104762710528,
    140.8855466023517,
    130.209606004447,
    130.20702508607516,
    130.2028778610992,
    130.2010846247991,
    130.2008605030676,
    130.20041989919142,
    108.31650681361164,
    108.31384457629383,
    108.31331198751293,
    108.31297827091548,
    108.31235191160155,
    108.31178472256157,
    108.3118006505225,
    107.58775783889298,
    107.58652854470438,
    107.58622100712255,
    107.58634501340732,
    107.58590514412101,
    107.58535357093886,
    107.58609926147852,
    73.33961470244859,
    73.3379356212455,
    73.33604254121144,
    73.3366535793299,
    73.335886592925,
    73.33581339900668,
    73.33615895903976,
    73.33653855361432,
    70.11968081400282,
    70.11987622808668,
    70.11949320190061,
    70.11941370045638,
    70.11979520306865,
    70.11929269569208,
    70.11918787082668,
    70.11891956962006
  ],
  "trigger_counts": {
    "grad_norm": 0,
    "loss_delta": 72,
    "max_steps": 0
  },
  "elapsed_seconds": 7731.958165884018,
  "device": "cuda:0",
  "git_sha": "5c2d8282104b3081f6b073074cdcfe12a6a6c78c"
}