{
  "dataset": "div2k_8q",
  "ordering": "bg",
  "seed": 7,
  "m": 8,
  "n": 8,
  "init": "random",
  "topk_ratio": 0.2,
  "k_train": 13107,
  "lr": 0.003,
  "batch": 50,
  "train_batch_idx": [
    2,
    17,
    21,
    25,
    55,
    57,
    61,
    79,
    103,
    105,
    121,
    131,
    138,
    143,
    161,
    166,
    212,
    219,
    221,
    228,
    229,
    232,
    242,
    246,
    263,
    266,
    280,
    282,
    303,
    309,
    341,
    353,
    373,
    380,
    382,
    384,
    385,
    391,
    403,
    407,
    416,
    422,
    424,
    426,
    472,
    473,
    481,
    484,
    486,
    495
  ],
  "max_steps": 2000,
  "grad_check_every": 5,
  "psnr": {
    "0.05": 25.229477416734117,
    "0.1": 27.807708014769005,
    "0.15": 29.838640429862398,
    "0.2": 31.65748901530308
  },
  "final_loss": 56.758537062214465,
  "total_steps": 10376,
  "per_stage_final_loss": [
    408.8897428891549,
    189.76516444536333,
    166.42768096972435,
    165.66712501354772,
    139.99560836277985,
    139.60018413445545,
    132.11657971203965,
    132.02274299070595,
    132.00859253910016,
    127.51277151533705,
    127.06470429075065,
    126.7828266811611,
    125.34806023516147,
    125.34451369367623,
    125.33459189708346,
    125.30259468649187,
    123.38819340906099,
    123.38995342026595,
    123.36309250359467,
    123.34192623611908,
    121.9233550053736,
    121.92031599353275,
    121.9195547712453,
    121.90100713241634,
    121.90203050283696,
    121.19672630917539,
    121.1825043560041,
    121.18786990624154,
    121.06266239540015,
    120.89716926688656,
    115.99773097744463,
    115.97514656289935,
    115.97599470357716,
    115.9775305561501,
    115.97452302857604,
    115.97068564788079,
    110.06548225731481,
    110.09439358713806,
    110.06525064764159,
    110.06450884859122,
    110.0641500057881,
    110.06674669235272,
    95.03490348298202,
    95.02957304019588,
    95.02916201039771,
    95.02860442449246,
    95.02805603672296,
    95.0278075094186,
    95.02780974399214,
    78.97204563060477,
    78.97168155822918,
    78.9690324743444,
    78.96832169336999,
    78.96826495631579,
    78.967773073526,
    78.96787521540787,
    75.29599712797881,
    75.29591504236663,
    75.29386538083948,
    75.29366340437184,
    75.29327974790054,
    75.29316513119373,
    75.2931193688667,
    75.2931730289897,
    56.737764559940295,
    56.760728774358434,
    56.75989607897188,
    56.73674117386313,
    56.75913546826485,
    56.7585820890076,
    56.76020000877621,
    56.758537062214465
  ],
  "trigger_counts": {
    "grad_norm": 0,
    "loss_delta": 72,
    "max_steps": 0
  },
  "elapsed_seconds": 3474.286761775613,
  "device": "cuda:0",
  "git_sha": "cd99d395b8a93402f3495687164423138f07cb9b"
}