{
  "dataset": "div2k_8q",
  "ordering": "bg",
  "seed": 4,
  "m": 8,
  "n": 8,
  "init": "random",
  "topk_ratio": 0.2,
  "k_train": 13107,
  "lr": 0.003,
  "batch": 50,
  "train_batch_idx": [
    28,
    37,
    44,
    66,
    81,
    86,
    102,
    103,
    130,
    149,
    159,
    173,
    178,
    201,
    204,
    208,
    226,
    232,
    248,
    255,
    260,
    270,
    278,
    279,
    287,
    290,
    298,
    315,
    327,
    330,
    346,
    353,
    372,
    377,
    399,
    407,
    425,
    426,
    427,
    443,
    445,
    447,
    451,
    461,
    465,
    468,
    472,
    474,
    488,
    497
  ],
  "max_steps": 2000,
  "grad_check_every": 5,
  "psnr": {
    "0.05": 25.23434154138552,
    "0.1": 27.810924346827143,
    "0.15": 29.84043979770693,
    "0.2": 31.65856654696508
  },
  "final_loss": 78.63380121290317,
  "total_steps": 8253,
  "per_stage_final_loss": [
    492.9539591833274,
    222.471660018435,
    185.45365819646628,
    184.06363783733082,
    179.6150818878603,
    178.45925930234407,
    171.74203310853767,
    171.69599845920254,
    170.29785507372412,
    166.50202971011998,
    166.16543791849838,
    164.30404950658897,
    164.06885445903467,
    164.06821187629816,
    164.06595776833015,
    164.06629968871513,
    161.3863644034913,
    161.12171527719494,
    160.56234011884064,
    160.13585592676645,
    157.1336965756182,
    157.1331724662401,
    157.13368566192884,
    157.12389849675597,
    157.1231181798616,
    156.56625373603077,
    156.56190561382473,
    156.55526479162071,
    156.55743433888907,
    156.55474846716686,
    147.0341390321705,
    147.02750425667097,
    147.02825970038882,
    147.02881620169808,
    147.02711297235751,
    147.02662066238048,
    142.00869093263245,
    142.0003767381155,
    142.00093531055538,
    141.99835417143302,
    141.99777117458865,
    142.00529168278757,
    140.71957072173433,
    140.71361821200483,
    140.7135044558614,
    140.71296032809508,
    140.7132175580226,
    140.7118017602838,
    140.71213267017404,
    120.16033136321036,
    120.15992689962803,
    120.1590901281474,
    120.16030800376691,
    120.15962790318306,
    120.16140764979518,
    120.15884234000738,
    87.40921815157128,
    87.40531751416108,
    87.40527588897469,
    87.40516748504172,
    87.40519644745551,
    87.40491979941282,
    87.40480206594042,
    87.40498792472948,
    78.63869694589323,
    78.63445861741361,
    78.63442161353682,
    78.6343042523694,
    78.63426792025142,
    78.90684360275071,
    78.63406954165723,
    78.63380121290317
  ],
  "trigger_counts": {
    "grad_norm": 0,
    "loss_delta": 72,
    "max_steps": 0
  },
  "elapsed_seconds": 3444.1869519818574,
  "device": "cuda:0",
  "git_sha": "cd99d395b8a93402f3495687164423138f07cb9b"
}