{
  "dataset": "div2k_8q",
  "ordering": "bg",
  "seed": 64,
  "m": 8,
  "n": 8,
  "init": "random",
  "topk_ratio": 0.2,
  "k_train": 13107,
  "lr": 0.003,
  "batch": 50,
  "train_batch_idx": [
    14,
    15,
    19,
    22,
    29,
    39,
    70,
    85,
    110,
    112,
    134,
    145,
    161,
    197,
    216,
    230,
    233,
    237,
    244,
    245,
    263,
    269,
    271,
    277,
    279,
    291,
    316,
    321,
    325,
    330,
    334,
    335,
    349,
    381,
    382,
    386,
    388,
    389,
    394,
    408,
    411,
    424,
    426,
    445,
    457,
    460,
    469,
    476,
    480,
    486
  ],
  "max_steps": 2000,
  "grad_check_every": 5,
  "psnr": {
    "0.05": 25.23466923067003,
    "0.1": 27.81146035279161,
    "0.15": 29.841107429691668,
    "0.2": 31.65927038354175
  },
  "final_loss": 59.1053606288534,
  "total_steps": 9787,
  "per_stage_final_loss": [
    256.1990109483375,
    189.58700185300555,
    172.45380999930978,
    171.30807014664697,
    150.2663858689612,
    149.8688313185619,
    147.5323661242593,
    147.3759436641336,
    147.3478540040422,
    143.32989664783003,
    143.26642594345364,
    142.47805938924353,
    141.99732987665774,
    141.9447792945966,
    141.85265401700087,
    141.3225379917225,
    139.68580386474417,
    139.60645432987724,
    139.55144450529173,
    139.17530914804695,
    138.21213672466283,
    138.21153012467246,
    138.20745830140675,
    138.1865208497061,
    138.18223154185603,
    137.56716146199074,
    137.56120503351843,
    137.56241535885474,
    137.5294308616621,
    137.50074168355837,
    132.35274315233735,
    132.35234940319074,
    132.35114611376082,
    132.35045743285227,
    132.34998925449023,
    132.34735954531558,
    126.08771526933559,
    126.07843655155717,
    126.07564336115846,
    126.07492180694928,
    126.07565091056644,
    126.07160211829418,
    107.70994831826985,
    107.70552345635737,
    107.70492563783179,
    107.70489750974393,
    107.70489349067131,
    107.70524193333124,
    107.70488366637692,
    90.39226969696502,
    90.38853844950876,
    90.3882501697606,
    90.38770936387908,
    90.3867048378929,
    90.38648336256625,
    90.3848727137888,
    84.79971867722726,
    84.79885931611351,
    84.79851006586073,
    84.79845744758379,
    84.79819504223912,
    84.79806966409917,
    84.79822774588035,
    84.79820373519885,
    59.10661351515605,
    59.10629675846608,
    59.10689238118132,
    59.10597340534203,
    59.106547568041385,
    59.105708381488874,
    59.105469133253884,
    59.1053606288534
  ],
  "trigger_counts": {
    "grad_norm": 0,
    "loss_delta": 72,
    "max_steps": 0
  },
  "elapsed_seconds": 11897.036435591988,
  "device": "cuda:0",
  "git_sha": "894ee7c407f737c0a250a28d33487a7db7bd83d3"
}