{
  "dataset": "div2k_8q",
  "ordering": "bg",
  "seed": 49,
  "m": 8,
  "n": 8,
  "init": "random",
  "topk_ratio": 0.2,
  "k_train": 13107,
  "lr": 0.003,
  "batch": 50,
  "train_batch_idx": [
    4,
    6,
    9,
    16,
    17,
    19,
    21,
    27,
    50,
    52,
    68,
    76,
    87,
    99,
    100,
    112,
    119,
    142,
    144,
    163,
    164,
    170,
    177,
    178,
    194,
    221,
    237,
    238,
    269,
    273,
    274,
    285,
    286,
    296,
    301,
    317,
    337,
    343,
    360,
    363,
    385,
    400,
    414,
    419,
    421,
    448,
    464,
    487,
    489,
    499
  ],
  "max_steps": 2000,
  "grad_check_every": 5,
  "psnr": {
    "0.05": 25.234291734455123,
    "0.1": 27.81064774738557,
    "0.15": 29.84030082355033,
    "0.2": 31.65889602840241
  },
  "final_loss": 75.57923525146887,
  "total_steps": 9175,
  "per_stage_final_loss": [
    633.457169278199,
    268.809973852936,
    208.41881185305633,
    206.90510593755835,
    176.68099927336982,
    176.60810680362897,
    170.19853543321236,
    169.51633494106702,
    169.51113630833848,
    162.8802840497695,
    162.10699137626023,
    162.10666384381818,
    161.11159283828434,
    160.71522109610822,
    160.50190764996754,
    160.50155113119064,
    159.82250126560646,
    159.79994742354683,
    159.0623102385187,
    159.01337771538456,
    157.2805789446623,
    157.2653488475433,
    157.2685198402547,
    157.27087651127837,
    157.23132689675262,
    156.79931288235042,
    156.7988605052574,
    156.80033722025587,
    156.7943992813555,
    156.7820219874871,
    151.36030200339286,
    151.3452207186814,
    151.31605245542605,
    151.30917279710187,
    151.3025786427783,
    151.3026674588239,
    147.47138710364612,
    147.46828751622743,
    147.45239995069892,
    147.450553463992,
    147.44976263448171,
    147.44843467775019,
    129.20612110793732,
    129.20228773411958,
    129.2000274003598,
    129.1988899459418,
    129.19799726189288,
    129.20688650078043,
    129.19572335129894,
    112.86907551053616,
    112.8660314299291,
    112.8643699770783,
    112.86488896280979,
    112.86451547065077,
    112.86397712743747,
    112.8634976496398,
    105.58028401722459,
    105.56428619794741,
    105.56405602652511,
    105.5636652683264,
    105.56363323696554,
    105.61701828054197,
    105.56361167076788,
    105.56313444566072,
    75.6277260674648,
    75.6260977472204,
    75.62622853212842,
    75.57988857708598,
    75.57994406124652,
    75.57961798376006,
    75.57931524034699,
    75.57923525146887
  ],
  "trigger_counts": {
    "grad_norm": 0,
    "loss_delta": 72,
    "max_steps": 0
  },
  "elapsed_seconds": 5148.6149013750255,
  "device": "cuda:0",
  "git_sha": "8f584e16671086491acd5747515c5792c0fffec7"
}