{
  "dataset": "div2k_8q",
  "ordering": "bg",
  "seed": 48,
  "m": 8,
  "n": 8,
  "init": "random",
  "topk_ratio": 0.2,
  "k_train": 13107,
  "lr": 0.003,
  "batch": 50,
  "train_batch_idx": [
    10,
    18,
    22,
    40,
    42,
    49,
    58,
    63,
    86,
    98,
    104,
    145,
    149,
    167,
    168,
    173,
    175,
    180,
    190,
    199,
    226,
    231,
    234,
    240,
    246,
    249,
    270,
    273,
    280,
    300,
    306,
    318,
    320,
    323,
    339,
    345,
    361,
    365,
    376,
    378,
    379,
    381,
    395,
    398,
    430,
    456,
    474,
    475,
    483,
    487
  ],
  "max_steps": 2000,
  "grad_check_every": 5,
  "psnr": {
    "0.05": 25.23421671313532,
    "0.1": 27.810854663034075,
    "0.15": 29.84046167407051,
    "0.2": 31.6584156346699
  },
  "final_loss": 58.66243028821889,
  "total_steps": 9138,
  "per_stage_final_loss": [
    487.1410437111442,
    212.66603940440757,
    173.3689821366394,
    172.01276090579114,
    148.083261502292,
    147.75515478574297,
    145.3531404390175,
    145.0727464258271,
    144.45415891649455,
    143.49350384390345,
    143.45240843727373,
    142.63695635876553,
    141.52909355711884,
    141.30586510171688,
    141.17371649915864,
    141.17645871852946,
    140.6142646189597,
    140.43400400277372,
    140.37340330832936,
    139.92734005062533,
    138.0467711704409,
    138.04314087771868,
    138.0388417500321,
    138.0337184574398,
    138.03200038721704,
    134.7088110618644,
    134.6878950760739,
    134.68828311452597,
    134.68115253017243,
    134.6567806824774,
    128.05896254621203,
    128.05827219724847,
    128.05749562265157,
    128.05503187369072,
    128.0566881543922,
    128.04816596952568,
    119.55854708165826,
    119.55619251792338,
    119.55604462752235,
    119.56299673313126,
    119.555267080056,
    119.55517506039851,
    109.1364964897368,
    109.13484922521417,
    109.13505903822501,
    109.13495530835411,
    109.13449881374137,
    109.13340971219161,
    109.1331123246015,
    101.15590537050277,
    101.15282538281906,
    101.15322483293872,
    101.15244340953917,
    101.15155870385236,
    101.15338190053386,
    101.15159978080436,
    70.25063670851601,
    70.24884136925401,
    70.24750483651962,
    70.24731191505249,
    70.24746975553829,
    70.24705841531308,
    70.24678335929818,
    70.24674981537486,
    58.66522035862366,
    58.664953122080355,
    58.6640740203552,
    58.66369265600835,
    58.66313786268564,
    58.66240823121925,
    58.66270961916389,
    58.66243028821889
  ],
  "trigger_counts": {
    "grad_norm": 0,
    "loss_delta": 72,
    "max_steps": 0
  },
  "elapsed_seconds": 5059.548364486545,
  "device": "cuda:0",
  "git_sha": "8f584e16671086491acd5747515c5792c0fffec7"
}