{
  "dataset": "div2k_8q",
  "ordering": "bg",
  "seed": 35,
  "m": 8,
  "n": 8,
  "init": "random",
  "topk_ratio": 0.2,
  "k_train": 13107,
  "lr": 0.003,
  "batch": 50,
  "train_batch_idx": [
    0,
    8,
    10,
    13,
    21,
    44,
    46,
    49,
    77,
    78,
    99,
    112,
    125,
    152,
    158,
    166,
    168,
    171,
    183,
    193,
    203,
    208,
    210,
    237,
    239,
    251,
    271,
    280,
    282,
    315,
    316,
    323,
    333,
    357,
    369,
    373,
    379,
    383,
    420,
    423,
    425,
    426,
    427,
    433,
    442,
    464,
    465,
    469,
    479,
    496
  ],
  "max_steps": 2000,
  "grad_check_every": 5,
  "psnr": {
    "0.05": 25.233489805275127,
    "0.1": 27.810141379352554,
    "0.15": 29.83976443674176,
    "0.2": 31.658199119552393
  },
  "final_loss": 59.97936275993906,
  "total_steps": 8423,
  "per_stage_final_loss": [
    547.3263508347095,
    204.31005581592655,
    163.74825926451098,
    163.0128587048664,
    148.2942032878703,
    147.85166984455068,
    139.8889940666009,
    139.68134272709042,
    139.17565436152233,
    133.8636753475409,
    133.79845028371122,
    133.36869230852096,
    131.84235507493455,
    131.6511552965332,
    131.59519440657644,
    131.54722544423035,
    129.2233181279392,
    129.15483096710753,
    129.14992494319588,
    128.87759138852985,
    126.45562598718404,
    126.45406233302549,
    126.45335563837376,
    126.44940722407311,
    126.45118978705956,
    122.43856180190758,
    122.43867837743645,
    122.4369941615916,
    122.43378434612414,
    122.43247765430468,
    112.43748082503411,
    112.4323905356662,
    112.41859386988413,
    112.42020669772863,
    112.42516926367695,
    112.41881656826067,
    103.79975799538889,
    103.79978463144651,
    103.80048371275065,
    103.79842159457672,
    103.79861329786341,
    103.7984682406616,
    95.28535731795047,
    95.28359010508254,
    95.27873527659222,
    95.27843304539827,
    95.27774205803165,
    95.27734392946866,
    95.27664659506839,
    75.68821118777791,
    75.68936968651484,
    75.6859095554543,
    75.684456099102,
    75.68365353096729,
    75.68361824030328,
    75.68305882756013,
    67.90211330278922,
    67.90197517444491,
    67.90164271362069,
    67.90163611324866,
    67.90228728370239,
    67.90160384868749,
    67.90190381082456,
    67.90152607032704,
    59.98052369549971,
    59.98043900311182,
    59.98019949021389,
    59.979982205491396,
    59.97997808104472,
    59.97958949200612,
    59.97949233707312,
    59.97936275993906
  ],
  "trigger_counts": {
    "grad_norm": 0,
    "loss_delta": 72,
    "max_steps": 0
  },
  "elapsed_seconds": 4851.4730517771095,
  "device": "cuda:0",
  "git_sha": "5c2d8282104b3081f6b073074cdcfe12a6a6c78c"
}