{
  "dataset": "div2k_8q",
  "ordering": "bg",
  "seed": 59,
  "m": 8,
  "n": 8,
  "init": "random",
  "topk_ratio": 0.2,
  "k_train": 13107,
  "lr": 0.003,
  "batch": 50,
  "train_batch_idx": [
    2,
    4,
    10,
    30,
    48,
    49,
    52,
    53,
    60,
    74,
    85,
    94,
    99,
    117,
    129,
    156,
    169,
    171,
    172,
    201,
    211,
    238,
    241,
    265,
    287,
    298,
    317,
    321,
    327,
    334,
    337,
    349,
    355,
    356,
    367,
    375,
    385,
    389,
    390,
    399,
    415,
    418,
    430,
    439,
    442,
    453,
    465,
    481,
    485,
    490
  ],
  "max_steps": 2000,
  "grad_check_every": 5,
  "psnr": {
    "0.05": 25.234541371629994,
    "0.1": 27.811267235712922,
    "0.15": 29.840830738474654,
    "0.2": 31.659010793135845
  },
  "final_loss": 62.45840503822256,
  "total_steps": 9257,
  "per_stage_final_loss": [
    395.01080197597383,
    197.53009256364115,
    172.45786948491906,
    171.6263519529318,
    147.30321505783542,
    147.264532106241,
    141.3946602827816,
    141.35381569990366,
    141.2128939598297,
    138.7611167599708,
    138.74038709833277,
    138.62967120625797,
    137.3963471164976,
    137.2219079380477,
    136.67717158417824,
    136.6773955134779,
    135.4050895621227,
    135.22785059178815,
    135.0962295849371,
    134.9951550946127,
    134.53764978089995,
    134.5362294798134,
    134.5270541119924,
    134.5288826178084,
    134.50815902397096,
    132.83832214129131,
    132.83851141199938,
    132.83401592994215,
    132.81912271734754,
    132.7992318277011,
    127.22453876094531,
    127.20700198379998,
    127.2032187021931,
    127.20310115598579,
    127.20268895367468,
    127.19981468340175,
    120.38714387590622,
    120.38455324911763,
    120.37502857982632,
    120.37687156051838,
    120.3837214065277,
    120.38214824817868,
    110.39049261064676,
    110.3676087707255,
    110.36706562820986,
    110.36626267219188,
    110.36672644712442,
    110.36608394573626,
    110.3659215916476,
    97.79718684990341,
    97.7950255017912,
    97.79514354316309,
    97.79337207268729,
    97.79314712633229,
    97.79256467109947,
    97.79606755297274,
    80.808469657484,
    80.80733021968554,
    80.80459350218293,
    80.80386295750854,
    80.80389753536735,
    80.80371237538421,
    80.8034783658985,
    80.80339888563604,
    62.459856310766625,
    62.45902088077183,
    62.459086978092465,
    62.5103962167894,
    62.45893788937617,
    62.45842421519228,
    62.458727928212774,
    62.45840503822256
  ],
  "trigger_counts": {
    "grad_norm": 0,
    "loss_delta": 72,
    "max_steps": 0
  },
  "elapsed_seconds": 5312.2204198446125,
  "device": "cuda:0",
  "git_sha": "894ee7c407f737c0a250a28d33487a7db7bd83d3"
}