{
  "dataset": "div2k_8q",
  "ordering": "bg",
  "seed": 46,
  "m": 8,
  "n": 8,
  "init": "random",
  "topk_ratio": 0.2,
  "k_train": 13107,
  "lr": 0.003,
  "batch": 50,
  "train_batch_idx": [
    3,
    26,
    32,
    35,
    39,
    51,
    63,
    78,
    90,
    99,
    109,
    113,
    118,
    120,
    123,
    124,
    130,
    159,
    171,
    190,
    215,
    226,
    236,
    239,
    244,
    249,
    270,
    284,
    291,
    298,
    319,
    341,
    350,
    351,
    354,
    361,
    369,
    372,
    375,
    378,
    379,
    409,
    415,
    416,
    428,
    429,
    451,
    476,
    477,
    492
  ],
  "max_steps": 2000,
  "grad_check_every": 5,
  "psnr": {
    "0.05": 25.160247834495145,
    "0.1": 27.857323164386884,
    "0.15": 29.956055430195402,
    "0.2": 31.832210187627226
  },
  "final_loss": 74.67793404987555,
  "total_steps": 7884,
  "per_stage_final_loss": [
    554.7524862351603,
    239.6342331243904,
    188.10647988375507,
    187.48550333504164,
    173.7981779088573,
    172.2421252813608,
    171.15152411358832,
    170.99020187979565,
    170.159396465904,
    164.13641564683792,
    164.0813421229856,
    163.8976876378938,
    162.99610464116216,
    162.80412597011724,
    162.12888901198963,
    162.11136428542898,
    161.44137075577805,
    161.34471449520044,
    161.1156612759324,
    160.2707724806482,
    158.75424196509923,
    158.750699873681,
    158.74752443321435,
    158.7436416229436,
    158.7251693954295,
    156.49173660659432,
    156.49513010305785,
    156.48550358984957,
    156.48284792614797,
    156.48375104655372,
    145.86714004131397,
    145.80301140661257,
    145.80189881490253,
    145.80202949531488,
    145.80102575945972,
    145.80053305553426,
    141.86576581973273,
    141.86584640323895,
    141.86588750445793,
    141.85783486305039,
    141.85797326622816,
    141.85397397963317,
    139.26600053040434,
    139.26659853582066,
    139.25711689522853,
    139.26088350026953,
    139.26271203880867,
    139.2560133847423,
    139.2557037122028,
    119.65293937423387,
    119.65167476815681,
    119.65164598061718,
    119.64994967689567,
    119.64971219044816,
    119.64924516821304,
    119.64924797341232,
    96.0303711433589,
    96.0278953989565,
    96.02732810314578,
    96.02680339161672,
    96.02666778478667,
    96.02607361009319,
    96.0259504137792,
    96.02582927577133,
    74.68059433472061,
    74.67984643710443,
    74.67896648393867,
    74.67876926489053,
    74.67829215877927,
    74.67809054828246,
    74.67764824837066,
    74.67793404987555
  ],
  "trigger_counts": {
    "grad_norm": 0,
    "loss_delta": 72,
    "max_steps": 0
  },
  "elapsed_seconds": 4413.000776572153,
  "device": "cuda:0",
  "git_sha": "8f584e16671086491acd5747515c5792c0fffec7"
}