{
  "dataset": "div2k_8q",
  "ordering": "bg",
  "seed": 11,
  "m": 8,
  "n": 8,
  "init": "random",
  "topk_ratio": 0.2,
  "k_train": 13107,
  "lr": 0.003,
  "batch": 50,
  "train_batch_idx": [
    13,
    32,
    58,
    60,
    66,
    68,
    101,
    119,
    131,
    152,
    167,
    174,
    176,
    185,
    210,
    222,
    226,
    240,
    242,
    249,
    252,
    253,
    268,
    269,
    274,
    292,
    315,
    324,
    325,
    352,
    361,
    379,
    398,
    408,
    409,
    410,
    428,
    443,
    458,
    459,
    465,
    472,
    474,
    482,
    484,
    490,
    491,
    492,
    495,
    496
  ],
  "max_steps": 2000,
  "grad_check_every": 5,
  "psnr": {
    "0.05": 25.234173857218533,
    "0.1": 27.81085198444002,
    "0.15": 29.840382485951583,
    "0.2": 31.65861407082015
  },
  "final_loss": 78.83396240657987,
  "total_steps": 8555,
  "per_stage_final_loss": [
    395.11882070802716,
    207.83247920877992,
    177.66506802368818,
    176.7967717719235,
    165.38303208026898,
    164.7000199774649,
    159.96405050455374,
    159.4954193261207,
    158.1399259772096,
    157.37200144916292,
    156.7351039290763,
    155.1691577719322,
    153.44322454166513,
    153.41348825212495,
    153.04974769494257,
    152.89395954903318,
    152.66241682597652,
    152.00391216649376,
    151.93653478896852,
    151.77782223810132,
    146.5499424708923,
    146.54686284583687,
    146.5499536897171,
    146.5462787593463,
    146.53518508860176,
    144.520322701556,
    144.51900791306863,
    144.51887160544035,
    144.51939566292907,
    144.51815108170516,
    139.5650740458251,
    139.5635421860465,
    139.56325135101173,
    139.57350881454644,
    139.56466113406742,
    139.56216536542064,
    137.73502585919547,
    137.7332994521746,
    137.73269452923714,
    137.73130499186777,
    137.7310500193185,
    137.72989631365581,
    124.86132464774678,
    124.85794639826523,
    124.85529077218584,
    124.85488494456499,
    124.85430862140043,
    124.85411375936961,
    124.86282410284308,
    114.95820304184825,
    114.95843938793475,
    114.95938176212529,
    114.95822633481872,
    114.95774925684474,
    114.95634525903061,
    114.95671521202985,
    98.29201072107746,
    98.29159978996739,
    98.2904121540417,
    98.28950641806705,
    98.28914398277065,
    98.28917152844494,
    98.28930537040739,
    98.28870163938035,
    78.83666843165226,
    78.836504624994,
    78.83667624961657,
    78.83464172339374,
    78.8340345132029,
    78.83402653494817,
    78.83475537825738,
    78.83396240657987
  ],
  "trigger_counts": {
    "grad_norm": 0,
    "loss_delta": 72,
    "max_steps": 0
  },
  "elapsed_seconds": 3339.73856472224,
  "device": "cuda:0",
  "git_sha": "5c2d8282104b3081f6b073074cdcfe12a6a6c78c"
}