{
  "dataset": "div2k_8q",
  "ordering": "bg",
  "seed": 29,
  "m": 8,
  "n": 8,
  "init": "random",
  "topk_ratio": 0.2,
  "k_train": 13107,
  "lr": 0.003,
  "batch": 50,
  "train_batch_idx": [
    2,
    9,
    10,
    13,
    22,
    29,
    41,
    56,
    59,
    62,
    89,
    104,
    111,
    121,
    135,
    158,
    176,
    177,
    182,
    187,
    188,
    193,
    204,
    208,
    228,
    229,
    236,
    239,
    244,
    263,
    271,
    290,
    292,
    299,
    303,
    318,
    365,
    371,
    380,
    388,
    407,
    411,
    421,
    428,
    464,
    466,
    467,
    472,
    476,
    484
  ],
  "max_steps": 2000,
  "grad_check_every": 5,
  "psnr": {
    "0.05": 25.234530353717044,
    "0.1": 27.810861874137494,
    "0.15": 29.8403674974172,
    "0.2": 31.658390650188444
  },
  "final_loss": 77.2383677747532,
  "total_steps": 8082,
  "per_stage_final_loss": [
    390.38368813926826,
    218.5924415968045,
    184.42498020444705,
    184.4166084721176,
    180.7552572123534,
    180.669101071417,
    175.6965243018703,
    175.380097345376,
    174.97084999807996,
    168.7988803194765,
    168.79705689458447,
    167.37151108082224,
    166.7945463413068,
    166.76124409698357,
    166.66653487697175,
    165.39176548875142,
    164.2483592792842,
    163.6283758686845,
    163.6069090391705,
    163.3811725987229,
    162.8551280060378,
    162.85362058958327,
    162.84469584235424,
    162.84233960658233,
    162.8263303000561,
    161.71562515786587,
    161.7115252569911,
    161.6950547221697,
    161.69080572950608,
    161.6898874457888,
    158.20280231487286,
    158.20344725733477,
    158.19142842059165,
    158.1878425444698,
    158.18767096156284,
    158.18388707885396,
    154.025536221915,
    154.0246127233644,
    154.02170711163373,
    154.0217787181459,
    154.0219187015828,
    154.02240731944696,
    141.96770138421846,
    141.96412362627956,
    141.96329974466974,
    141.9628944335978,
    141.96150159529512,
    141.96037649874273,
    141.96042020897858,
    129.76275856619523,
    129.75865613564835,
    129.75837448594032,
    129.75788911159788,
    129.75840027988215,
    129.75772759402966,
    129.75658317934344,
    103.49661936016736,
    103.49584040571536,
    103.49475828827909,
    103.49453933478227,
    103.49450987395707,
    103.49445733474546,
    103.49419902788745,
    103.49425634000188,
    77.24151799457796,
    77.24052208247889,
    77.23980140706098,
    77.23973578087626,
    77.23971998897905,
    77.2398055444247,
    77.23856148744596,
    77.2383677747532
  ],
  "trigger_counts": {
    "grad_norm": 0,
    "loss_delta": 72,
    "max_steps": 0
  },
  "elapsed_seconds": 4440.121751123108,
  "device": "cuda:0",
  "git_sha": "5c2d8282104b3081f6b073074cdcfe12a6a6c78c"
}