{
  "dataset": "div2k_8q",
  "ordering": "bg",
  "seed": 85,
  "m": 8,
  "n": 8,
  "init": "random",
  "topk_ratio": 0.2,
  "k_train": 13107,
  "lr": 0.003,
  "batch": 50,
  "train_batch_idx": [
    1,
    5,
    20,
    21,
    22,
    26,
    37,
    47,
    67,
    83,
    99,
    107,
    118,
    120,
    141,
    149,
    155,
    158,
    174,
    198,
    201,
    211,
    214,
    218,
    230,
    231,
    243,
    245,
    246,
    273,
    289,
    307,
    309,
    316,
    321,
    366,
    368,
    390,
    404,
    411,
    415,
    421,
    434,
    435,
    443,
    460,
    466,
    484,
    493,
    495
  ],
  "max_steps": 2000,
  "grad_check_every": 5,
  "psnr": {
    "0.05": 25.28035755229744,
    "0.1": 27.97527220430975,
    "0.15": 30.08497479100385,
    "0.2": 31.97018364677845
  },
  "final_loss": 49.0423431918811,
  "total_steps": 8204,
  "per_stage_final_loss": [
    392.6644885214066,
    185.0223419259846,
    150.9429674437898,
    150.91853959357957,
    134.22497585748698,
    133.9311193456616,
    131.01016036729092,
    130.59677868014447,
    129.78866297635946,
    125.61604603052416,
    125.13953531360562,
    124.35224670892855,
    123.86062848405335,
    123.63350632481725,
    123.62275292991566,
    122.77746075260254,
    120.76730303782836,
    120.76391560193653,
    119.45104557448641,
    119.09726109707094,
    116.2140188838561,
    116.21312404356188,
    116.2075970663848,
    116.2068511681312,
    116.20773987060471,
    114.65442228368953,
    114.65265151015123,
    114.64678368280218,
    114.64676801185443,
    114.64495609774131,
    113.27838550928655,
    112.41806122479977,
    112.4155730479406,
    112.41232893889614,
    112.41204211439279,
    112.4119780864515,
    111.09848260843317,
    111.09791423433319,
    111.09882561903017,
    111.10071808977531,
    111.09758002483846,
    111.09385613810392,
    92.41603995987731,
    92.4143917369877,
    92.41348661117179,
    92.41563199704451,
    92.41263362760284,
    92.41171384777907,
    92.41113873153289,
    74.83470414223854,
    74.83343657815713,
    74.83102395415438,
    74.83557919284223,
    74.83121493579377,
    74.83076915814557,
    74.83075422027177,
    72.02404066773333,
    72.02393450138108,
    72.02350615916767,
    72.02330780494955,
    72.02343800935391,
    72.02316011237733,
    72.02381630234764,
    72.02401223442938,
    49.04322612705923,
    49.04311016814666,
    49.0428428550217,
    49.043138114990164,
    49.042688381590935,
    49.04242727922605,
    49.04228520447287,
    49.0423431918811
  ],
  "trigger_counts": {
    "grad_norm": 0,
    "loss_delta": 72,
    "max_steps": 0
  },
  "elapsed_seconds": 4588.31514016632,
  "device": "cuda:0",
  "git_sha": "894ee7c407f737c0a250a28d33487a7db7bd83d3"
}