{
  "dataset": "div2k_8q",
  "ordering": "bg",
  "seed": 53,
  "m": 8,
  "n": 8,
  "init": "random",
  "topk_ratio": 0.2,
  "k_train": 13107,
  "lr": 0.003,
  "batch": 50,
  "train_batch_idx": [
    5,
    10,
    22,
    37,
    39,
    40,
    45,
    48,
    60,
    78,
    84,
    87,
    89,
    122,
    131,
    137,
    142,
    150,
    168,
    181,
    183,
    190,
    235,
    236,
    278,
    285,
    300,
    307,
    309,
    322,
    326,
    341,
    342,
    346,
    348,
    361,
    368,
    375,
    376,
    380,
    394,
    427,
    434,
    445,
    451,
    461,
    464,
    467,
    480,
    497
  ],
  "max_steps": 2000,
  "grad_check_every": 5,
  "psnr": {
    "0.05": 25.279490155006794,
    "0.1": 27.974360711130743,
    "0.15": 30.084030332813665,
    "0.2": 31.96905980867597
  },
  "final_loss": 64.84128520167101,
  "total_steps": 8172,
  "per_stage_final_loss": [
    504.22026974630296,
    226.63144669834313,
    177.81773820361818,
    177.27483709974615,
    155.76577455747085,
    154.04145103593737,
    148.07019127484608,
    147.96728212809802,
    147.33032955668617,
    146.06982214717752,
    145.80734573958077,
    145.8046605993271,
    144.83960365943153,
    144.4843407079565,
    144.40510829353713,
    144.06958427153103,
    142.9264943486818,
    142.88116554392172,
    142.13823602222547,
    141.80165866784338,
    137.89943085420427,
    137.89956074426723,
    137.89922952859013,
    137.89810612434954,
    137.89548689637263,
    132.07824823672112,
    132.07772912863203,
    132.07874331359423,
    132.07643364569438,
    132.07699849658871,
    118.36571891673553,
    118.35842320085833,
    118.35845842649229,
    118.35809269989495,
    118.35627325504662,
    118.35640834913131,
    102.57581591670623,
    102.557168703947,
    102.55522050726748,
    102.55437563106513,
    102.5543089301728,
    102.55316926551157,
    92.5641312284836,
    92.56314526667235,
    92.56354085429288,
    92.56222628124823,
    92.5617952412283,
    92.56174958261127,
    92.5608103775035,
    90.75699324433128,
    90.75670231221,
    90.75663946685674,
    90.76224469314958,
    90.7561141124958,
    90.75617691693839,
    90.75681919074434,
    74.19486740864471,
    74.22420035835827,
    74.19430460725226,
    74.19422214220671,
    74.19549896290798,
    74.19392920284292,
    74.19251835176972,
    74.19253615588501,
    64.84266810532223,
    64.84619392601941,
    64.84161491726704,
    64.84142388491644,
    64.84258768692024,
    64.84128001248027,
    64.84129827076059,
    64.84128520167101
  ],
  "trigger_counts": {
    "grad_norm": 0,
    "loss_delta": 72,
    "max_steps": 0
  },
  "elapsed_seconds": 4593.787896588445,
  "device": "cuda:0",
  "git_sha": "8f584e16671086491acd5747515c5792c0fffec7"
}