{
  "dataset": "div2k_8q",
  "ordering": "bg",
  "seed": 13,
  "m": 8,
  "n": 8,
  "init": "random",
  "topk_ratio": 0.2,
  "k_train": 13107,
  "lr": 0.003,
  "batch": 50,
  "train_batch_idx": [
    1,
    31,
    35,
    39,
    56,
    62,
    77,
    119,
    122,
    135,
    137,
    154,
    165,
    189,
    191,
    197,
    209,
    226,
    243,
    250,
    260,
    268,
    279,
    284,
    313,
    330,
    366,
    368,
    369,
    371,
    383,
    385,
    388,
    390,
    392,
    397,
    400,
    404,
    413,
    425,
    426,
    427,
    430,
    437,
    443,
    462,
    466,
    485,
    498,
    499
  ],
  "max_steps": 2000,
  "grad_check_every": 5,
  "psnr": {
    "0.05": 25.23466431603919,
    "0.1": 27.811309979717556,
    "0.15": 29.841137826278928,
    "0.2": 31.659561184804456
  },
  "final_loss": 66.38893724328443,
  "total_steps": 9796,
  "per_stage_final_loss": [
    482.3675056727282,
    234.2509239105307,
    192.21698890744872,
    190.71850548920983,
    168.20809930862612,
    167.70376345364863,
    161.76479907066303,
    161.41990653005007,
    160.972867712134,
    155.73134801727244,
    155.43486812702008,
    155.06006523106188,
    153.63851121021332,
    153.60337995032884,
    153.55738136169734,
    153.43135602025504,
    152.4400169299272,
    152.24107897283434,
    151.9318415778451,
    151.89888077811685,
    150.55026910737027,
    150.54557115007648,
    150.54211111236012,
    150.53225108491785,
    150.5088856618057,
    148.23045611965074,
    148.22368430412146,
    148.2216040359679,
    148.21789024503494,
    148.21306763997623,
    144.79821436188638,
    144.79840793207924,
    144.7971557108268,
    144.79196628018587,
    144.79025786732072,
    144.79125420836468,
    141.72242487684747,
    141.71656439120142,
    141.71846270154532,
    141.71311356282007,
    141.71277891869025,
    141.71270497479006,
    128.94412546942038,
    128.94353636730793,
    128.9427548808929,
    128.94138744261755,
    128.933994457677,
    128.93303735037708,
    128.93246119350414,
    121.51915512184611,
    121.51871084012834,
    121.51623989278855,
    121.51378489356159,
    121.51256611029821,
    121.51029034922058,
    121.50960731078759,
    88.1091509217723,
    88.10467823577572,
    88.10410228190915,
    88.10574282088237,
    88.1035789262125,
    88.1035777916076,
    88.10345773786179,
    88.10358418743745,
    66.39352312727591,
    66.39287110886784,
    66.39252389624423,
    66.38994967233755,
    66.38953295823335,
    66.3892693612677,
    66.3889755538122,
    66.38893724328443
  ],
  "trigger_counts": {
    "grad_norm": 0,
    "loss_delta": 72,
    "max_steps": 0
  },
  "elapsed_seconds": 3814.6307910745963,
  "device": "cuda:0",
  "git_sha": "5c2d8282104b3081f6b073074cdcfe12a6a6c78c"
}