{
  "dataset": "div2k_8q",
  "ordering": "bg",
  "seed": 18,
  "m": 8,
  "n": 8,
  "init": "random",
  "topk_ratio": 0.2,
  "k_train": 13107,
  "lr": 0.003,
  "batch": 50,
  "train_batch_idx": [
    3,
    12,
    34,
    37,
    57,
    62,
    72,
    96,
    110,
    128,
    148,
    167,
    169,
    180,
    222,
    231,
    260,
    262,
    268,
    277,
    297,
    298,
    305,
    309,
    312,
    315,
    320,
    325,
    326,
    328,
    331,
    334,
    343,
    348,
    356,
    357,
    366,
    371,
    379,
    390,
    395,
    403,
    418,
    424,
    425,
    431,
    441,
    446,
    455,
    460
  ],
  "max_steps": 2000,
  "grad_check_every": 5,
  "psnr": {
    "0.05": 25.280022234805884,
    "0.1": 27.975108880505093,
    "0.15": 30.084956389269173,
    "0.2": 31.970137839030215
  },
  "final_loss": 60.79080214549951,
  "total_steps": 8551,
  "per_stage_final_loss": [
    250.51709230067195,
    178.86465263885677,
    173.33602271191333,
    172.8249383833028,
    163.84983511789054,
    162.4505520801996,
    158.38457937707503,
    158.20081889518755,
    157.10822892660354,
    152.93101863050873,
    152.67620662856663,
    150.86426312390097,
    150.71263792859386,
    150.69029865562553,
    150.6677466232407,
    149.85090537568,
    149.35531566982985,
    148.99224515019714,
    148.96233494562145,
    148.20919268960859,
    146.2251957932589,
    146.22275222093603,
    146.21626114062423,
    146.21546865931924,
    146.21514261766495,
    141.01844572926854,
    141.00369529280925,
    141.00441368163848,
    141.00132803496356,
    141.00067935907066,
    136.63892710009915,
    136.6404757009251,
    136.63582263617712,
    136.63404334874227,
    136.63686390219172,
    136.63347083789563,
    134.35556085283676,
    134.35480244071903,
    134.35404307290864,
    134.35444113201453,
    134.3509376437364,
    134.35158464493003,
    127.60530891295177,
    127.59699096468565,
    127.59680191313437,
    127.59649700357366,
    127.59534160987693,
    127.59541801623996,
    127.59806437423183,
    123.32580960442851,
    123.32273734134583,
    123.32190076946313,
    123.32240806916421,
    123.32309601226976,
    123.32051516007647,
    123.32802195768367,
    89.06972069595078,
    89.0666705786755,
    89.06646336601476,
    89.0663977452537,
    89.06600479864413,
    89.0650318004563,
    89.06485372768176,
    89.06459474342446,
    60.794159793031035,
    60.79382445219102,
    60.79235662266534,
    60.791808183698876,
    60.79169863896399,
    60.79157559783338,
    60.79107909195174,
    60.79080214549951
  ],
  "trigger_counts": {
    "grad_norm": 0,
    "loss_delta": 72,
    "max_steps": 0
  },
  "elapsed_seconds": 2814.338106303476,
  "device": "cuda:0",
  "git_sha": "894ee7c407f737c0a250a28d33487a7db7bd83d3"
}