{
  "dataset": "div2k_8q",
  "ordering": "bg",
  "seed": 1,
  "m": 8,
  "n": 8,
  "init": "random",
  "topk_ratio": 0.2,
  "k_train": 13107,
  "lr": 0.003,
  "batch": 50,
  "train_batch_idx": [
    9,
    12,
    15,
    30,
    40,
    58,
    59,
    64,
    65,
    99,
    114,
    119,
    126,
    128,
    138,
    143,
    145,
    156,
    185,
    190,
    195,
    213,
    215,
    218,
    231,
    240,
    245,
    246,
    255,
    257,
    300,
    342,
    355,
    369,
    373,
    376,
    384,
    388,
    396,
    400,
    407,
    431,
    434,
    440,
    471,
    477,
    480,
    485,
    488,
    499
  ],
  "max_steps": 2000,
  "grad_check_every": 5,
  "psnr": {
    "0.05": 25.280004300991585,
    "0.1": 27.974819168331514,
    "0.15": 30.08437476254793,
    "0.2": 31.969521507333496
  },
  "final_loss": 64.970457996049,
  "total_steps": 9296,
  "per_stage_final_loss": [
    588.9515074318093,
    231.2565023891206,
    197.63513453539872,
    196.40925571333392,
    170.50748583440844,
    170.11550584917939,
    162.67825671780267,
    162.3971372961808,
    162.08925184644067,
    160.79186469654726,
    160.24232778038208,
    160.21480247073976,
    160.0819588887426,
    160.04193886173147,
    160.00080235975526,
    159.07198566201708,
    158.21889738363143,
    158.13204517498286,
    158.109909665364,
    157.27677308573257,
    155.3056098605102,
    155.30416773909153,
    155.3031003066706,
    155.29917892693445,
    155.27005236132115,
    153.62142375546887,
    153.6190770450074,
    153.6132748303363,
    153.61245188461993,
    153.59676808889444,
    153.52536721764534,
    153.5320055399621,
    153.52558217852604,
    153.51280058483886,
    153.51367012707746,
    153.52452447392258,
    150.40074075350188,
    150.39053145423438,
    150.39090596865097,
    150.37865769855483,
    150.37821730789364,
    150.37813005340047,
    135.88551789751796,
    135.88220989868543,
    135.88230012510525,
    135.88186958902355,
    135.88220355158023,
    135.88052610937473,
    135.88036677013338,
    120.95003682158186,
    120.9445991524417,
    120.94286085529053,
    120.9429023792204,
    120.94292691056243,
    120.94265211632171,
    120.94223908639286,
    95.80565708965784,
    95.80463467104839,
    95.80454463006785,
    95.80416339903303,
    95.8039589720661,
    95.80335041508631,
    95.80292849744558,
    95.80269320095546,
    64.97565047160867,
    64.9749315750274,
    64.97458883273164,
    64.97343907980168,
    64.97341153811153,
    64.9728817675856,
    64.97185971930621,
    64.970457996049
  ],
  "trigger_counts": {
    "grad_norm": 0,
    "loss_delta": 72,
    "max_steps": 0
  },
  "elapsed_seconds": 7229.939775743522,
  "device": "cuda:0",
  "git_sha": "5c2d8282104b3081f6b073074cdcfe12a6a6c78c"
}