{
  "dataset": "div2k_8q",
  "ordering": "bg",
  "seed": 37,
  "m": 8,
  "n": 8,
  "init": "random",
  "topk_ratio": 0.2,
  "k_train": 13107,
  "lr": 0.003,
  "batch": 50,
  "train_batch_idx": [
    8,
    30,
    31,
    50,
    61,
    71,
    74,
    85,
    92,
    99,
    101,
    116,
    119,
    124,
    126,
    128,
    136,
    143,
    146,
    147,
    151,
    197,
    207,
    223,
    249,
    263,
    265,
    281,
    286,
    300,
    308,
    311,
    318,
    321,
    331,
    334,
    339,
    343,
    370,
    384,
    398,
    400,
    411,
    416,
    437,
    455,
    471,
    473,
    487,
    494
  ],
  "max_steps": 2000,
  "grad_check_every": 5,
  "psnr": {
    "0.05": 25.27950810190008,
    "0.1": 27.974402894594217,
    "0.15": 30.08438210430339,
    "0.2": 31.969420139172048
  },
  "final_loss": 64.73616144072305,
  "total_steps": 8860,
  "per_stage_final_loss": [
    533.6238982144034,
    234.36295458809866,
    184.4206697669096,
    184.32488027750412,
    167.38785377757367,
    166.11456626971912,
    162.55784856476646,
    162.54308594204454,
    161.37309300733858,
    156.0533086417572,
    155.38336190132262,
    154.84801498891474,
    154.6246899434951,
    154.3795530297952,
    154.37889801687885,
    153.0451240485382,
    152.08170871804873,
    152.08112029138127,
    151.51076167818547,
    150.44573514351546,
    148.26758365434705,
    148.26580623000385,
    148.2569819137271,
    148.25594239031568,
    148.2523584108639,
    147.30826376696604,
    147.309255875401,
    147.3034819593102,
    147.30267398537055,
    147.27886532144063,
    138.6279764165985,
    138.60817827609722,
    138.60576070678258,
    138.60560670738752,
    138.60312684214364,
    138.60275043475565,
    127.22509093882178,
    127.21928003089548,
    127.21012773173591,
    125.33612661787993,
    125.32626115831096,
    125.32431404648489,
    110.24804970367126,
    110.24805758969742,
    110.24845913386453,
    110.24722878956955,
    110.2460660896626,
    110.24470624382964,
    110.24282800823836,
    90.78696433967056,
    90.78450960186846,
    90.78947955734999,
    90.7830529115974,
    90.78079184319617,
    90.78230007813914,
    90.78036596797877,
    81.36317783410104,
    81.36283027007136,
    81.36316615321053,
    81.36290786476256,
    81.36269087008894,
    81.36265840936353,
    81.3627987877,
    81.36253206160201,
    64.73874641344256,
    64.73825435218062,
    64.73781127557503,
    64.73810903398056,
    64.73762460406172,
    64.7369730586352,
    64.73647169353518,
    64.73616144072305
  ],
  "trigger_counts": {
    "grad_norm": 0,
    "loss_delta": 72,
    "max_steps": 0
  },
  "elapsed_seconds": 4843.004808433354,
  "device": "cuda:0",
  "git_sha": "8f584e16671086491acd5747515c5792c0fffec7"
}