{
  "dataset": "div2k_8q",
  "ordering": "bg",
  "seed": 61,
  "m": 8,
  "n": 8,
  "init": "random",
  "topk_ratio": 0.2,
  "k_train": 13107,
  "lr": 0.003,
  "batch": 50,
  "train_batch_idx": [
    9,
    10,
    37,
    39,
    44,
    78,
    79,
    80,
    82,
    89,
    114,
    119,
    136,
    147,
    169,
    190,
    199,
    214,
    224,
    272,
    273,
    286,
    288,
    306,
    313,
    315,
    322,
    324,
    325,
    327,
    339,
    341,
    343,
    346,
    350,
    357,
    362,
    375,
    380,
    398,
    407,
    425,
    441,
    454,
    460,
    463,
    474,
    479,
    491,
    497
  ],
  "max_steps": 2000,
  "grad_check_every": 5,
  "psnr": {
    "0.05": 25.27969019032688,
    "0.1": 27.974501444558975,
    "0.15": 30.08426776610202,
    "0.2": 31.969352255020638
  },
  "final_loss": 59.90863915169029,
  "total_steps": 8347,
  "per_stage_final_loss": [
    503.42904644757624,
    238.62629646165402,
    168.549719227164,
    167.6194122219656,
    147.41516652483696,
    146.29068536720067,
    140.58075694889595,
    140.57459261259518,
    140.34215334703453,
    135.6170517644487,
    135.4928496520607,
    134.48816574037804,
    134.09760649985714,
    134.09633911887443,
    134.09695015354433,
    133.5701352671182,
    133.21677133596134,
    133.20872752963484,
    132.5995404721402,
    131.93665201756474,
    129.16449169307438,
    129.1632138163767,
    129.1633214896224,
    129.15789197689287,
    129.15739769409592,
    125.24890133251346,
    125.246880641581,
    125.24603104121678,
    125.24386593046984,
    125.24809616883721,
    123.53245129813997,
    123.52995523602912,
    123.5301146897084,
    123.52894039570192,
    123.52918259538636,
    123.5288851801495,
    118.25919617034863,
    118.25387075590497,
    118.25343149735951,
    118.25243353432468,
    118.2470007650393,
    118.2436049701433,
    102.15521796181142,
    102.15123981207337,
    102.14682635985761,
    102.14678496086603,
    102.14680799430232,
    102.14626864778683,
    102.1459065555257,
    91.58385101398092,
    91.58577335365135,
    91.58235784960156,
    91.58055587351679,
    91.57968713603695,
    91.58014721750799,
    91.57998575406067,
    76.27070370606889,
    76.26994602626532,
    76.26894453150146,
    76.26923000717964,
    76.26892870848786,
    76.268946502799,
    76.26819818351309,
    76.26801882387973,
    59.911795834859205,
    59.910964403559326,
    59.91025966394073,
    59.909739270559704,
    59.912601631816415,
    59.90878697828461,
    59.90849753003329,
    59.90863915169029
  ],
  "trigger_counts": {
    "grad_norm": 0,
    "loss_delta": 72,
    "max_steps": 0
  },
  "elapsed_seconds": 4709.209584270604,
  "device": "cuda:0",
  "git_sha": "894ee7c407f737c0a250a28d33487a7db7bd83d3"
}