{
  "dataset": "div2k_8q",
  "ordering": "bg",
  "seed": 38,
  "m": 8,
  "n": 8,
  "init": "random",
  "topk_ratio": 0.2,
  "k_train": 13107,
  "lr": 0.003,
  "batch": 50,
  "train_batch_idx": [
    18,
    34,
    46,
    47,
    51,
    62,
    63,
    65,
    75,
    96,
    106,
    112,
    113,
    128,
    146,
    161,
    166,
    171,
    177,
    184,
    191,
    197,
    205,
    218,
    219,
    227,
    231,
    252,
    255,
    256,
    260,
    290,
    308,
    315,
    320,
    325,
    327,
    328,
    334,
    350,
    370,
    387,
    400,
    401,
    408,
    428,
    442,
    483,
    496,
    498
  ],
  "max_steps": 2000,
  "grad_check_every": 5,
  "psnr": {
    "0.05": 25.279000749818238,
    "0.1": 27.97392625051135,
    "0.15": 30.083692128901802,
    "0.2": 31.968470110118318
  },
  "final_loss": 68.23752591208516,
  "total_steps": 7850,
  "per_stage_final_loss": [
    590.9676877154981,
    250.7909161172175,
    197.17693145520985,
    197.11888235178375,
    174.38698187048803,
    173.2401983307936,
    169.37224898426254,
    168.66163111892732,
    168.66099429560012,
    162.57634689441417,
    162.53014720924298,
    161.95554026685016,
    161.47708243112143,
    161.44076226532147,
    161.4370685458985,
    160.72332820046003,
    159.22592688039182,
    158.957811032736,
    158.95632160752587,
    158.4002342524126,
    156.94971316289354,
    156.93349319790985,
    156.9286289767678,
    156.8916629629561,
    156.8881196036606,
    154.04556545694908,
    153.99308737939506,
    153.98822457436157,
    153.9880153510005,
    153.9595307888993,
    146.44791142913462,
    146.44474438637485,
    146.44242206453328,
    146.4420779443059,
    146.4416991533288,
    146.44083597322683,
    138.47185427806522,
    138.46835217614938,
    138.46740466357136,
    138.4645821006838,
    138.4691028015576,
    138.46424288962476,
    121.44255249238034,
    121.01099608379093,
    121.00980271646317,
    121.0086729023156,
    121.00408274439093,
    121.00477109226908,
    121.0038039645207,
    119.01720290033337,
    119.01737219084049,
    119.01724528918078,
    119.01733035277934,
    119.01561471158672,
    119.01539181907698,
    119.01491826773194,
    87.01707837814989,
    87.01602069955968,
    87.01569361495534,
    87.01540423603493,
    87.01295386033996,
    87.01311153346612,
    87.01339015844536,
    87.01250416537685,
    68.23929839454586,
    68.23846771042963,
    68.23817237459374,
    68.23815567039273,
    68.2378807272412,
    68.2375431330423,
    68.23755322221699,
    68.23752591208516
  ],
  "trigger_counts": {
    "grad_norm": 0,
    "loss_delta": 72,
    "max_steps": 0
  },
  "elapsed_seconds": 4303.334482293576,
  "device": "cuda:0",
  "git_sha": "8f584e16671086491acd5747515c5792c0fffec7"
}