{
  "dataset": "div2k_8q",
  "ordering": "bg",
  "seed": 6,
  "m": 8,
  "n": 8,
  "init": "random",
  "topk_ratio": 0.2,
  "k_train": 13107,
  "lr": 0.003,
  "batch": 50,
  "train_batch_idx": [
    4,
    23,
    24,
    57,
    60,
    74,
    86,
    92,
    100,
    128,
    153,
    155,
    168,
    171,
    197,
    200,
    206,
    211,
    234,
    243,
    247,
    266,
    267,
    280,
    285,
    290,
    292,
    300,
    308,
    312,
    313,
    318,
    351,
    365,
    369,
    378,
    379,
    385,
    396,
    401,
    402,
    414,
    419,
    427,
    430,
    454,
    463,
    467,
    489,
    499
  ],
  "max_steps": 2000,
  "grad_check_every": 5,
  "psnr": {
    "0.05": 25.2347242298648,
    "0.1": 27.811166612424937,
    "0.15": 29.84095547586658,
    "0.2": 31.659257740808265
  },
  "final_loss": 70.55287842704966,
  "total_steps": 9450,
  "per_stage_final_loss": [
    416.06510740854645,
    231.8715004435194,
    188.59974348629254,
    187.22275691248214,
    165.14423206688852,
    163.1656962619003,
    157.4349918187474,
    156.63125549676099,
    156.39414793610223,
    153.28453457118206,
    153.26579236246383,
    152.69919228534846,
    151.997214658083,
    151.98044072771737,
    151.9110382477773,
    150.9912716586691,
    149.18391803767358,
    148.9318695303168,
    148.65614368820522,
    148.42241153347965,
    145.27206826667523,
    145.2713965962781,
    145.26855262729416,
    145.26743654252456,
    145.26530600739446,
    143.5285003488943,
    143.53344752612554,
    143.52423892827133,
    143.52376982565687,
    143.51807844603258,
    139.3280521455201,
    139.3246621520776,
    139.32420381412805,
    139.32455912062335,
    139.3242012498856,
    139.32351430740854,
    137.3376623607538,
    137.3250007922869,
    137.32347645327343,
    137.32516029066153,
    137.3201436982647,
    137.31974808483344,
    136.12370335119925,
    136.1237142630762,
    136.12422830442682,
    136.12189432431435,
    136.12163973907627,
    136.12201068697226,
    136.11831718947147,
    122.67067868663459,
    122.66223809586492,
    122.66304718769497,
    122.66054406062746,
    122.66065742809576,
    122.66167994587651,
    122.6625472745625,
    96.08690217129072,
    96.08308768724073,
    96.08303922926189,
    96.08319494618615,
    96.0827153516925,
    96.0823587294823,
    96.08259201146566,
    96.08184089104827,
    70.55483564757009,
    70.55484389843569,
    70.55373707658562,
    70.55376025815039,
    70.55367752574602,
    70.55369927547204,
    70.5531381277041,
    70.55287842704966
  ],
  "trigger_counts": {
    "grad_norm": 0,
    "loss_delta": 72,
    "max_steps": 0
  },
  "elapsed_seconds": 3473.4278080333024,
  "device": "cuda:0",
  "git_sha": "cd99d395b8a93402f3495687164423138f07cb9b"
}