{
  "dataset": "div2k_8q",
  "ordering": "bg",
  "seed": 12,
  "m": 8,
  "n": 8,
  "init": "random",
  "topk_ratio": 0.2,
  "k_train": 13107,
  "lr": 0.003,
  "batch": 50,
  "train_batch_idx": [
    1,
    29,
    32,
    50,
    53,
    74,
    82,
    86,
    91,
    92,
    106,
    113,
    123,
    126,
    143,
    148,
    151,
    160,
    168,
    200,
    209,
    218,
    222,
    223,
    226,
    256,
    267,
    272,
    276,
    308,
    311,
    329,
    334,
    338,
    343,
    359,
    370,
    403,
    404,
    419,
    429,
    438,
    440,
    450,
    457,
    462,
    467,
    474,
    484,
    486
  ],
  "max_steps": 2000,
  "grad_check_every": 5,
  "psnr": {
    "0.05": 25.280290635994913,
    "0.1": 27.975172591227082,
    "0.15": 30.084951548241424,
    "0.2": 31.969768503978486
  },
  "final_loss": 75.97116597312781,
  "total_steps": 8091,
  "per_stage_final_loss": [
    629.5164380363827,
    272.0019132411354,
    219.6904003225921,
    219.18502617412386,
    193.53128996792108,
    193.2950915752104,
    186.59225368752044,
    186.50899618692517,
    186.34594728505832,
    179.56496453193307,
    179.38157826471766,
    179.0218500809212,
    179.00902565532408,
    178.94706338068238,
    178.75636847109368,
    177.79216407322966,
    177.05093633284014,
    176.29531534161563,
    176.1584725324242,
    175.1912404970039,
    174.85255009933476,
    174.84966881276043,
    174.8435717858495,
    174.8317360447137,
    174.82445936743315,
    174.07971592106412,
    174.04149031926224,
    174.0327579057583,
    174.02425289125503,
    174.0139285000389,
    169.13509342271522,
    169.13959150207504,
    169.133707449284,
    169.1246053780246,
    169.12500457244627,
    169.1221683733051,
    162.69768791210424,
    162.67717556276668,
    162.6765405948382,
    162.67614062409558,
    162.6766700409533,
    162.6761660844214,
    143.37354796877796,
    143.37110038705603,
    143.3639873177701,
    143.36605578819464,
    143.36199139769914,
    143.3617345212858,
    143.3623377927786,
    129.93133658935164,
    129.92907410214497,
    129.92846041184063,
    129.92842092201343,
    129.92875133264954,
    129.92904725432587,
    129.9280479128924,
    93.44520171285407,
    93.44319483913834,
    93.44146018271243,
    93.44105258681248,
    93.44122668096837,
    93.44103302466407,
    93.4409094911587,
    93.45479122148157,
    75.97358825492455,
    75.97281729494115,
    75.971930502737,
    75.97120714725969,
    75.9710893101011,
    75.97136254189758,
    75.9711573580499,
    75.97116597312781
  ],
  "trigger_counts": {
    "grad_norm": 0,
    "loss_delta": 72,
    "max_steps": 0
  },
  "elapsed_seconds": 3109.7390766078606,
  "device": "cuda:0",
  "git_sha": "5c2d8282104b3081f6b073074cdcfe12a6a6c78c"
}