{
  "dataset": "div2k_8q",
  "ordering": "bg",
  "seed": 70,
  "m": 8,
  "n": 8,
  "init": "random",
  "topk_ratio": 0.2,
  "k_train": 13107,
  "lr": 0.003,
  "batch": 50,
  "train_batch_idx": [
    1,
    7,
    9,
    12,
    13,
    23,
    41,
    67,
    70,
    81,
    96,
    108,
    109,
    112,
    114,
    130,
    145,
    146,
    150,
    155,
    156,
    157,
    159,
    163,
    172,
    183,
    191,
    206,
    210,
    211,
    218,
    224,
    242,
    271,
    283,
    285,
    287,
    288,
    291,
    293,
    296,
    328,
    340,
    347,
    367,
    386,
    442,
    446,
    475,
    485
  ],
  "max_steps": 2000,
  "grad_check_every": 5,
  "psnr": {
    "0.05": 25.27952805675687,
    "0.1": 27.974309191683393,
    "0.15": 30.08370420415984,
    "0.2": 31.968936015182408
  },
  "final_loss": 75.98519323100645,
  "total_steps": 7899,
  "per_stage_final_loss": [
    993.779887418588,
    317.8160447927189,
    224.3335685295413,
    224.3189908647943,
    191.6580745775952,
    191.21986017194976,
    185.2522758534985,
    184.63667305380136,
    184.60524312233431,
    177.9782129854062,
    177.63158024004647,
    177.62064813864703,
    175.27205676429674,
    174.91961368917234,
    174.4356228790554,
    174.28909832520094,
    172.24674641050044,
    170.87679369825827,
    170.8614354203777,
    170.4794144499267,
    167.69235614571528,
    167.69156051002844,
    167.68915010123274,
    167.68767657909834,
    167.6849031148443,
    162.68111993122025,
    162.67108538460195,
    162.6655579707641,
    162.66934304750868,
    162.677347653109,
    160.2740002849774,
    160.25997663384152,
    160.27013193858025,
    160.25088227651594,
    160.24947380364338,
    160.24970432411985,
    158.18747604515954,
    157.07832969925713,
    157.0736201594542,
    157.0711574883964,
    157.09332240676818,
    157.069859549906,
    154.75518820217664,
    154.75134848381427,
    154.75070720161708,
    154.7487290208523,
    154.74862034063543,
    154.74702755732235,
    154.74603926050617,
    140.55883229600485,
    140.55189661639926,
    140.550804620271,
    140.5613545415431,
    140.54756883212482,
    140.54785587509912,
    140.54724572302317,
    106.96238437625459,
    106.96018506357166,
    106.9591124003428,
    106.95873761964222,
    106.95854743403841,
    106.95858363269578,
    106.958179581878,
    106.95784842147958,
    75.99082060214003,
    75.99160807963587,
    75.99070680956343,
    75.98564083869802,
    75.98570467474022,
    75.98537403839623,
    75.98516758319778,
    75.98519323100645
  ],
  "trigger_counts": {
    "grad_norm": 0,
    "loss_delta": 72,
    "max_steps": 0
  },
  "elapsed_seconds": 4460.922083233483,
  "device": "cuda:0",
  "git_sha": "894ee7c407f737c0a250a28d33487a7db7bd83d3"
}