{
  "dataset": "div2k_8q",
  "ordering": "bg",
  "seed": 82,
  "m": 8,
  "n": 8,
  "init": "random",
  "topk_ratio": 0.2,
  "k_train": 13107,
  "lr": 0.003,
  "batch": 50,
  "train_batch_idx": [
    21,
    37,
    50,
    67,
    68,
    73,
    99,
    102,
    103,
    124,
    126,
    130,
    142,
    170,
    187,
    199,
    215,
    226,
    239,
    244,
    247,
    252,
    254,
    264,
    294,
    296,
    317,
    323,
    346,
    355,
    358,
    361,
    364,
    365,
    367,
    372,
    373,
    383,
    385,
    388,
    398,
    410,
    414,
    423,
    433,
    445,
    448,
    449,
    450,
    496
  ],
  "max_steps": 2000,
  "grad_check_every": 5,
  "psnr": {
    "0.05": 25.23369712942011,
    "0.1": 27.810095619501634,
    "0.15": 29.839430154958077,
    "0.2": 31.657431440494403
  },
  "final_loss": 75.15139212876142,
  "total_steps": 8814,
  "per_stage_final_loss": [
    894.1680503672073,
    278.1105263092634,
    212.8456769518581,
    211.66452144343657,
    185.82915038305143,
    184.55124434923252,
    177.65588027662002,
    177.19126050513245,
    177.13243501881627,
    175.81671863532503,
    175.61059773741087,
    174.66379005742564,
    173.24553437031145,
    173.0967320645979,
    172.4289090162277,
    172.42798717507708,
    171.43192720010666,
    171.42631451585476,
    170.657762890613,
    170.43903681045572,
    168.87936803684048,
    168.90772454222213,
    168.87843510080646,
    168.86523097622728,
    168.84807542342548,
    168.59647975296707,
    168.59116174467206,
    168.59049994152076,
    168.5841621052679,
    168.573028671691,
    163.46498612530002,
    163.46194700473845,
    163.46499145451364,
    163.46089245833878,
    163.4617575945345,
    163.45428219897295,
    157.13454960218053,
    157.14095228882275,
    157.12769418894263,
    157.12105732743692,
    157.12066985709473,
    157.12201219567098,
    149.57987082056917,
    149.57658918950875,
    149.57206222645567,
    149.57234842241513,
    149.5742531678404,
    149.5719812731879,
    149.57151427386995,
    135.94204536330287,
    135.92865944380364,
    135.92699876118985,
    135.92550671417595,
    135.92396198966026,
    135.92296364156152,
    135.92196029655648,
    106.06368070556476,
    106.05989216209484,
    106.0671546577338,
    106.05743670875691,
    106.05786020310778,
    106.05758230075311,
    106.0569167275961,
    106.05583016478987,
    75.1565330347772,
    75.15453302267082,
    75.15416270478073,
    75.1532863682891,
    75.15242908100652,
    75.1523025227121,
    75.151298755832,
    75.15139212876142
  ],
  "trigger_counts": {
    "grad_norm": 0,
    "loss_delta": 72,
    "max_steps": 0
  },
  "elapsed_seconds": 10802.591329236515,
  "device": "cuda:0",
  "git_sha": "894ee7c407f737c0a250a28d33487a7db7bd83d3"
}