{
  "dataset": "div2k_8q",
  "ordering": "bg",
  "seed": 65,
  "m": 8,
  "n": 8,
  "init": "random",
  "topk_ratio": 0.2,
  "k_train": 13107,
  "lr": 0.003,
  "batch": 50,
  "train_batch_idx": [
    5,
    12,
    20,
    21,
    37,
    49,
    66,
    67,
    78,
    81,
    95,
    104,
    116,
    123,
    129,
    131,
    138,
    144,
    148,
    153,
    170,
    176,
    178,
    179,
    188,
    224,
    235,
    237,
    240,
    267,
    268,
    269,
    272,
    274,
    289,
    303,
    304,
    348,
    360,
    371,
    412,
    413,
    425,
    433,
    436,
    443,
    449,
    453,
    485,
    493
  ],
  "max_steps": 2000,
  "grad_check_every": 5,
  "psnr": {
    "0.05": 25.234744513677473,
    "0.1": 27.811367457385543,
    "0.15": 29.840850510052302,
    "0.2": 31.65895744600941
  },
  "final_loss": 65.73805293466894,
  "total_steps": 9769,
  "per_stage_final_loss": [
    369.4318969227196,
    189.3028449441955,
    170.5309744129989,
    169.28199238758643,
    154.2335907296751,
    153.8618751238083,
    149.62310725170724,
    149.54741886129693,
    149.5465424940543,
    146.99742639217678,
    146.2353709299353,
    145.88785610179468,
    145.3092715235518,
    145.26118824510283,
    145.19994064478175,
    144.10115299596916,
    141.99061162954695,
    141.19649536008717,
    141.1188651812971,
    140.98667380096694,
    140.09313101056543,
    140.09180821179814,
    140.09245191849953,
    140.08792913872622,
    140.08464647882158,
    140.04324875656093,
    140.01401683947444,
    139.95818133602927,
    139.7733602817556,
    139.68193003278094,
    133.07292443703798,
    133.06393016170026,
    133.06320282883652,
    133.06152593560918,
    133.06149382252187,
    133.06307580449834,
    126.70447109079484,
    126.7080930363783,
    126.68958568459276,
    126.68962281415929,
    126.68810176577219,
    126.68181514002791,
    124.76616566289572,
    124.77021517944631,
    124.76636082199435,
    124.7662366014051,
    124.7653544626971,
    124.76490009518515,
    124.76455368380643,
    108.81722858466009,
    108.8154518725943,
    108.81487387349961,
    108.81431408773692,
    108.81178674300078,
    108.80825275600796,
    108.80827387269596,
    93.13024855406327,
    93.12846530904659,
    93.12817379331948,
    93.12807929495317,
    93.12742453647819,
    93.12744215902107,
    93.52299883954974,
    93.12653144816024,
    65.74075115550428,
    65.74061865000456,
    65.73931567575076,
    65.73943643234118,
    65.73824638882856,
    65.73811438370882,
    65.73800116328914,
    65.73805293466894
  ],
  "trigger_counts": {
    "grad_norm": 0,
    "loss_delta": 72,
    "max_steps": 0
  },
  "elapsed_seconds": 5421.364676788449,
  "device": "cuda:0",
  "git_sha": "894ee7c407f737c0a250a28d33487a7db7bd83d3"
}