{
  "dataset": "div2k_8q",
  "ordering": "bg",
  "seed": 96,
  "m": 8,
  "n": 8,
  "init": "random",
  "topk_ratio": 0.2,
  "k_train": 13107,
  "lr": 0.003,
  "batch": 50,
  "train_batch_idx": [
    5,
    12,
    18,
    20,
    43,
    65,
    76,
    87,
    88,
    92,
    98,
    109,
    119,
    124,
    129,
    138,
    161,
    185,
    202,
    214,
    218,
    221,
    222,
    224,
    225,
    244,
    250,
    251,
    272,
    279,
    289,
    290,
    316,
    324,
    329,
    333,
    335,
    368,
    372,
    384,
    388,
    425,
    429,
    434,
    447,
    450,
    458,
    460,
    467,
    497
  ],
  "max_steps": 2000,
  "grad_check_every": 5,
  "psnr": {
    "0.05": 25.23509612275575,
    "0.1": 27.811836806332973,
    "0.15": 29.841542631451947,
    "0.2": 31.66002063124624
  },
  "final_loss": 64.87506333954302,
  "total_steps": 8452,
  "per_stage_final_loss": [
    631.8526536656199,
    229.04619448881593,
    177.12440463125938,
    176.55071861487784,
    157.45711729171586,
    157.40143479314722,
    153.96395762007467,
    153.60910214359453,
    152.45830451160916,
    148.88572446980447,
    148.23377202746676,
    148.23185953934103,
    147.31752171002378,
    147.31665789442658,
    146.62497399025773,
    145.78680488574156,
    145.61209892945087,
    145.61811370312358,
    145.32904003231735,
    143.9422300723173,
    141.90083663417448,
    141.90004666811063,
    141.89973917836042,
    141.89438974193564,
    141.8788979395274,
    141.01881600823862,
    141.00567498381076,
    141.00780045772734,
    141.00527830112634,
    140.98833574565626,
    133.7291283837497,
    133.7357429305812,
    133.72696085018913,
    133.7284168770809,
    133.72427726235804,
    133.72313072028493,
    124.21805728373882,
    124.21775664158511,
    124.21837066055589,
    124.21731380255619,
    124.2165394896155,
    124.21713666247622,
    115.52132575936436,
    115.51848708271298,
    115.51710088245683,
    115.52089863326631,
    115.51504769447892,
    115.5149831408562,
    115.51458167138331,
    103.4204856339848,
    103.42043291334313,
    103.4200597798273,
    103.42079522417887,
    103.42066413643755,
    103.41939360360064,
    103.41922176231148,
    83.88484712150387,
    83.8833875913288,
    83.8804578863769,
    83.88145908240357,
    83.88106658173578,
    83.87981571606575,
    83.87956605484509,
    83.87913876848019,
    64.87646366511326,
    64.87580503767674,
    64.87562107024644,
    64.87540293520203,
    64.87551710080679,
    64.87526190494489,
    64.87520863075476,
    64.87506333954302
  ],
  "trigger_counts": {
    "grad_norm": 0,
    "loss_delta": 72,
    "max_steps": 0
  },
  "elapsed_seconds": 4596.400144498795,
  "device": "cuda:0",
  "git_sha": "894ee7c407f737c0a250a28d33487a7db7bd83d3"
}