{
  "dataset": "div2k_8q",
  "ordering": "bg",
  "seed": 75,
  "m": 8,
  "n": 8,
  "init": "random",
  "topk_ratio": 0.2,
  "k_train": 13107,
  "lr": 0.003,
  "batch": 50,
  "train_batch_idx": [
    2,
    3,
    5,
    10,
    36,
    62,
    66,
    69,
    90,
    91,
    96,
    100,
    159,
    160,
    174,
    189,
    195,
    200,
    214,
    251,
    254,
    256,
    299,
    302,
    306,
    312,
    313,
    325,
    326,
    332,
    337,
    347,
    350,
    352,
    360,
    390,
    397,
    405,
    409,
    411,
    429,
    430,
    441,
    455,
    459,
    473,
    478,
    486,
    487,
    494
  ],
  "max_steps": 2000,
  "grad_check_every": 5,
  "psnr": {
    "0.05": 25.227056857041934,
    "0.1": 27.80652902341196,
    "0.15": 29.83785813013527,
    "0.2": 31.657074662379877
  },
  "final_loss": 64.76105821947056,
  "total_steps": 9176,
  "per_stage_final_loss": [
    348.41279334827885,
    214.3809303100282,
    182.01676414890397,
    181.5125430425599,
    158.94149461829164,
    158.12385175889528,
    152.28069980648252,
    151.91786361875543,
    151.74731880488247,
    146.45522853284157,
    146.11153107547125,
    145.13318438621977,
    143.2122012339168,
    142.79556742531284,
    142.72791165010477,
    142.6734594363336,
    142.45576517851742,
    142.4217238025816,
    142.29211201695406,
    142.28960109671263,
    140.60447964711844,
    140.60294028601126,
    140.60173166545997,
    140.60059203802183,
    140.59843231269247,
    138.74708553890807,
    138.74782402563702,
    138.7469668561926,
    138.7359063390954,
    138.71453600677657,
    136.49462686472677,
    136.4965622482462,
    136.4929535269242,
    136.49468028763192,
    136.49052846583237,
    136.48880058118215,
    133.39428461593135,
    133.38766713491768,
    133.3904976843398,
    133.38799839841815,
    133.38248906010296,
    133.379595889839,
    126.57119401785401,
    126.5645035355572,
    126.56419415835437,
    126.56385239365588,
    126.55619313280357,
    126.5525682802216,
    126.55314302323804,
    113.10307581705209,
    113.09709159999257,
    113.09825283673892,
    113.09590746278548,
    113.09725729953574,
    113.09525045001665,
    113.09490342815472,
    85.41777453220048,
    85.41478778961358,
    85.4128799682388,
    85.41533118503565,
    85.41230939741465,
    85.4121637519581,
    85.41164269172819,
    85.41139538412413,
    64.76277171516074,
    64.74633634874975,
    64.76117880251248,
    64.76108866447,
    64.761331165122,
    64.74596348726362,
    64.74584344985169,
    64.76105821947056
  ],
  "trigger_counts": {
    "grad_norm": 0,
    "loss_delta": 72,
    "max_steps": 0
  },
  "elapsed_seconds": 5160.821562329307,
  "device": "cuda:0",
  "git_sha": "894ee7c407f737c0a250a28d33487a7db7bd83d3"
}