{
  "dataset": "div2k_8q",
  "ordering": "bg",
  "seed": 23,
  "m": 8,
  "n": 8,
  "init": "random",
  "topk_ratio": 0.2,
  "k_train": 13107,
  "lr": 0.003,
  "batch": 50,
  "train_batch_idx": [
    8,
    16,
    21,
    30,
    38,
    50,
    52,
    55,
    58,
    66,
    73,
    89,
    93,
    101,
    119,
    134,
    142,
    144,
    161,
    165,
    187,
    191,
    195,
    202,
    217,
    221,
    227,
    261,
    268,
    276,
    291,
    300,
    303,
    304,
    313,
    322,
    323,
    332,
    335,
    346,
    357,
    363,
    394,
    423,
    464,
    469,
    471,
    491,
    494,
    498
  ],
  "max_steps": 2000,
  "grad_check_every": 5,
  "psnr": {
    "0.05": 25.164938404858063,
    "0.1": 27.861063259262963,
    "0.15": 29.959860807178053,
    "0.2": 31.83615322177984
  },
  "final_loss": 57.425359503285165,
  "total_steps": 8499,
  "per_stage_final_loss": [
    362.95031354211795,
    199.40231172257344,
    174.52869766856944,
    173.34090575294934,
    151.3840565756367,
    150.68950723104214,
    145.5388797733288,
    145.53723776859766,
    144.34492912598074,
    142.5167526233653,
    142.1152256063569,
    141.2645600381,
    140.13937231693154,
    139.91509601336332,
    139.75820049091936,
    139.2977164485362,
    138.83397162597115,
    138.8196154202525,
    138.28405751499093,
    137.003748997236,
    136.1595469522131,
    136.157680463521,
    136.15779446228495,
    136.1479280526741,
    136.13908626397406,
    134.21629308248842,
    134.20533965011418,
    134.20079782939868,
    134.19938139895766,
    134.2030685123968,
    128.94204663024826,
    128.94074370340124,
    128.9388911271457,
    128.9364293079793,
    128.93946539090808,
    128.93855241168387,
    126.31703739996036,
    126.31744863750437,
    126.3097266377437,
    126.30986813932213,
    126.30785311569598,
    126.30583347753698,
    108.4670663592957,
    108.47486057759824,
    108.46576265184471,
    107.10264124289948,
    107.10266201153267,
    107.10057683827719,
    107.10043018725774,
    88.50874692062716,
    88.50769438733487,
    88.50701592108642,
    88.50622853027369,
    88.50616935208797,
    88.50538614856505,
    88.50534460712699,
    76.91703926800793,
    76.91878744487376,
    76.91354119371647,
    76.91334222289889,
    76.91315705717291,
    76.91297949544168,
    76.91290702824762,
    76.91287926213235,
    57.42809508429469,
    57.427064345050184,
    57.4258096327803,
    57.42590311571954,
    57.425652358932766,
    57.42553389464365,
    57.42552158748949,
    57.425359503285165
  ],
  "trigger_counts": {
    "grad_norm": 0,
    "loss_delta": 72,
    "max_steps": 0
  },
  "elapsed_seconds": 4674.235643008724,
  "device": "cuda:0",
  "git_sha": "5c2d8282104b3081f6b073074cdcfe12a6a6c78c"
}