{
  "dataset": "div2k_8q",
  "ordering": "bg",
  "seed": 30,
  "m": 8,
  "n": 8,
  "init": "random",
  "topk_ratio": 0.2,
  "k_train": 13107,
  "lr": 0.003,
  "batch": 50,
  "train_batch_idx": [
    4,
    42,
    46,
    47,
    51,
    68,
    72,
    76,
    82,
    88,
    106,
    111,
    118,
    120,
    132,
    148,
    151,
    181,
    186,
    194,
    205,
    217,
    229,
    247,
    266,
    271,
    272,
    278,
    292,
    295,
    299,
    301,
    305,
    333,
    341,
    350,
    351,
    360,
    361,
    366,
    369,
    400,
    429,
    432,
    477,
    478,
    480,
    485,
    486,
    493
  ],
  "max_steps": 2000,
  "grad_check_every": 5,
  "psnr": {
    "0.05": 25.228143815059962,
    "0.1": 27.80677899064129,
    "0.15": 29.83761449387134,
    "0.2": 31.656534404663077
  },
  "final_loss": 68.32995138291373,
  "total_steps": 9486,
  "per_stage_final_loss": [
    460.2710570669317,
    223.28085666261316,
    177.88554055117632,
    177.4484208753574,
    164.78999472795186,
    164.0258447666262,
    157.84159470030315,
    157.61105039172315,
    156.99197983989566,
    152.7386108864609,
    152.0060452670666,
    152.0046873597568,
    151.47346793417466,
    151.3701998246641,
    150.4819840654719,
    150.42895289343826,
    150.20453772876155,
    150.16420728267138,
    149.89794889058925,
    148.93914650159473,
    147.96718590182869,
    147.955539171072,
    147.94836476557126,
    147.94742738196098,
    147.93662649657398,
    146.74839563880607,
    146.74220924886225,
    146.73938711112547,
    146.73576692631872,
    146.7175577832998,
    140.99617506678132,
    140.9949662142154,
    140.99335617907158,
    140.9900607127071,
    140.9853917194928,
    140.9851758209544,
    133.35017227086269,
    133.34787416089767,
    133.34844691115958,
    133.34672988096585,
    133.3457702369465,
    133.34561493003068,
    117.7217339169014,
    117.7190954900473,
    117.71928014987024,
    117.71804391970576,
    117.71699314452917,
    117.72454119469282,
    117.71545865263968,
    95.47011762109996,
    95.4681905197712,
    95.46778682248726,
    95.46793459283234,
    95.4675754822115,
    95.46718724601855,
    95.46733588339005,
    71.21878445107492,
    71.21846397957349,
    71.2183248162137,
    71.21659850955609,
    71.21645446000608,
    71.21609265912504,
    71.21599331354953,
    71.2159499492436,
    68.33184079717792,
    68.33176823053515,
    68.33116935536933,
    68.331108448768,
    68.33111520691347,
    68.33110804839701,
    68.33116575616785,
    68.32995138291373
  ],
  "trigger_counts": {
    "grad_norm": 0,
    "loss_delta": 72,
    "max_steps": 0
  },
  "elapsed_seconds": 5203.147545935586,
  "device": "cuda:0",
  "git_sha": "5c2d8282104b3081f6b073074cdcfe12a6a6c78c"
}