{
  "dataset": "div2k_8q",
  "ordering": "bg",
  "seed": 10,
  "m": 8,
  "n": 8,
  "init": "random",
  "topk_ratio": 0.2,
  "k_train": 13107,
  "lr": 0.003,
  "batch": 50,
  "train_batch_idx": [
    3,
    33,
    56,
    62,
    65,
    68,
    70,
    94,
    110,
    111,
    116,
    119,
    151,
    153,
    160,
    187,
    190,
    199,
    235,
    242,
    245,
    258,
    274,
    317,
    319,
    350,
    355,
    360,
    362,
    377,
    382,
    385,
    389,
    392,
    397,
    407,
    421,
    432,
    437,
    444,
    447,
    449,
    459,
    474,
    477,
    481,
    482,
    483,
    487,
    488
  ],
  "max_steps": 2000,
  "grad_check_every": 5,
  "psnr": {
    "0.05": 25.280277265417155,
    "0.1": 27.975223147444716,
    "0.15": 30.08485685225475,
    "0.2": 31.969902219389486
  },
  "final_loss": 63.15408419037719,
  "total_steps": 7694,
  "per_stage_final_loss": [
    511.4253530710157,
    210.91180131609912,
    177.77876590147,
    177.4680318267453,
    164.992865629562,
    163.86679052292504,
    157.19105319287561,
    156.89761106761978,
    156.84505407221022,
    151.79587695287216,
    151.73784326463593,
    151.7345006005987,
    149.68057852480067,
    149.6821430317946,
    149.67946368643817,
    148.91052960654278,
    148.38716107564028,
    147.99082474080558,
    147.868583567541,
    146.66765460971303,
    145.15645083441194,
    145.14529373833435,
    145.36998157091102,
    145.14203844593283,
    145.14019765247428,
    144.91529897515687,
    144.90927037959588,
    144.90973589830816,
    144.9091984825313,
    144.90080345103792,
    135.75980458565914,
    135.7485395963882,
    135.74688063047245,
    135.74276547663266,
    135.73948421614085,
    135.73981737128855,
    133.7123969847014,
    133.67372761540813,
    133.67271075191996,
    133.6680999856869,
    133.66681870768443,
    133.6676180468133,
    119.19587551597954,
    119.18736178356016,
    119.18771925238234,
    119.18714135564841,
    119.18520951071,
    119.18884597587031,
    119.18410557796831,
    98.1784380925119,
    98.17556021012501,
    98.17484798765304,
    98.1726257155121,
    98.17252207134398,
    98.17222461819604,
    98.17155929863968,
    92.39189968385003,
    92.39170293360966,
    92.39161180308558,
    92.39134584656112,
    92.39131381078899,
    92.39112082201822,
    92.39102286545607,
    92.39004490780606,
    63.156717852610036,
    63.156716915353144,
    63.15654561104573,
    63.15617994678267,
    63.1555268551918,
    63.154517780934604,
    63.154297191033024,
    63.15408419037719
  ],
  "trigger_counts": {
    "grad_norm": 0,
    "loss_delta": 72,
    "max_steps": 0
  },
  "elapsed_seconds": 3411.9362489366904,
  "device": "cuda:0",
  "git_sha": "cd99d395b8a93402f3495687164423138f07cb9b"
}