{
  "dataset": "div2k_8q",
  "ordering": "bg",
  "seed": 86,
  "m": 8,
  "n": 8,
  "init": "random",
  "topk_ratio": 0.2,
  "k_train": 13107,
  "lr": 0.003,
  "batch": 50,
  "train_batch_idx": [
    0,
    18,
    21,
    27,
    28,
    40,
    48,
    54,
    61,
    64,
    65,
    69,
    79,
    83,
    94,
    101,
    105,
    130,
    153,
    160,
    162,
    169,
    170,
    182,
    189,
    197,
    200,
    231,
    278,
    280,
    296,
    300,
    358,
    365,
    366,
    371,
    376,
    389,
    391,
    398,
    412,
    419,
    425,
    431,
    445,
    449,
    453,
    460,
    471,
    473
  ],
  "max_steps": 2000,
  "grad_check_every": 5,
  "psnr": {
    "0.05": 25.27926642886518,
    "0.1": 27.97413574441471,
    "0.15": 30.083668985745785,
    "0.2": 31.96870952632472
  },
  "final_loss": 66.00126301198203,
  "total_steps": 9196,
  "per_stage_final_loss": [
    391.0973600975004,
    207.0681701809026,
    185.7350848018528,
    184.65231975575705,
    170.00704306116498,
    169.0388272406696,
    167.45453963789151,
    167.1035054919707,
    166.24763757494875,
    161.0719440652166,
    161.03726683551665,
    160.2025148345309,
    159.1712474585123,
    158.94541705071643,
    158.9113796589503,
    158.72906811813118,
    158.12644870970757,
    158.02090490167436,
    157.85081327654936,
    156.78307822684667,
    155.25789299993147,
    155.25706990662357,
    155.25776609759913,
    155.2505713227262,
    155.24867829700742,
    155.03852132216684,
    155.037690855862,
    155.03749943814321,
    155.0257733282304,
    155.0258384103339,
    150.62050661011426,
    150.61745088614524,
    150.61335852895533,
    150.61296801360618,
    150.61337695773273,
    150.60911094238483,
    144.5199298119202,
    144.5178898510928,
    144.51673806663462,
    144.5134377927926,
    144.50977114677656,
    144.5077085084494,
    133.88167808695286,
    133.866494179722,
    133.8658187329291,
    133.88152497578042,
    133.8660389920992,
    133.867933447476,
    133.86412811374524,
    115.934383403581,
    115.91563153468036,
    115.91168995794062,
    115.91013196599626,
    115.90960942951293,
    115.9054538609274,
    115.90430446946462,
    96.67970303565235,
    96.6785175218331,
    96.67771848306282,
    96.67714452410594,
    96.6764854164698,
    96.67524186182892,
    96.67548210297046,
    96.67507012142822,
    66.00306765817437,
    66.00289787203239,
    66.00257408810577,
    66.00224952285367,
    66.00207953298701,
    66.00149387719111,
    66.00119243578823,
    66.00126301198203
  ],
  "trigger_counts": {
    "grad_norm": 0,
    "loss_delta": 72,
    "max_steps": 0
  },
  "elapsed_seconds": 5220.727773660794,
  "device": "cuda:0",
  "git_sha": "894ee7c407f737c0a250a28d33487a7db7bd83d3"
}