{
  "dataset": "div2k_8q",
  "ordering": "bg",
  "seed": 92,
  "m": 8,
  "n": 8,
  "init": "random",
  "topk_ratio": 0.2,
  "k_train": 13107,
  "lr": 0.003,
  "batch": 50,
  "train_batch_idx": [
    1,
    6,
    12,
    13,
    16,
    17,
    19,
    34,
    36,
    71,
    95,
    104,
    116,
    128,
    131,
    134,
    152,
    157,
    159,
    167,
    184,
    196,
    202,
    203,
    220,
    223,
    231,
    235,
    236,
    245,
    271,
    273,
    278,
    290,
    296,
    298,
    313,
    319,
    328,
    367,
    373,
    378,
    388,
    394,
    396,
    430,
    434,
    483,
    486,
    490
  ],
  "max_steps": 2000,
  "grad_check_every": 5,
  "psnr": {
    "0.05": 25.28007462178085,
    "0.1": 27.974906939022702,
    "0.15": 30.084648701914894,
    "0.2": 31.969707895975674
  },
  "final_loss": 72.2531475835895,
  "total_steps": 8524,
  "per_stage_final_loss": [
    734.1736094437664,
    272.77230436081055,
    209.75644288867218,
    208.72506030810197,
    185.9592725078237,
    185.70749830631252,
    183.00393117081666,
    182.57906020849666,
    181.8644359691837,
    176.3919233815217,
    176.35087366587777,
    175.742037060059,
    175.05596101032586,
    174.87096482936374,
    174.85164441578542,
    174.20863972122464,
    173.26982385456395,
    173.26386509364443,
    172.00264510743008,
    171.96100121926892,
    169.6410904669517,
    169.642489940946,
    169.63394224755146,
    169.60924984695382,
    169.6079958940958,
    169.530308885222,
    169.53400088592937,
    169.5180574465976,
    169.53621601994018,
    169.48841095716452,
    164.8656652097812,
    164.86363466643328,
    164.8526472281611,
    164.85070762948104,
    164.8533257728057,
    164.846606701815,
    158.69093904336094,
    158.67586346144958,
    158.67422744251675,
    158.6726162262269,
    158.66940708361554,
    158.66801077547547,
    147.63572593266497,
    147.63167438357635,
    147.63167281169265,
    147.6323629149665,
    147.63150150046502,
    147.63126375839576,
    147.62910485141336,
    138.72116141954123,
    138.7203717267031,
    138.71936608133248,
    138.71924918570969,
    138.71853645081595,
    138.71754270534126,
    138.71774573766731,
    104.92571198828502,
    104.92498512803182,
    104.92443975696185,
    104.924431769609,
    104.92359458479227,
    104.92342171809356,
    104.92337329663319,
    104.92344272312323,
    72.25766891539243,
    72.25449199246955,
    72.25388777090072,
    72.25383813321345,
    72.25384534788029,
    72.254282499545,
    72.25329574326693,
    72.2531475835895
  ],
  "trigger_counts": {
    "grad_norm": 0,
    "loss_delta": 72,
    "max_steps": 0
  },
  "elapsed_seconds": 4779.970424848609,
  "device": "cuda:0",
  "git_sha": "894ee7c407f737c0a250a28d33487a7db7bd83d3"
}