{
  "dataset": "div2k_8q",
  "ordering": "bg",
  "seed": 34,
  "m": 8,
  "n": 8,
  "init": "random",
  "topk_ratio": 0.2,
  "k_train": 13107,
  "lr": 0.003,
  "batch": 50,
  "train_batch_idx": [
    1,
    3,
    10,
    28,
    45,
    50,
    51,
    53,
    56,
    58,
    67,
    78,
    85,
    92,
    110,
    115,
    143,
    154,
    167,
    176,
    189,
    222,
    232,
    243,
    298,
    300,
    304,
    312,
    321,
    333,
    346,
    358,
    362,
    364,
    373,
    395,
    408,
    414,
    416,
    419,
    430,
    440,
    444,
    449,
    452,
    453,
    481,
    489,
    491,
    496
  ],
  "max_steps": 2000,
  "grad_check_every": 5,
  "psnr": {
    "0.05": 25.234878899362826,
    "0.1": 27.811519645147218,
    "0.15": 29.84129362772056,
    "0.2": 31.659728278718127
  },
  "final_loss": 57.40729457684538,
  "total_steps": 9060,
  "per_stage_final_loss": [
    445.62252765065847,
    213.39663976013966,
    167.9180433176842,
    167.81721420356652,
    147.91199284809144,
    146.3368029144671,
    144.15955346747998,
    144.14072379670677,
    144.1329947369758,
    139.05220514985896,
    138.71916448803645,
    138.12363016842755,
    137.43800553594605,
    137.34341303894192,
    137.34500723797797,
    136.70136140060603,
    135.41029840390712,
    135.30725503507622,
    134.53631983533722,
    134.41801344759952,
    133.42314369106117,
    133.41806888761243,
    133.41819085261167,
    133.41276248012966,
    133.4062081868984,
    131.78044530340867,
    131.78149613067643,
    131.78419807829903,
    131.7796437641939,
    131.7736816768029,
    124.2129383744158,
    124.21300761477731,
    124.19810303183262,
    124.20172860504555,
    124.19839258970865,
    124.19782265225173,
    116.38161722666354,
    116.37926792075035,
    116.38069780818867,
    116.3897310499171,
    116.37231105028168,
    116.37401230537293,
    108.7599156352709,
    108.75946249668854,
    108.75744209728764,
    108.75728417150114,
    108.75943920875245,
    108.75836539497946,
    108.75611033565168,
    96.10448477152586,
    96.10186088943735,
    96.09954534862086,
    96.09882759387052,
    96.09853128213308,
    96.09803382854811,
    96.09955461057045,
    71.11328957777116,
    71.11314111391354,
    71.11287013203155,
    71.11225842668361,
    71.11156949343525,
    71.11081560716076,
    71.11088739693483,
    71.11062196105692,
    57.40870038734045,
    57.40966406352758,
    57.40858670055843,
    57.40821145888367,
    57.40808759327758,
    57.407717386522364,
    57.407780808725676,
    57.40729457684538
  ],
  "trigger_counts": {
    "grad_norm": 0,
    "loss_delta": 72,
    "max_steps": 0
  },
  "elapsed_seconds": 5076.701618566178,
  "device": "cuda:0",
  "git_sha": "5c2d8282104b3081f6b073074cdcfe12a6a6c78c"
}