{
  "dataset": "div2k_8q",
  "ordering": "bg",
  "seed": 22,
  "m": 8,
  "n": 8,
  "init": "random",
  "topk_ratio": 0.2,
  "k_train": 13107,
  "lr": 0.003,
  "batch": 50,
  "train_batch_idx": [
    7,
    23,
    24,
    33,
    40,
    50,
    67,
    77,
    90,
    92,
    103,
    110,
    121,
    122,
    126,
    148,
    152,
    156,
    157,
    163,
    165,
    171,
    180,
    191,
    197,
    203,
    211,
    219,
    225,
    227,
    245,
    255,
    261,
    286,
    290,
    298,
    299,
    310,
    333,
    347,
    384,
    390,
    395,
    429,
    434,
    448,
    456,
    467,
    486,
    494
  ],
  "max_steps": 2000,
  "grad_check_every": 5,
  "psnr": {
    "0.05": 25.280463343935722,
    "0.1": 27.97552848130619,
    "0.15": 30.085386804423493,
    "0.2": 31.970323819392743
  },
  "final_loss": 51.030920135676716,
  "total_steps": 9082,
  "per_stage_final_loss": [
    246.2715975243778,
    171.1462629821692,
    154.39455198119757,
    153.2095216697313,
    144.7355543574422,
    144.59180246109364,
    139.94421046013014,
    139.9141721462812,
    139.24280730174553,
    138.21482169793558,
    137.84185234228397,
    136.96679989030588,
    136.71088011491895,
    136.44920789261084,
    136.1366590790505,
    135.40212451969663,
    134.48245193909162,
    134.41246095069914,
    134.09163204193715,
    133.4778741808812,
    133.0113617599695,
    133.01029557996893,
    133.00732318370882,
    133.00690581720443,
    132.99940301950838,
    132.18278019737087,
    132.1822065777153,
    132.18163549103204,
    132.1800439701219,
    132.17347602672166,
    127.49329719506852,
    127.49363375538312,
    127.4888151765247,
    127.48498061166896,
    127.48519845810078,
    127.4883233967326,
    121.26600295621084,
    121.25683654797271,
    121.25482895288599,
    121.25302152361706,
    121.25521602338546,
    121.2530868027416,
    104.85282143747376,
    104.8475201193531,
    104.84762328580086,
    104.84638774860065,
    104.84793170170026,
    104.84547307803143,
    104.84582089243828,
    97.06623592384747,
    97.06463575899096,
    97.06531525848928,
    97.06452161712154,
    97.0626660287344,
    97.06259028340186,
    97.06237214741745,
    68.61575950157821,
    68.61385631893899,
    68.61263505671276,
    68.61272810577239,
    68.61236589482917,
    68.61210364409538,
    68.61194712872545,
    68.61274310368799,
    51.031461459030844,
    51.03135351824084,
    51.06391759555923,
    51.03131510109182,
    51.03117850150061,
    51.03108247118998,
    51.03097818853208,
    51.030920135676716
  ],
  "trigger_counts": {
    "grad_norm": 0,
    "loss_delta": 72,
    "max_steps": 0
  },
  "elapsed_seconds": 4972.225058530457,
  "device": "cuda:0",
  "git_sha": "5c2d8282104b3081f6b073074cdcfe12a6a6c78c"
}