{
  "dataset": "div2k_8q",
  "ordering": "bg",
  "seed": 15,
  "m": 8,
  "n": 8,
  "init": "random",
  "topk_ratio": 0.2,
  "k_train": 13107,
  "lr": 0.003,
  "batch": 50,
  "train_batch_idx": [
    8,
    20,
    46,
    47,
    66,
    67,
    92,
    101,
    109,
    112,
    125,
    157,
    160,
    162,
    188,
    203,
    209,
    213,
    216,
    231,
    248,
    260,
    262,
    264,
    292,
    313,
    319,
    324,
    333,
    368,
    370,
    382,
    399,
    419,
    425,
    428,
    445,
    448,
    449,
    450,
    454,
    458,
    462,
    481,
    482,
    486,
    488,
    490,
    492,
    498
  ],
  "max_steps": 2000,
  "grad_check_every": 5,
  "psnr": {
    "0.05": 25.234474044781795,
    "0.1": 27.810996814981635,
    "0.15": 29.84033806043293,
    "0.2": 31.658760418837797
  },
  "final_loss": 82.37122286956335,
  "total_steps": 7682,
  "per_stage_final_loss": [
    651.0995584664021,
    258.683365701197,
    216.56153130523649,
    216.5050927652443,
    187.5187284935143,
    186.0230471603122,
    181.6633373873261,
    181.10527583129527,
    180.0192408116714,
    176.7934392470745,
    175.59038932967644,
    175.4088180889238,
    174.84352369548571,
    174.84215033077385,
    174.82350509694479,
    173.46595474791226,
    173.21926221211572,
    173.17225619548833,
    171.58786598373925,
    171.28396046894986,
    169.47662939764692,
    169.4741776368976,
    169.4715150214944,
    169.47088653443393,
    169.4514828623978,
    167.82572932207265,
    167.83078107657334,
    167.82398287112693,
    167.82304624773874,
    167.80543235540824,
    166.90635018072084,
    166.90390163490142,
    166.89963538116032,
    166.8992308329033,
    166.89882093313497,
    166.8988283659391,
    162.51505784121875,
    162.51402445852108,
    162.51118192543916,
    162.50626799879606,
    162.50605690212143,
    162.50547852138263,
    147.10228085007958,
    147.1361929251879,
    147.0962710958399,
    147.08990147098675,
    147.0895005360272,
    147.1272650780866,
    147.0886535048797,
    136.1911600938387,
    136.18951468570472,
    136.1892574882331,
    136.1895115672527,
    136.1896569619747,
    136.18730716458745,
    136.18723901123207,
    100.91560250934036,
    100.91282126390004,
    100.91977580784747,
    100.91683181216258,
    100.90918310822578,
    100.90853297992133,
    100.90817797206519,
    100.91106833097253,
    82.37400716271974,
    82.37415896152403,
    82.37373397804804,
    82.37557089232054,
    82.37288376246255,
    82.37259600680815,
    82.37202495863417,
    82.37122286956335
  ],
  "trigger_counts": {
    "grad_norm": 0,
    "loss_delta": 72,
    "max_steps": 0
  },
  "elapsed_seconds": 3047.4834779081866,
  "device": "cuda:0",
  "git_sha": "5c2d8282104b3081f6b073074cdcfe12a6a6c78c"
}