{
  "dataset": "div2k_8q",
  "ordering": "bg",
  "seed": 24,
  "m": 8,
  "n": 8,
  "init": "random",
  "topk_ratio": 0.2,
  "k_train": 13107,
  "lr": 0.003,
  "batch": 50,
  "train_batch_idx": [
    14,
    19,
    27,
    29,
    40,
    49,
    58,
    60,
    86,
    126,
    133,
    148,
    149,
    155,
    161,
    172,
    183,
    184,
    186,
    194,
    213,
    216,
    231,
    259,
    262,
    263,
    264,
    267,
    270,
    290,
    296,
    303,
    311,
    316,
    321,
    336,
    340,
    346,
    347,
    355,
    357,
    372,
    385,
    405,
    419,
    438,
    448,
    479,
    491,
    497
  ],
  "max_steps": 2000,
  "grad_check_every": 5,
  "psnr": {
    "0.05": 25.234219665445547,
    "0.1": 27.810690362318823,
    "0.15": 29.84045043936666,
    "0.2": 31.658783961566964
  },
  "final_loss": 47.749209784623254,
  "total_steps": 8723,
  "per_stage_final_loss": [
    402.9938336453108,
    167.4966339097391,
    146.68078199980368,
    144.93412253374052,
    129.7037483495537,
    128.9527861034875,
    125.14197116141011,
    124.47114073217982,
    123.85060513045778,
    121.28346086969458,
    120.76969221680967,
    120.45957111363562,
    119.64880797966327,
    119.64455648199971,
    119.64100516900682,
    119.29630848352208,
    119.0853027728488,
    118.82652590166897,
    118.61790474415773,
    117.63140304724153,
    116.66020724311439,
    116.66135558074293,
    116.65850171020833,
    116.65693527494757,
    116.6608528888689,
    113.58749455029407,
    113.58828138487905,
    113.57716404681958,
    113.57716925177947,
    113.5819647747774,
    104.75020739701486,
    104.74642038992515,
    104.74577043803012,
    104.74564654562444,
    104.74470563542265,
    104.74449588867505,
    101.06251867277568,
    101.05874516369933,
    101.07129864424067,
    101.0569886810701,
    101.05755591913508,
    101.05724524368507,
    98.49943895035649,
    98.4990599085823,
    98.49874381008176,
    98.500629151077,
    98.49834487589774,
    98.49897744569107,
    98.49835469686346,
    85.87748601822057,
    85.87646246277123,
    85.87546416538872,
    85.87440132889256,
    85.87458520589597,
    85.87403359663196,
    85.87376797077343,
    57.5437467971355,
    57.54258392373246,
    57.54485417794938,
    57.542096556432284,
    57.54198283681517,
    57.54171601942582,
    57.5418252893255,
    57.54152977260106,
    47.751562038980545,
    47.74963199138187,
    47.74983208088335,
    47.749538876502264,
    47.74947277301737,
    47.7492636207489,
    47.749501605130554,
    47.749209784623254
  ],
  "trigger_counts": {
    "grad_norm": 0,
    "loss_delta": 72,
    "max_steps": 0
  },
  "elapsed_seconds": 10083.281559333205,
  "device": "cuda:0",
  "git_sha": "5c2d8282104b3081f6b073074cdcfe12a6a6c78c"
}