{
  "dataset": "div2k_8q",
  "ordering": "bg",
  "seed": 40,
  "m": 8,
  "n": 8,
  "init": "random",
  "topk_ratio": 0.2,
  "k_train": 13107,
  "lr": 0.003,
  "batch": 50,
  "train_batch_idx": [
    9,
    14,
    20,
    22,
    26,
    27,
    33,
    51,
    52,
    64,
    68,
    84,
    90,
    102,
    153,
    157,
    171,
    182,
    190,
    199,
    215,
    220,
    223,
    239,
    243,
    253,
    255,
    262,
    270,
    281,
    303,
    308,
    313,
    314,
    317,
    328,
    329,
    343,
    357,
    373,
    377,
    389,
    404,
    420,
    426,
    429,
    438,
    464,
    484,
    489
  ],
  "max_steps": 2000,
  "grad_check_every": 5,
  "psnr": {
    "0.05": 25.23413997654365,
    "0.1": 27.810421257842318,
    "0.15": 29.839905390968752,
    "0.2": 31.658207258870956
  },
  "final_loss": 61.50750745767775,
  "total_steps": 9015,
  "per_stage_final_loss": [
    528.5068226142571,
    234.86019502894555,
    187.27742159910625,
    187.0907570511233,
    162.932518749296,
    161.68822737226094,
    155.9056167276185,
    155.12460619230234,
    155.00290891918175,
    149.32070947822578,
    148.9777647365464,
    147.89230242314457,
    147.7311270948268,
    147.72317274151018,
    147.17467718922236,
    146.71612651212303,
    146.46650871272237,
    146.34337016769288,
    145.7046532309859,
    144.96447436888909,
    144.37636333903302,
    144.3689053050828,
    144.3704883588941,
    144.33776387833313,
    144.3385189392027,
    143.7663529829428,
    143.7619457833137,
    143.75475725028187,
    143.75150240484152,
    143.7287283236425,
    137.74069943005662,
    137.74043221365014,
    137.74098437630875,
    137.7401243505845,
    137.73612549502724,
    137.73705257612173,
    129.0573829637837,
    129.04960196852454,
    129.04919354129422,
    129.04792299441687,
    129.04727628142172,
    129.0420462223902,
    117.61305252589861,
    117.61131596528277,
    117.60704965133665,
    117.6815197946479,
    117.60663095506716,
    117.60635850423128,
    117.60407437563785,
    103.62540066839684,
    103.6250895243153,
    103.6274219350942,
    103.6245078542859,
    103.62540988584423,
    103.62300363174737,
    103.62313761400902,
    70.17581133422057,
    70.17493247881927,
    70.17471679335812,
    70.17445961275678,
    70.17429551107988,
    70.17394988499696,
    70.17380148684539,
    70.17363705970432,
    61.5117207798991,
    61.50995810124607,
    61.5098559406361,
    61.509035137823396,
    61.50823539153208,
    61.508081208607,
    61.50764686254208,
    61.50750745767775
  ],
  "trigger_counts": {
    "grad_norm": 0,
    "loss_delta": 72,
    "max_steps": 0
  },
  "elapsed_seconds": 4982.9677640469745,
  "device": "cuda:0",
  "git_sha": "8f584e16671086491acd5747515c5792c0fffec7"
}