{
  "dataset": "div2k_8q",
  "ordering": "bg",
  "seed": 26,
  "m": 8,
  "n": 8,
  "init": "random",
  "topk_ratio": 0.2,
  "k_train": 13107,
  "lr": 0.003,
  "batch": 50,
  "train_batch_idx": [
    2,
    5,
    30,
    44,
    78,
    82,
    91,
    97,
    106,
    118,
    124,
    137,
    143,
    162,
    164,
    178,
    222,
    225,
    233,
    239,
    248,
    251,
    253,
    259,
    266,
    294,
    314,
    326,
    342,
    349,
    361,
    367,
    371,
    374,
    388,
    412,
    423,
    432,
    436,
    443,
    449,
    451,
    453,
    454,
    458,
    464,
    468,
    475,
    487,
    492
  ],
  "max_steps": 2000,
  "grad_check_every": 5,
  "psnr": {
    "0.05": 25.234408355795058,
    "0.1": 27.811015937750277,
    "0.15": 29.840340951175307,
    "0.2": 31.658531754192527
  },
  "final_loss": 70.82871903173977,
  "total_steps": 8149,
  "per_stage_final_loss": [
    641.1439236400182,
    234.1186512423069,
    180.0974656587497,
    179.00483576694046,
    158.789452972832,
    158.4522645358164,
    155.0607602686304,
    154.46736153228426,
    154.46616316927143,
    148.3672856016671,
    148.25456695555192,
    147.966221796869,
    146.86778956567642,
    146.58711463499563,
    146.3988915517216,
    145.7318415126761,
    142.09287947215418,
    142.0922707866183,
    142.0917221564153,
    141.10870624823596,
    136.90764390128368,
    136.9079671230421,
    136.9076291690816,
    136.90143660127228,
    136.9014249789893,
    134.53735159047287,
    134.53510264289542,
    134.53575180051993,
    134.5343776369129,
    134.5341567379746,
    121.2837876880925,
    121.28307834602717,
    121.28192432645578,
    121.28196424545419,
    121.27962273551732,
    121.27929132417083,
    120.42350274501256,
    120.42138417322964,
    120.42318296088034,
    120.41988094452506,
    120.41664724400758,
    120.41785202190428,
    109.79772486713097,
    109.79978394288732,
    109.79674738764282,
    109.79628373215033,
    109.79697142191579,
    109.80035191180748,
    109.79653813779309,
    104.91867391892193,
    104.91665428134685,
    104.92130697642848,
    104.91669656459986,
    104.91550884302666,
    104.91496951657288,
    104.91636838816656,
    84.7149525296907,
    84.71311170019915,
    84.71125831858446,
    84.71101305730694,
    84.71120222168797,
    84.71053225355065,
    84.71043310900805,
    84.71044784804694,
    70.82979842596717,
    70.82934096540028,
    70.82939346237576,
    70.82917695558446,
    70.8291865816259,
    70.82911363931123,
    70.82911466576714,
    70.82871903173977
  ],
  "trigger_counts": {
    "grad_norm": 0,
    "loss_delta": 72,
    "max_steps": 0
  },
  "elapsed_seconds": 4107.45505285915,
  "device": "cuda:0",
  "git_sha": "5c2d8282104b3081f6b073074cdcfe12a6a6c78c"
}