{
  "dataset": "div2k_8q",
  "ordering": "bg",
  "seed": 83,
  "m": 8,
  "n": 8,
  "init": "random",
  "topk_ratio": 0.2,
  "k_train": 13107,
  "lr": 0.003,
  "batch": 50,
  "train_batch_idx": [
    14,
    20,
    21,
    70,
    74,
    77,
    113,
    114,
    122,
    130,
    137,
    140,
    143,
    150,
    154,
    157,
    173,
    181,
    187,
    189,
    190,
    205,
    212,
    214,
    217,
    229,
    231,
    232,
    250,
    254,
    266,
    267,
    280,
    286,
    297,
    302,
    330,
    336,
    345,
    348,
    361,
    381,
    387,
    412,
    427,
    431,
    470,
    471,
    474,
    477
  ],
  "max_steps": 2000,
  "grad_check_every": 5,
  "psnr": {
    "0.05": 25.23449799563211,
    "0.1": 27.811094858706838,
    "0.15": 29.840797108902752,
    "0.2": 31.65892445466463
  },
  "final_loss": 60.629053975489555,
  "total_steps": 9719,
  "per_stage_final_loss": [
    489.69339306210577,
    221.94719108991492,
    177.32623429330343,
    177.30699744864316,
    153.05407673785382,
    152.56538526818284,
    148.7649437325131,
    148.28937727861228,
    147.77213647821281,
    145.95322096946575,
    145.87902288158907,
    145.40344839552876,
    143.73107722667226,
    143.70739586504325,
    143.33502999032603,
    143.1605653311102,
    142.0821388558367,
    141.9804828313788,
    141.9788199078157,
    141.28852809826782,
    139.46703872210767,
    139.46307447793674,
    139.45962879731422,
    139.51048012336162,
    139.44147744278047,
    137.43555878748782,
    137.43209892843595,
    137.43164937310726,
    137.4222372876644,
    137.42171213913804,
    130.4904083842019,
    130.48080519454768,
    130.4790555740066,
    130.47924618204638,
    130.47653673510158,
    130.47547652316712,
    122.0802219399087,
    122.07930335073799,
    122.08253101378239,
    122.08154685257574,
    122.07936186042741,
    122.06733170497888,
    106.91249387552443,
    106.91161454025273,
    106.90716698660586,
    106.9062328420729,
    106.90622226214961,
    106.90627135894847,
    106.91015217536524,
    94.09742349896051,
    94.09707251331264,
    94.09708080207078,
    94.09865325975787,
    94.09622238453693,
    94.09563079465741,
    94.09593373469619,
    69.09372427893378,
    69.09384644959688,
    69.09350467420104,
    69.09376476393412,
    69.09310108221375,
    69.09197372328549,
    69.09191826505707,
    69.09212686657793,
    60.63014337159984,
    60.630112963545855,
    60.62984733874646,
    60.629711502220836,
    60.629996841462635,
    60.629246775077284,
    60.629183861558104,
    60.629053975489555
  ],
  "trigger_counts": {
    "grad_norm": 0,
    "loss_delta": 72,
    "max_steps": 0
  },
  "elapsed_seconds": 5534.284611001611,
  "device": "cuda:0",
  "git_sha": "894ee7c407f737c0a250a28d33487a7db7bd83d3"
}