{
  "dataset": "div2k_8q",
  "ordering": "bg",
  "seed": 36,
  "m": 8,
  "n": 8,
  "init": "random",
  "topk_ratio": 0.2,
  "k_train": 13107,
  "lr": 0.003,
  "batch": 50,
  "train_batch_idx": [
    1,
    3,
    10,
    34,
    66,
    70,
    81,
    95,
    104,
    105,
    115,
    123,
    131,
    134,
    139,
    140,
    155,
    172,
    180,
    184,
    192,
    193,
    199,
    208,
    209,
    229,
    234,
    235,
    236,
    237,
    248,
    263,
    280,
    286,
    312,
    314,
    349,
    350,
    372,
    407,
    416,
    419,
    423,
    429,
    446,
    452,
    465,
    471,
    490,
    493
  ],
  "max_steps": 2000,
  "grad_check_every": 5,
  "psnr": {
    "0.05": 25.23478527757745,
    "0.1": 27.811185437212533,
    "0.15": 29.840708103297633,
    "0.2": 31.658990465636865
  },
  "final_loss": 58.45026287975862,
  "total_steps": 8904,
  "per_stage_final_loss": [
    321.2481241295575,
    185.36253585561803,
    160.24139499939088,
    159.03376832701204,
    145.30628528533725,
    144.47113727475272,
    139.71736617591864,
    139.3953568536027,
    139.14013120021232,
    135.92781918085257,
    135.9224255296505,
    135.65977530092408,
    135.27793164130398,
    135.21486902494325,
    134.91238785121422,
    134.27292453660016,
    133.47456101412732,
    133.16661542540942,
    132.87626648549409,
    131.76340432784386,
    130.93418839618832,
    130.9269453880544,
    130.91390198008415,
    130.9143076046869,
    130.86217159941208,
    130.68942186360727,
    130.6876499288341,
    130.6886283709743,
    130.6847960698562,
    130.68857332659525,
    125.48822522701046,
    125.4838418227074,
    125.48306282588118,
    125.48152828142653,
    125.48564594734148,
    125.47957568539164,
    119.09204609401208,
    119.09053689444505,
    119.08628043980367,
    119.08511025618344,
    119.08472220304155,
    119.08439263198576,
    106.75433535041701,
    106.74682960351082,
    106.7416838517262,
    106.73989920187724,
    106.73927529351262,
    106.73851816976273,
    106.73788959542011,
    102.8318995793116,
    102.83626472082607,
    102.82839446311425,
    102.82898894419647,
    102.82834148584945,
    102.82753567778262,
    102.8269690166777,
    79.7360093593733,
    79.7358166422909,
    79.73512043113878,
    79.73479921439619,
    79.73455180741159,
    79.73428023744863,
    79.73623075262299,
    79.73383531305412,
    58.4504175364896,
    58.45046117096221,
    58.450392236629796,
    58.450400844052005,
    58.45038895073065,
    58.451535227576116,
    58.45066919441495,
    58.45026287975862
  ],
  "trigger_counts": {
    "grad_norm": 0,
    "loss_delta": 72,
    "max_steps": 0
  },
  "elapsed_seconds": 4980.28549065534,
  "device": "cuda:0",
  "git_sha": "8f584e16671086491acd5747515c5792c0fffec7"
}