{
  "dataset": "div2k_8q",
  "ordering": "bg",
  "seed": 9,
  "m": 8,
  "n": 8,
  "init": "random",
  "topk_ratio": 0.2,
  "k_train": 13107,
  "lr": 0.003,
  "batch": 50,
  "train_batch_idx": [
    2,
    6,
    12,
    30,
    52,
    56,
    70,
    105,
    130,
    137,
    140,
    146,
    152,
    167,
    190,
    205,
    228,
    237,
    250,
    275,
    294,
    305,
    319,
    329,
    335,
    342,
    352,
    356,
    362,
    374,
    378,
    386,
    393,
    397,
    399,
    415,
    421,
    422,
    426,
    427,
    429,
    435,
    441,
    463,
    471,
    474,
    486,
    489,
    490,
    491
  ],
  "max_steps": 2000,
  "grad_check_every": 5,
  "psnr": {
    "0.05": 25.234718987287515,
    "0.1": 27.81137498107194,
    "0.15": 29.841086907809263,
    "0.2": 31.659438230889414
  },
  "final_loss": 70.20916895806904,
  "total_steps": 10767,
  "per_stage_final_loss": [
    440.5119688846408,
    220.33459604595993,
    188.57254395972217,
    187.12582346564122,
    175.66333252429249,
    173.3479396931574,
    169.61788748843668,
    168.8957697119632,
    168.887611649709,
    163.20850629068147,
    162.6445905298362,
    162.2271935087547,
    161.95260779928967,
    161.8316558166076,
    161.60093831746997,
    161.18166080228298,
    159.64194196323118,
    159.64411108190393,
    159.07723074135671,
    158.8878809945926,
    158.83353723330785,
    158.79548606281,
    158.6406548830228,
    158.229475571006,
    157.95207722351864,
    157.53863487786828,
    157.34553420665824,
    157.328153754291,
    157.24974875975417,
    156.51719553481956,
    154.48460064191346,
    154.49457166021688,
    154.4902130028742,
    154.48803831850705,
    154.48360127472048,
    154.48403231663363,
    151.53407065093725,
    151.056828891491,
    151.0535545530797,
    151.05106951804515,
    151.04418824951046,
    151.03856311422263,
    140.02528285180344,
    140.01473790635256,
    140.01415620181848,
    140.01502003302588,
    140.0133224712443,
    140.01335618136093,
    140.0133397072157,
    126.44152114213634,
    126.4214471403007,
    126.4188151923178,
    126.4175644698942,
    126.4165618238943,
    126.41648115426564,
    126.41637053293067,
    98.77631557848916,
    98.76914463544874,
    98.7680896381701,
    98.76818389068478,
    98.76791626535382,
    98.76749653611205,
    98.76747468633494,
    98.76725434163458,
    70.2101738765929,
    70.20965203648383,
    70.20933404161858,
    70.21825580430603,
    70.20913175255593,
    70.20914133164057,
    70.20902490871288,
    70.20916895806904
  ],
  "trigger_counts": {
    "grad_norm": 0,
    "loss_delta": 72,
    "max_steps": 0
  },
  "elapsed_seconds": 3435.9609942166135,
  "device": "cuda:0",
  "git_sha": "cd99d395b8a93402f3495687164423138f07cb9b"
}