{
  "dataset": "div2k_8q",
  "ordering": "bg",
  "seed": 84,
  "m": 8,
  "n": 8,
  "init": "random",
  "topk_ratio": 0.2,
  "k_train": 13107,
  "lr": 0.003,
  "batch": 50,
  "train_batch_idx": [
    18,
    20,
    26,
    35,
    49,
    59,
    67,
    78,
    82,
    90,
    101,
    104,
    127,
    128,
    129,
    131,
    132,
    146,
    153,
    159,
    170,
    172,
    175,
    181,
    197,
    208,
    223,
    242,
    245,
    265,
    289,
    295,
    299,
    301,
    330,
    339,
    341,
    358,
    366,
    378,
    394,
    404,
    408,
    412,
    416,
    427,
    460,
    476,
    478,
    490
  ],
  "max_steps": 2000,
  "grad_check_every": 5,
  "psnr": {
    "0.05": 25.234490610143222,
    "0.1": 27.811244287464966,
    "0.15": 29.84090435183446,
    "0.2": 31.659169647967857
  },
  "final_loss": 71.03842551157341,
  "total_steps": 10165,
  "per_stage_final_loss": [
    374.22793761239365,
    233.50200980930265,
    195.26162210836935,
    194.02118862818818,
    171.15947075728823,
    169.8439822914062,
    164.1906058745167,
    163.50756692968372,
    163.48662872300807,
    156.1314663843136,
    155.9155559660546,
    155.82315342882632,
    155.51004774198825,
    155.45007172405786,
    155.22006524057602,
    154.18688876258844,
    153.36663801202926,
    153.1892595419399,
    153.04985122027932,
    152.81066867641698,
    150.7919081194525,
    150.76932304983478,
    150.76922471292804,
    150.76832114464074,
    150.7641614200348,
    150.42446791690384,
    150.4227052833057,
    150.4228190145035,
    149.8673622657849,
    149.86064717457248,
    145.8102220267729,
    145.80285607049987,
    145.79926116532283,
    145.7979196427693,
    145.79857300824148,
    145.80064903123713,
    140.64237165584382,
    140.63421007059537,
    140.63155735261125,
    140.65185447807758,
    140.6322915217027,
    140.6265050648512,
    124.57361659285873,
    124.56367748952049,
    124.56304934982677,
    124.56391849211494,
    124.5627267947455,
    124.56366449142392,
    124.66072021500295,
    111.21881373040378,
    111.21532036484327,
    111.21467636493871,
    111.21437427640087,
    111.21430739054827,
    111.21302887126666,
    111.21228563123621,
    100.03342190478023,
    100.03330669260482,
    100.03298442954423,
    100.03311501654795,
    100.0328278715301,
    100.03289524749984,
    100.03257116564002,
    100.03248946839209,
    71.03952193261617,
    71.03890142189277,
    71.03827542397642,
    71.03821482589852,
    71.0382513010976,
    71.03818648602218,
    71.03806568467033,
    71.03842551157341
  ],
  "trigger_counts": {
    "grad_norm": 0,
    "loss_delta": 72,
    "max_steps": 0
  },
  "elapsed_seconds": 5570.871924038976,
  "device": "cuda:0",
  "git_sha": "894ee7c407f737c0a250a28d33487a7db7bd83d3"
}