{
  "dataset": "div2k_8q",
  "ordering": "bg",
  "seed": 88,
  "m": 8,
  "n": 8,
  "init": "random",
  "topk_ratio": 0.2,
  "k_train": 13107,
  "lr": 0.003,
  "batch": 50,
  "train_batch_idx": [
    2,
    6,
    28,
    36,
    56,
    59,
    80,
    91,
    93,
    96,
    100,
    115,
    122,
    125,
    128,
    132,
    146,
    149,
    154,
    158,
    173,
    192,
    215,
    225,
    226,
    227,
    267,
    290,
    304,
    305,
    312,
    313,
    315,
    319,
    320,
    324,
    328,
    337,
    346,
    398,
    411,
    425,
    439,
    441,
    444,
    456,
    471,
    481,
    485,
    487
  ],
  "max_steps": 2000,
  "grad_check_every": 5,
  "psnr": {
    "0.05": 25.28042988203588,
    "0.1": 27.975355310467886,
    "0.15": 30.085261606909377,
    "0.2": 31.97028595961865
  },
  "final_loss": 49.83001751754408,
  "total_steps": 8953,
  "per_stage_final_loss": [
    396.90351105158095,
    184.20759493738436,
    160.1442502534453,
    160.0973340002952,
    140.55739556343732,
    139.60556878724935,
    133.6496987383922,
    133.5788726548953,
    132.98772602285422,
    128.20284019240623,
    127.67602091314646,
    127.07142790199039,
    126.9738658777968,
    126.8872734765247,
    126.78939409073801,
    125.55833802627494,
    124.4030411831925,
    124.39981396994673,
    124.39739068560893,
    123.35990741619975,
    121.59537539698653,
    121.57539463403884,
    121.57453993125226,
    121.57448654181806,
    121.57641795564497,
    121.42164369020138,
    121.40259183887545,
    121.40059706878051,
    121.39691013423453,
    121.39257934678034,
    116.2931695172331,
    116.29030237156483,
    116.28837254566199,
    116.28508975710336,
    116.28615461058034,
    116.28761978569347,
    109.81942553731581,
    109.81742289167939,
    109.81375216302368,
    109.81216865611721,
    109.81198840765202,
    109.81200714832816,
    103.18711891174418,
    103.18377598375574,
    103.18182038769699,
    103.1825703793944,
    103.18065443333263,
    103.17995269835825,
    103.18002796506258,
    91.40467938101409,
    91.40253992986909,
    91.40222125771983,
    91.4023357845492,
    91.40153676108365,
    91.4017279975705,
    91.40092173088293,
    71.82979595755901,
    71.82808793473558,
    71.82700835474881,
    71.82724214187816,
    71.8270136657464,
    71.82695038574046,
    71.82654015158822,
    71.82650117926032,
    49.83144401518637,
    49.83094568213692,
    49.83081607421649,
    49.83014819566877,
    49.82996655767691,
    49.82995377738542,
    49.82976611340042,
    49.83001751754408
  ],
  "trigger_counts": {
    "grad_norm": 0,
    "loss_delta": 72,
    "max_steps": 0
  },
  "elapsed_seconds": 4938.131627643481,
  "device": "cuda:0",
  "git_sha": "894ee7c407f737c0a250a28d33487a7db7bd83d3"
}