{
  "dataset": "div2k_8q",
  "ordering": "bg",
  "seed": 93,
  "m": 8,
  "n": 8,
  "init": "random",
  "topk_ratio": 0.2,
  "k_train": 13107,
  "lr": 0.003,
  "batch": 50,
  "train_batch_idx": [
    5,
    15,
    22,
    26,
    29,
    71,
    90,
    93,
    94,
    95,
    101,
    114,
    116,
    118,
    122,
    133,
    140,
    149,
    178,
    199,
    205,
    209,
    216,
    246,
    247,
    273,
    283,
    305,
    318,
    331,
    357,
    396,
    408,
    409,
    420,
    422,
    423,
    431,
    445,
    446,
    450,
    451,
    455,
    461,
    467,
    469,
    473,
    481,
    486,
    494
  ],
  "max_steps": 2000,
  "grad_check_every": 5,
  "psnr": {
    "0.05": 25.27970958428214,
    "0.1": 27.97460027283564,
    "0.15": 30.084299437079675,
    "0.2": 31.969104195527507
  },
  "final_loss": 57.78493335526742,
  "total_steps": 8196,
  "per_stage_final_loss": [
    276.11963348928947,
    190.6700063641191,
    165.89599258897604,
    164.41324430973302,
    150.89984336376634,
    150.65042696414173,
    148.01099695678752,
    147.19066551666535,
    147.18097795442173,
    143.46809277383068,
    142.96358449261035,
    142.1539745048299,
    140.33241844292644,
    140.33013174315798,
    140.32391364409898,
    139.70260507391342,
    139.67695711195313,
    139.48395867549934,
    139.4697552948983,
    137.8935857469764,
    137.68417981957504,
    137.68206525842197,
    137.68179814910025,
    137.6761593495885,
    137.66617159947964,
    135.1103936309222,
    135.10531696432733,
    135.10236233030224,
    135.09018092476498,
    135.09047638343716,
    130.01640807905545,
    130.0141640898169,
    130.01350342242375,
    130.01291241752503,
    130.01266750850758,
    130.01093486988418,
    117.26410115624874,
    117.26008720773254,
    117.25644535278899,
    117.26008213356985,
    117.25422981469586,
    117.25446896022481,
    99.78012622593612,
    99.73914532371296,
    99.73211349431946,
    99.73242824697657,
    99.73385555892739,
    99.73092318380286,
    99.7306788205359,
    79.62286943694092,
    79.61861038085169,
    79.61778292096743,
    79.61974072595832,
    79.61729514010756,
    79.63124002265761,
    79.61703308720975,
    62.506491698310356,
    62.5063682955504,
    62.50600862310991,
    62.508335417293175,
    62.505835940305865,
    62.506513255819335,
    62.505776048024266,
    62.50577648784915,
    57.785380647647315,
    57.78516259758686,
    57.78504915922244,
    57.785027622668295,
    57.78503230865016,
    57.8065732697271,
    57.784814185059844,
    57.78493335526742
  ],
  "trigger_counts": {
    "grad_norm": 0,
    "loss_delta": 72,
    "max_steps": 0
  },
  "elapsed_seconds": 4679.356024090201,
  "device": "cuda:0",
  "git_sha": "894ee7c407f737c0a250a28d33487a7db7bd83d3"
}