{
  "dataset": "div2k_8q",
  "ordering": "bg",
  "seed": 8,
  "m": 8,
  "n": 8,
  "init": "random",
  "topk_ratio": 0.2,
  "k_train": 13107,
  "lr": 0.003,
  "batch": 50,
  "train_batch_idx": [
    8,
    13,
    14,
    18,
    22,
    50,
    67,
    74,
    80,
    87,
    92,
    106,
    113,
    121,
    123,
    141,
    145,
    147,
    173,
    180,
    184,
    185,
    189,
    203,
    216,
    219,
    225,
    254,
    264,
    265,
    287,
    293,
    294,
    316,
    324,
    361,
    386,
    390,
    400,
    401,
    403,
    429,
    435,
    445,
    448,
    451,
    458,
    464,
    481,
    491
  ],
  "max_steps": 2000,
  "grad_check_every": 5,
  "psnr": {
    "0.05": 25.234152858916524,
    "0.1": 27.810937708174844,
    "0.15": 29.840140010234965,
    "0.2": 31.658357907453784
  },
  "final_loss": 63.16401521406399,
  "total_steps": 8418,
  "per_stage_final_loss": [
    381.7092807958198,
    201.6732950903284,
    185.49662584845044,
    184.04890782517433,
    156.88878222766363,
    156.88759206940642,
    151.16613703285722,
    150.27190755408614,
    150.07197558391246,
    144.76922829624914,
    143.8714518836993,
    143.85856830149336,
    143.48171182807184,
    143.3638401345667,
    143.36027784915424,
    142.83457587890462,
    141.96280473861847,
    141.95552157297448,
    140.71592125514437,
    140.4025097708679,
    137.70972445992925,
    137.70888182510592,
    137.706052721252,
    137.70463837011823,
    137.7054309754265,
    135.42445163219358,
    135.4053573036765,
    135.40460488161608,
    135.40339083892883,
    135.39859506896306,
    127.1266411316866,
    127.12622851592063,
    127.12467144261926,
    127.12416966729111,
    127.1241479399475,
    127.12391279499185,
    126.14279560145725,
    126.14309350298404,
    126.14425879806241,
    126.14123393709568,
    126.14090014669077,
    126.14069922162204,
    112.34796500233439,
    112.34066512389407,
    112.339772705197,
    112.34064607981283,
    112.34030212062476,
    112.33931854656319,
    112.34153178087905,
    99.06500470803076,
    99.06472342889954,
    99.06445468059103,
    99.06294147594294,
    99.06306128325384,
    99.06208969671997,
    99.0631976827563,
    76.78120303477576,
    76.7801071119014,
    76.7851978249391,
    76.77900871221198,
    76.77848464300533,
    76.77836638515589,
    76.77817684250945,
    76.77792208988595,
    63.16664343545243,
    63.16705993735322,
    63.17304043167262,
    63.16669899754124,
    63.166655706188415,
    63.16650036035862,
    63.16636284400336,
    63.16401521406399
  ],
  "trigger_counts": {
    "grad_norm": 0,
    "loss_delta": 72,
    "max_steps": 0
  },
  "elapsed_seconds": 3465.13464799989,
  "device": "cuda:0",
  "git_sha": "cd99d395b8a93402f3495687164423138f07cb9b"
}