{
  "dataset": "div2k_8q",
  "ordering": "bg",
  "seed": 68,
  "m": 8,
  "n": 8,
  "init": "random",
  "topk_ratio": 0.2,
  "k_train": 13107,
  "lr": 0.003,
  "batch": 50,
  "train_batch_idx": [
    1,
    9,
    49,
    60,
    63,
    77,
    83,
    85,
    106,
    117,
    118,
    125,
    138,
    148,
    149,
    157,
    192,
    196,
    203,
    218,
    219,
    223,
    245,
    247,
    260,
    266,
    269,
    276,
    277,
    286,
    293,
    307,
    314,
    320,
    326,
    347,
    353,
    355,
    364,
    385,
    390,
    392,
    406,
    408,
    432,
    448,
    450,
    465,
    467,
    489
  ],
  "max_steps": 2000,
  "grad_check_every": 5,
  "psnr": {
    "0.05": 25.27984835712817,
    "0.1": 27.974727985791592,
    "0.15": 30.084384090627346,
    "0.2": 31.969363470805753
  },
  "final_loss": 68.731680432675,
  "total_steps": 8640,
  "per_stage_final_loss": [
    674.3858816014762,
    244.51518127848402,
    197.93498575775223,
    197.92877156235966,
    174.41339622626074,
    173.15770658210428,
    170.32338870519507,
    170.2535761899839,
    169.78077183693355,
    166.6270804167828,
    166.57277278267932,
    166.38889986388043,
    164.6546931913656,
    164.2914571315802,
    164.116814377344,
    163.95362506408193,
    162.43206765974267,
    162.29223482984983,
    162.28392527838076,
    161.68409347644445,
    160.71275193247337,
    160.70462160099007,
    160.70378004415034,
    160.70604594640682,
    160.69528259793816,
    159.38231902638628,
    159.33696703408324,
    159.33691188412337,
    159.3127312222525,
    159.28480777548307,
    154.27058322429258,
    154.2680443984678,
    154.26739498008433,
    154.26019752013244,
    154.25966206200133,
    154.25986213569132,
    148.03924497917785,
    147.4630948204127,
    147.4554452284456,
    147.45176106465274,
    147.45125683861804,
    147.44941473099877,
    142.1142046210754,
    142.11306250046295,
    142.11265989394585,
    142.11261449732774,
    142.1122765148941,
    142.1101643893565,
    142.10549527792085,
    131.28440746138074,
    131.28360652751638,
    131.27094253005382,
    131.27028478016146,
    131.26919132496255,
    131.26914823328983,
    131.26922784788644,
    99.28900418519181,
    99.28767997162748,
    99.28648752042064,
    99.28482893347619,
    99.28438466244359,
    99.2834288385091,
    99.28269752311357,
    99.28284212527248,
    68.73414208043957,
    68.73372158132472,
    68.73302930031429,
    68.73232654354992,
    68.73193240575422,
    68.73175351420305,
    68.77076462376657,
    68.731680432675
  ],
  "trigger_counts": {
    "grad_norm": 0,
    "loss_delta": 72,
    "max_steps": 0
  },
  "elapsed_seconds": 4867.3149006236345,
  "device": "cuda:0",
  "git_sha": "894ee7c407f737c0a250a28d33487a7db7bd83d3"
}