{
  "dataset": "div2k_8q",
  "ordering": "bg",
  "seed": 76,
  "m": 8,
  "n": 8,
  "init": "random",
  "topk_ratio": 0.2,
  "k_train": 13107,
  "lr": 0.003,
  "batch": 50,
  "train_batch_idx": [
    0,
    2,
    15,
    26,
    30,
    35,
    56,
    73,
    81,
    89,
    104,
    110,
    121,
    122,
    129,
    133,
    134,
    135,
    142,
    149,
    154,
    164,
    175,
    184,
    194,
    206,
    213,
    233,
    234,
    255,
    260,
    291,
    311,
    330,
    339,
    363,
    364,
    383,
    389,
    393,
    414,
    418,
    424,
    435,
    440,
    447,
    449,
    450,
    456,
    497
  ],
  "max_steps": 2000,
  "grad_check_every": 5,
  "psnr": {
    "0.05": 25.234946094282805,
    "0.1": 27.811497937506147,
    "0.15": 29.841353542432145,
    "0.2": 31.65956788645687
  },
  "final_loss": 57.048852802746296,
  "total_steps": 9010,
  "per_stage_final_loss": [
    361.27655258616954,
    206.51529304587174,
    161.33381961501425,
    160.21424641367952,
    143.25290727699368,
    142.97899781650202,
    138.03128446232563,
    137.97513541118343,
    137.4224656568435,
    132.7484654065267,
    132.51949219848026,
    131.92841448584207,
    130.90952224080593,
    130.82188878966684,
    130.5020885978459,
    129.84178871624397,
    129.760075967761,
    129.02323377684624,
    128.78513462576544,
    128.6847779778432,
    125.69892906992766,
    125.69405014198287,
    125.69266092867413,
    125.68916839782334,
    125.68698002255695,
    121.90824364043426,
    121.90110680915163,
    121.90320523942039,
    121.89949161622611,
    121.89881454423809,
    117.46768716040981,
    117.4650846291515,
    117.50890031109385,
    117.46358467217883,
    117.46472699559003,
    117.46348343661508,
    114.89934044985249,
    114.89479678062374,
    114.89515267617287,
    114.89653101889162,
    114.89219451390551,
    114.89678347686699,
    104.39242105316134,
    104.39074350491278,
    104.38409284846094,
    104.38435654965276,
    104.38492688319228,
    104.38261707986986,
    104.38227682989269,
    92.30669230750696,
    92.3062953483204,
    92.30624957080269,
    92.30334934798266,
    92.3030272252574,
    92.30295100420342,
    92.30290768186978,
    72.55482429944823,
    72.55365458940783,
    72.55362641551847,
    72.55438736334077,
    72.55044836942585,
    72.55006912832285,
    72.55014184999723,
    72.54995812073574,
    57.04995136690609,
    57.04972295410672,
    57.04995186201391,
    57.04958064132929,
    57.04955048219607,
    57.04947669513453,
    57.04915508374165,
    57.048852802746296
  ],
  "trigger_counts": {
    "grad_norm": 0,
    "loss_delta": 72,
    "max_steps": 0
  },
  "elapsed_seconds": 5127.779701797292,
  "device": "cuda:0",
  "git_sha": "894ee7c407f737c0a250a28d33487a7db7bd83d3"
}