{
  "dataset": "div2k_8q",
  "ordering": "bg",
  "seed": 78,
  "m": 8,
  "n": 8,
  "init": "random",
  "topk_ratio": 0.2,
  "k_train": 13107,
  "lr": 0.003,
  "batch": 50,
  "train_batch_idx": [
    4,
    15,
    39,
    45,
    46,
    50,
    55,
    59,
    67,
    73,
    85,
    86,
    95,
    103,
    112,
    117,
    143,
    145,
    151,
    152,
    157,
    171,
    176,
    189,
    190,
    194,
    211,
    236,
    238,
    239,
    248,
    255,
    263,
    271,
    300,
    305,
    314,
    316,
    330,
    339,
    383,
    390,
    401,
    407,
    415,
    416,
    434,
    448,
    457,
    477
  ],
  "max_steps": 2000,
  "grad_check_every": 5,
  "psnr": {
    "0.05": 25.28021015969539,
    "0.1": 27.975228609169704,
    "0.15": 30.084923907222787,
    "0.2": 31.96994110940477
  },
  "final_loss": 58.929795922820944,
  "total_steps": 8572,
  "per_stage_final_loss": [
    287.2939542859144,
    195.37305359471713,
    170.10121639918034,
    170.05367119851374,
    158.43034875813322,
    156.81813692583538,
    152.67794734144252,
    152.42473419771017,
    151.63986967540447,
    148.16199872843427,
    147.718378209845,
    147.70410660512655,
    146.2954258239739,
    146.05085977062242,
    146.0426616151501,
    145.30418436330896,
    144.2210353799823,
    143.9244926241911,
    142.76340677575936,
    142.76363673475345,
    141.12947209811654,
    141.1283850775134,
    141.12494584038217,
    141.23740329418018,
    141.12348830099225,
    138.46238627619084,
    138.46125568126206,
    138.4582303909167,
    138.45760563029685,
    138.46150989514115,
    133.65276635817426,
    133.65203542835866,
    133.6514213117307,
    133.6493702576124,
    133.64719444746703,
    133.6468240416583,
    130.47575507351243,
    130.4435961160694,
    130.44158250444852,
    130.4407724251913,
    130.44043673167286,
    130.4360174961186,
    121.18346394010216,
    121.18078301680168,
    121.17864313424145,
    121.1781378220649,
    121.1777433475167,
    121.17786356009934,
    121.17755280759248,
    109.02335353495732,
    109.02791680589132,
    109.06170365063977,
    109.02228977546825,
    109.02074414859817,
    109.02037725072893,
    109.0194940335077,
    79.5437266153459,
    79.54298005258413,
    79.54273605864073,
    79.54254082060743,
    79.54231393259131,
    79.5416086180936,
    79.54138416601158,
    79.54127069724214,
    58.93318629150197,
    58.932898137328294,
    58.932575813889635,
    58.93235130129032,
    58.93237599018847,
    58.93175844004491,
    58.9304828776734,
    58.929795922820944
  ],
  "trigger_counts": {
    "grad_norm": 0,
    "loss_delta": 72,
    "max_steps": 0
  },
  "elapsed_seconds": 10428.63262516819,
  "device": "cuda:0",
  "git_sha": "894ee7c407f737c0a250a28d33487a7db7bd83d3"
}