{
  "dataset": "div2k_8q",
  "ordering": "bg",
  "seed": 98,
  "m": 8,
  "n": 8,
  "init": "random",
  "topk_ratio": 0.2,
  "k_train": 13107,
  "lr": 0.003,
  "batch": 50,
  "train_batch_idx": [
    0,
    1,
    11,
    12,
    21,
    29,
    32,
    39,
    61,
    73,
    91,
    98,
    101,
    117,
    129,
    133,
    134,
    135,
    136,
    137,
    145,
    151,
    161,
    185,
    189,
    190,
    200,
    202,
    207,
    223,
    225,
    234,
    262,
    265,
    275,
    322,
    333,
    355,
    367,
    378,
    386,
    420,
    426,
    436,
    448,
    458,
    467,
    469,
    475,
    478
  ],
  "max_steps": 2000,
  "grad_check_every": 5,
  "psnr": {
    "0.05": 25.18410291532044,
    "0.1": 28.08485417179402,
    "0.15": 30.295528532548573,
    "0.2": 32.25968171163277
  },
  "final_loss": 61.271822142149624,
  "total_steps": 7137,
  "per_stage_final_loss": [
    609.7959959143238,
    245.76355249416542,
    197.65303364107902,
    197.64840222011605,
    165.98726602360057,
    164.9798231350635,
    162.02166838246328,
    160.92020118941036,
    160.74011502679977,
    156.82561716872544,
    156.2456541885083,
    154.38052383965987,
    150.34112822320589,
    150.33675811236276,
    150.33429252778524,
    150.333805890979,
    148.29991829641224,
    148.29629735854996,
    148.29299632461687,
    148.28063805324342,
    146.2758361113639,
    146.27599330398638,
    146.2751785250523,
    146.27481210741647,
    146.27436585250348,
    142.73888829206567,
    142.73803745893431,
    142.72945599505033,
    142.7282598584622,
    142.72945489801737,
    139.48963919836527,
    139.4884127423074,
    139.48814954179122,
    139.48648477877273,
    139.4860705316424,
    139.48628031083376,
    132.43214824925647,
    132.43124046886584,
    132.433645662511,
    132.42942727789466,
    132.42940000957296,
    132.42934517843213,
    115.11559943802796,
    115.11352115945672,
    115.10715124528251,
    115.10714697752348,
    115.10711808958342,
    115.10663099552654,
    115.10648149507823,
    106.4101211333924,
    106.40917379681882,
    106.40860960944207,
    106.40764264153749,
    106.4073779450539,
    106.40705522245823,
    106.40878389132837,
    75.19828036371523,
    75.19821397169119,
    75.19666298391037,
    75.19635273898184,
    75.19549885866147,
    75.19371214769488,
    75.1936291757147,
    75.1965843967247,
    61.276086876715055,
    61.2721383037565,
    61.27199588092804,
    61.2732603604597,
    61.2721238449183,
    61.27169172200078,
    61.271618946192724,
    61.271822142149624
  ],
  "trigger_counts": {
    "grad_norm": 0,
    "loss_delta": 72,
    "max_steps": 0
  },
  "elapsed_seconds": 4040.172683686018,
  "device": "cuda:0",
  "git_sha": "894ee7c407f737c0a250a28d33487a7db7bd83d3"
}