{
  "dataset": "div2k_8q",
  "ordering": "bg",
  "seed": 54,
  "m": 8,
  "n": 8,
  "init": "random",
  "topk_ratio": 0.2,
  "k_train": 13107,
  "lr": 0.003,
  "batch": 50,
  "train_batch_idx": [
    3,
    12,
    13,
    14,
    36,
    39,
    55,
    59,
    68,
    82,
    85,
    89,
    100,
    102,
    118,
    126,
    135,
    137,
    140,
    144,
    148,
    152,
    181,
    185,
    197,
    210,
    223,
    230,
    235,
    250,
    264,
    283,
    309,
    324,
    335,
    337,
    348,
    353,
    363,
    369,
    390,
    392,
    398,
    408,
    421,
    433,
    437,
    458,
    462,
    492
  ],
  "max_steps": 2000,
  "grad_check_every": 5,
  "psnr": {
    "0.05": 25.278965435803347,
    "0.1": 27.973942847675147,
    "0.15": 30.08340492235895,
    "0.2": 31.968630476891377
  },
  "final_loss": 61.75700247164559,
  "total_steps": 7709,
  "per_stage_final_loss": [
    240.021500135139,
    179.60670106262154,
    158.65809320590932,
    158.33513116784803,
    149.51792668226463,
    149.41702118557163,
    145.46620061269883,
    145.08007737658613,
    144.38174972336267,
    144.08868200148106,
    143.86596672285953,
    143.5849701464294,
    143.0873114510803,
    142.9451981586853,
    142.49612710389823,
    141.9932184117988,
    140.3841339358832,
    140.19129775673267,
    139.9742280191654,
    139.00892934498572,
    136.3467635838196,
    136.35171847423402,
    136.4142653460978,
    136.34392070903732,
    136.3270096084531,
    133.207941711542,
    133.20712767764087,
    133.20656416535581,
    133.20489324473397,
    133.20311284721637,
    124.81505329772048,
    124.81175516992079,
    124.80824992068045,
    124.80801825602514,
    124.80686206837734,
    124.80624577345512,
    114.11788886682598,
    114.11267245636634,
    114.11008317602926,
    114.10992139742018,
    114.10941136537917,
    114.10753915466324,
    107.85849355447867,
    107.85920167495962,
    107.86036051286294,
    107.85692360966375,
    107.85612446420456,
    107.8565573893322,
    107.85265875303209,
    93.3766033248992,
    93.37261000546606,
    93.37229457581395,
    93.38004672247727,
    93.37120719345984,
    93.37030402482196,
    93.37024354423004,
    68.9187460833914,
    68.91849575678103,
    68.91692882718607,
    68.9168831983003,
    68.91775991451034,
    68.9154332897518,
    68.91505427685254,
    68.9151867285972,
    61.7587138945685,
    61.75859328233126,
    61.75834425845904,
    61.75824344722885,
    61.75792566537098,
    62.827057391062795,
    61.75801802092782,
    61.75700247164559
  ],
  "trigger_counts": {
    "grad_norm": 0,
    "loss_delta": 72,
    "max_steps": 0
  },
  "elapsed_seconds": 4231.743868459016,
  "device": "cuda:0",
  "git_sha": "bd0867448ab390a980c2cfe61993086fbc410c72"
}