{
  "dataset": "div2k_8q",
  "ordering": "bg",
  "seed": 27,
  "m": 8,
  "n": 8,
  "init": "random",
  "topk_ratio": 0.2,
  "k_train": 13107,
  "lr": 0.003,
  "batch": 50,
  "train_batch_idx": [
    1,
    3,
    4,
    14,
    55,
    62,
    86,
    90,
    92,
    96,
    130,
    137,
    140,
    142,
    144,
    147,
    148,
    171,
    186,
    190,
    199,
    220,
    263,
    272,
    305,
    315,
    318,
    344,
    364,
    368,
    376,
    385,
    409,
    420,
    428,
    433,
    442,
    443,
    446,
    461,
    463,
    466,
    471,
    477,
    483,
    489,
    491,
    497,
    498,
    499
  ],
  "max_steps": 2000,
  "grad_check_every": 5,
  "psnr": {
    "0.05": 25.28053363280859,
    "0.1": 27.97541273240448,
    "0.15": 30.085306657795627,
    "0.2": 31.97027180386712
  },
  "final_loss": 59.73931524217218,
  "total_steps": 8406,
  "per_stage_final_loss": [
    437.76460572183873,
    252.10002665726535,
    194.00620041463412,
    193.3699225820766,
    165.92886339691552,
    165.5600149868607,
    163.4740228518896,
    163.15187361838468,
    162.82513618008022,
    156.8669290472117,
    156.8659344689005,
    156.42894173948412,
    155.32381520094575,
    155.27094332065195,
    155.15298439950533,
    154.70848746157378,
    152.0018145105266,
    151.4791348799719,
    151.42252416762858,
    151.26194602137542,
    149.2650728140515,
    149.2619005982026,
    149.25652534175927,
    149.25326691841715,
    149.25193082580608,
    145.65198954539508,
    145.64471508295404,
    145.6312524551246,
    145.63287509051844,
    145.63272721101953,
    142.10614214390853,
    142.10239064727423,
    142.10024232334675,
    142.10117848043544,
    142.0857370444547,
    142.08450940430126,
    141.27328583034708,
    141.26888961515957,
    141.26914065407124,
    141.26195895883322,
    141.26040953444186,
    141.26143530940786,
    133.01027174420256,
    133.00611567092403,
    133.00572489319174,
    133.00517929716582,
    133.0040914123322,
    133.00324246466096,
    133.00391270382875,
    114.41779235185112,
    114.41090632571881,
    114.40912761485443,
    114.40655375879128,
    114.40649110570746,
    114.40550931996606,
    114.40503881758657,
    81.3184487329552,
    81.31825295029623,
    81.33239007437771,
    81.31682744125634,
    81.31656718681973,
    81.31635005168916,
    81.31621796843477,
    81.31544841058277,
    59.74266130897653,
    59.74231998448928,
    59.74018375721815,
    59.73997416478794,
    59.73984744954508,
    59.739345060380195,
    59.73934422933674,
    59.73931524217218
  ],
  "trigger_counts": {
    "grad_norm": 0,
    "loss_delta": 72,
    "max_steps": 0
  },
  "elapsed_seconds": 10180.102872640826,
  "device": "cuda:0",
  "git_sha": "5c2d8282104b3081f6b073074cdcfe12a6a6c78c"
}