{
  "dataset": "div2k_8q",
  "ordering": "bg",
  "seed": 21,
  "m": 8,
  "n": 8,
  "init": "random",
  "topk_ratio": 0.2,
  "k_train": 13107,
  "lr": 0.003,
  "batch": 50,
  "train_batch_idx": [
    0,
    30,
    40,
    52,
    89,
    93,
    100,
    107,
    112,
    126,
    130,
    135,
    157,
    166,
    174,
    179,
    190,
    196,
    212,
    217,
    218,
    225,
    240,
    275,
    286,
    290,
    317,
    318,
    323,
    324,
    327,
    336,
    353,
    357,
    377,
    378,
    403,
    409,
    420,
    430,
    432,
    440,
    448,
    453,
    458,
    465,
    469,
    470,
    472,
    490
  ],
  "max_steps": 2000,
  "grad_check_every": 5,
  "psnr": {
    "0.05": 25.279895429216644,
    "0.1": 27.97498343760354,
    "0.15": 30.084657556189974,
    "0.2": 31.96972066740904
  },
  "final_loss": 57.049428262537276,
  "total_steps": 9799,
  "per_stage_final_loss": [
    575.49486285514,
    221.58886578065224,
    179.2262195847277,
    177.75026260940453,
    156.9710971258879,
    156.9169510511731,
    153.76409389600298,
    153.70058218581855,
    153.41525053888907,
    149.45578763241778,
    149.28309059931243,
    148.19061809224175,
    146.3401822672379,
    146.339922416095,
    145.94005663492337,
    145.93198000873824,
    144.93791382560394,
    144.72776408499365,
    144.51213341684755,
    144.50694651300677,
    143.67991093274537,
    143.67852821506898,
    143.6729386361146,
    143.57993422730138,
    143.53156711382817,
    143.46689807728376,
    143.45263289685423,
    143.27014136327347,
    142.87544897737482,
    142.7725204448158,
    140.01105490560045,
    140.00437806269866,
    140.00876848864343,
    140.00332103469668,
    140.00644480382024,
    139.99984357032707,
    136.1880699858238,
    136.17085746692777,
    136.17429182408927,
    136.17133410850664,
    136.1690710973042,
    136.16237105243556,
    125.2805004813516,
    125.26414763783687,
    125.26090963602448,
    125.25848349550074,
    125.25766603027816,
    125.25539472040087,
    125.25332338869747,
    110.47341432350953,
    110.46951738656654,
    110.4706572780214,
    110.46576980081464,
    110.46624171096195,
    110.4650261586554,
    110.46506353266983,
    81.55812320961772,
    81.5575521158464,
    81.5567344307359,
    81.55625139708003,
    81.55517363481819,
    81.55510144129403,
    81.55508889919375,
    81.5662537938835,
    57.0512183129037,
    57.05079702668806,
    57.05037042921218,
    57.050565838742536,
    57.05037691881164,
    57.0502972763371,
    57.04942251232849,
    57.049428262537276
  ],
  "trigger_counts": {
    "grad_norm": 0,
    "loss_delta": 72,
    "max_steps": 0
  },
  "elapsed_seconds": 5183.281428989954,
  "device": "cuda:0",
  "git_sha": "5c2d8282104b3081f6b073074cdcfe12a6a6c78c"
}