{
  "dataset": "div2k_8q",
  "ordering": "bg",
  "seed": 2,
  "m": 8,
  "n": 8,
  "init": "random",
  "topk_ratio": 0.2,
  "k_train": 13107,
  "lr": 0.003,
  "batch": 50,
  "train_batch_idx": [
    19,
    25,
    42,
    49,
    71,
    87,
    91,
    94,
    105,
    118,
    123,
    128,
    135,
    143,
    153,
    159,
    163,
    170,
    185,
    188,
    191,
    202,
    205,
    206,
    252,
    260,
    265,
    276,
    285,
    305,
    308,
    319,
    323,
    331,
    336,
    342,
    355,
    371,
    374,
    377,
    386,
    409,
    420,
    435,
    442,
    451,
    452,
    459,
    468,
    487
  ],
  "max_steps": 2000,
  "grad_check_every": 5,
  "psnr": {
    "0.05": 25.23457148114152,
    "0.1": 27.811116142220484,
    "0.15": 29.84084300737693,
    "0.2": 31.659284385642167
  },
  "final_loss": 65.0740500129756,
  "total_steps": 10471,
  "per_stage_final_loss": [
    383.2742477778447,
    230.60871133442365,
    184.4623449208867,
    184.4155086358904,
    161.61611217042207,
    161.06665480253898,
    155.21198577790747,
    155.1099935676006,
    154.51284999407815,
    152.8657860383949,
    152.4726015412934,
    152.42835899176518,
    150.8214487572305,
    150.78783982866887,
    150.7596681260097,
    150.38919611895258,
    148.860559902939,
    148.85878676770758,
    148.11138173053794,
    147.91925874526495,
    145.83186165119548,
    145.828259858805,
    145.82596665248633,
    145.8240694210758,
    145.81474364074828,
    144.17605346125933,
    144.18502621160192,
    144.1718407865956,
    144.15888413043143,
    144.15824893591912,
    136.77813618815082,
    136.77842021534022,
    136.77671611769796,
    136.77633250211014,
    136.7754026072386,
    136.77643895776225,
    130.99319979831347,
    130.9901757802562,
    130.98757656055727,
    130.9864841192366,
    130.98749089886115,
    130.9878406711841,
    112.5570741031931,
    112.55364177254171,
    112.55389623737003,
    112.55319139880947,
    112.5534167830506,
    112.55326559618605,
    112.55230861849566,
    91.82566613051723,
    91.82431566446459,
    91.8269489927496,
    91.82215143095844,
    91.82166759374722,
    91.82152265315257,
    91.82121795346666,
    87.93439370350974,
    87.93384338041,
    87.93372611563497,
    87.93337579620571,
    87.93326221305674,
    88.43121637457581,
    87.93325179444261,
    87.93331109555035,
    65.07520324628771,
    65.07473632778603,
    65.07470472681726,
    65.07465101993206,
    65.07463783787512,
    65.07450538911016,
    65.07424630654572,
    65.0740500129756
  ],
  "trigger_counts": {
    "grad_norm": 0,
    "loss_delta": 72,
    "max_steps": 0
  },
  "elapsed_seconds": 8400.450225903653,
  "device": "cuda:0",
  "git_sha": "5c2d8282104b3081f6b073074cdcfe12a6a6c78c"
}