{
  "dataset": "div2k_8q",
  "ordering": "bg",
  "seed": 42,
  "m": 8,
  "n": 8,
  "init": "random",
  "topk_ratio": 0.2,
  "k_train": 13107,
  "lr": 0.003,
  "batch": 50,
  "train_batch_idx": [
    31,
    33,
    39,
    40,
    43,
    44,
    59,
    81,
    86,
    92,
    109,
    135,
    175,
    191,
    197,
    199,
    211,
    212,
    216,
    221,
    235,
    239,
    242,
    261,
    268,
    296,
    306,
    309,
    319,
    333,
    338,
    340,
    345,
    349,
    353,
    366,
    371,
    372,
    389,
    391,
    393,
    403,
    417,
    430,
    439,
    444,
    450,
    477,
    481,
    493
  ],
  "max_steps": 2000,
  "grad_check_every": 5,
  "psnr": {
    "0.05": 25.22167457333468,
    "0.1": 27.800049273787717,
    "0.15": 29.830330705754474,
    "0.2": 31.649422286399048
  },
  "final_loss": 62.51482135250534,
  "total_steps": 9516,
  "per_stage_final_loss": [
    553.9871341192385,
    215.96001829272902,
    166.59687892256952,
    165.3612082565019,
    153.66306934989166,
    152.1208368329695,
    146.16739509390482,
    146.00769869726622,
    145.99682103219118,
    140.52707044914618,
    140.2774347979596,
    139.81600694638846,
    139.38388260307084,
    139.26803931340578,
    138.40698702675465,
    138.2959316242423,
    137.36032539900032,
    137.04144746813188,
    136.558378802787,
    136.5444566297641,
    135.35909096149206,
    135.35656196955438,
    135.35421694684518,
    135.35758981025663,
    135.3489500156485,
    134.50015314802974,
    134.50004606071852,
    134.49510655945102,
    134.49296341707503,
    134.48033136208062,
    128.8230799588285,
    128.82252304966693,
    128.82076096033506,
    128.81892284941813,
    128.8192427334708,
    128.81455139042845,
    121.7581310150432,
    121.7519112310587,
    121.74204436753648,
    121.74204403410383,
    121.74304263185218,
    121.74184237844452,
    115.73800317754434,
    115.73629807304515,
    115.735287594228,
    115.73396801552242,
    115.7335734532234,
    115.73324584042989,
    115.73336367484404,
    109.24060538604434,
    109.23949039464826,
    109.23888228557182,
    109.23821946508663,
    109.23388418255698,
    109.23349873231844,
    109.23339638933949,
    87.56002520096717,
    87.55847326785648,
    87.55876763736177,
    87.55810616739974,
    87.55673158418831,
    87.55648653930739,
    87.55613573836665,
    87.5562777277818,
    62.23231124557865,
    62.23150177118987,
    62.23090234064212,
    62.2308194346243,
    62.23067356422055,
    62.23043873472396,
    62.23014199947779,
    62.51482135250534
  ],
  "trigger_counts": {
    "grad_norm": 0,
    "loss_delta": 72,
    "max_steps": 0
  },
  "elapsed_seconds": 11423.8485519588,
  "device": "cuda:0",
  "git_sha": "8f584e16671086491acd5747515c5792c0fffec7"
}