{
  "dataset": "div2k_8q",
  "ordering": "bg",
  "seed": 69,
  "m": 8,
  "n": 8,
  "init": "random",
  "topk_ratio": 0.2,
  "k_train": 13107,
  "lr": 0.003,
  "batch": 50,
  "train_batch_idx": [
    3,
    5,
    8,
    10,
    23,
    33,
    46,
    69,
    82,
    121,
    150,
    190,
    201,
    203,
    219,
    230,
    239,
    248,
    252,
    258,
    262,
    265,
    286,
    295,
    306,
    309,
    315,
    316,
    318,
    324,
    331,
    334,
    336,
    344,
    356,
    358,
    359,
    365,
    367,
    371,
    377,
    390,
    394,
    398,
    406,
    411,
    447,
    457,
    495,
    499
  ],
  "max_steps": 2000,
  "grad_check_every": 5,
  "psnr": {
    "0.05": 25.280379217495252,
    "0.1": 27.975223640769403,
    "0.15": 30.085133740879836,
    "0.2": 31.969869483976805
  },
  "final_loss": 71.40213845787677,
  "total_steps": 9087,
  "per_stage_final_loss": [
    740.0817836304387,
    238.79425674466358,
    198.22375843044742,
    198.2106806074114,
    175.95136798631557,
    174.66211753516208,
    170.453601049839,
    170.16516347110402,
    169.22804050876985,
    162.64905308588357,
    162.6491497030746,
    162.64928116734788,
    161.0414796934125,
    161.02299019909043,
    160.85515653690982,
    160.3289070668813,
    159.84892411146112,
    159.849966750525,
    159.84488746082513,
    158.3541026561735,
    156.66967907997446,
    156.66755403157643,
    156.66674731720556,
    156.66649487659615,
    156.6607546934236,
    153.48987392305756,
    153.4893690183421,
    153.48563008309856,
    153.48061372671094,
    153.46844229142587,
    150.515691506196,
    150.51298969944136,
    150.51371051466614,
    150.51093332646562,
    150.50735453461172,
    150.50618725464628,
    145.64310141310358,
    144.3399331528134,
    144.328503923978,
    144.32823073780747,
    144.32837770056508,
    144.32777671751762,
    122.5281251821142,
    122.52906402307275,
    122.52564072058796,
    122.52240012866639,
    122.5202504363741,
    122.52011839241392,
    122.5187388395402,
    105.11417693999124,
    105.11134391872511,
    105.10797623370945,
    105.10787783025789,
    105.1115759035444,
    105.11345256629151,
    105.10423570602264,
    91.51800132438972,
    91.51796055581093,
    91.51932766100093,
    91.51717251078712,
    91.51732532429457,
    91.51707538244439,
    91.51652273060265,
    91.51608620502995,
    71.40401565308595,
    71.40402943070096,
    71.40382860945172,
    71.40306948033843,
    71.4029627725851,
    71.40210342468983,
    71.40209050611321,
    71.40213845787677
  ],
  "trigger_counts": {
    "grad_norm": 0,
    "loss_delta": 72,
    "max_steps": 0
  },
  "elapsed_seconds": 5176.237504650839,
  "device": "cuda:0",
  "git_sha": "894ee7c407f737c0a250a28d33487a7db7bd83d3"
}