{
  "dataset": "div2k_8q",
  "ordering": "bg",
  "seed": 72,
  "m": 8,
  "n": 8,
  "init": "random",
  "topk_ratio": 0.2,
  "k_train": 13107,
  "lr": 0.003,
  "batch": 50,
  "train_batch_idx": [
    3,
    24,
    30,
    32,
    34,
    35,
    52,
    57,
    70,
    82,
    97,
    105,
    119,
    124,
    136,
    138,
    143,
    165,
    176,
    189,
    190,
    191,
    208,
    210,
    216,
    244,
    252,
    262,
    266,
    271,
    272,
    277,
    280,
    304,
    325,
    329,
    373,
    377,
    378,
    384,
    397,
    404,
    419,
    428,
    429,
    439,
    448,
    460,
    474,
    495
  ],
  "max_steps": 2000,
  "grad_check_every": 5,
  "psnr": {
    "0.05": 25.234633676760726,
    "0.1": 27.811450600262177,
    "0.15": 29.841236078108224,
    "0.2": 31.65952683414521
  },
  "final_loss": 79.7222947481793,
  "total_steps": 8991,
  "per_stage_final_loss": [
    636.2029238252633,
    262.1942218170096,
    201.76400966433144,
    201.5444291151324,
    181.0259907088525,
    180.7594597707835,
    173.30500140843446,
    173.14942822561784,
    172.30144933116455,
    166.46126072881452,
    166.34598575208503,
    165.18620653028128,
    164.24989143963245,
    164.11224175379385,
    163.50328909611923,
    163.4932496379956,
    162.23648077779265,
    162.20564210839626,
    161.6000155230147,
    161.36188993820818,
    159.4338146919213,
    159.42826488603777,
    159.4251686482667,
    159.42306480226176,
    159.39391374438986,
    157.6063223586353,
    157.60363283461552,
    157.60122762088164,
    157.59612478987634,
    157.59024723506369,
    151.06187781358028,
    151.06005014808224,
    151.0539881855954,
    151.05417076489073,
    151.05361089942923,
    151.0544854654675,
    142.11552182232194,
    142.11071060104933,
    142.11136000026065,
    142.11143768348364,
    142.10735524464982,
    142.10697339589458,
    134.32510729859834,
    134.3233906512141,
    134.32334549351094,
    134.3167957801648,
    134.31447925289206,
    134.31440070080438,
    134.31395364664593,
    121.50195462710813,
    121.4995488387727,
    121.49903052513783,
    121.49867457920486,
    121.49866500336262,
    121.49785605038102,
    121.49716846970325,
    111.2535824437939,
    111.2515234657111,
    111.25091666660803,
    111.25070451733114,
    111.25014667315806,
    111.25013785449372,
    111.24986236784055,
    111.24937905944822,
    79.72843425681978,
    79.72458431809513,
    79.72453668578196,
    79.72427959341123,
    79.72344513049183,
    79.72259956411821,
    79.72283074302786,
    79.7222947481793
  ],
  "trigger_counts": {
    "grad_norm": 0,
    "loss_delta": 72,
    "max_steps": 0
  },
  "elapsed_seconds": 5096.600839546882,
  "device": "cuda:0",
  "git_sha": "894ee7c407f737c0a250a28d33487a7db7bd83d3"
}