{
  "dataset": "div2k_8q",
  "ordering": "bg",
  "seed": 94,
  "m": 8,
  "n": 8,
  "init": "random",
  "topk_ratio": 0.2,
  "k_train": 13107,
  "lr": 0.003,
  "batch": 50,
  "train_batch_idx": [
    20,
    50,
    51,
    55,
    67,
    69,
    78,
    83,
    90,
    101,
    108,
    121,
    143,
    149,
    151,
    163,
    166,
    192,
    196,
    212,
    225,
    227,
    235,
    237,
    248,
    251,
    260,
    261,
    297,
    298,
    303,
    329,
    333,
    344,
    347,
    350,
    355,
    358,
    368,
    383,
    395,
    413,
    415,
    419,
    440,
    456,
    457,
    486,
    495,
    496
  ],
  "max_steps": 2000,
  "grad_check_every": 5,
  "psnr": {
    "0.05": 25.234743095888017,
    "0.1": 27.811445724658494,
    "0.15": 29.8410155434843,
    "0.2": 31.659272002235298
  },
  "final_loss": 64.97475279308512,
  "total_steps": 8684,
  "per_stage_final_loss": [
    312.8624649086174,
    209.05765150718923,
    173.43550945177842,
    172.54324988539412,
    149.04393599043473,
    147.60688179842583,
    144.45360605134695,
    143.91499502070434,
    142.7688901452012,
    140.78755413968523,
    140.18954905975664,
    139.93455181580515,
    138.48553333510242,
    138.48487291859004,
    137.23495643650435,
    137.23639636508057,
    136.50624379687272,
    135.77184483991843,
    135.76793893007144,
    134.9331266472799,
    132.31215904067165,
    132.27287972234564,
    132.271954242069,
    132.2693769560072,
    132.2679576179787,
    129.92300506229668,
    129.92293484771395,
    129.9213470693806,
    129.91717831625846,
    129.91848128104647,
    120.9984204360051,
    120.99731703697319,
    120.99561933762689,
    120.99174260684728,
    120.99051638000944,
    120.98841790707786,
    116.589400006246,
    116.58927308464405,
    116.5899977987782,
    116.58919249588955,
    116.58921630098871,
    116.58657430505737,
    106.56572268216198,
    106.56610161235226,
    106.56277568333495,
    106.56631316190648,
    106.56237689145318,
    106.56155065300591,
    106.5612823752673,
    99.69929126729718,
    99.69663027880388,
    99.69627122131836,
    99.69671851839222,
    99.69619793876687,
    99.69588645108244,
    99.69475906061741,
    68.67463113488436,
    68.6739631469367,
    68.67347474970138,
    68.67340931845615,
    68.67495918919691,
    68.67325328045783,
    68.67295836320982,
    68.6730977178356,
    64.97566541048235,
    64.97555317376924,
    64.97550023775099,
    64.97525086121627,
    64.97512056093848,
    64.97519889714339,
    64.9750103783759,
    64.97475279308512
  ],
  "trigger_counts": {
    "grad_norm": 0,
    "loss_delta": 72,
    "max_steps": 0
  },
  "elapsed_seconds": 4961.784520117566,
  "device": "cuda:0",
  "git_sha": "894ee7c407f737c0a250a28d33487a7db7bd83d3"
}