{
  "dataset": "div2k_8q",
  "ordering": "bg",
  "seed": 95,
  "m": 8,
  "n": 8,
  "init": "random",
  "topk_ratio": 0.2,
  "k_train": 13107,
  "lr": 0.003,
  "batch": 50,
  "train_batch_idx": [
    15,
    26,
    29,
    30,
    36,
    40,
    63,
    75,
    90,
    103,
    120,
    121,
    129,
    137,
    146,
    165,
    174,
    188,
    189,
    190,
    191,
    195,
    197,
    202,
    220,
    221,
    225,
    236,
    244,
    261,
    269,
    286,
    324,
    334,
    345,
    361,
    362,
    363,
    371,
    380,
    396,
    401,
    414,
    421,
    442,
    464,
    477,
    479,
    491,
    499
  ],
  "max_steps": 2000,
  "grad_check_every": 5,
  "psnr": {
    "0.05": 25.234759524022607,
    "0.1": 27.811635670196036,
    "0.15": 29.841450689707035,
    "0.2": 31.65978097236423
  },
  "final_loss": 67.33132029273895,
  "total_steps": 8859,
  "per_stage_final_loss": [
    382.65994279852254,
    213.1319147992092,
    174.45121184131654,
    174.39527976378898,
    166.23713979553042,
    164.6012337595487,
    159.13408020615648,
    158.7081820336538,
    157.80630828382232,
    153.01204226923903,
    152.98854185718503,
    151.1942589204451,
    150.34467956643223,
    150.00742683245724,
    149.98691724055232,
    149.91928522064208,
    148.59164797290578,
    148.4897075809224,
    148.38336069282806,
    148.01879663220348,
    145.13703334001548,
    145.16258056043128,
    145.13560604392222,
    145.13602809859134,
    145.13603487010027,
    143.19149732724938,
    143.17600495589406,
    143.17409496463821,
    143.1606731086973,
    143.16030023657817,
    142.60305773263408,
    142.58724062632174,
    142.5861106179735,
    142.58799077399684,
    142.5822401833762,
    142.5814222384325,
    138.71077156503023,
    138.70782028297606,
    138.70741657532332,
    138.7065677129005,
    138.70591947388652,
    138.70549879924758,
    125.19011778273584,
    125.18526684586926,
    125.1825405964067,
    125.18052227154529,
    125.18123000222727,
    125.1799464126722,
    125.17921442684646,
    109.22583527440284,
    109.22076913342845,
    109.21972183193012,
    109.21797044044764,
    109.2180972888838,
    109.21804256239277,
    109.21728722426099,
    89.11488027832766,
    89.11426583071734,
    89.11284318138945,
    89.11194522892191,
    89.11179715655526,
    89.11173997423884,
    89.11165122744033,
    89.11139816023947,
    67.33550737521752,
    67.33510378216897,
    67.33456125774246,
    67.33222269143626,
    67.33215580372037,
    67.33182267446297,
    67.33137516052841,
    67.33132029273895
  ],
  "trigger_counts": {
    "grad_norm": 0,
    "loss_delta": 72,
    "max_steps": 0
  },
  "elapsed_seconds": 10794.436027176678,
  "device": "cuda:0",
  "git_sha": "894ee7c407f737c0a250a28d33487a7db7bd83d3"
}