{
  "dataset": "div2k_8q",
  "ordering": "bg",
  "seed": 33,
  "m": 8,
  "n": 8,
  "init": "random",
  "topk_ratio": 0.2,
  "k_train": 13107,
  "lr": 0.003,
  "batch": 50,
  "train_batch_idx": [
    7,
    10,
    23,
    26,
    35,
    53,
    57,
    60,
    73,
    74,
    94,
    114,
    116,
    137,
    147,
    163,
    165,
    172,
    176,
    195,
    197,
    200,
    211,
    239,
    242,
    243,
    253,
    256,
    258,
    270,
    279,
    309,
    315,
    317,
    343,
    350,
    372,
    378,
    388,
    396,
    397,
    409,
    414,
    422,
    429,
    454,
    460,
    466,
    498,
    499
  ],
  "max_steps": 2000,
  "grad_check_every": 5,
  "psnr": {
    "0.05": 25.23461486814207,
    "0.1": 27.81114612953701,
    "0.15": 29.84072448420146,
    "0.2": 31.65866548549035
  },
  "final_loss": 55.76532630582437,
  "total_steps": 9696,
  "per_stage_final_loss": [
    352.40657585041555,
    169.48343779345598,
    144.92527304758482,
    144.83831563889015,
    135.47070443184828,
    134.35163466863048,
    133.92142274080373,
    133.56520065064984,
    133.4829284657265,
    131.26750180217948,
    130.75805483649037,
    130.27043726150384,
    129.1023383251353,
    128.92714735750064,
    128.9210912319052,
    128.85895024050592,
    127.84714101069615,
    127.65266330572045,
    127.43794833002323,
    126.77544386691427,
    126.13443319005974,
    126.13435769463361,
    126.1356333729771,
    126.12418722718284,
    126.12539594260369,
    125.21396305560357,
    125.20767501691371,
    125.20728270520226,
    125.20622898108371,
    125.19708877516253,
    121.38326390738428,
    121.37338098027354,
    121.36974937625594,
    121.37000687108554,
    121.36968619845254,
    121.36790163155766,
    114.28240065013075,
    114.27638535887075,
    114.27622454329658,
    114.27508856996133,
    114.27388851301761,
    114.27374240700412,
    104.90088846100979,
    104.90078525362703,
    104.89805307696068,
    104.89806217738325,
    104.89939905797416,
    104.90044734261403,
    104.89890508379312,
    96.93963762997971,
    96.93759903630733,
    96.93715171141335,
    96.9345085507809,
    96.93408418229723,
    96.9337862304011,
    96.93366839884078,
    70.72905578294869,
    70.72688488546115,
    70.72264301509364,
    70.72262765803178,
    70.72231915414858,
    70.72304830466598,
    70.72238003738597,
    70.72235469423086,
    55.766659345886346,
    55.76629623737011,
    55.7656799435565,
    55.76536982448821,
    55.765274006488745,
    55.76491187775875,
    55.7648774214913,
    55.76532630582437
  ],
  "trigger_counts": {
    "grad_norm": 0,
    "loss_delta": 72,
    "max_steps": 0
  },
  "elapsed_seconds": 5470.047795502469,
  "device": "cuda:0",
  "git_sha": "5c2d8282104b3081f6b073074cdcfe12a6a6c78c"
}