{
  "dataset": "div2k_8q",
  "ordering": "bg",
  "seed": 99,
  "m": 8,
  "n": 8,
  "init": "random",
  "topk_ratio": 0.2,
  "k_train": 13107,
  "lr": 0.003,
  "batch": 50,
  "train_batch_idx": [
    19,
    32,
    44,
    49,
    80,
    116,
    129,
    133,
    141,
    144,
    146,
    147,
    161,
    163,
    164,
    168,
    175,
    183,
    186,
    217,
    218,
    224,
    228,
    233,
    256,
    258,
    262,
    282,
    286,
    300,
    325,
    329,
    336,
    343,
    347,
    372,
    374,
    378,
    395,
    430,
    432,
    436,
    439,
    442,
    443,
    445,
    447,
    453,
    474,
    494
  ],
  "max_steps": 2000,
  "grad_check_every": 5,
  "psnr": {
    "0.05": 25.279749915802817,
    "0.1": 27.974533682202672,
    "0.15": 30.084586200865637,
    "0.2": 31.969383971641737
  },
  "final_loss": 56.618781837672934,
  "total_steps": 8602,
  "per_stage_final_loss": [
    790.7318751043903,
    232.0659316520863,
    161.9198671236989,
    160.90454937893148,
    138.7500412096231,
    137.42895786423898,
    134.20038207967278,
    133.7669420494654,
    133.4320928204906,
    129.42332850531474,
    128.96769640463717,
    128.14419627686306,
    127.51999126246488,
    127.51976197010227,
    126.72904188338603,
    126.65165757117978,
    125.5736954300807,
    125.57246103648114,
    125.54988823376956,
    124.7737897880612,
    120.75496292908976,
    120.75376284319404,
    120.75413070611302,
    120.74786116575983,
    120.73644315134679,
    120.55336947153687,
    120.55485968518067,
    120.55273212944358,
    120.54850256705024,
    120.54839595054972,
    113.2741165851349,
    113.26723070753,
    113.26771045194492,
    113.2656015235942,
    113.26751328502218,
    112.27726957600132,
    110.97311248080028,
    110.96853933245191,
    110.96164257915322,
    110.96472946194457,
    110.9610665576854,
    110.96149865186919,
    105.27243127170296,
    105.27240772304079,
    105.27328047501894,
    105.27160409855246,
    105.27211688691645,
    105.27118402802057,
    105.27026509102083,
    87.59323259476525,
    87.59202420929913,
    87.59105947506943,
    87.58914460272433,
    87.58878163845118,
    87.58875879590279,
    87.59093382131893,
    72.58904338594178,
    72.58725014913581,
    72.58707787819904,
    72.58703117111854,
    72.58682011451026,
    72.58685953552478,
    72.5869280646841,
    72.58667880546643,
    57.1442269138445,
    56.62147498413553,
    56.6201677546988,
    56.619939593558506,
    56.61973204087255,
    56.61942637070066,
    56.61897223075328,
    56.618781837672934
  ],
  "trigger_counts": {
    "grad_norm": 0,
    "loss_delta": 72,
    "max_steps": 0
  },
  "elapsed_seconds": 10545.58557559643,
  "device": "cuda:0",
  "git_sha": "894ee7c407f737c0a250a28d33487a7db7bd83d3"
}