{
  "dataset": "div2k_8q",
  "ordering": "bg",
  "seed": 44,
  "m": 8,
  "n": 8,
  "init": "random",
  "topk_ratio": 0.2,
  "k_train": 13107,
  "lr": 0.003,
  "batch": 50,
  "train_batch_idx": [
    8,
    9,
    40,
    43,
    46,
    52,
    55,
    74,
    75,
    88,
    96,
    101,
    117,
    157,
    177,
    185,
    187,
    190,
    195,
    197,
    208,
    245,
    255,
    264,
    272,
    280,
    285,
    289,
    300,
    302,
    317,
    323,
    343,
    344,
    365,
    371,
    385,
    396,
    417,
    437,
    442,
    443,
    447,
    450,
    458,
    470,
    475,
    479,
    493,
    494
  ],
  "max_steps": 2000,
  "grad_check_every": 5,
  "psnr": {
    "0.05": 25.23477648151936,
    "0.1": 27.811621293000993,
    "0.15": 29.841213303168733,
    "0.2": 31.659423056961778
  },
  "final_loss": 61.15423604687288,
  "total_steps": 10004,
  "per_stage_final_loss": [
    426.7540358925913,
    204.0003325037958,
    183.87257983646404,
    183.62114104315748,
    159.3633841731516,
    158.7605118722675,
    155.3700006685236,
    155.056821187791,
    154.69902663301227,
    146.67068222779963,
    146.660465105338,
    146.54127025251827,
    146.1602160647198,
    145.98800489049697,
    145.78345680744394,
    145.13406966399305,
    145.04953583272646,
    145.01639654861947,
    144.56780287310204,
    143.4673326924596,
    142.42337514086046,
    142.41577314460304,
    142.4156385706159,
    142.41406251532186,
    142.40993353787277,
    142.00352701198312,
    141.9830121941873,
    141.982285870146,
    141.9800022104973,
    141.98254393629944,
    136.9161979053656,
    136.90700111272704,
    136.90572809500893,
    136.90355515476614,
    136.8961655122569,
    136.89309858688526,
    132.53943010624255,
    132.5316270303892,
    132.53536738714678,
    132.5349601822463,
    132.53285838597944,
    132.52423781834946,
    117.33506739084969,
    117.32078579895227,
    117.32354095099319,
    117.32152443856529,
    117.31982754972141,
    117.32004245706237,
    117.32062929948667,
    107.29805367833558,
    107.29440426305665,
    107.28945792527324,
    107.28911665622414,
    107.28763423726883,
    107.28702740358338,
    107.28734410000563,
    82.07853457204249,
    82.07830160922596,
    82.07763339493903,
    82.07805893320176,
    82.07624171740441,
    82.07653903989662,
    82.07616846120742,
    82.07590511498137,
    61.154701613534236,
    61.15405674672457,
    61.15371791306337,
    61.153766667919065,
    61.15372081745771,
    61.15363545039074,
    61.15380370031247,
    61.15423604687288
  ],
  "trigger_counts": {
    "grad_norm": 0,
    "loss_delta": 72,
    "max_steps": 0
  },
  "elapsed_seconds": 12242.509525234811,
  "device": "cuda:0",
  "git_sha": "bd0867448ab390a980c2cfe61993086fbc410c72"
}