{
  "dataset": "div2k_8q",
  "ordering": "bg",
  "seed": 66,
  "m": 8,
  "n": 8,
  "init": "random",
  "topk_ratio": 0.2,
  "k_train": 13107,
  "lr": 0.003,
  "batch": 50,
  "train_batch_idx": [
    33,
    46,
    47,
    65,
    69,
    87,
    110,
    115,
    121,
    123,
    128,
    143,
    158,
    160,
    203,
    212,
    215,
    217,
    223,
    228,
    231,
    251,
    268,
    278,
    285,
    287,
    293,
    314,
    316,
    332,
    333,
    349,
    373,
    376,
    378,
    383,
    392,
    395,
    396,
    406,
    417,
    422,
    424,
    427,
    440,
    451,
    454,
    469,
    479,
    480
  ],
  "max_steps": 2000,
  "grad_check_every": 5,
  "psnr": {
    "0.05": 25.235003701213582,
    "0.1": 27.8112604512396,
    "0.15": 29.840868931670325,
    "0.2": 31.659064086648222
  },
  "final_loss": 73.13575456682915,
  "total_steps": 8607,
  "per_stage_final_loss": [
    705.9755993297117,
    253.31554302132307,
    200.5767235096986,
    200.3364001698244,
    172.83481883345496,
    171.9536366137191,
    166.31928973218675,
    166.03936467073305,
    164.6273639809636,
    159.24799330243,
    159.17728848614806,
    157.88174166921993,
    157.3410161487123,
    157.2682818491047,
    157.04919530770508,
    156.3551353229015,
    155.44050632449492,
    155.34604970490867,
    154.83007416813857,
    154.81152082077483,
    152.38444218944065,
    152.38126086804252,
    152.37878312847977,
    152.37980462733634,
    152.35142642390073,
    149.72849367164673,
    149.7312341367274,
    149.72579590787515,
    149.7207689631093,
    149.71477360424785,
    144.14937038092785,
    144.14834895312256,
    144.15598573806122,
    144.1463646947589,
    144.1457896214536,
    144.14275583246217,
    142.8746241083562,
    142.86977259603498,
    142.86834167331315,
    142.86061061362466,
    142.86176497248863,
    142.8568874321561,
    138.0858337224226,
    138.08350460232364,
    138.08078839415595,
    138.07970645414989,
    138.08028690897456,
    138.077973035043,
    138.07713579212708,
    126.68651856921105,
    126.68034230042926,
    126.68074656344724,
    126.67838860620876,
    126.67780769088408,
    126.67790135201632,
    126.67729227428072,
    103.15978217210741,
    103.15597040530635,
    103.17269215967175,
    103.15245244725877,
    103.15162228133704,
    103.15415067419949,
    103.15093798570918,
    103.15083246581744,
    73.16135390489475,
    73.13653497994787,
    73.14100639666496,
    73.13626292234026,
    73.13614909019263,
    73.13615486462797,
    73.13611980150601,
    73.13575456682915
  ],
  "trigger_counts": {
    "grad_norm": 0,
    "loss_delta": 72,
    "max_steps": 0
  },
  "elapsed_seconds": 4854.100350809284,
  "device": "cuda:0",
  "git_sha": "894ee7c407f737c0a250a28d33487a7db7bd83d3"
}