{
  "dataset": "div2k_8q",
  "ordering": "bg",
  "seed": 19,
  "m": 8,
  "n": 8,
  "init": "random",
  "topk_ratio": 0.2,
  "k_train": 13107,
  "lr": 0.003,
  "batch": 50,
  "train_batch_idx": [
    13,
    23,
    27,
    44,
    83,
    92,
    119,
    124,
    142,
    145,
    149,
    161,
    171,
    172,
    179,
    190,
    195,
    199,
    202,
    206,
    209,
    214,
    228,
    251,
    265,
    269,
    287,
    293,
    294,
    298,
    315,
    319,
    321,
    331,
    342,
    359,
    362,
    366,
    374,
    377,
    388,
    395,
    400,
    405,
    420,
    430,
    438,
    441,
    449,
    461
  ],
  "max_steps": 2000,
  "grad_check_every": 5,
  "psnr": {
    "0.05": 25.234419973430864,
    "0.1": 27.810832883566274,
    "0.15": 29.84059911863557,
    "0.2": 31.65904562073334
  },
  "final_loss": 61.214774506874996,
  "total_steps": 8930,
  "per_stage_final_loss": [
    687.7446758758012,
    238.74349901795404,
    178.91710231857803,
    178.29068642444497,
    155.96903368253024,
    155.29563105690247,
    149.1441186049068,
    149.03713353249668,
    148.6859430655757,
    144.41754824633884,
    144.2040558471543,
    143.24159909895272,
    140.05510361790618,
    140.00419127506208,
    139.67178125272366,
    139.66514320726878,
    139.5233994815066,
    139.52300668944304,
    139.41182658304513,
    137.64207292137658,
    133.2420894440344,
    133.24370369386838,
    133.24313720185347,
    133.2408641531744,
    133.24060450743687,
    129.8104939496851,
    129.80976149712686,
    129.8110540347125,
    129.80930877642842,
    129.80982904579255,
    129.60506302792786,
    129.6048953449159,
    129.60120660235813,
    129.60155224857343,
    129.6022664733006,
    129.6011641253996,
    116.45229328058304,
    116.46043673274562,
    116.45068582169871,
    116.45034356831657,
    116.44753211723837,
    116.44654299202907,
    112.9533302137001,
    112.95379554973863,
    112.94900927297299,
    112.94603439130971,
    112.94545004974151,
    112.944439294107,
    112.944670452941,
    106.17955968617855,
    106.17842167618507,
    106.1773688940727,
    106.17744687294672,
    106.17927620229588,
    106.17731290779531,
    106.17721178999,
    79.45354813768266,
    79.45232599610792,
    79.4520476975418,
    79.45414825196293,
    79.45184233608875,
    79.45186072149777,
    79.45118491797781,
    79.4507052845284,
    61.21749820416861,
    61.215440882385245,
    61.21559720633566,
    61.215329722802345,
    61.21525103127546,
    61.21530710314348,
    61.21487751100365,
    61.214774506874996
  ],
  "trigger_counts": {
    "grad_norm": 0,
    "loss_delta": 72,
    "max_steps": 0
  },
  "elapsed_seconds": 4596.611959055997,
  "device": "cuda:0",
  "git_sha": "5c2d8282104b3081f6b073074cdcfe12a6a6c78c"
}