{
  "dataset": "div2k_8q",
  "ordering": "bg",
  "seed": 100,
  "m": 8,
  "n": 8,
  "init": "random",
  "topk_ratio": 0.2,
  "k_train": 13107,
  "lr": 0.003,
  "batch": 50,
  "train_batch_idx": [
    1,
    19,
    36,
    56,
    61,
    62,
    68,
    69,
    89,
    111,
    131,
    134,
    153,
    160,
    190,
    195,
    202,
    212,
    223,
    238,
    242,
    243,
    257,
    269,
    270,
    274,
    275,
    277,
    287,
    299,
    322,
    325,
    337,
    345,
    349,
    366,
    372,
    376,
    377,
    399,
    424,
    430,
    431,
    436,
    447,
    463,
    481,
    483,
    490,
    494
  ],
  "max_steps": 2000,
  "grad_check_every": 5,
  "psnr": {
    "0.05": 25.234573441298913,
    "0.1": 27.811215486149052,
    "0.15": 29.840838608449552,
    "0.2": 31.65911978362106
  },
  "final_loss": 69.50804985722634,
  "total_steps": 9479,
  "per_stage_final_loss": [
    494.9843231965821,
    231.50363127529155,
    188.58670047480743,
    188.2179899346667,
    168.54220107965128,
    167.63800489467982,
    163.89869515794985,
    163.63440956726237,
    163.5181074042286,
    158.09505948058452,
    157.89541450623582,
    157.80394089343608,
    157.75720624773388,
    157.54386654604943,
    157.3040484379075,
    156.73429441806172,
    155.44547955888785,
    155.3007680884551,
    155.19533816742606,
    155.17774159472137,
    153.10838882755195,
    153.10981615817775,
    153.10520622338495,
    153.10337256567405,
    153.10703635701088,
    151.0886208761431,
    151.08585096800044,
    151.08197050419454,
    151.08056722131406,
    151.07887112052552,
    148.49899039210334,
    148.48910828333797,
    148.48915318247393,
    148.4880584490001,
    148.48668738718146,
    148.48648684229823,
    145.83632317063095,
    145.82209839930894,
    145.82340646988823,
    145.82117927263604,
    145.82258830072652,
    145.82149782114547,
    131.44238150741944,
    131.43477867287405,
    131.43461862749638,
    131.43401937361452,
    131.43381085943088,
    131.43207432936876,
    131.43192054852324,
    116.71495317422686,
    116.71119193695456,
    116.70912287897711,
    116.70875083574883,
    116.70740567527712,
    116.70870361202847,
    116.7062873472867,
    90.01449646176128,
    90.0135773076821,
    90.01318919186245,
    90.01780865661787,
    90.0118108670496,
    90.01170229405122,
    90.01109989901768,
    90.01108362168408,
    69.51959424896052,
    69.51917078487733,
    69.51053481955678,
    69.51014831273068,
    69.50999905879499,
    69.51761130000237,
    69.5082574665945,
    69.50804985722634
  ],
  "trigger_counts": {
    "grad_norm": 0,
    "loss_delta": 72,
    "max_steps": 0
  },
  "elapsed_seconds": 5451.053918665275,
  "device": "cuda:0",
  "git_sha": "894ee7c407f737c0a250a28d33487a7db7bd83d3"
}