{
  "dataset": "div2k_8q",
  "ordering": "bg",
  "seed": 32,
  "m": 8,
  "n": 8,
  "init": "random",
  "topk_ratio": 0.2,
  "k_train": 13107,
  "lr": 0.003,
  "batch": 50,
  "train_batch_idx": [
    4,
    19,
    36,
    72,
    74,
    98,
    114,
    129,
    138,
    147,
    149,
    150,
    163,
    171,
    192,
    196,
    198,
    216,
    228,
    256,
    257,
    259,
    261,
    265,
    284,
    286,
    292,
    299,
    300,
    305,
    312,
    315,
    327,
    348,
    363,
    366,
    388,
    389,
    396,
    406,
    408,
    434,
    436,
    446,
    448,
    449,
    454,
    478,
    490,
    498
  ],
  "max_steps": 2000,
  "grad_check_every": 5,
  "psnr": {
    "0.05": 25.162277766459447,
    "0.1": 27.859270002492227,
    "0.15": 29.958220120278817,
    "0.2": 31.834252112624437
  },
  "final_loss": 54.82657832664192,
  "total_steps": 9144,
  "per_stage_final_loss": [
    477.49225521265413,
    204.0417710458246,
    166.95217479163423,
    166.48277694532675,
    148.75360169591724,
    148.51474298914883,
    145.3269905150187,
    144.96364017955668,
    144.77236542538904,
    142.25052711623385,
    142.24504984961143,
    140.8521140060272,
    139.5669909744196,
    139.55182495796274,
    139.4038337711549,
    139.15374840190384,
    138.19740149819063,
    138.1976296401469,
    138.13935379744902,
    138.13735881032449,
    137.89620553890487,
    137.89342140863894,
    137.8922319926789,
    137.87581852082778,
    137.87462502667765,
    136.86892367276818,
    136.86924629957878,
    136.86807711727374,
    136.86443337806105,
    136.81928165571298,
    134.83484655978998,
    134.83029965786938,
    134.809487217382,
    134.80788555043978,
    134.80649416395772,
    134.80570043185548,
    131.86918074441164,
    131.86140573506265,
    131.85946564863454,
    131.86698224907144,
    131.86646820425952,
    131.85265406158035,
    123.64249769228533,
    123.63802730133531,
    123.63682125934042,
    123.63500895431007,
    123.63536733786587,
    123.63395446518291,
    123.63308619562385,
    110.25423713855233,
    110.25112165925331,
    110.2499556775773,
    110.25081542349989,
    110.25171410685958,
    110.24776335979855,
    110.24797101387958,
    81.31557388984533,
    81.3141744578555,
    81.31303932774792,
    81.31029794321425,
    81.310201751334,
    81.31009567278907,
    81.30981399383452,
    81.30971778063135,
    54.827971323129894,
    54.82842820901069,
    54.827449527891694,
    54.82720158885291,
    54.82952616050507,
    54.82674438363343,
    54.826741859344395,
    54.82657832664192
  ],
  "trigger_counts": {
    "grad_norm": 0,
    "loss_delta": 72,
    "max_steps": 0
  },
  "elapsed_seconds": 5007.912243136205,
  "device": "cuda:0",
  "git_sha": "5c2d8282104b3081f6b073074cdcfe12a6a6c78c"
}