{
  "dataset": "div2k_8q",
  "ordering": "bg",
  "seed": 3,
  "m": 8,
  "n": 8,
  "init": "random",
  "topk_ratio": 0.2,
  "k_train": 13107,
  "lr": 0.003,
  "batch": 50,
  "train_batch_idx": [
    0,
    15,
    18,
    21,
    37,
    38,
    43,
    53,
    69,
    74,
    81,
    82,
    107,
    123,
    137,
    143,
    148,
    153,
    155,
    156,
    184,
    199,
    200,
    204,
    212,
    222,
    244,
    266,
    280,
    287,
    315,
    316,
    317,
    322,
    339,
    343,
    354,
    363,
    365,
    379,
    397,
    419,
    425,
    445,
    455,
    460,
    467,
    478,
    480,
    490
  ],
  "max_steps": 2000,
  "grad_check_every": 5,
  "psnr": {
    "0.05": 25.279737572251758,
    "0.1": 27.974485034118292,
    "0.15": 30.084335338040592,
    "0.2": 31.96884179038425
  },
  "final_loss": 70.78447659677705,
  "total_steps": 7879,
  "per_stage_final_loss": [
    422.01806109534044,
    216.33299398216406,
    200.85627599303123,
    200.02260755846248,
    173.75370030611649,
    172.8601482341013,
    167.84854956729632,
    167.82281200733237,
    166.75920786525847,
    159.26708824097835,
    159.13115302571262,
    159.1286767318211,
    159.0313363224712,
    159.01295242171756,
    158.71747311870257,
    158.46454848829242,
    158.39452621925784,
    158.28602357154463,
    157.89593113963764,
    157.29148514632388,
    155.58950049414685,
    155.5876988944058,
    155.58488813328663,
    155.58314102507018,
    155.58031088174354,
    153.11007457108343,
    153.11079511274048,
    153.10820173975114,
    153.1052866090362,
    153.09650519421533,
    152.05858159873787,
    152.05851843894328,
    152.05779803853946,
    152.05751688149928,
    152.05978867321798,
    152.0567889917046,
    143.8304994426185,
    143.8245242396902,
    143.8224270841055,
    143.8217201222232,
    143.8209470912309,
    143.8209502267491,
    131.40355780269078,
    131.39601956321377,
    131.3967303700664,
    131.39504707473606,
    131.39422453765022,
    131.39371507253625,
    131.39355129999058,
    120.00390537427754,
    120.00146206786944,
    120.0014263127176,
    120.00055166792228,
    119.99964755949063,
    119.99942158007285,
    119.9989457277898,
    88.4263562067726,
    88.4260839061375,
    88.4252219664799,
    88.42484859073178,
    88.42437312670187,
    88.42424990949225,
    88.42398482235036,
    88.42455128479955,
    70.78543405855298,
    70.78522119703806,
    70.78492249345408,
    70.7848809546717,
    70.78470780451686,
    70.78449741002852,
    70.7842916643152,
    70.78447659677705
  ],
  "trigger_counts": {
    "grad_norm": 0,
    "loss_delta": 72,
    "max_steps": 0
  },
  "elapsed_seconds": 3443.607594483532,
  "device": "cuda:0",
  "git_sha": "cd99d395b8a93402f3495687164423138f07cb9b"
}