{
  "dataset": "div2k_8q",
  "ordering": "bg",
  "seed": 52,
  "m": 8,
  "n": 8,
  "init": "random",
  "topk_ratio": 0.2,
  "k_train": 13107,
  "lr": 0.003,
  "batch": 50,
  "train_batch_idx": [
    2,
    7,
    13,
    18,
    30,
    31,
    35,
    37,
    48,
    49,
    50,
    55,
    88,
    97,
    113,
    114,
    116,
    127,
    131,
    158,
    167,
    184,
    198,
    204,
    212,
    223,
    224,
    236,
    242,
    245,
    253,
    256,
    260,
    272,
    278,
    343,
    362,
    373,
    386,
    416,
    422,
    426,
    428,
    435,
    444,
    447,
    467,
    471,
    483,
    486
  ],
  "max_steps": 2000,
  "grad_check_every": 5,
  "psnr": {
    "0.05": 25.234194147081972,
    "0.1": 27.811013400766228,
    "0.15": 29.84064395411137,
    "0.2": 31.658828721019475
  },
  "final_loss": 58.94398759133725,
  "total_steps": 10405,
  "per_stage_final_loss": [
    244.1044338157206,
    176.95910843422487,
    162.2736903818116,
    160.6994742235061,
    149.98585298341382,
    149.94601277840408,
    144.25395460854426,
    143.50257952713906,
    143.503269948507,
    138.47170073399627,
    138.28659230430964,
    137.7148150292211,
    136.09692808145428,
    136.08480868003798,
    136.08236658824413,
    135.77342913698484,
    134.5330856117986,
    134.52579664178234,
    133.92355610398724,
    133.50616469698906,
    131.91420828618766,
    131.91255193489863,
    131.9093407688188,
    131.9060352168727,
    131.8957339196942,
    131.40028766397612,
    131.3895664800088,
    131.38461596110142,
    131.37990363072132,
    131.3705102684779,
    131.08719673705258,
    131.08260045190553,
    131.08101014968844,
    131.08449954379935,
    131.0796207808389,
    131.06924096507524,
    126.93909717666517,
    126.94411643805987,
    126.93570817734414,
    126.93574454432357,
    126.93534867752224,
    126.93619368140621,
    122.49302652867051,
    122.50183798728982,
    122.49252379694927,
    122.49316216025946,
    122.49060039303062,
    122.49639287956798,
    122.49235306480128,
    112.75003995416526,
    112.74886305343857,
    112.74617767379219,
    112.74814548755262,
    112.74587554741065,
    112.74469785612945,
    112.74480416626194,
    85.52969824489026,
    85.52887107529502,
    85.52858047328787,
    85.52864254450105,
    85.52911520288275,
    85.52822549877202,
    85.52786327538317,
    85.52777857955341,
    58.94503380124259,
    58.945028047120424,
    58.944932909297314,
    58.945931979165344,
    58.94460674805636,
    58.94438510360041,
    58.944228386291215,
    58.94398759133725
  ],
  "trigger_counts": {
    "grad_norm": 0,
    "loss_delta": 72,
    "max_steps": 0
  },
  "elapsed_seconds": 5926.12522508204,
  "device": "cuda:0",
  "git_sha": "8f584e16671086491acd5747515c5792c0fffec7"
}