{
  "dataset": "div2k_8q",
  "ordering": "bg",
  "seed": 20,
  "m": 8,
  "n": 8,
  "init": "random",
  "topk_ratio": 0.2,
  "k_train": 13107,
  "lr": 0.003,
  "batch": 50,
  "train_batch_idx": [
    2,
    15,
    25,
    33,
    35,
    43,
    45,
    55,
    66,
    101,
    108,
    110,
    113,
    118,
    126,
    128,
    132,
    143,
    158,
    161,
    188,
    191,
    209,
    210,
    220,
    230,
    239,
    259,
    264,
    273,
    296,
    302,
    305,
    308,
    316,
    324,
    333,
    351,
    374,
    389,
    393,
    402,
    407,
    424,
    432,
    434,
    446,
    448,
    459,
    464
  ],
  "max_steps": 2000,
  "grad_check_every": 5,
  "psnr": {
    "0.05": 25.235028901330907,
    "0.1": 27.811600823711206,
    "0.15": 29.84108622755179,
    "0.2": 31.65930323650327
  },
  "final_loss": 54.076251270555716,
  "total_steps": 9314,
  "per_stage_final_loss": [
    642.5349580365398,
    211.2957817365032,
    159.98895224368263,
    159.57378815149445,
    137.3865653584978,
    137.25625498658448,
    135.4269403998578,
    135.27671460257002,
    134.8291423077688,
    133.12716645129132,
    132.87415176756417,
    131.94621464252268,
    130.0413957149721,
    129.62398590567315,
    129.60414577431013,
    129.5505059061822,
    128.14865318488367,
    128.1473760468437,
    127.5288582735182,
    127.266208866346,
    125.53075590633256,
    125.52641154450636,
    125.52612510283426,
    125.51433043718785,
    125.51202536312547,
    124.94575526903624,
    124.94364666663165,
    124.94030313939439,
    124.93950517746772,
    124.93931613939722,
    117.65917656973215,
    117.65666834026801,
    117.66503137848753,
    117.65504107031327,
    117.65444623637406,
    117.65166581967537,
    116.39715586357794,
    116.39620492805425,
    116.39560522163924,
    116.39611939338901,
    116.39724876289685,
    116.3925039223627,
    108.6073000678997,
    108.6083976329435,
    108.60805746838116,
    108.61922640969765,
    108.60648032904342,
    108.60655935364969,
    108.60553309491716,
    97.5262507938827,
    97.52492515426616,
    97.52361873989062,
    97.52281384376842,
    97.52234225659846,
    97.52291122584215,
    97.52174697815886,
    69.86613062420982,
    69.86543860589406,
    69.86460836433378,
    69.86606140757773,
    69.86365123896206,
    69.86417089702394,
    69.86311225079369,
    69.86297947844761,
    54.07678044573834,
    54.076785080729906,
    54.079028110492494,
    54.07661163009143,
    54.076405586896456,
    54.076419253534404,
    54.07609821854891,
    54.076251270555716
  ],
  "trigger_counts": {
    "grad_norm": 0,
    "loss_delta": 72,
    "max_steps": 0
  },
  "elapsed_seconds": 4933.524080695584,
  "device": "cuda:0",
  "git_sha": "5c2d8282104b3081f6b073074cdcfe12a6a6c78c"
}