{
  "dataset": "div2k_8q",
  "ordering": "bg",
  "seed": 74,
  "m": 8,
  "n": 8,
  "init": "random",
  "topk_ratio": 0.2,
  "k_train": 13107,
  "lr": 0.003,
  "batch": 50,
  "train_batch_idx": [
    1,
    9,
    19,
    35,
    45,
    49,
    73,
    79,
    89,
    99,
    126,
    158,
    163,
    169,
    175,
    194,
    208,
    215,
    221,
    223,
    235,
    236,
    242,
    247,
    258,
    259,
    260,
    268,
    293,
    306,
    308,
    335,
    348,
    351,
    365,
    378,
    393,
    397,
    403,
    404,
    414,
    422,
    438,
    448,
    451,
    453,
    455,
    466,
    471,
    497
  ],
  "max_steps": 2000,
  "grad_check_every": 5,
  "psnr": {
    "0.05": 25.27939212616535,
    "0.1": 27.97415292643273,
    "0.15": 30.08367869566561,
    "0.2": 31.968236185856053
  },
  "final_loss": 65.10775574880954,
  "total_steps": 8073,
  "per_stage_final_loss": [
    629.7299513801471,
    234.36435882225553,
    181.859254948017,
    180.52616935431593,
    155.98776641454737,
    155.53329048965637,
    151.04732173415678,
    150.9432107672045,
    150.01153518908484,
    147.0796611044453,
    147.07864321652735,
    147.06735059623898,
    147.02980789091097,
    146.67896221532922,
    146.67810183312676,
    145.875182912753,
    145.14978046381916,
    145.04600283998118,
    145.00685954253862,
    144.07694941041754,
    143.79969446729874,
    143.7988337313012,
    143.79641455266142,
    143.79444030005436,
    143.79239034689988,
    141.71112701632575,
    141.71152625021637,
    141.70700031318546,
    141.70577273923456,
    141.6862541551857,
    138.0366973890437,
    138.04044255871145,
    138.03523634183844,
    138.03454337816345,
    138.03538878947091,
    138.03275296176233,
    134.07721621951802,
    134.0780279188318,
    134.0754785802862,
    134.07359154012065,
    134.07311068884488,
    134.0731811966272,
    121.02428758525086,
    121.01768402405851,
    121.01788930558773,
    121.01663817639518,
    121.01693699279076,
    121.01651123456186,
    121.0177285746863,
    101.47266737210538,
    101.47218019866159,
    101.46817569155472,
    101.46767825049389,
    101.46873896996345,
    101.46649422633578,
    101.46547675876559,
    85.30538099051992,
    85.30531480941927,
    85.30662545832442,
    85.30552060466222,
    85.30501073516521,
    85.3048444098066,
    85.30490188946736,
    85.30512832229502,
    65.1127738543512,
    65.10968116501623,
    65.10926085286137,
    65.11118164603931,
    65.10912361303335,
    65.10842423304294,
    65.10795741352955,
    65.10775574880954
  ],
  "trigger_counts": {
    "grad_norm": 0,
    "loss_delta": 72,
    "max_steps": 0
  },
  "elapsed_seconds": 4618.32521278318,
  "device": "cuda:0",
  "git_sha": "894ee7c407f737c0a250a28d33487a7db7bd83d3"
}