{
  "dataset": "div2k_8q",
  "ordering": "bg",
  "seed": 87,
  "m": 8,
  "n": 8,
  "init": "random",
  "topk_ratio": 0.2,
  "k_train": 13107,
  "lr": 0.003,
  "batch": 50,
  "train_batch_idx": [
    1,
    8,
    19,
    21,
    22,
    23,
    40,
    44,
    78,
    87,
    98,
    100,
    119,
    121,
    141,
    158,
    182,
    194,
    196,
    202,
    220,
    227,
    233,
    247,
    250,
    253,
    257,
    261,
    268,
    272,
    277,
    281,
    291,
    304,
    312,
    326,
    329,
    334,
    340,
    342,
    355,
    363,
    377,
    385,
    388,
    404,
    424,
    433,
    436,
    450
  ],
  "max_steps": 2000,
  "grad_check_every": 5,
  "psnr": {
    "0.05": 25.280463052119067,
    "0.1": 27.975606042072656,
    "0.15": 30.085300366185148,
    "0.2": 31.970399486367693
  },
  "final_loss": 55.860343718698736,
  "total_steps": 8910,
  "per_stage_final_loss": [
    492.5469891925093,
    209.70804181978957,
    169.54903623159095,
    168.26886933687192,
    145.66841077589862,
    145.4044175673146,
    141.19909305652075,
    141.19719532759126,
    141.15603468266548,
    136.9058603099402,
    136.60633288582457,
    135.95642423537606,
    135.41684069721714,
    134.5268206408951,
    134.52568577993688,
    134.5028736234861,
    132.93020811288892,
    132.8829826701667,
    132.80244354629897,
    132.79274777458508,
    132.55499733915073,
    132.5555870775841,
    132.55491273226707,
    132.55125711568286,
    132.54813031836068,
    131.70220588584525,
    131.69494812063732,
    131.68316021754055,
    131.6816063382186,
    131.67697994658045,
    127.35584281514461,
    127.35259275997716,
    127.35078438490797,
    127.35112371421647,
    127.35682162218768,
    127.34477806690089,
    121.80308702902792,
    121.80158377607422,
    121.80304913767446,
    121.80293911138303,
    121.79888235106208,
    121.79168004335699,
    119.70351010006715,
    119.68953146559376,
    119.68884004975298,
    119.6868819101352,
    119.68826289464039,
    119.68813562886129,
    119.68790059995533,
    105.2717489758044,
    105.26822002311114,
    105.26735812216145,
    105.26755984792919,
    105.26971340831834,
    105.27085181486223,
    105.26385240712185,
    78.41287684181705,
    78.41171716323909,
    78.40880548886817,
    78.40811873250834,
    78.40756579781394,
    78.40730930255907,
    78.40711669700138,
    78.407072017622,
    55.864659575153695,
    55.86388347915363,
    55.86169585681779,
    55.86153138634336,
    55.86091718836301,
    55.86092030274625,
    55.86042244416603,
    55.860343718698736
  ],
  "trigger_counts": {
    "grad_norm": 0,
    "loss_delta": 72,
    "max_steps": 0
  },
  "elapsed_seconds": 5085.38484119717,
  "device": "cuda:0",
  "git_sha": "894ee7c407f737c0a250a28d33487a7db7bd83d3"
}