{
  "dataset": "div2k_8q",
  "ordering": "bg",
  "seed": 39,
  "m": 8,
  "n": 8,
  "init": "random",
  "topk_ratio": 0.2,
  "k_train": 13107,
  "lr": 0.003,
  "batch": 50,
  "train_batch_idx": [
    57,
    61,
    70,
    80,
    90,
    100,
    104,
    106,
    107,
    110,
    126,
    133,
    137,
    139,
    140,
    167,
    169,
    184,
    187,
    192,
    201,
    206,
    226,
    231,
    232,
    244,
    266,
    273,
    301,
    303,
    304,
    312,
    313,
    318,
    349,
    360,
    365,
    366,
    368,
    387,
    388,
    392,
    417,
    419,
    440,
    449,
    463,
    467,
    474,
    485
  ],
  "max_steps": 2000,
  "grad_check_every": 5,
  "psnr": {
    "0.05": 25.2801854963972,
    "0.1": 27.975154142221,
    "0.15": 30.08487421025237,
    "0.2": 31.970058293612446
  },
  "final_loss": 66.31849784469499,
  "total_steps": 8583,
  "per_stage_final_loss": [
    463.9967703845934,
    226.9106799199916,
    209.96683664010467,
    209.38679858099997,
    180.20315042299328,
    180.153286202845,
    173.1057260650082,
    172.67784160356547,
    172.24161225692967,
    166.56958862158456,
    166.3154156083873,
    166.09735545272926,
    164.4742676757073,
    164.40437807447788,
    164.0015215541146,
    163.91087018846977,
    161.38945939902717,
    161.377930634377,
    161.36324496463908,
    160.81661912776536,
    160.70981402769957,
    160.710333018372,
    160.70802915050044,
    160.67889124560574,
    160.43550562643094,
    160.31506185334717,
    160.10802177385946,
    160.10108543603405,
    160.09874547900117,
    159.67666230974777,
    157.25528794391016,
    157.23565338623433,
    157.23566867326267,
    157.23402021386147,
    157.2323804370139,
    157.23219164454306,
    154.43464143206631,
    154.4337771714843,
    154.42811229558671,
    154.42836700182102,
    154.42030125737705,
    154.4075252149006,
    144.25892515445162,
    144.22532958929074,
    144.2227092235546,
    144.22232750168263,
    144.22216814698479,
    144.22551731535282,
    144.22126540638573,
    128.14450211718218,
    128.13786532354638,
    128.1306805047606,
    128.12920248670824,
    128.12847792177485,
    128.1297536140966,
    128.12767413004434,
    94.80688164116604,
    94.80470886684088,
    94.8030577720338,
    94.80281877757427,
    94.80335277171551,
    94.80246803619441,
    94.80243568695153,
    94.80226291598912,
    66.32152876255229,
    66.3208719419732,
    66.32063201314135,
    66.32017896898624,
    66.3192645490407,
    66.3194723607335,
    66.3186390703682,
    66.31849784469499
  ],
  "trigger_counts": {
    "grad_norm": 0,
    "loss_delta": 72,
    "max_steps": 0
  },
  "elapsed_seconds": 4800.791869458742,
  "device": "cuda:0",
  "git_sha": "8f584e16671086491acd5747515c5792c0fffec7"
}