{
  "dataset": "div2k_8q",
  "ordering": "bg",
  "seed": 51,
  "m": 8,
  "n": 8,
  "init": "random",
  "topk_ratio": 0.2,
  "k_train": 13107,
  "lr": 0.003,
  "batch": 50,
  "train_batch_idx": [
    6,
    9,
    16,
    27,
    47,
    73,
    86,
    92,
    100,
    101,
    102,
    114,
    116,
    139,
    144,
    152,
    156,
    173,
    179,
    180,
    189,
    193,
    197,
    199,
    212,
    215,
    220,
    222,
    231,
    254,
    284,
    298,
    329,
    341,
    358,
    361,
    373,
    374,
    377,
    379,
    390,
    406,
    423,
    425,
    429,
    436,
    460,
    467,
    477,
    491
  ],
  "max_steps": 2000,
  "grad_check_every": 5,
  "psnr": {
    "0.05": 25.234825132323337,
    "0.1": 27.8116128251081,
    "0.15": 29.841683822447617,
    "0.2": 31.659948718438272
  },
  "final_loss": 59.22334435384008,
  "total_steps": 8755,
  "per_stage_final_loss": [
    466.86704262051046,
    195.81709799923584,
    150.74636079924335,
    150.69849592361936,
    135.88902072825533,
    135.36596148011822,
    129.70203294158807,
    129.6512321052777,
    128.5829326473058,
    125.06810004589057,
    124.98333008589216,
    123.66266744485165,
    123.62760957611778,
    123.38715940338928,
    123.32146877815441,
    122.67416414239693,
    121.80651307139462,
    121.80300826554002,
    121.79608733110689,
    121.11181974852451,
    120.46473399446462,
    120.46297866173362,
    120.46254007861445,
    120.46107130702431,
    120.45821438839558,
    117.23587297289473,
    117.23166691178332,
    117.23014646493796,
    117.23004346482918,
    117.22726846938282,
    115.44196188015343,
    115.43740649792625,
    115.43740750490001,
    115.43681194311567,
    115.43414135838236,
    115.43440015896347,
    107.16851309331527,
    107.1610204287323,
    107.16078967893893,
    107.16029891954517,
    107.15968164794185,
    107.15946433381794,
    100.44848680791334,
    100.45575198976393,
    100.44823623002289,
    100.45182303466773,
    100.44813879003941,
    100.45136684196977,
    100.44655571764403,
    94.31762801220266,
    94.3169124825787,
    94.31592696988801,
    94.31587248045984,
    94.31392661170472,
    94.31397581170619,
    94.31230358998559,
    79.47425896574754,
    79.472887400843,
    79.47204855955412,
    79.47203197951448,
    79.4723261036365,
    79.47180759517785,
    79.47195661229573,
    79.47164822632324,
    59.22431524556818,
    59.22425247051817,
    59.22410764013561,
    59.22401847717953,
    59.224102448778,
    59.22407340911366,
    59.22366709261912,
    59.22334435384008
  ],
  "trigger_counts": {
    "grad_norm": 0,
    "loss_delta": 72,
    "max_steps": 0
  },
  "elapsed_seconds": 4955.21338351164,
  "device": "cuda:0",
  "git_sha": "8f584e16671086491acd5747515c5792c0fffec7"
}