{
  "rich_progressive_k6": {
    "metrics": {
      "0.05": {
        "mean_mse": 0.0019126724706505724,
        "std_mse": 0.0011951283619216684,
        "mean_psnr": 28.548474189481777,
        "std_psnr": 4.245264508567529,
        "mean_ssim": 0.8872279044547078,
        "std_ssim": 0.0491446898016684,
        "nan_count": 0
      },
      "0.1": {
        "mean_mse": 0.0007677445579721018,
        "std_mse": 0.0005774003457655553,
        "mean_psnr": 33.26520573843867,
        "std_psnr": 5.567091553325954,
        "mean_ssim": 0.9240789250510383,
        "std_ssim": 0.04093583507075356,
        "nan_count": 0
      },
      "0.15": {
        "mean_mse": 0.0003507612122453897,
        "std_mse": 0.0003037635072161009,
        "mean_psnr": 37.43726373423144,
        "std_psnr": 6.696072949991344,
        "mean_ssim": 0.948705346732433,
        "std_ssim": 0.03384871451766269,
        "nan_count": 0
      },
      "0.2": {
        "mean_mse": 0.00016826828939189387,
        "std_mse": 0.00016544910977051372,
        "mean_psnr": 41.53487372780422,
        "std_psnr": 7.838465717460925,
        "mean_ssim": 0.9665942903744935,
        "std_ssim": 0.026881302255059546,
        "nan_count": 0
      }
    },
    "time": 865.2646073745564,
    "_pdft_py": {
      "family": "rich",
      "stage_k": 6,
      "n_trainable": 42,
      "block_size": 64,
      "steps": 1008,
      "epochs_completed": 112,
      "device": "cuda:0",
      "n_test": 50
    }
  }
}