{
  "rich_progressive_k2": {
    "metrics": {
      "0.05": {
        "mean_mse": 0.01759301319809141,
        "std_mse": 0.010298008483464197,
        "mean_psnr": 18.35239684366653,
        "std_psnr": 2.789335173695662,
        "mean_ssim": 0.8269265128102193,
        "std_ssim": 0.06846779839075047,
        "nan_count": 0
      },
      "0.1": {
        "mean_mse": 0.005677201890155619,
        "std_mse": 0.004325243003354185,
        "mean_psnr": 23.809592155003724,
        "std_psnr": 3.6442843007979593,
        "mean_ssim": 0.9274973602312997,
        "std_ssim": 0.027358518893472652,
        "nan_count": 0
      },
      "0.15": {
        "mean_mse": 0.0021084328148601,
        "std_mse": 0.0019205180141379252,
        "mean_psnr": 28.80452705426871,
        "std_psnr": 4.636313697012761,
        "mean_ssim": 0.9642465316327482,
        "std_ssim": 0.016463588532749013,
        "nan_count": 0
      },
      "0.2": {
        "mean_mse": 0.0008157801792592057,
        "std_mse": 0.000897653724866764,
        "mean_psnr": 34.16211890487928,
        "std_psnr": 6.228555710557997,
        "mean_ssim": 0.9810718698343317,
        "std_ssim": 0.012068528824322609,
        "nan_count": 0
      }
    },
    "time": 10.958031418733299,
    "_pdft_py": {
      "family": "rich",
      "stage_k": 2,
      "n_trainable": 6,
      "block_size": 4,
      "steps": 1008,
      "epochs_completed": 112,
      "device": "cuda:0",
      "n_test": 50
    }
  }
}