{
  "rich_8": {
    "metrics": {
      "0.05": {
        "mean_mse": 0.0033313587223365564,
        "std_mse": 0.002183639622751677,
        "mean_psnr": 25.965012804399088,
        "std_psnr": 3.5845997989879956,
        "mean_ssim": 0.7389580472932198,
        "std_ssim": 0.0804572925810606,
        "nan_count": 0
      },
      "0.1": {
        "mean_mse": 0.0016759183921512882,
        "std_mse": 0.0011830263570716839,
        "mean_psnr": 29.1613046687901,
        "std_psnr": 4.024365771398444,
        "mean_ssim": 0.8506431023115233,
        "std_ssim": 0.05650482255875687,
        "nan_count": 0
      },
      "0.15": {
        "mean_mse": 0.0010036813859000127,
        "std_mse": 0.0007493526888290574,
        "mean_psnr": 31.552695848686334,
        "std_psnr": 4.337655253735138,
        "mean_ssim": 0.9020524155006219,
        "std_ssim": 0.04161212002289261,
        "nan_count": 0
      },
      "0.2": {
        "mean_mse": 0.0006410888025111682,
        "std_mse": 0.0005026776592729422,
        "mean_psnr": 33.64885568974797,
        "std_psnr": 4.589214852121094,
        "mean_ssim": 0.9322335296816492,
        "std_ssim": 0.03131888791224024,
        "nan_count": 0
      }
    },
    "time": 84.4715546220541,
    "_pdft_py": {
      "warmup_s": 3.061749815940857,
      "device": "cuda:0",
      "epochs_completed": 60,
      "steps": 540,
      "n_test": 50,
      "eval_failed_count": {
        "0.05": 0,
        "0.1": 0,
        "0.15": 0,
        "0.2": 0
      }
    }
  }
}