{
  "rich_8": {
    "metrics": {
      "0.05": {
        "mean_mse": 0.003324967020376915,
        "std_mse": 0.0021776748027898993,
        "mean_psnr": 25.97362940917191,
        "std_psnr": 3.5850638062815823,
        "mean_ssim": 0.7394605460726398,
        "std_ssim": 0.08028321545876821,
        "nan_count": 0
      },
      "0.1": {
        "mean_mse": 0.001668238585534279,
        "std_mse": 0.001178289669628433,
        "mean_psnr": 29.18594152076212,
        "std_psnr": 4.032522222491706,
        "mean_ssim": 0.8512389355762199,
        "std_ssim": 0.05663552663379081,
        "nan_count": 0
      },
      "0.15": {
        "mean_mse": 0.0009953508572088854,
        "std_mse": 0.0007434183442017076,
        "mean_psnr": 31.59279510076462,
        "std_psnr": 4.343758207650545,
        "mean_ssim": 0.9027266761281859,
        "std_ssim": 0.041693990946214184,
        "nan_count": 0
      },
      "0.2": {
        "mean_mse": 0.0006328706372397421,
        "std_mse": 0.0004962191655958967,
        "mean_psnr": 33.70968837484052,
        "std_psnr": 4.598156817849594,
        "mean_ssim": 0.9331378054831933,
        "std_ssim": 0.03114189699722005,
        "nan_count": 0
      }
    },
    "time": 306.10103073343635,
    "_pdft_py": {
      "warmup_s": 1.4004392139613628,
      "device": "cuda:0",
      "epochs_completed": 223,
      "steps": 2007,
      "n_test": 50,
      "eval_failed_count": {
        "0.05": 0,
        "0.1": 0,
        "0.15": 0,
        "0.2": 0
      }
    }
  }
}