{
  "entangled_qft": {
    "metrics": {
      "0.05": {
        "mean_mse": 0.0038781796827192893,
        "std_mse": 0.0024299625125222433,
        "mean_psnr": 25.183999762073437,
        "std_psnr": 3.347360639607999,
        "mean_ssim": 0.713621466309296,
        "std_ssim": 0.07910569955254765,
        "nan_count": 0
      },
      "0.1": {
        "mean_mse": 0.002078610218328205,
        "std_mse": 0.0013926619892901508,
        "mean_psnr": 28.08483393899513,
        "std_psnr": 3.744629110104426,
        "mean_ssim": 0.8254462547437789,
        "std_ssim": 0.05827511887515107,
        "nan_count": 0
      },
      "0.15": {
        "mean_mse": 0.0012947205282300644,
        "std_mse": 0.0009117071833936008,
        "mean_psnr": 30.295010679069925,
        "std_psnr": 4.053246197099974,
        "mean_ssim": 0.8808306441897011,
        "std_ssim": 0.04475857060424508,
        "nan_count": 0
      },
      "0.2": {
        "mean_mse": 0.000852156873884657,
        "std_mse": 0.0006275473584718185,
        "mean_psnr": 32.257529356596564,
        "std_psnr": 4.324759877477594,
        "mean_ssim": 0.9149420457910681,
        "std_ssim": 0.03483878133210189,
        "nan_count": 0
      }
    },
    "time": 575.4446176849306,
    "_pdft_py": {
      "basis": "entangled_qft",
      "lam": 10.0,
      "init_mode": "identity",
      "regulariser": "L1InitAnchorMSELoss",
      "steps": 1008,
      "epochs_completed": 112,
      "device": "cuda:0",
      "n_test": 50
    }
  }
}