{
  "blocked_8": {
    "metrics": {
      "0.05": {
        "mean_mse": 0.004328126304793494,
        "std_mse": 0.0026965308580722963,
        "mean_psnr": 24.687966441077265,
        "std_psnr": 3.3074143020598887,
        "mean_ssim": 0.6900577535351355,
        "std_ssim": 0.08523627060770433,
        "nan_count": 0
      },
      "0.1": {
        "mean_mse": 0.0025407813103149857,
        "std_mse": 0.0016811312703385547,
        "mean_psnr": 27.166483150780042,
        "std_psnr": 3.652538391969214,
        "mean_ssim": 0.7951531176142992,
        "std_ssim": 0.06724783489552899,
        "nan_count": 0
      },
      "0.15": {
        "mean_mse": 0.0017091170729609739,
        "std_mse": 0.0011832040024821581,
        "mean_psnr": 29.025403002493753,
        "std_psnr": 3.93143672628555,
        "mean_ssim": 0.8499397631961704,
        "std_ssim": 0.05528754032695528,
        "nan_count": 0
      },
      "0.2": {
        "mean_mse": 0.001205724245158411,
        "std_mse": 0.0008703553149281125,
        "mean_psnr": 30.67445789266661,
        "std_psnr": 4.192057979356381,
        "mean_ssim": 0.8858584825907875,
        "std_ssim": 0.04590517643238306,
        "nan_count": 0
      }
    },
    "time": 197.70630923192948,
    "_pdft_py": {
      "basis": "blocked_8",
      "lam": 10.0,
      "regulariser": "L1InitAnchorMSELoss",
      "steps": 1008,
      "epochs_completed": 112,
      "device": "cuda:0",
      "n_test": 50
    }
  }
}