{
  "qft_progressive_k8": {
    "metrics": {
      "0.05": {
        "mean_mse": 0.001214441214973547,
        "std_mse": 0.0009294050114457225,
        "mean_psnr": 31.493103911339432,
        "std_psnr": 6.234732154552457,
        "mean_ssim": 0.9577646743246008,
        "std_ssim": 0.025889179094979904,
        "nan_count": 0
      },
      "0.1": {
        "mean_mse": 0.00033973168119538316,
        "std_mse": 0.0003317971619710592,
        "mean_psnr": 39.853953933975646,
        "std_psnr": 11.861951075539872,
        "mean_ssim": 0.9802306012896786,
        "std_ssim": 0.016759816037113153,
        "nan_count": 0
      },
      "0.15": {
        "mean_mse": 0.00010316610452878426,
        "std_mse": 0.00012294736468700075,
        "mean_psnr": 49.42581794335862,
        "std_psnr": 17.676873064639995,
        "mean_ssim": 0.9914845881346009,
        "std_ssim": 0.009726883746155757,
        "nan_count": 0
      },
      "0.2": {
        "mean_mse": 2.984689098832617e-05,
        "std_mse": 4.342350132089508e-05,
        "mean_psnr": 62.60828883880208,
        "std_psnr": 23.682302629146644,
        "mean_ssim": 0.9969880698468375,
        "std_ssim": 0.00428524646611401,
        "nan_count": 0
      }
    },
    "time": 544.2615552600473,
    "_pdft_py": {
      "family": "qft",
      "stage_k": 8,
      "n_trainable": 72,
      "block_size": 256,
      "steps": 1008,
      "epochs_completed": 112,
      "device": "cuda:0",
      "n_test": 50
    }
  }
}