{
  "entangled_qft_progressive_k3": {
    "metrics": {
      "0.05": {
        "mean_mse": 0.0009109470200536974,
        "std_mse": 0.0007858117641764238,
        "mean_psnr": 33.54988479805457,
        "std_psnr": 7.827834943988806,
        "mean_ssim": 0.9775101006828204,
        "std_ssim": 0.015783296511882778,
        "nan_count": 0
      },
      "0.1": {
        "mean_mse": 0.000126197433893938,
        "std_mse": 0.00016661951437351268,
        "mean_psnr": 48.338437829082835,
        "std_psnr": 15.082676607597255,
        "mean_ssim": 0.9949950335245586,
        "std_ssim": 0.005718520999914979,
        "nan_count": 0
      },
      "0.15": {
        "mean_mse": 1.596110760972615e-05,
        "std_mse": 2.9469716302667024e-05,
        "mean_psnr": 65.97545956294125,
        "std_psnr": 20.39134782058591,
        "mean_ssim": 0.9991439295487164,
        "std_ssim": 0.0014101032985885044,
        "nan_count": 0
      },
      "0.2": {
        "mean_mse": 8.321002051948902e-07,
        "std_mse": 2.334076308576637e-06,
        "mean_psnr": 87.79164848286179,
        "std_psnr": 30.849278236872046,
        "mean_ssim": 0.9999286783256531,
        "std_ssim": 0.00015274171570554224,
        "nan_count": 0
      }
    },
    "time": 196.26867383345962,
    "_pdft_py": {
      "family": "entangled_qft",
      "stage_k": 3,
      "n_trainable": 15,
      "block_size": 8,
      "steps": 1008,
      "epochs_completed": 112,
      "device": "cuda:0",
      "n_test": 50
    }
  }
}