{
  "entangled_qft": {
    "metrics": {
      "0.05": {
        "mean_mse": 0.003955067287299085,
        "std_mse": 0.0024023779467658483,
        "mean_psnr": 25.067715210630993,
        "std_psnr": 3.3396157724524356,
        "mean_ssim": 0.7191013654854337,
        "std_ssim": 0.07737506926197255,
        "nan_count": 0
      },
      "0.1": {
        "mean_mse": 0.002322224234170526,
        "std_mse": 0.0014941585153747002,
        "mean_psnr": 27.533844075369903,
        "std_psnr": 3.6752463603193717,
        "mean_ssim": 0.8140360429989968,
        "std_ssim": 0.05913308676498306,
        "nan_count": 0
      },
      "0.15": {
        "mean_mse": 0.0015264070022861984,
        "std_mse": 0.001028745102567079,
        "mean_psnr": 29.482265299926297,
        "std_psnr": 3.9398487917658116,
        "mean_ssim": 0.8658904667409361,
        "std_ssim": 0.04728242543345677,
        "nan_count": 0
      },
      "0.2": {
        "mean_mse": 0.001048244330250015,
        "std_mse": 0.0007370955205189178,
        "mean_psnr": 31.230635863243577,
        "std_psnr": 4.1643439143622905,
        "mean_ssim": 0.8999712404577066,
        "std_ssim": 0.038553804601370284,
        "nan_count": 0
      }
    },
    "time": 294.6853165058419,
    "_pdft_py": {
      "warmup_s": 3.893404360860586,
      "device": "cuda:0",
      "epochs_completed": 60,
      "steps": 540,
      "n_test": 50,
      "eval_failed_count": {
        "0.05": 0,
        "0.1": 0,
        "0.15": 0,
        "0.2": 0
      }
    }
  }
}