{
  "entangled_qft": {
    "metrics": {
      "0.05": {
        "mean_mse": 0.003935744040763903,
        "std_mse": 0.0023925863988886534,
        "mean_psnr": 25.093380491433063,
        "std_psnr": 3.350186539022949,
        "mean_ssim": 0.7224493400420033,
        "std_ssim": 0.078131129575988,
        "nan_count": 0
      },
      "0.1": {
        "mean_mse": 0.0023073207469704845,
        "std_mse": 0.0014882397807257398,
        "mean_psnr": 27.57201528710885,
        "std_psnr": 3.699403519643688,
        "mean_ssim": 0.8172547343899336,
        "std_ssim": 0.059325768857521805,
        "nan_count": 0
      },
      "0.15": {
        "mean_mse": 0.0015142916391151532,
        "std_mse": 0.001024262066771051,
        "mean_psnr": 29.532372698543327,
        "std_psnr": 3.9762019160768918,
        "mean_ssim": 0.8688291678124448,
        "std_ssim": 0.0473248795139012,
        "nan_count": 0
      },
      "0.2": {
        "mean_mse": 0.0010378386273493837,
        "std_mse": 0.0007331775949803032,
        "mean_psnr": 31.293529073370006,
        "std_psnr": 4.209027216415101,
        "mean_ssim": 0.9025860364619814,
        "std_ssim": 0.03838979402476498,
        "nan_count": 0
      }
    },
    "time": 549.1291415765882,
    "_pdft_py": {
      "warmup_s": 2.7528814831748605,
      "device": "cuda:0",
      "epochs_completed": 112,
      "steps": 1008,
      "n_test": 50,
      "eval_failed_count": {
        "0.05": 0,
        "0.1": 0,
        "0.15": 0,
        "0.2": 0
      }
    }
  }
}