{
  "entangled_qft": {
    "metrics": {
      "0.05": {
        "mean_mse": 0.00393572137404555,
        "std_mse": 0.0023925879234106056,
        "mean_psnr": 25.09338429615276,
        "std_psnr": 3.350111093547561,
        "mean_ssim": 0.722415852421494,
        "std_ssim": 0.07812198185358438,
        "nan_count": 0
      },
      "0.1": {
        "mean_mse": 0.0023073256977717755,
        "std_mse": 0.0014882296925141608,
        "mean_psnr": 27.57194213153935,
        "std_psnr": 3.6992624213164214,
        "mean_ssim": 0.8172507084885338,
        "std_ssim": 0.05931645652365229,
        "nan_count": 0
      },
      "0.15": {
        "mean_mse": 0.0015142983854211651,
        "std_mse": 0.001024247059285263,
        "mean_psnr": 29.532228662185144,
        "std_psnr": 3.9759804105810104,
        "mean_ssim": 0.8688141929968414,
        "std_ssim": 0.047338607280263484,
        "nan_count": 0
      },
      "0.2": {
        "mean_mse": 0.0010378373587284905,
        "std_mse": 0.0007331697636000294,
        "mean_psnr": 31.29333253601476,
        "std_psnr": 4.208605385058888,
        "mean_ssim": 0.9025778344005073,
        "std_ssim": 0.03837679374025566,
        "nan_count": 0
      }
    },
    "time": 1096.6953576616943,
    "_pdft_py": {
      "warmup_s": 4.309037556871772,
      "device": "cuda:0",
      "epochs_completed": 223,
      "steps": 2007,
      "n_test": 50,
      "eval_failed_count": {
        "0.05": 0,
        "0.1": 0,
        "0.15": 0,
        "0.2": 0
      }
    }
  }
}