{
  "entangled_qft": {
    "metrics": {
      "0.05": {
        "mean_mse": 0.003935738085772844,
        "std_mse": 0.002392592818241272,
        "mean_psnr": 25.093401136226092,
        "std_psnr": 3.350211249802307,
        "mean_ssim": 0.7224525831886282,
        "std_ssim": 0.07813558800810022,
        "nan_count": 0
      },
      "0.1": {
        "mean_mse": 0.0023073104643239247,
        "std_mse": 0.0014882340175320172,
        "mean_psnr": 27.57203558307944,
        "std_psnr": 3.699405823974657,
        "mean_ssim": 0.8172468685444357,
        "std_ssim": 0.059323171261244895,
        "nan_count": 0
      },
      "0.15": {
        "mean_mse": 0.001514294773824962,
        "std_mse": 0.0010242685157884031,
        "mean_psnr": 29.532377679497166,
        "std_psnr": 3.9762253250355477,
        "mean_ssim": 0.8688289306637763,
        "std_ssim": 0.047322468945780675,
        "nan_count": 0
      },
      "0.2": {
        "mean_mse": 0.0010378419908192895,
        "std_mse": 0.0007331863707627722,
        "mean_psnr": 31.293531035677887,
        "std_psnr": 4.209040722773832,
        "mean_ssim": 0.9025905771241785,
        "std_ssim": 0.038393214020038695,
        "nan_count": 0
      }
    },
    "time": 574.6335520846769,
    "_pdft_py": {
      "warmup_s": 9.00150727853179,
      "device": "cuda:0",
      "epochs_completed": 112,
      "steps": 1008,
      "n_test": 50,
      "eval_failed_count": {
        "0.05": 0,
        "0.1": 0,
        "0.15": 0,
        "0.2": 0
      }
    }
  }
}