{
  "entangled_qft_progressive_k2": {
    "metrics": {
      "0.05": {
        "mean_mse": 0.17294664192469622,
        "std_mse": 0.008822368853512648,
        "mean_psnr": 7.6265405792476075,
        "std_psnr": 0.22189719227705015,
        "mean_ssim": 0.640813818074602,
        "std_ssim": 0.03959048766015037,
        "nan_count": 0
      },
      "0.1": {
        "mean_mse": 0.0002756497682370333,
        "std_mse": 0.0003304741092475906,
        "mean_psnr": 41.88407150988617,
        "std_psnr": 11.52602456213249,
        "mean_ssim": 0.9939919808704566,
        "std_ssim": 0.005927202011029824,
        "nan_count": 0
      },
      "0.15": {
        "mean_mse": 8.078914714041703e-06,
        "std_mse": 1.9484218273103007e-05,
        "mean_psnr": 66.12163004039716,
        "std_psnr": 16.108154710375626,
        "mean_ssim": 0.9996566664345646,
        "std_ssim": 0.000546966622629853,
        "nan_count": 0
      },
      "0.2": {
        "mean_mse": 9.411444433547754e-08,
        "std_mse": 2.3077051422378373e-07,
        "mean_psnr": 82.7190035610886,
        "std_psnr": 11.383681676231694,
        "mean_ssim": 1.0000002659016993,
        "std_ssim": 3.212176182919212e-05,
        "nan_count": 0
      }
    },
    "time": 132.3824159130454,
    "_pdft_py": {
      "family": "entangled_qft",
      "stage_k": 2,
      "n_trainable": 8,
      "block_size": 4,
      "steps": 1008,
      "epochs_completed": 112,
      "device": "cuda:0",
      "n_test": 50
    }
  }
}