{
  "rich_progressive_k3": {
    "metrics": {
      "0.05": {
        "mean_mse": 0.0015527064329535082,
        "std_mse": 0.0012135435650111525,
        "mean_psnr": 30.611556474093454,
        "std_psnr": 6.73638581028828,
        "mean_ssim": 0.9603482814445253,
        "std_ssim": 0.023641123325430047,
        "nan_count": 0
      },
      "0.1": {
        "mean_mse": 7.497905048058833e-05,
        "std_mse": 0.00011835978851619118,
        "mean_psnr": 49.762082088843314,
        "std_psnr": 11.94718490071896,
        "mean_ssim": 0.9955859230642843,
        "std_ssim": 0.0050424813842415,
        "nan_count": 0
      },
      "0.15": {
        "mean_mse": 3.802917814331933e-06,
        "std_mse": 8.142878379618521e-06,
        "mean_psnr": 64.34004151729123,
        "std_psnr": 10.812756178288033,
        "mean_ssim": 0.9995442021872902,
        "std_ssim": 0.0007267929106047415,
        "nan_count": 0
      },
      "0.2": {
        "mean_mse": 1.8353468748898162e-07,
        "std_mse": 4.247351550588384e-07,
        "mean_psnr": 73.76804585455324,
        "std_psnr": 6.8548910024184275,
        "mean_ssim": 0.999952880241108,
        "std_ssim": 7.424452826976459e-05,
        "nan_count": 0
      }
    },
    "time": 286.12612594198436,
    "_pdft_py": {
      "family": "rich",
      "stage_k": 3,
      "n_trainable": 12,
      "block_size": 8,
      "steps": 1008,
      "epochs_completed": 112,
      "device": "cuda:0",
      "n_test": 50
    }
  }
}