{
  "n_seeds": 100,
  "pca": {
    "explained_var_ratio": [
      0.014690174439041298,
      0.014428724149550648
    ]
  },
  "L0_stats": {
    "min": 1743.9152095753939,
    "max": 3701.6809819111763,
    "mean": 2927.7598969440487,
    "std": 323.8274364956092,
    "n": 100
  }
}