{
  "blocked_4": {
    "metrics": {
      "0.05": {
        "mean_mse": 0.017625463491823045,
        "std_mse": 0.008520111229770883,
        "mean_psnr": 18.1201716787001,
        "std_psnr": 2.388294042603624,
        "mean_ssim": 0.8284721096151314,
        "std_ssim": 0.06023885514841545,
        "nan_count": 0
      },
      "0.1": {
        "mean_mse": 0.007090285608482271,
        "std_mse": 0.004357671797056036,
        "mean_psnr": 22.395621257829415,
        "std_psnr": 2.977586506099211,
        "mean_ssim": 0.9203511645416721,
        "std_ssim": 0.031564367314419424,
        "nan_count": 0
      },
      "0.15": {
        "mean_mse": 0.0032213673790415275,
        "std_mse": 0.0023316421681094024,
        "mean_psnr": 26.18378719173709,
        "std_psnr": 3.554069988784042,
        "mean_ssim": 0.9605390974219762,
        "std_ssim": 0.01992189955113013,
        "nan_count": 0
      },
      "0.2": {
        "mean_mse": 0.0015297196233604146,
        "std_mse": 0.0013067782823004165,
        "mean_psnr": 30.044578982461125,
        "std_psnr": 4.525241141770851,
        "mean_ssim": 0.9798704678670519,
        "std_ssim": 0.012530056814607338,
        "nan_count": 0
      }
    },
    "time": 9.739079501479864,
    "_pdft_py": {
      "warmup_s": 2.6735549503937364,
      "device": "cuda:0",
      "epochs_completed": 112,
      "steps": 1008,
      "n_test": 50,
      "eval_failed_count": {
        "0.05": 0,
        "0.1": 0,
        "0.15": 0,
        "0.2": 0
      }
    }
  }
}