{
  "mera_b2": {
    "metrics": {
      "0.01": {
        "mean_mse": 0.06010169394805063,
        "std_mse": 0.012699897209528374,
        "mean_psnr": 12.317486503981108,
        "std_psnr": 0.9876788569867675,
        "mean_ssim": 0.43792784409969143,
        "std_ssim": 0.1076214298636496,
        "nan_count": 0
      },
      "0.02": {
        "mean_mse": 0.04178029018847849,
        "std_mse": 0.01063253606985951,
        "mean_psnr": 13.942948572043042,
        "std_psnr": 1.1801481628962083,
        "mean_ssim": 0.5901275397855867,
        "std_ssim": 0.0977583575378579,
        "nan_count": 0
      },
      "0.05": {
        "mean_mse": 0.019256908371729636,
        "std_mse": 0.006469969269919982,
        "mean_psnr": 17.423711352124144,
        "std_psnr": 1.575895363349742,
        "mean_ssim": 0.8026161170561871,
        "std_ssim": 0.05426159338043041,
        "nan_count": 0
      },
      "0.1": {
        "mean_mse": 0.0076648034577652905,
        "std_mse": 0.0034471078280168977,
        "mean_psnr": 21.61031618376594,
        "std_psnr": 2.0429374317670614,
        "mean_ssim": 0.9125556404172487,
        "std_ssim": 0.029856666229269222,
        "nan_count": 0
      },
      "0.15": {
        "mean_mse": 0.0034872655039648883,
        "std_mse": 0.001962568219797006,
        "mean_psnr": 25.290185524087175,
        "std_psnr": 2.5936371141026364,
        "mean_ssim": 0.9534250767935569,
        "std_ssim": 0.01925671898494717,
        "nan_count": 0
      },
      "0.2": {
        "mean_mse": 0.001675737766399832,
        "std_mse": 0.0011638197294751463,
        "mean_psnr": 28.890379597976104,
        "std_psnr": 3.3473746819321892,
        "mean_ssim": 0.9768913422165627,
        "std_ssim": 0.012284886431267574,
        "nan_count": 0
      }
    },
    "seed": 98,
    "init": "family_random_basis",
    "objective": "top10pct_mse",
    "steps": 1008,
    "epochs_completed": 112,
    "elapsed_seconds": 20.5
  }
}