{
  "dct4_ctl": {
    "metrics": {
      "0.01": {
        "mean_mse": 0.007273971106613547,
        "std_mse": 0.004255571214776013,
        "mean_psnr": 22.307633327403583,
        "std_psnr": 3.060611760875495,
        "mean_ssim": 0.5480924029717944,
        "std_ssim": 0.10865814932140562,
        "nan_count": 0
      },
      "0.05": {
        "mean_mse": 0.002897245276806727,
        "std_mse": 0.0018754046505251602,
        "mean_psnr": 26.54487363389382,
        "std_psnr": 3.559707827661706,
        "mean_ssim": 0.7704945068070773,
        "std_ssim": 0.07135897041000148,
        "nan_count": 0
      },
      "0.1": {
        "mean_mse": 0.0016071035405942934,
        "std_mse": 0.0011173175671031334,
        "mean_psnr": 29.26488074448285,
        "std_psnr": 3.8854101307441056,
        "mean_ssim": 0.8563064016552319,
        "std_ssim": 0.05234705006028263,
        "nan_count": 0
      },
      "0.15": {
        "mean_mse": 0.0010202069841056083,
        "std_mse": 0.0007514052076482571,
        "mean_psnr": 31.371817209749977,
        "std_psnr": 4.13768412303486,
        "mean_ssim": 0.8998737768944979,
        "std_ssim": 0.04080257305541639,
        "nan_count": 0
      },
      "0.2": {
        "mean_mse": 0.000683199870535644,
        "std_mse": 0.000529366728863746,
        "mean_psnr": 33.23482741217511,
        "std_psnr": 4.350048429826438,
        "mean_ssim": 0.9271057449353313,
        "std_ssim": 0.03264713849710507,
        "nan_count": 0
      }
    },
    "time": 1637.6340530160815,
    "_pdft_py": {
      "warmup_s": 7.671534109860659,
      "device": "cuda:0",
      "epochs_completed": 112,
      "steps": 1008,
      "n_test": 50,
      "eval_failed_count": {
        "0.01": 0,
        "0.05": 0,
        "0.1": 0,
        "0.15": 0,
        "0.2": 0
      }
    }
  }
}