{
  "tebd_b4": {
    "metrics": {
      "0.01": {
        "mean_mse": 0.009098735526447872,
        "std_mse": 0.00508562178166365,
        "mean_psnr": 21.214623583074076,
        "std_psnr": 2.809284795106728,
        "mean_ssim": 0.4834410795626857,
        "std_ssim": 0.10883966122686421,
        "nan_count": 0
      },
      "0.02": {
        "mean_mse": 0.006519583433374132,
        "std_mse": 0.003813945074202266,
        "mean_psnr": 22.765538964648258,
        "std_psnr": 3.0266385105205327,
        "mean_ssim": 0.5904125627675458,
        "std_ssim": 0.09739863141212646,
        "nan_count": 0
      },
      "0.05": {
        "mean_mse": 0.003825992308639154,
        "std_mse": 0.002377152511108643,
        "mean_psnr": 25.23495390521483,
        "std_psnr": 3.353131665737427,
        "mean_ssim": 0.7263770831339383,
        "std_ssim": 0.07766606200999071,
        "nan_count": 0
      },
      "0.1": {
        "mean_mse": 0.0021996533685143924,
        "std_mse": 0.001453485161783887,
        "mean_psnr": 27.811728019028962,
        "std_psnr": 3.7190844096815727,
        "mean_ssim": 0.8235206736621461,
        "std_ssim": 0.05884424369770185,
        "nan_count": 0
      },
      "0.15": {
        "mean_mse": 0.0014242283991524288,
        "std_mse": 0.0009882990034605383,
        "mean_psnr": 29.8415203724042,
        "std_psnr": 4.005418985671507,
        "mean_ssim": 0.8751901682470726,
        "std_ssim": 0.04628027469390255,
        "nan_count": 0
      },
      "0.2": {
        "mean_mse": 0.000965137550571855,
        "std_mse": 0.0006995196397590836,
        "mean_psnr": 31.659860657205385,
        "std_psnr": 4.245203145286593,
        "mean_ssim": 0.9085146461881017,
        "std_ssim": 0.03690326850656876,
        "nan_count": 0
      }
    },
    "seed": 98,
    "init": "family_random_basis",
    "objective": "top10pct_mse",
    "steps": 1008,
    "epochs_completed": 112,
    "elapsed_seconds": 156.8
  }
}