{
  "blocked_8": {
    "metrics": {
      "0.05": {
        "mean_mse": 0.01762707309241869,
        "std_mse": 0.008505461949621998,
        "mean_psnr": 18.117375879431062,
        "std_psnr": 2.3827246869019625,
        "mean_ssim": 0.8283302963749626,
        "std_ssim": 0.0596346982382597,
        "nan_count": 0
      },
      "0.1": {
        "mean_mse": 0.00707680699196955,
        "std_mse": 0.004356071602904699,
        "mean_psnr": 22.407042159172846,
        "std_psnr": 2.984435647650242,
        "mean_ssim": 0.9212971802634949,
        "std_ssim": 0.032175696745312676,
        "nan_count": 0
      },
      "0.15": {
        "mean_mse": 0.003217820099640425,
        "std_mse": 0.002342693255138203,
        "mean_psnr": 26.19847975390397,
        "std_psnr": 3.5685886082848812,
        "mean_ssim": 0.9600930017157603,
        "std_ssim": 0.019649200077275907,
        "nan_count": 0
      },
      "0.2": {
        "mean_mse": 0.0015311427601732196,
        "std_mse": 0.001312766238619101,
        "mean_psnr": 30.052645851107123,
        "std_psnr": 4.538753447834567,
        "mean_ssim": 0.9801851028532957,
        "std_ssim": 0.012523120511566814,
        "nan_count": 0
      }
    },
    "time": 9.620824956335127,
    "_pdft_py": {
      "warmup_s": 0.651246152818203,
      "device": "cuda:0",
      "epochs_completed": 112,
      "steps": 1008,
      "n_test": 50,
      "eval_failed_count": {
        "0.05": 0,
        "0.1": 0,
        "0.15": 0,
        "0.2": 0
      }
    }
  }
}