{
  "rich_progressive_k5": {
    "metrics": {
      "0.05": {
        "mean_mse": 0.0016722030154107867,
        "std_mse": 0.0011723691066951951,
        "mean_psnr": 29.559057384589337,
        "std_psnr": 5.1424887880069745,
        "mean_ssim": 0.9232648736533533,
        "std_ssim": 0.03738947594269985,
        "nan_count": 0
      },
      "0.1": {
        "mean_mse": 0.000506994779576131,
        "std_mse": 0.00045733750653201955,
        "mean_psnr": 36.21967030843915,
        "std_psnr": 7.509431322383954,
        "mean_ssim": 0.9564092511310506,
        "std_ssim": 0.028145442541307252,
        "nan_count": 0
      },
      "0.15": {
        "mean_mse": 0.00017833943047830197,
        "std_mse": 0.00019071923121653046,
        "mean_psnr": 42.31495860653259,
        "std_psnr": 9.186731240731298,
        "mean_ssim": 0.9754355630027269,
        "std_ssim": 0.020793584450921,
        "nan_count": 0
      },
      "0.2": {
        "mean_mse": 6.379847080137604e-05,
        "std_mse": 7.889387502934634e-05,
        "mean_psnr": 48.81639096452116,
        "std_psnr": 11.079377049277575,
        "mean_ssim": 0.9873615549586344,
        "std_ssim": 0.013482027146521408,
        "nan_count": 0
      }
    },
    "time": 635.782410656102,
    "_pdft_py": {
      "family": "rich",
      "stage_k": 5,
      "n_trainable": 30,
      "block_size": 32,
      "steps": 1008,
      "epochs_completed": 112,
      "device": "cuda:0",
      "n_test": 50
    }
  }
}