{
  "rich_full": {
    "metrics": {
      "0.01": {
        "mean_mse": 0.05200448217126245,
        "std_mse": 0.012229303399488042,
        "mean_psnr": 12.965851111892714,
        "std_psnr": 1.0643738228449828,
        "mean_ssim": 0.45639950968383003,
        "std_ssim": 0.10410795613684161,
        "nan_count": 0
      },
      "0.02": {
        "mean_mse": 0.035462756172480285,
        "std_mse": 0.009674803342586915,
        "mean_psnr": 14.673970676271185,
        "std_psnr": 1.244228721298593,
        "mean_ssim": 0.6032854941611662,
        "std_ssim": 0.08492022424344313,
        "nan_count": 0
      },
      "0.05": {
        "mean_mse": 0.015490730180217039,
        "std_mse": 0.005501079277892758,
        "mean_psnr": 18.390767601636952,
        "std_psnr": 1.6256838634704236,
        "mean_ssim": 0.7908767264663997,
        "std_ssim": 0.03936052619114315,
        "nan_count": 0
      },
      "0.1": {
        "mean_mse": 0.005428004404697374,
        "std_mse": 0.0024857619129118698,
        "mean_psnr": 23.167841720630904,
        "std_psnr": 2.2145552452701405,
        "mean_ssim": 0.8869298839049974,
        "std_ssim": 0.020192562916447474,
        "nan_count": 0
      },
      "0.15": {
        "mean_mse": 0.0022387162009004195,
        "std_mse": 0.0012222233248284397,
        "mean_psnr": 27.260979306742023,
        "std_psnr": 2.7512921736631184,
        "mean_ssim": 0.925407604971603,
        "std_ssim": 0.017459596620122673,
        "nan_count": 0
      },
      "0.2": {
        "mean_mse": 0.001012966375432429,
        "std_mse": 0.000648602921345872,
        "mean_psnr": 30.9738731067577,
        "std_psnr": 3.2047665485458574,
        "mean_ssim": 0.9462859977102844,
        "std_ssim": 0.015188756631035924,
        "nan_count": 0
      }
    },
    "seed": 98,
    "init": "family_random_basis",
    "objective": "top10pct_mse",
    "steps": 1008,
    "epochs_completed": 112,
    "elapsed_seconds": 33.7
  }
}