{
  "qft_progressive_k5": {
    "metrics": {
      "0.05": {
        "mean_mse": 0.021646091843072743,
        "std_mse": 0.010973965019696398,
        "mean_psnr": 17.247249282028598,
        "std_psnr": 2.39569600029771,
        "mean_ssim": 0.8190007285927965,
        "std_ssim": 0.06953912241155964,
        "nan_count": 0
      },
      "0.1": {
        "mean_mse": 0.006317785932001928,
        "std_mse": 0.0047767527514782394,
        "mean_psnr": 23.343407983410838,
        "std_psnr": 3.672715381729338,
        "mean_ssim": 0.9451244893004103,
        "std_ssim": 0.032192271360736824,
        "nan_count": 0
      },
      "0.15": {
        "mean_mse": 0.0020473612568262757,
        "std_mse": 0.002181937828412377,
        "mean_psnr": 30.093222884458914,
        "std_psnr": 6.5305826450042,
        "mean_ssim": 0.9799118042938663,
        "std_ssim": 0.016800905879940126,
        "nan_count": 0
      },
      "0.2": {
        "mean_mse": 0.0006329767994467646,
        "std_mse": 0.0009323187641349197,
        "mean_psnr": 39.388294639974355,
        "std_psnr": 11.675163053364566,
        "mean_ssim": 0.9930034519843316,
        "std_ssim": 0.00818110259111466,
        "nan_count": 0
      }
    },
    "time": 14.239710201509297,
    "_pdft_py": {
      "family": "qft",
      "stage_k": 5,
      "n_trainable": 30,
      "block_size": 32,
      "steps": 1008,
      "epochs_completed": 112,
      "device": "cuda:0",
      "n_test": 50
    }
  }
}