{
  "rich_progressive_k2": {
    "metrics": {
      "0.05": {
        "mean_mse": 0.014585762299634293,
        "std_mse": 0.007850705458185983,
        "mean_psnr": 19.087545922705587,
        "std_psnr": 2.644737821427798,
        "mean_ssim": 0.5267484476584801,
        "std_ssim": 0.08646102141330932,
        "nan_count": 0
      },
      "0.1": {
        "mean_mse": 0.002410299917462262,
        "std_mse": 0.0016365088560976783,
        "mean_psnr": 27.433444625664198,
        "std_psnr": 3.688475478314342,
        "mean_ssim": 0.8041921943964657,
        "std_ssim": 0.06516984806049185,
        "nan_count": 0
      },
      "0.15": {
        "mean_mse": 0.0012408805803017671,
        "std_mse": 0.0009052091344364921,
        "mean_psnr": 30.504841864133564,
        "std_psnr": 4.06114562363735,
        "mean_ssim": 0.8837368227856303,
        "std_ssim": 0.04619146487754659,
        "nan_count": 0
      },
      "0.2": {
        "mean_mse": 0.0007331332089894429,
        "std_mse": 0.0005641150462425786,
        "mean_psnr": 32.94824312307761,
        "std_psnr": 4.348457006076215,
        "mean_ssim": 0.9239503353622677,
        "std_ssim": 0.0340582189230228,
        "nan_count": 0
      }
    },
    "time": 161.98410248942673,
    "_pdft_py": {
      "family": "rich",
      "stage_k": 2,
      "n_trainable": 6,
      "block_size": 4,
      "steps": 1008,
      "epochs_completed": 112,
      "device": "cuda:0",
      "n_test": 50
    }
  }
}