{
  "tebd_progressive_k4": {
    "metrics": {
      "0.05": {
        "mean_mse": 0.0012144687636395095,
        "std_mse": 0.0009294158430713351,
        "mean_psnr": 31.493145334453352,
        "std_psnr": 6.235224234602886,
        "mean_ssim": 0.9577685253661459,
        "std_ssim": 0.0258856228273093,
        "nan_count": 0
      },
      "0.1": {
        "mean_mse": 0.00033971200768986897,
        "std_mse": 0.0003317702734823588,
        "mean_psnr": 39.93052370869534,
        "std_psnr": 12.158749845712729,
        "mean_ssim": 0.9802350186297077,
        "std_ssim": 0.016756443183141654,
        "nan_count": 0
      },
      "0.15": {
        "mean_mse": 0.00010316810770685472,
        "std_mse": 0.00012294983177838864,
        "mean_psnr": 52.13631071565116,
        "std_psnr": 28.46602755949987,
        "mean_ssim": 0.991488011876328,
        "std_ssim": 0.009730095813573137,
        "nan_count": 0
      },
      "0.2": {
        "mean_mse": 2.9847961341453346e-05,
        "std_mse": 4.3429387650394505e-05,
        "mean_psnr": 69.50267427614038,
        "std_psnr": 40.765446166760285,
        "mean_ssim": 0.9969930593022585,
        "std_ssim": 0.004280123606999323,
        "nan_count": 0
      }
    },
    "time": 267.7276470325887,
    "_pdft_py": {
      "family": "tebd",
      "stage_k": 4,
      "n_trainable": 16,
      "block_size": 16,
      "steps": 1008,
      "epochs_completed": 112,
      "device": "cuda:0",
      "n_test": 50
    }
  }
}