{
  "rich_8": {
    "metrics": {
      "0.05": {
        "mean_mse": 0.015453166028776538,
        "std_mse": 0.008334416875144744,
        "mean_psnr": 18.82354892775922,
        "std_psnr": 2.650000351387288,
        "mean_ssim": 0.8310236214009538,
        "std_ssim": 0.052587122611739034,
        "nan_count": 0
      },
      "0.1": {
        "mean_mse": 0.005521646532815171,
        "std_mse": 0.0038557163167673085,
        "mean_psnr": 23.70559744792039,
        "std_psnr": 3.322135860669885,
        "mean_ssim": 0.9158071810826824,
        "std_ssim": 0.024881824398945027,
        "nan_count": 0
      },
      "0.15": {
        "mean_mse": 0.002251010773122274,
        "std_mse": 0.0019213024361773635,
        "mean_psnr": 28.12507406999267,
        "std_psnr": 4.042134015732324,
        "mean_ssim": 0.9513821905910328,
        "std_ssim": 0.014642190620146324,
        "nan_count": 0
      },
      "0.2": {
        "mean_mse": 0.0009597335918369156,
        "std_mse": 0.00100532203234762,
        "mean_psnr": 32.56434342790296,
        "std_psnr": 4.8901045660703355,
        "mean_ssim": 0.9699162821856343,
        "std_ssim": 0.01181210785786264,
        "nan_count": 0
      }
    },
    "time": 9.23835130315274,
    "_pdft_py": {
      "warmup_s": 0.6220866655930877,
      "device": "cuda:0",
      "epochs_completed": 112,
      "steps": 1008,
      "n_test": 50,
      "eval_failed_count": {
        "0.05": 0,
        "0.1": 0,
        "0.15": 0,
        "0.2": 0
      }
    }
  }
}