{
  "rich_8": {
    "metrics": {
      "0.05": {
        "mean_mse": 0.0033786555779615453,
        "std_mse": 0.002193132550862772,
        "mean_psnr": 25.87294155532187,
        "std_psnr": 3.524371609830188,
        "mean_ssim": 0.7350059649516847,
        "std_ssim": 0.0797245850249819,
        "nan_count": 0
      },
      "0.1": {
        "mean_mse": 0.001694976523910035,
        "std_mse": 0.0011811641428850594,
        "mean_psnr": 29.062802392264825,
        "std_psnr": 3.927011487064506,
        "mean_ssim": 0.8476061007932979,
        "std_ssim": 0.05654609138925466,
        "nan_count": 0
      },
      "0.15": {
        "mean_mse": 0.0010160315943614766,
        "std_mse": 0.0007463315143580411,
        "mean_psnr": 31.433971800064015,
        "std_psnr": 4.212871077462626,
        "mean_ssim": 0.8996737854870784,
        "std_ssim": 0.04175478973598657,
        "nan_count": 0
      },
      "0.2": {
        "mean_mse": 0.0006519499022098484,
        "std_mse": 0.0005012485814656706,
        "mean_psnr": 33.493869775268266,
        "std_psnr": 4.443258991770174,
        "mean_ssim": 0.9300477787818145,
        "std_ssim": 0.03161825758957185,
        "nan_count": 0
      }
    },
    "time": 290.94227720145136,
    "_pdft_py": {
      "basis": "rich_8",
      "lam": 10.0,
      "regulariser": "L1InitAnchorMSELoss",
      "steps": 1008,
      "epochs_completed": 112,
      "device": "cuda:0",
      "n_test": 50
    }
  }
}