basis,time_s,warmup_s
block_dct_8,0.8789335247129202,NaN
block_dct_8_rank,0.792996178381145,NaN
block_fft_8,1.1446356708183885,NaN
block_pca_8,1.8100139647722244,NaN
block_pca_8_rank,1.416171682998538,NaN
dct,0.7962418096140027,NaN
dct_rank,2.087783952243626,NaN
fft,1.0059630805626512,NaN
pca,4.420268391259015,NaN
pca_rank,4.470355189405382,NaN
qft,201.1537783332169,15.604577536694705
