{
  "rich_progressive_k8": {
    "metrics": {
      "0.05": {
        "mean_mse": 0.0005188601503503409,
        "std_mse": 0.0004868381753322806,
        "mean_psnr": 36.082286832141314,
        "std_psnr": 7.251460441901839,
        "mean_ssim": 0.9591762931698853,
        "std_ssim": 0.025936456481359896,
        "nan_count": 0
      },
      "0.1": {
        "mean_mse": 8.286970643532362e-05,
        "std_mse": 9.8820843662407e-05,
        "mean_psnr": 46.189421481816446,
        "std_psnr": 9.207434459160197,
        "mean_ssim": 0.9869154618679333,
        "std_ssim": 0.012385085196101913,
        "nan_count": 0
      },
      "0.15": {
        "mean_mse": 1.6447771983145642e-05,
        "std_mse": 2.23725399474522e-05,
        "mean_psnr": 54.6371346612072,
        "std_psnr": 9.770051242018038,
        "mean_ssim": 0.996002463958578,
        "std_ssim": 0.004697599178399317,
        "nan_count": 0
      },
      "0.2": {
        "mean_mse": 3.3153274393382016e-06,
        "std_mse": 5.011894434166967e-06,
        "mean_psnr": 61.52349382582334,
        "std_psnr": 9.118494029323251,
        "mean_ssim": 0.9988792745488929,
        "std_ssim": 0.0014740029358317295,
        "nan_count": 0
      }
    },
    "time": 1409.2395924860612,
    "_pdft_py": {
      "family": "rich",
      "stage_k": 8,
      "n_trainable": 72,
      "block_size": 256,
      "steps": 1008,
      "epochs_completed": 112,
      "device": "cuda:0",
      "n_test": 50
    }
  }
}