{
  "rich_b2": {
    "metrics": {
      "0.01": {
        "mean_mse": 0.15478433764953764,
        "std_mse": 0.0765369408619209,
        "mean_psnr": 8.710109306808706,
        "std_psnr": 2.414264611270692,
        "mean_ssim": 0.10856258604558111,
        "std_ssim": 0.022146731133304672,
        "nan_count": 0
      },
      "0.02": {
        "mean_mse": 0.09643500530088017,
        "std_mse": 0.05294446692263232,
        "mean_psnr": 10.883865795061583,
        "std_psnr": 2.6235293632287324,
        "mean_ssim": 0.22130654335970681,
        "std_ssim": 0.03940842843466083,
        "nan_count": 0
      },
      "0.05": {
        "mean_mse": 0.014585515442398347,
        "std_mse": 0.007850729058295645,
        "mean_psnr": 19.087679924677587,
        "std_psnr": 2.644874886992912,
        "mean_ssim": 0.5266476884054377,
        "std_ssim": 0.08637737934749562,
        "nan_count": 0
      },
      "0.1": {
        "mean_mse": 0.0024105709213961928,
        "std_mse": 0.0016364067418438504,
        "mean_psnr": 27.432104251681885,
        "std_psnr": 3.686516589514732,
        "mean_ssim": 0.8040733108095481,
        "std_ssim": 0.06510774296140533,
        "nan_count": 0
      },
      "0.15": {
        "mean_mse": 0.0012412605932651112,
        "std_mse": 0.0009052684105969812,
        "mean_psnr": 30.50142874409297,
        "std_psnr": 4.055707228263064,
        "mean_ssim": 0.8835841778515268,
        "std_ssim": 0.04610133835686469,
        "nan_count": 0
      },
      "0.2": {
        "mean_mse": 0.0007333071675090154,
        "std_mse": 0.0005640438927284174,
        "mean_psnr": 32.94264097706453,
        "std_psnr": 4.336527860093153,
        "mean_ssim": 0.9238278798419881,
        "std_ssim": 0.033972115069393696,
        "nan_count": 0
      }
    },
    "seed": 98,
    "init": "family_random_basis",
    "objective": "top10pct_mse",
    "steps": 1008,
    "epochs_completed": 112,
    "elapsed_seconds": 182.3
  }
}