{
  "real_rich_4": {
    "metrics": {
      "0.05": {
        "mean_mse": 0.01458611913631534,
        "std_mse": 0.007850853798100917,
        "mean_psnr": 19.087444514464448,
        "std_psnr": 2.6447740414992262,
        "mean_ssim": 0.5268387615410969,
        "std_ssim": 0.08654345342187401,
        "nan_count": 0
      },
      "0.1": {
        "mean_mse": 0.0024104290402219442,
        "std_mse": 0.0016367888247316154,
        "mean_psnr": 27.433778469060456,
        "std_psnr": 3.689982091991997,
        "mean_ssim": 0.8042101633112796,
        "std_ssim": 0.06531640657663378,
        "nan_count": 0
      },
      "0.15": {
        "mean_mse": 0.0012408820537626536,
        "std_mse": 0.000905517619245029,
        "mean_psnr": 30.506653980977248,
        "std_psnr": 4.065647820426152,
        "mean_ssim": 0.8838128704114949,
        "std_ssim": 0.04625206203608049,
        "nan_count": 0
      },
      "0.2": {
        "mean_mse": 0.0007330883644232071,
        "std_mse": 0.0005643359201023886,
        "mean_psnr": 32.95167471775865,
        "std_psnr": 4.3561589692111475,
        "mean_ssim": 0.9240475945579195,
        "std_ssim": 0.03413035524635089,
        "nan_count": 0
      }
    },
    "time": 88.8835436059162,
    "_pdft_py": {
      "warmup_s": 1.210956652648747,
      "device": "cuda:0",
      "epochs_completed": 112,
      "steps": 1008,
      "n_test": 50,
      "eval_failed_count": {
        "0.05": 0,
        "0.1": 0,
        "0.15": 0,
        "0.2": 0
      }
    }
  }
}