{
  "real_rich_16": {
    "metrics": {
      "0.05": {
        "mean_mse": 0.015550119984526467,
        "std_mse": 0.008478103879335959,
        "mean_psnr": 18.8084263210122,
        "std_psnr": 2.670333415128125,
        "mean_ssim": 0.8218029884595572,
        "std_ssim": 0.04891457812297305,
        "nan_count": 0
      },
      "0.1": {
        "mean_mse": 0.005520316313507222,
        "std_mse": 0.003933609819957264,
        "mean_psnr": 23.759416088331264,
        "std_psnr": 3.419804293149924,
        "mean_ssim": 0.9061058315716977,
        "std_ssim": 0.025139425218111237,
        "nan_count": 0
      },
      "0.15": {
        "mean_mse": 0.002188061536296084,
        "std_mse": 0.001881270250704785,
        "mean_psnr": 28.279479731564617,
        "std_psnr": 4.121436110023817,
        "mean_ssim": 0.9430742405187449,
        "std_ssim": 0.014358450923147695,
        "nan_count": 0
      },
      "0.2": {
        "mean_mse": 0.0009380982829482017,
        "std_mse": 0.0009656870787882741,
        "mean_psnr": 32.59512355592282,
        "std_psnr": 4.822531095006219,
        "mean_ssim": 0.9589613004447618,
        "std_ssim": 0.011950739930052095,
        "nan_count": 0
      }
    },
    "time": 12.707524261437356,
    "_pdft_py": {
      "warmup_s": 0.5563254430890083,
      "device": "cuda:0",
      "epochs_completed": 112,
      "steps": 1008,
      "n_test": 50,
      "eval_failed_count": {
        "0.05": 0,
        "0.1": 0,
        "0.15": 0,
        "0.2": 0
      }
    }
  }
}