{
  "basis": "qft_canonical",
  "dataset": "div2k_8q",
  "m": 8,
  "n": 8,
  "dtype": "complex128",
  "device": "cuda:0",
  "gpu_name": "NVIDIA RTX A6000",
  "batch_size": 50,
  "K_train": 6554,
  "rho": 0.1,
  "n_gates": 72,
  "n_manifold_groups": 2,
  "epochs": 112,
  "n_batches_per_epoch": 9,
  "total_steps": 1008,
  "reps": 20,
  "derived_seconds": {
    "warm_step": 0.49959522765129805,
    "forward_loss": 0.20142110623419285,
    "backward_only": 0.297680233605206,
    "optimizer_only": 0.0004938878118991852,
    "value_and_grad": 0.49910133983939886,
    "compile_time": 22.258327323943377,
    "validation_per_epoch": 0.297650174703449
  },
  "per_step_attribution_pct": {
    "forward_loss": 40.31685954670058,
    "backward": 59.584282861280165,
    "optimizer": 0.09885759201925434
  },
  "forward_breakdown_seconds": {
    "forward_transform": 0.09822095651179552,
    "topk_sort": 0.005738666746765375,
    "inverse_transform": 0.09883974818512797
  },
  "extrapolated_total": {
    "compile_s": 22.258327323943377,
    "steps_s": 503.59198947250843,
    "validation_s": 33.33681956678629,
    "est_total_s": 559.1871363632381,
    "est_total_min": 9.319785606053967
  },
  "raw_groups": {
    "light": {
      "basis": "qft",
      "group": "light",
      "device": "cuda:0",
      "gpu_name": "NVIDIA RTX A6000",
      "n_gates": 72,
      "n_manifold_groups": 2,
      "forward_transform": {
        "median": 0.09822095651179552,
        "mean": 0.09935133107937873,
        "std": 0.0018665112167291478,
        "min": 0.09796871431171894,
        "reps": 20
      },
      "topk_sort": {
        "median": 0.005738666746765375,
        "mean": 0.005752285337075591,
        "std": 3.69367309803297e-05,
        "min": 0.0057149725034832954,
        "reps": 20
      },
      "inverse_transform": {
        "median": 0.09883974818512797,
        "mean": 0.09905601921491325,
        "std": 0.0010224363373764604,
        "min": 0.0986260836943984,
        "reps": 20
      },
      "loss_forward": {
        "median": 0.20142110623419285,
        "mean": 0.20140982852317393,
        "std": 9.840546490231596e-05,
        "min": 0.20116244722157717,
        "reps": 20
      },
      "validation_pass": {
        "median": 0.297650174703449,
        "mean": 0.2976500063203275,
        "std": 9.879595249109588e-05,
        "min": 0.2973704896867275,
        "reps": 20
      }
    },
    "vag": {
      "basis": "qft",
      "group": "vag",
      "device": "cuda:0",
      "gpu_name": "NVIDIA RTX A6000",
      "n_gates": 72,
      "n_manifold_groups": 2,
      "cold_seconds": 20.177941744215786,
      "value_and_grad": {
        "median": 0.49910133983939886,
        "mean": 0.49920128053054214,
        "std": 0.0021445395947046965,
        "min": 0.4958162596449256,
        "reps": 20
      }
    },
    "step": {
      "basis": "qft",
      "group": "step",
      "device": "cuda:0",
      "gpu_name": "NVIDIA RTX A6000",
      "n_gates": 72,
      "n_manifold_groups": 2,
      "cold_seconds": 22.757922551594675,
      "full_step": {
        "median": 0.49959522765129805,
        "mean": 0.4990451049990952,
        "std": 0.0009173410453098688,
        "min": 0.49750436190515757,
        "reps": 20
      },
      "trace_captured": true
    }
  },
  "trace_captured": true
}