{
  "qft": {
    "metrics": {
      "0.05": {
        "mean_mse": 0.02328888087587993,
        "std_mse": 0.009366766519459523,
        "mean_psnr": 16.71803484201067,
        "std_psnr": 1.9116561623789963,
        "mean_ssim": 0.6911035983641804,
        "std_ssim": 0.08713106734058595,
        "nan_count": 0
      },
      "0.1": {
        "mean_mse": 0.012524488845138302,
        "std_mse": 0.0059338246094980075,
        "mean_psnr": 19.57441513911258,
        "std_psnr": 2.2976697715332293,
        "mean_ssim": 0.7914851397899264,
        "std_ssim": 0.06303255235866717,
        "nan_count": 0
      },
      "0.15": {
        "mean_mse": 0.007377144621348668,
        "std_mse": 0.003963077694874808,
        "mean_psnr": 22.048042531344578,
        "std_psnr": 2.6532606658514886,
        "mean_ssim": 0.8355382025808222,
        "std_ssim": 0.05040215703829281,
        "nan_count": 0
      },
      "0.2": {
        "mean_mse": 0.004579082063706236,
        "std_mse": 0.0027697983895776023,
        "mean_psnr": 24.352455794678658,
        "std_psnr": 3.0828187153842777,
        "mean_ssim": 0.872384910900311,
        "std_ssim": 0.0444976528905874,
        "nan_count": 0
      }
    },
    "time": 26.818452417850494,
    "_pdft_py": {
      "warmup_s": 1.0518812034279108,
      "device": "cuda:1",
      "epochs_completed": 223,
      "steps": 2007,
      "n_test": 50,
      "eval_failed_count": {
        "0.05": 0,
        "0.1": 0,
        "0.15": 0,
        "0.2": 0
      }
    }
  }
}