{
  "qft": {
    "metrics": {
      "0.05": {
        "mean_mse": 0.023286587152325212,
        "std_mse": 0.009359389246468956,
        "mean_psnr": 16.717480521023003,
        "std_psnr": 1.9087351347963166,
        "mean_ssim": 0.6914064362491231,
        "std_ssim": 0.08810137710164237,
        "nan_count": 0
      },
      "0.1": {
        "mean_mse": 0.012511153052017509,
        "std_mse": 0.005928092760197898,
        "mean_psnr": 19.579125621361353,
        "std_psnr": 2.297685640274242,
        "mean_ssim": 0.7969316916613792,
        "std_ssim": 0.05795061935721539,
        "nan_count": 0
      },
      "0.15": {
        "mean_mse": 0.007369494918922253,
        "std_mse": 0.003972895357416348,
        "mean_psnr": 22.056839426690207,
        "std_psnr": 2.6607446754263737,
        "mean_ssim": 0.8371564091141191,
        "std_ssim": 0.048359647010512846,
        "nan_count": 0
      },
      "0.2": {
        "mean_mse": 0.004579886895928943,
        "std_mse": 0.0027724890665922694,
        "mean_psnr": 24.353782836437873,
        "std_psnr": 3.087579057054119,
        "mean_ssim": 0.8725428757880891,
        "std_ssim": 0.04656455695984027,
        "nan_count": 0
      }
    },
    "time": 8.125939796678722,
    "_pdft_py": {
      "warmup_s": 1.0269525470212102,
      "device": "cuda:0",
      "epochs_completed": 60,
      "steps": 540,
      "n_test": 50,
      "eval_failed_count": {
        "0.05": 0,
        "0.1": 0,
        "0.15": 0,
        "0.2": 0
      }
    }
  }
}