{
  "qft": {
    "metrics": {
      "0.05": {
        "mean_mse": 0.0232537784267679,
        "std_mse": 0.00933763271289798,
        "mean_psnr": 16.722547382920123,
        "std_psnr": 1.9058961963525938,
        "mean_ssim": 0.6935752771311751,
        "std_ssim": 0.08571188968877294,
        "nan_count": 0
      },
      "0.1": {
        "mean_mse": 0.012496904481726747,
        "std_mse": 0.005922023760018415,
        "mean_psnr": 19.584516388051735,
        "std_psnr": 2.2998202775783887,
        "mean_ssim": 0.7951479233749581,
        "std_ssim": 0.05864916828289667,
        "nan_count": 0
      },
      "0.15": {
        "mean_mse": 0.0073737993955945635,
        "std_mse": 0.003959961127310044,
        "mean_psnr": 22.051866274453076,
        "std_psnr": 2.6604875432569712,
        "mean_ssim": 0.8379991389490984,
        "std_ssim": 0.045366453069504854,
        "nan_count": 0
      },
      "0.2": {
        "mean_mse": 0.004578595369714202,
        "std_mse": 0.002766510911106466,
        "mean_psnr": 24.353979082631284,
        "std_psnr": 3.087581347040008,
        "mean_ssim": 0.8704485790880147,
        "std_ssim": 0.04646438740470238,
        "nan_count": 0
      }
    },
    "time": 46.18105764873326,
    "_pdft_py": {
      "warmup_s": 1.482705275528133,
      "device": "cpu:0",
      "epochs_completed": 112,
      "steps": 1008,
      "n_test": 50,
      "eval_failed_count": {
        "0.05": 0,
        "0.1": 0,
        "0.15": 0,
        "0.2": 0
      }
    }
  }
}