{
  "qft": {
    "metrics": {
      "0.05": {
        "mean_mse": 0.0232556312492388,
        "std_mse": 0.009341775740819867,
        "mean_psnr": 16.722544876975686,
        "std_psnr": 1.9067516416362413,
        "mean_ssim": 0.6927335443800289,
        "std_ssim": 0.08465815258672275,
        "nan_count": 0
      },
      "0.1": {
        "mean_mse": 0.01249613314341059,
        "std_mse": 0.0059224512384686,
        "mean_psnr": 19.58498302189632,
        "std_psnr": 2.300315243026852,
        "mean_ssim": 0.7954472192975994,
        "std_ssim": 0.058969367146423514,
        "nan_count": 0
      },
      "0.15": {
        "mean_mse": 0.007373674719873498,
        "std_mse": 0.003961992209503783,
        "mean_psnr": 22.052792729462297,
        "std_psnr": 2.662258973051646,
        "mean_ssim": 0.8375491248562499,
        "std_ssim": 0.045803052452673514,
        "nan_count": 0
      },
      "0.2": {
        "mean_mse": 0.004577650049088635,
        "std_mse": 0.0027684793329063894,
        "mean_psnr": 24.356336565145547,
        "std_psnr": 3.0897638707602417,
        "mean_ssim": 0.8705254694804226,
        "std_ssim": 0.04810023466786358,
        "nan_count": 0
      }
    },
    "time": 18.0975575549528,
    "_pdft_py": {
      "warmup_s": 4.784789524972439,
      "device": "cuda:1",
      "epochs_completed": 112,
      "steps": 1008,
      "n_test": 50,
      "eval_failed_count": {
        "0.05": 0,
        "0.1": 0,
        "0.15": 0,
        "0.2": 0
      }
    }
  }
}