{
  "qft_progressive_k3": {
    "metrics": {
      "0.05": {
        "mean_mse": 0.0038778542710538773,
        "std_mse": 0.002429856749597787,
        "mean_psnr": 25.184731102282882,
        "std_psnr": 3.348241783450066,
        "mean_ssim": 0.7138472135301508,
        "std_ssim": 0.07921548927513439,
        "nan_count": 0
      },
      "0.1": {
        "mean_mse": 0.0020782448476094856,
        "std_mse": 0.001392484167653268,
        "mean_psnr": 28.08599799033911,
        "std_psnr": 3.7456656841109823,
        "mean_ssim": 0.8256508139133513,
        "std_ssim": 0.05839237262458865,
        "nan_count": 0
      },
      "0.15": {
        "mean_mse": 0.0012943846715395824,
        "std_mse": 0.0009116154050495509,
        "mean_psnr": 30.296810682331028,
        "std_psnr": 4.054662305288922,
        "mean_ssim": 0.8810390779053843,
        "std_ssim": 0.044848082256435745,
        "nan_count": 0
      },
      "0.2": {
        "mean_mse": 0.0008518821901550904,
        "std_mse": 0.0006275332461949867,
        "mean_psnr": 32.26063326520943,
        "std_psnr": 4.328429912235982,
        "mean_ssim": 0.9151441808445024,
        "std_ssim": 0.03495777900721679,
        "nan_count": 0
      }
    },
    "time": 190.95611995272338,
    "_pdft_py": {
      "family": "qft",
      "stage_k": 3,
      "n_trainable": 12,
      "block_size": 8,
      "steps": 1008,
      "epochs_completed": 112,
      "device": "cuda:0",
      "n_test": 50
    }
  }
}