{
  "dataset": "div2k_8q",
  "method": "dct4_random_normal",
  "init": "haar_so",
  "topk_ratio": 0.2,
  "epochs": 1008,
  "data_seed_fixed_test": 42,
  "keep_ratios": [
    0.01,
    0.05,
    0.1,
    0.2
  ],
  "seeds": [
    1,
    2,
    3,
    4,
    5,
    6,
    7,
    8,
    9,
    10,
    11,
    12,
    13,
    14,
    15,
    16,
    17,
    18,
    19,
    20,
    21,
    22,
    23,
    24,
    25,
    26,
    27,
    28,
    29,
    30,
    31,
    32,
    33,
    34,
    35,
    36,
    37,
    38,
    39,
    40,
    41,
    42,
    43,
    44,
    45,
    46,
    47,
    48,
    49,
    50,
    51,
    52,
    53,
    54,
    55,
    56,
    57,
    58,
    59,
    60,
    61,
    62,
    63,
    64,
    65,
    66,
    67,
    68,
    69,
    70,
    71,
    72,
    73,
    74,
    75,
    76,
    77,
    78,
    79,
    80,
    81,
    82,
    83,
    84,
    85,
    86,
    87,
    88,
    89,
    90,
    91,
    92,
    93,
    94,
    95,
    96,
    97,
    98,
    99,
    100
  ],
  "n_seeds": 100,
  "per_seed": {
    "1": {
      "0.05": 23.055056754257457,
      "0.1": 25.281645883708908,
      "0.15": 26.91223996917615,
      "0.2": 28.3357738995292
    },
    "2": {
      "0.01": 19.617571154323674,
      "0.05": 23.503201881483488,
      "0.1": 25.654238952516636,
      "0.2": 28.694071677299622
    },
    "3": {
      "0.01": 17.73160377204053,
      "0.05": 21.605406745194404,
      "0.1": 24.268932903232557,
      "0.2": 27.73440655036554
    },
    "4": {
      "0.05": 23.681126391986936,
      "0.1": 25.896994797565718,
      "0.15": 27.562882372060745,
      "0.2": 29.021397642814623
    },
    "5": {
      "0.01": 19.609452798660367,
      "0.05": 23.573062871137587,
      "0.1": 25.810196244079542,
      "0.2": 28.968463030890035
    },
    "6": {
      "0.05": 23.193166269897247,
      "0.1": 25.37632082186073,
      "0.15": 26.994980135575297,
      "0.2": 28.413538646151846
    },
    "7": {
      "0.01": 17.762712061410507,
      "0.05": 21.918439859878262,
      "0.1": 24.482855894822954,
      "0.2": 27.68267900324223
    },
    "8": {
      "0.01": 19.210601279649996,
      "0.05": 23.095184114786267,
      "0.1": 25.5308631127253,
      "0.2": 28.82402840807149
    },
    "9": {
      "0.01": 19.775120904781588,
      "0.05": 23.847220876926496,
      "0.1": 26.193429432313856,
      "0.2": 29.42771249727796
    },
    "10": {
      "0.01": 19.64206008226474,
      "0.05": 23.64596870403032,
      "0.1": 25.7804164728943,
      "0.2": 28.792945919372524
    },
    "11": {
      "0.01": 18.808563466035867,
      "0.05": 22.822116562969285,
      "0.1": 25.168686058868374,
      "0.2": 28.339702613374325
    },
    "12": {
      "0.01": 19.53541699035297,
      "0.05": 23.611756297183938,
      "0.1": 25.878992211089752,
      "0.2": 29.018204938068287
    },
    "13": {
      "0.01": 18.681472098325095,
      "0.05": 23.107003566911214,
      "0.1": 25.440308813482666,
      "0.2": 28.633786139095307
    },
    "14": {
      "0.01": 19.473434081158135,
      "0.05": 23.485145278384763,
      "0.1": 25.69255850002828,
      "0.2": 28.77475741264891
    },
    "15": {
      "0.01": 20.069173302580726,
      "0.05": 23.738806610684474,
      "0.1": 25.890721758291328,
      "0.2": 28.955003679012798
    },
    "16": {
      "0.01": 18.667333995170228,
      "0.05": 23.294245788315315,
      "0.1": 25.652909672459796,
      "0.2": 28.79945949144539
    },
    "17": {
      "0.01": 18.850109974531577,
      "0.05": 23.460422030667637,
      "0.1": 25.878786634757034,
      "0.2": 29.102448231484445
    },
    "18": {
      "0.01": 19.318963174607962,
      "0.05": 23.491954613512217,
      "0.1": 25.898155684559654,
      "0.2": 29.186672960929226
    },
    "19": {
      "0.01": 17.60790746788964,
      "0.05": 22.057145983017698,
      "0.1": 24.868377913229605,
      "0.2": 28.348764591367697
    },
    "20": {
      "0.01": 18.421247346811036,
      "0.05": 22.723430337209948,
      "0.1": 25.12372180505749,
      "0.2": 28.385390719739608
    },
    "21": {
      "0.01": 18.800763201598635,
      "0.05": 23.26255083363956,
      "0.1": 25.61062736039909,
      "0.2": 28.80799646855092
    },
    "22": {
      "0.01": 19.583824975976196,
      "0.05": 23.638414469976425,
      "0.1": 25.90793680655044,
      "0.2": 29.070479001362227
    },
    "23": {
      "0.01": 19.624831342827278,
      "0.05": 23.552153833494234,
      "0.1": 25.95302507781131,
      "0.2": 29.23142372835644
    },
    "24": {
      "0.01": 19.69137222360199,
      "0.05": 23.466746749380096,
      "0.1": 25.54686108951403,
      "0.2": 28.510407047176745
    },
    "25": {
      "0.01": 18.517736084019717,
      "0.05": 23.059301115118632,
      "0.1": 25.376536424187233,
      "0.2": 28.533243522918795
    },
    "26": {
      "0.01": 18.67169721972523,
      "0.05": 23.10522521824013,
      "0.1": 25.468232796287676,
      "0.2": 28.684823705598124
    },
    "27": {
      "0.01": 18.679810055312423,
      "0.05": 23.27350889281979,
      "0.1": 25.77845187133129,
      "0.2": 29.125430555360655
    },
    "28": {
      "0.01": 18.88923258479809,
      "0.05": 23.231751036221212,
      "0.1": 25.520748353172745,
      "0.2": 28.63376676132532
    },
    "29": {
      "0.01": 18.598345267966966,
      "0.05": 22.849795565111478,
      "0.1": 25.326002920686083,
      "0.2": 28.585631385448483
    },
    "30": {
      "0.01": 19.0040777252912,
      "0.05": 23.342589662123434,
      "0.1": 25.786183673947708,
      "0.2": 29.073886416297995
    },
    "31": {
      "0.01": 20.261065898068757,
      "0.05": 23.909654224179345,
      "0.1": 26.15864321519402,
      "0.2": 29.359718936401837
    },
    "32": {
      "0.01": 19.495773133101082,
      "0.05": 23.729799207639726,
      "0.1": 26.003084598961788,
      "0.2": 29.175464797640043
    },
    "33": {
      "0.01": 19.055131380710655,
      "0.05": 23.36928529056576,
      "0.1": 25.60548428848856,
      "0.2": 28.681656413526312
    },
    "34": {
      "0.01": 19.816810639632767,
      "0.05": 23.66687935801648,
      "0.1": 25.764619638395526,
      "0.2": 28.767053200140325
    },
    "35": {
      "0.01": 18.913989761845148,
      "0.05": 23.189676211108008,
      "0.1": 25.382283691650752,
      "0.2": 28.420654617066624
    },
    "36": {
      "0.01": 19.63649630235425,
      "0.05": 23.632964874935254,
      "0.1": 25.96771325841984,
      "0.2": 29.216389154296138
    },
    "37": {
      "0.01": 18.671408658683443,
      "0.05": 23.1977493026263,
      "0.1": 25.692569110106476,
      "0.2": 29.028707498121616
    },
    "38": {
      "0.01": 17.40092254812753,
      "0.05": 21.780674943575605,
      "0.1": 24.41822181892337,
      "0.2": 27.670544270159752
    },
    "39": {
      "0.01": 19.6511652412959,
      "0.05": 23.510718328953857,
      "0.1": 25.70779905588943,
      "0.2": 28.83200793220283
    },
    "40": {
      "0.01": 19.273819383180417,
      "0.05": 23.13740264514851,
      "0.1": 25.41988826049057,
      "0.2": 28.52661927446477
    },
    "41": {
      "0.01": 18.835315410873505,
      "0.05": 23.193677662405527,
      "0.1": 25.384383653376094,
      "0.2": 28.41485107555284
    },
    "42": {
      "0.01": 17.933433175312235,
      "0.05": 22.161080382919845,
      "0.1": 24.783068531311475,
      "0.2": 28.124253708464238
    },
    "43": {
      "0.01": 19.802806807231516,
      "0.05": 23.670515195072593,
      "0.1": 25.85488028097648,
      "0.2": 28.96040215531926
    },
    "44": {
      "0.01": 18.987306933046444,
      "0.05": 23.12150495204145,
      "0.1": 25.323744987209444,
      "0.2": 28.367409949987227
    },
    "45": {
      "0.01": 19.07181575244225,
      "0.05": 23.298350468324042,
      "0.1": 25.460800757020184,
      "0.2": 28.47563460465649
    },
    "46": {
      "0.01": 18.643435392658354,
      "0.05": 23.14570831088812,
      "0.1": 25.437270830580783,
      "0.2": 28.551210902802474
    },