{
  "entangled_qft": {
    "metrics": {
      "0.01": {
        "mean_mse": 0.009098452346794385,
        "std_mse": 0.005085836356009911,
        "mean_psnr": 21.21491913245101,
        "std_psnr": 2.8096894130241976,
        "mean_ssim": 0.4835347500011583,
        "std_ssim": 0.10887826402552943,
        "nan_count": 0
      },
      "0.02": {
        "mean_mse": 0.006519396830521489,
        "std_mse": 0.003814081202376171,
        "mean_psnr": 22.765873138845123,
        "std_psnr": 3.0271631724733785,
        "mean_ssim": 0.5904583500593608,
        "std_ssim": 0.09740171580422559,
        "nan_count": 0
      },
      "0.05": {
        "mean_mse": 0.003826022357805094,
        "std_mse": 0.002377271053246822,
        "mean_psnr": 25.235059215996017,
        "std_psnr": 3.353410235429281,
        "mean_ssim": 0.726366162150055,
        "std_ssim": 0.07766616648707997,
        "nan_count": 0
      },
      "0.1": {
        "mean_mse": 0.002199671209299499,
        "std_mse": 0.0014535596159594762,
        "mean_psnr": 27.811834777090993,
        "std_psnr": 3.7193124051418462,
        "mean_ssim": 0.8234884795451046,
        "std_ssim": 0.05884053821451431,
        "nan_count": 0
      },
      "0.15": {
        "mean_mse": 0.0014242619722565225,
        "std_mse": 0.000988358613066879,
        "mean_psnr": 29.84160092390322,
        "std_psnr": 4.005629103645466,
        "mean_ssim": 0.8751591870081186,
        "std_ssim": 0.04629161196839352,
        "nan_count": 0
      },
      "0.2": {
        "mean_mse": 0.0009651550252840514,
        "std_mse": 0.0006995521577065187,
        "mean_psnr": 31.659975531459537,
        "std_psnr": 4.2453760602284545,
        "mean_ssim": 0.9085085849178932,
        "std_ssim": 0.03692931286921591,
        "nan_count": 0
      }
    },
    "seed": 98,
    "init": "family_random_basis",
    "objective": "top10pct_mse",
    "steps": 1008,
    "epochs_completed": 112,
    "elapsed_seconds": 630.1
  }
}