{
  "qft_topk10": {
    "metrics": {
      "0.05": {
        "mean_mse": 0.00393574290669661,
        "std_mse": 0.002392613379457866,
        "mean_psnr": 25.093410112804442,
        "std_psnr": 3.350240622809138,
        "mean_ssim": 0.7224469982617058,
        "std_ssim": 0.07812452677156656,
        "nan_count": 0
      },
      "0.1": {
        "mean_mse": 0.0023073095386377555,
        "std_mse": 0.001488239851005622,
        "mean_psnr": 27.5720342952763,
        "std_psnr": 3.699387578077845,
        "mean_ssim": 0.817253041548991,
        "std_ssim": 0.059323949023464786,
        "nan_count": 0
      },
      "0.15": {
        "mean_mse": 0.0015142891295384503,
        "std_mse": 0.0010242610263986925,
        "mean_psnr": 29.5323898278782,
        "std_psnr": 3.9762186751857405,
        "mean_ssim": 0.8688315506873546,
        "std_ssim": 0.047321861246828335,
        "nan_count": 0
      },
      "0.2": {
        "mean_mse": 0.0010378365098846424,
        "std_mse": 0.0007331797003824107,
        "mean_psnr": 31.293546360050588,
        "std_psnr": 4.2090300853202764,
        "mean_ssim": 0.9025876240107894,
        "std_ssim": 0.0383934393285759,
        "nan_count": 0
      }
    },
    "time": 570.5797285279259,
    "_pdft_py": {
      "train_ratio": 0.1,
      "train_k": 6554,
      "steps": 1008,
      "epochs_completed": 112,
      "device": "cuda:0",
      "n_test": 50
    }
  }
}