{
  "blocked_8": {
    "metrics": {
      "0.05": {
        "mean_mse": 0.0038780873426933387,
        "std_mse": 0.0024300324297593786,
        "mean_psnr": 25.18429946302422,
        "std_psnr": 3.3478065544089897,
        "mean_ssim": 0.7136429806679349,
        "std_ssim": 0.07912960082552603,
        "nan_count": 0
      },
      "0.1": {
        "mean_mse": 0.0020785351386575883,
        "std_mse": 0.0013927002772973012,
        "mean_psnr": 28.085316046887495,
        "std_psnr": 3.745411276922883,
        "mean_ssim": 0.8254429612558108,
        "std_ssim": 0.058326056479986475,
        "nan_count": 0
      },
      "0.15": {
        "mean_mse": 0.0012946699307714504,
        "std_mse": 0.0009117356265368909,
        "mean_psnr": 30.295623605465618,
        "std_psnr": 4.054323348710613,
        "mean_ssim": 0.8808582672600699,
        "std_ssim": 0.044777604197203204,
        "nan_count": 0
      },
      "0.2": {
        "mean_mse": 0.0008521331075846454,
        "std_mse": 0.0006275841910086434,
        "mean_psnr": 32.25826936052643,
        "std_psnr": 4.326161366610948,
        "mean_ssim": 0.914956225892434,
        "std_ssim": 0.0348468129185927,
        "nan_count": 0
      }
    },
    "time": 198.0447761528194,
    "_pdft_py": {
      "basis": "blocked_8",
      "lam": 10.0,
      "init_mode": "identity",
      "regulariser": "L1InitAnchorMSELoss",
      "steps": 1008,
      "epochs_completed": 112,
      "device": "cuda:0",
      "n_test": 50
    }
  }
}