{
  "entangled_qft_progressive_k5": {
    "metrics": {
      "0.05": {
        "mean_mse": 0.0018993974834943745,
        "std_mse": 0.0011552810459503073,
        "mean_psnr": 28.494362377982696,
        "std_psnr": 4.112921889953547,
        "mean_ssim": 0.9177316587866698,
        "std_ssim": 0.04124013441814144,
        "nan_count": 0
      },
      "0.1": {
        "mean_mse": 0.0007678565144259826,
        "std_mse": 0.0005609020869789054,
        "mean_psnr": 33.21887235818087,
        "std_psnr": 5.705777176221365,
        "mean_ssim": 0.9458571366119172,
        "std_ssim": 0.03276311294927714,
        "nan_count": 0
      },
      "0.15": {
        "mean_mse": 0.0003440212298339653,
        "std_mse": 0.0002952939246424198,
        "mean_psnr": 38.13489986421297,
        "std_psnr": 8.880032014867904,
        "mean_ssim": 0.9655730077933461,
        "std_ssim": 0.025751620144561983,
        "nan_count": 0
      },
      "0.2": {
        "mean_mse": 0.0001565350934514992,
        "std_mse": 0.00015772907404200303,
        "mean_psnr": 45.72691964256566,
        "std_psnr": 23.038678682317887,
        "mean_ssim": 0.9798899380849749,
        "std_ssim": 0.018543490270284037,
        "nan_count": 0
      }
    },
    "time": 332.066215810366,
    "_pdft_py": {
      "family": "entangled_qft",
      "stage_k": 5,
      "n_trainable": 35,
      "block_size": 32,
      "steps": 1008,
      "epochs_completed": 112,
      "device": "cuda:0",
      "n_test": 50
    }
  }
}