{
  "entangled_qft": {
    "metrics": {
      "0.01": {
        "mean_mse": 0.008873181751997012,
        "std_mse": 0.004908690891637308,
        "mean_psnr": 21.335198198684203,
        "std_psnr": 2.857540465963913,
        "mean_ssim": 0.49811739463736066,
        "std_ssim": 0.10896440500639179,
        "nan_count": 0
      },
      "0.05": {
        "mean_mse": 0.003935732626063061,
        "std_mse": 0.002392603129552357,
        "mean_psnr": 25.093416600731967,
        "std_psnr": 3.3502253630935788,
        "mean_ssim": 0.7224441043171338,
        "std_ssim": 0.07812056021407449,
        "nan_count": 0
      },
      "0.1": {
        "mean_mse": 0.002307313496386829,
        "std_mse": 0.0014882432033025389,
        "mean_psnr": 27.572031661071875,
        "std_psnr": 3.6993945074117174,
        "mean_ssim": 0.8172462954473155,
        "std_ssim": 0.059322664401286314,
        "nan_count": 0
      },
      "0.15": {
        "mean_mse": 0.0015142912757548739,
        "std_mse": 0.0010242654225171234,
        "mean_psnr": 29.53238928601089,
        "std_psnr": 3.9762189475402567,
        "mean_ssim": 0.8688312584133605,
        "std_ssim": 0.047323404775508816,
        "nan_count": 0
      },
      "0.2": {
        "mean_mse": 0.0010378413607960181,
        "std_mse": 0.0007331825763413793,
        "mean_psnr": 31.29353690555162,
        "std_psnr": 4.209046308181989,
        "mean_ssim": 0.9025923843111039,
        "std_ssim": 0.03839362429613763,
        "nan_count": 0
      }
    },
    "time": 301.91976103000343,
    "_pdft_py": {
      "warmup_s": 15.715052761137486,
      "device": "cuda:0",
      "epochs_completed": 112,
      "steps": 1008,
      "n_test": 50,
      "eval_failed_count": {
        "0.01": 0,
        "0.05": 0,
        "0.1": 0,
        "0.15": 0,
        "0.2": 0
      }
    }
  }
}