{
  "qft_progressive_k3": {
    "metrics": {
      "0.05": {
        "mean_mse": 0.003877888097121043,
        "std_mse": 0.002429839500015748,
        "mean_psnr": 25.184668210845494,
        "std_psnr": 3.348174816854791,
        "mean_ssim": 0.7138493255604663,
        "std_ssim": 0.07917947092102874,
        "nan_count": 0
      },
      "0.1": {
        "mean_mse": 0.002078260768609762,
        "std_mse": 0.0013924671770317492,
        "mean_psnr": 28.08585788026073,
        "std_psnr": 3.745443397763804,
        "mean_ssim": 0.8256432352181942,
        "std_ssim": 0.05837787413780811,
        "nan_count": 0
      },
      "0.15": {
        "mean_mse": 0.0012943794907040876,
        "std_mse": 0.0009115740622484161,
        "mean_psnr": 30.296494588342174,
        "std_psnr": 4.053821364590042,
        "mean_ssim": 0.881031326712506,
        "std_ssim": 0.04486096142740459,
        "nan_count": 0
      },
      "0.2": {
        "mean_mse": 0.0008518763910901861,
        "std_mse": 0.0006275215556063236,
        "mean_psnr": 32.260386212868596,
        "std_psnr": 4.327750612450327,
        "mean_ssim": 0.9151546570897292,
        "std_ssim": 0.03493219691199666,
        "nan_count": 0
      }
    },
    "time": 95.58112820703536,
    "_pdft_py": {
      "stage_k": 3,
      "n_trainable": 12,
      "block_size": 8,
      "steps": 504,
      "epochs_completed": 56,
      "device": "cuda:0",
      "n_test": 50
    }
  }
}