{
  "qft_progressive_k3": {
    "metrics": {
      "0.05": {
        "mean_mse": 0.003877858376146166,
        "std_mse": 0.00242981224659257,
        "mean_psnr": 25.184709746016466,
        "std_psnr": 3.348236038190418,
        "mean_ssim": 0.7138450303758986,
        "std_ssim": 0.07921791077145607,
        "nan_count": 0
      },
      "0.1": {
        "mean_mse": 0.002078244121590379,
        "std_mse": 0.0013924567527943308,
        "mean_psnr": 28.085934654776835,
        "std_psnr": 3.7455364941670197,
        "mean_ssim": 0.8256677299200784,
        "std_ssim": 0.058388713439620155,
        "nan_count": 0
      },
      "0.15": {
        "mean_mse": 0.0012943700933929039,
        "std_mse": 0.0009115743220034163,
        "mean_psnr": 30.296787082570194,
        "std_psnr": 4.054525168937508,
        "mean_ssim": 0.8810484130194055,
        "std_ssim": 0.044854147193117935,
        "nan_count": 0
      },
      "0.2": {
        "mean_mse": 0.0008518701661938421,
        "std_mse": 0.0006275265620023364,
        "mean_psnr": 32.260746669791054,
        "std_psnr": 4.328569754747381,
        "mean_ssim": 0.9151676856226969,
        "std_ssim": 0.0349554274291068,
        "nan_count": 0
      }
    },
    "time": 191.4958600681275,
    "_pdft_py": {
      "stage_k": 3,
      "n_trainable": 12,
      "block_size": 8,
      "steps": 1008,
      "epochs_completed": 112,
      "device": "cuda:0",
      "n_test": 50
    }
  }
}