{
  "mera_progressive_k4": {
    "metrics": {
      "0.05": {
        "mean_mse": 0.01762282643600187,
        "std_mse": 0.008511348907909144,
        "mean_psnr": 18.120968540632745,
        "std_psnr": 2.3902225173237728,
        "mean_ssim": 0.8284152999578493,
        "std_ssim": 0.060381601148479715,
        "nan_count": 0
      },
      "0.1": {
        "mean_mse": 0.0070848824451416334,
        "std_mse": 0.004359071336842336,
        "mean_psnr": 22.399268909663586,
        "std_psnr": 2.9768340175212886,
        "mean_ssim": 0.9215268776101954,
        "std_ssim": 0.031530626164501904,
        "nan_count": 0
      },
      "0.15": {
        "mean_mse": 0.003215128990344745,
        "std_mse": 0.0023316111721195746,
        "mean_psnr": 26.198476914888023,
        "std_psnr": 3.5657160662697764,
        "mean_ssim": 0.9604411611335074,
        "std_ssim": 0.020469444086091686,
        "nan_count": 0
      },
      "0.2": {
        "mean_mse": 0.0015316658686783064,
        "std_mse": 0.0013089499339212164,
        "mean_psnr": 30.046843875955254,
        "std_psnr": 4.538085642087872,
        "mean_ssim": 0.9798497737137347,
        "std_ssim": 0.01257200121394484,
        "nan_count": 0
      }
    },
    "time": 16.79082256834954,
    "_pdft_py": {
      "family": "mera",
      "stage_k": 4,
      "n_trainable": 20,
      "block_size": 16,
      "steps": 1008,
      "epochs_completed": 112,
      "device": "cuda:0",
      "n_test": 50
    }
  }
}