{
  "mera_progressive_k2": {
    "metrics": {
      "0.05": {
        "mean_mse": 0.017633745647561084,
        "std_mse": 0.008513983528267332,
        "mean_psnr": 18.117245653147705,
        "std_psnr": 2.3873117931723105,
        "mean_ssim": 0.8284293512576606,
        "std_ssim": 0.06062672729305453,
        "nan_count": 0
      },
      "0.1": {
        "mean_mse": 0.007089835208526292,
        "std_mse": 0.00435327290003312,
        "mean_psnr": 22.39587997109969,
        "std_psnr": 2.9794243508796687,
        "mean_ssim": 0.9206354185925989,
        "std_ssim": 0.031868828127400994,
        "nan_count": 0
      },
      "0.15": {
        "mean_mse": 0.0032194281419203603,
        "std_mse": 0.0023315378555764073,
        "mean_psnr": 26.18868585329717,
        "std_psnr": 3.560363360841271,
        "mean_ssim": 0.9606972751127882,
        "std_ssim": 0.020221629492218653,
        "nan_count": 0
      },
      "0.2": {
        "mean_mse": 0.0015312742171578748,
        "std_mse": 0.0013072084259041156,
        "mean_psnr": 30.04591854739654,
        "std_psnr": 4.537594306847414,
        "mean_ssim": 0.9804065268417854,
        "std_ssim": 0.012492438206323968,
        "nan_count": 0
      }
    },
    "time": 9.990533889271319,
    "_pdft_py": {
      "family": "mera",
      "stage_k": 2,
      "n_trainable": 8,
      "block_size": 4,
      "steps": 1008,
      "epochs_completed": 112,
      "device": "cuda:0",
      "n_test": 50
    }
  }
}