{
  "tebd_progressive_k3": {
    "metrics": {
      "0.05": {
        "mean_mse": 0.017621941251473306,
        "std_mse": 0.00851789925696181,
        "mean_psnr": 18.120852425039374,
        "std_psnr": 2.387814323003063,
        "mean_ssim": 0.8284536470076377,
        "std_ssim": 0.060231272238320054,
        "nan_count": 0
      },
      "0.1": {
        "mean_mse": 0.007086195082358375,
        "std_mse": 0.00435775188051136,
        "mean_psnr": 22.398984575148503,
        "std_psnr": 2.978789194914448,
        "mean_ssim": 0.9208735573566319,
        "std_ssim": 0.03184027437151766,
        "nan_count": 0
      },
      "0.15": {
        "mean_mse": 0.00321769334652169,
        "std_mse": 0.0023284049837200304,
        "mean_psnr": 26.1882670597944,
        "std_psnr": 3.553840355657476,
        "mean_ssim": 0.9604227819481036,
        "std_ssim": 0.019775048344553136,
        "nan_count": 0
      },
      "0.2": {
        "mean_mse": 0.0015295373167076545,
        "std_mse": 0.001306940286922555,
        "mean_psnr": 30.047751383726325,
        "std_psnr": 4.528239224906095,
        "mean_ssim": 0.9799177572092028,
        "std_ssim": 0.012546224619791907,
        "nan_count": 0
      }
    },
    "time": 13.997858694754541,
    "_pdft_py": {
      "family": "tebd",
      "stage_k": 3,
      "n_trainable": 12,
      "block_size": 8,
      "steps": 1008,
      "epochs_completed": 112,
      "device": "cuda:0",
      "n_test": 50
    }
  }
}