{
  "rich_progressive_k1": {
    "metrics": {
      "0.05": {
        "mean_mse": 0.021683113130225445,
        "std_mse": 0.010988427769991543,
        "mean_psnr": 17.238914412849738,
        "std_psnr": 2.3937339505157924,
        "mean_ssim": 0.8184830048715009,
        "std_ssim": 0.06929827316326768,
        "nan_count": 0
      },
      "0.1": {
        "mean_mse": 0.006336320121088843,
        "std_mse": 0.004793959839415714,
        "mean_psnr": 23.334424575564523,
        "std_psnr": 3.6816363331436173,
        "mean_ssim": 0.9452028180586626,
        "std_ssim": 0.032276056637649715,
        "nan_count": 0
      },
      "0.15": {
        "mean_mse": 0.0020535140002712025,
        "std_mse": 0.0021843566349963213,
        "mean_psnr": 30.055322064677483,
        "std_psnr": 6.480703681272475,
        "mean_ssim": 0.9801598278225603,
        "std_ssim": 0.016806601863091613,
        "nan_count": 0
      },
      "0.2": {
        "mean_mse": 0.0006363716826638209,
        "std_mse": 0.0009344701894595837,
        "mean_psnr": 49.07930607401117,
        "std_psnr": 52.19362519997755,
        "mean_ssim": 0.9932721567156136,
        "std_ssim": 0.00832824498306523,
        "nan_count": 0
      }
    },
    "time": 7.475718347355723,
    "_pdft_py": {
      "family": "rich",
      "stage_k": 1,
      "n_trainable": 2,
      "block_size": 2,
      "steps": 1008,
      "epochs_completed": 112,
      "device": "cuda:0",
      "n_test": 50
    }
  }
}