{
  "dataset": "div2k_8q",
  "method": "dct4ctl_random_normal",
  "init": "haar_so",
  "topk_ratio": 0.2,
  "epochs": 1008,
  "data_seed_fixed_test": 42,
  "keep_ratios": [
    0.01,
    0.05,
    0.1,
    0.2
  ],
  "seeds": [
    1,
    2,
    3,
    4,
    5,
    6,
    7,
    8,
    9,
    10,
    11,
    12,
    13,
    14,
    15,
    16,
    17,
    18,
    19,
    20,
    21,
    22,
    23,
    24,
    25,
    26,
    27,
    28,
    29,
    30,
    31,
    32,
    33,
    34,
    35,
    36,
    37,
    38,
    39,
    40,
    41,
    42,
    43,
    44,
    45,
    46,
    47,
    48,
    49,
    50,
    51,
    52,
    53,
    54,
    55,
    56,
    57,
    58,
    59,
    60,
    61,
    62,
    63,
    64,
    65,
    66,
    67,
    68,
    69,
    70,
    71,
    72,
    73,
    74,
    75,
    76,
    77,
    78,
    79,
    80,
    81,
    82,
    83,
    84,
    85,
    86,
    87,
    88,
    89,
    90,
    91,
    92,
    93,
    94,
    95,
    96,
    97,
    98,
    99,
    100
  ],
  "n_seeds": 100,
  "per_seed": {
    "1": {
      "0.01": 20.614749443323795,
      "0.05": 24.143333796956576,
      "0.1": 26.32983648511335,
      "0.2": 29.538488017711302
    },
    "2": {
      "0.01": 20.824787508129397,
      "0.05": 23.907301562851742,
      "0.1": 25.883667215939866,
      "0.2": 28.86376511819055
    },
    "3": {
      "0.01": 20.545446948201512,
      "0.05": 23.73529426332294,
      "0.1": 25.81195553609993,
      "0.2": 28.8636984442707
    },
    "4": {
      "0.01": 20.89967559082113,
      "0.05": 23.91125995748754,
      "0.1": 25.881107519168083,
      "0.2": 28.819272544481517
    },
    "5": {
      "0.01": 21.02353230518231,
      "0.05": 24.169945043587145,
      "0.1": 26.219057390115598,
      "0.2": 29.262142841890608
    },
    "6": {
      "0.01": 20.402857455642412,
      "0.05": 23.61920997877088,
      "0.1": 25.623680565636683,
      "0.2": 28.61211161994256
    },
    "7": {
      "0.01": 20.914571264930565,
      "0.05": 24.00903280800302,
      "0.1": 26.008605146659193,
      "0.2": 28.98172763138755
    },
    "8": {
      "0.01": 20.953853630003113,
      "0.05": 24.02878733822481,
      "0.1": 26.004165644177803,
      "0.2": 28.944552530102452
    },
    "9": {
      "0.01": 21.35977648644096,
      "0.05": 24.795938811287122,
      "0.1": 26.985684064730943,
      "0.2": 30.20569995817822
    },
    "10": {
      "0.01": 21.10667369465612,
      "0.05": 24.305388451353128,
      "0.1": 26.29300820417606,
      "0.2": 29.265009182463196
    },
    "11": {
      "0.01": 20.63239697012559,
      "0.05": 23.871133423944812,
      "0.1": 25.87238363824044,
      "0.2": 28.769191169109014
    },
    "12": {
      "0.01": 21.318290744848063,
      "0.05": 24.604091892350226,
      "0.1": 26.742488644865876,
      "0.2": 29.897466323837605
    },
    "13": {
      "0.01": 20.729368643449906,
      "0.05": 24.035483760344206,
      "0.1": 26.08005465505569,
      "0.2": 29.092475661867642
    },
    "14": {
      "0.01": 21.07889696010639,
      "0.05": 24.29285558384239,
      "0.1": 26.33011659115946,
      "0.2": 29.369094719673917
    },
    "15": {
      "0.01": 20.420224118487937,
      "0.05": 23.72882198418288,
      "0.1": 25.763136226806342,
      "0.2": 28.731839713716987
    },
    "16": {
      "0.01": 20.381570280774,
      "0.05": 23.690739960450216,
      "0.1": 25.732541770600704,
      "0.2": 28.70323273971358
    },
    "17": {
      "0.01": 21.174553217988638,
      "0.05": 24.155876183033715,
      "0.1": 26.093102599669514,
      "0.2": 29.028139198284443
    },
    "18": {
      "0.01": 20.71010273711744,
      "0.05": 23.848367479763613,
      "0.1": 25.849784605636913,
      "0.2": 28.809353345852017
    },
    "19": {
      "0.01": 20.129444055059025,
      "0.05": 23.21409905128131,
      "0.1": 25.214125748475485,
      "0.2": 28.1853646617894
    },
    "20": {
      "0.01": 21.238504377276982,
      "0.05": 24.665619206285836,
      "0.1": 26.801196272638926,
      "0.2": 29.93616084327527
    },
    "21": {
      "0.01": 21.458875253118162,
      "0.05": 24.477024846369453,
      "0.1": 26.427101860776443,
      "0.2": 29.36650900184959
    },
    "22": {
      "0.01": 20.96514921266432,
      "0.05": 24.007630421843327,
      "0.1": 25.964682176951843,
      "0.2": 28.854215183368723
    },
    "23": {
      "0.01": 20.614169040868955,
      "0.05": 23.943121649595728,
      "0.1": 25.99056960145838,
      "0.2": 29.000175529258915
    },
    "24": {
      "0.01": 21.011174818254887,
      "0.05": 24.353389085749008,
      "0.1": 26.417005411532017,
      "0.2": 29.48259911193759
    },
    "25": {
      "0.01": 21.137298427182124,
      "0.05": 24.486119357469356,
      "0.1": 26.701020124895322,
      "0.2": 29.91744766375843
    },
    "26": {
      "0.01": 21.51170491945944,
      "0.05": 25.104254930840085,
      "0.1": 27.38360207985913,
      "0.2": 30.646875890111083
    },
    "27": {
      "0.01": 21.5779381375359,
      "0.05": 25.1413933819962,
      "0.1": 27.413260213538944,
      "0.2": 30.669215962266392
    },
    "28": {
      "0.01": 20.98135112528416,
      "0.05": 24.021879534725763,
      "0.1": 25.952746428397017,
      "0.2": 28.852037361387328
    },
    "29": {
      "0.01": 19.781926462488006,
      "0.05": 23.102397135002956,
      "0.1": 25.198953227195922,
      "0.2": 28.25199032516537
    },
    "30": {
      "0.01": 20.729703585591086,
      "0.05": 23.886848447606884,
      "0.1": 25.880486812614727,
      "0.2": 28.793462821692785
    },
    "31": {
      "0.01": 21.072602477863555,
      "0.05": 24.50008120549544,
      "0.1": 26.65472453980937,
      "0.2": 29.814677562170058
    },
    "32": {
      "0.01": 20.568439742799505,
      "0.05": 24.01707260263941,
      "0.1": 26.06976229157049,
      "0.2": 29.087999651516576
    },
    "33": {
      "0.01": 20.554669030348464,
      "0.05": 23.789104448080142,
      "0.1": 25.789719797161457,
      "0.2": 28.707081462046954
    },
    "34": {
      "0.01": 20.686189414494493,
      "0.05": 23.602018204079297,
      "0.1": 25.61058209182887,
      "0.2": 28.64643082258481
    },
    "35": {
      "0.01": 20.05623287749424,
      "0.05": 23.45056254123808,
      "0.1": 25.504806700772956,
      "0.2": 28.478737509779084
    },
    "36": {
      "0.01": 21.550085912850765,
      "0.05": 24.673648483080125,
      "0.1": 26.688997044933743,
      "0.2": 29.729773354970188
    },
    "37": {
      "0.01": 20.914285918309567,
      "0.05": 23.9558135380005,
      "0.1": 25.89694769828823,
      "0.2": 28.803010635017543
    },
    "38": {
      "0.01": 20.788545073315532,
      "0.05": 23.869845598955308,
      "0.1": 25.87423632834967,
      "0.2": 28.888230788488478
    },
    "39": {
      "0.01": 20.585203475490466,
      "0.05": 23.641616327456976,
      "0.1": 25.590286321090257,
      "0.2": 28.51684826816897
    },
    "40": {
      "0.01": 21.195899075850065,
      "0.05": 24.197356538583428,
      "0.1": 26.114118249394096,
      "0.2": 29.014946661332473
    },
    "41": {
      "0.01": 20.898349326223066,
      "0.05": 24.033518671223966,
      "0.1": 26.034857204705595,
      "0.2": 29.010537152336237
    },
    "42": {
      "0.01": 21.515935071109826,
      "0.05": 24.82037081484866,
      "0.1": 26.917865270716216,
      "0.2": 30.021915953064426
    },
    "43": {
      "0.01": 20.80334556987975,
      "0.05": 24.01659247941771,
      "0.1": 26.088944452065963,
      "0.2": 29.154693778203814
    },
    "44": {
      "0.01": 20.485071105759957,
      "0.05": 23.443379558048772,
      "0.1": 25.40206047040956,
      "0.2": 28.32175083928767
    },
    "45": {
      "0.01": 21.049239982656285,
      "0.05": 24.098694641570045,
      "0.1": 26.0727465545047,
      "0.2": 29.01474250841604
    },
    "46": {
      "0.01": 21.01071136439753,
      "0.05": 24.190977056291963,
      "0.1": 26.208320345488232,
      "0.2": 29.217306207225988
    },