{
  "qft_progressive_k1": {
    "metrics": {
      "0.05": {
        "mean_mse": 0.13407296983539266,
        "std_mse": 0.07098327626800063,
        "mean_psnr": 9.426448264441833,
        "std_psnr": 2.602537552192726,
        "mean_ssim": 0.17408367540759745,
        "std_ssim": 0.0336414266648946,
        "nan_count": 0
      },
      "0.1": {
        "mean_mse": 0.06941085003924914,
        "std_mse": 0.042301259563309546,
        "mean_psnr": 12.47286562084704,
        "std_psnr": 2.898694127849721,
        "mean_ssim": 0.360487202608496,
        "std_ssim": 0.04522153626954777,
        "nan_count": 0
      },
      "0.15": {
        "mean_mse": 0.03060145773447227,
        "std_mse": 0.019833296791648955,
        "mean_psnr": 16.175636223394182,
        "std_psnr": 3.138973980445109,
        "mean_ssim": 0.5366412540856215,
        "std_ssim": 0.055448648139498465,
        "nan_count": 0
      },
      "0.2": {
        "mean_mse": 0.009774250921663983,
        "std_mse": 0.006221404294185671,
        "mean_psnr": 21.13893958816086,
        "std_psnr": 3.2174680252814816,
        "mean_ssim": 0.7106654413221406,
        "std_ssim": 0.05538408210200179,
        "nan_count": 0
      }
    },
    "time": 449.7123365662992,
    "_pdft_py": {
      "stage_k": 1,
      "n_trainable": 2,
      "n_frozen": 70,
      "inner_m": 1,
      "inner_n": 1,
      "block_size": 2,
      "steps": 1008,
      "epochs_completed": 112,
      "device": "cuda:0",
      "n_test": 50
    }
  }
}