{
  "qft_b4": {
    "metrics": {
      "0.01": {
        "mean_mse": 0.009098306384590134,
        "std_mse": 0.005086027406286575,
        "mean_psnr": 21.215108429184156,
        "std_psnr": 2.810006260410884,
        "mean_ssim": 0.4835074037216022,
        "std_ssim": 0.10878976802984507,
        "nan_count": 0
      },
      "0.02": {
        "mean_mse": 0.006519399126498571,
        "std_mse": 0.0038142246711975352,
        "mean_psnr": 22.765966639946182,
        "std_psnr": 3.027372282500172,
        "mean_ssim": 0.5904216416121288,
        "std_ssim": 0.09743979699233835,
        "nan_count": 0
      },
      "0.05": {
        "mean_mse": 0.003826037176382958,
        "std_mse": 0.002377371271627364,
        "mean_psnr": 25.235157452752265,
        "std_psnr": 3.353600099417681,
        "mean_ssim": 0.72631790766008,
        "std_ssim": 0.07764565186638536,
        "nan_count": 0
      },
      "0.1": {
        "mean_mse": 0.0021997108332724984,
        "std_mse": 0.0014535985995956788,
        "mean_psnr": 27.811877295155018,
        "std_psnr": 3.719538787211498,
        "mean_ssim": 0.823445491780895,
        "std_ssim": 0.05885970571021322,
        "nan_count": 0
      },
      "0.15": {
        "mean_mse": 0.0014242632654161732,
        "std_mse": 0.000988388144703363,
        "mean_psnr": 29.841722967782484,
        "std_psnr": 4.005811612020613,
        "mean_ssim": 0.8751680133784998,
        "std_ssim": 0.04630522442500261,
        "nan_count": 0
      },
      "0.2": {
        "mean_mse": 0.0009651721931940879,
        "std_mse": 0.000699609738498905,
        "mean_psnr": 31.6601452315378,
        "std_psnr": 4.245728320139017,
        "mean_ssim": 0.9085167817367459,
        "std_ssim": 0.036893901210315314,
        "nan_count": 0
      }
    },
    "seed": 98,
    "init": "family_random_basis",
    "objective": "top10pct_mse",
    "steps": 1008,
    "epochs_completed": 112,
    "elapsed_seconds": 292.1
  }
}