{
  "qft_progressive_k8": {
    "metrics": {
      "0.05": {
        "mean_mse": 0.003935817661028739,
        "std_mse": 0.002392689016087002,
        "mean_psnr": 25.093337546112153,
        "std_psnr": 3.350214996117644,
        "mean_ssim": 0.7224508372792384,
        "std_ssim": 0.07814153180313389,
        "nan_count": 0
      },
      "0.1": {
        "mean_mse": 0.0023073453916266705,
        "std_mse": 0.0014882723900768939,
        "mean_psnr": 27.572027926389406,
        "std_psnr": 3.6995120281129696,
        "mean_ssim": 0.8172500215546675,
        "std_ssim": 0.05935316787218577,
        "nan_count": 0
      },
      "0.15": {
        "mean_mse": 0.001514321609283344,
        "std_mse": 0.0010242527411563145,
        "mean_psnr": 29.53230551037698,
        "std_psnr": 3.976297247904615,
        "mean_ssim": 0.8688374568581433,
        "std_ssim": 0.04734284057267103,
        "nan_count": 0
      },
      "0.2": {
        "mean_mse": 0.0010378652706663175,
        "std_mse": 0.0007331671555788498,
        "mean_psnr": 31.29340466542708,
        "std_psnr": 4.209032863789232,
        "mean_ssim": 0.9025892197465969,
        "std_ssim": 0.03840955727878449,
        "nan_count": 0
      }
    },
    "time": 543.2821857845411,
    "_pdft_py": {
      "family": "qft",
      "stage_k": 8,
      "n_trainable": 72,
      "block_size": 256,
      "steps": 1008,
      "epochs_completed": 112,
      "device": "cuda:0",
      "n_test": 50
    }
  }
}