{
  "experiment": "tebd_progressive",
  "family": "tebd",
  "init_policy": "identity",
  "init_seed": null,
  "dataset": "quickdraw_5q",
  "epochs_per_stage": 112,
  "n_stages": 4,
  "k_values": [
    2,
    3,
    4,
    5
  ],
  "total_epochs": 448,
  "stages": [
    {
      "k": 2,
      "n_trainable": 8,
      "block_size": 4,
      "cell": "stage_k2",
      "psnr_rho_020": 39.81406743246533,
      "steps": 1008,
      "elapsed_seconds": 9.885858750902116
    },
    {
      "k": 3,
      "n_trainable": 12,
      "block_size": 8,
      "cell": "stage_k3",
      "psnr_rho_020": 39.55424151571745,
      "steps": 1008,
      "elapsed_seconds": 13.975433057174087
    },
    {
      "k": 4,
      "n_trainable": 16,
      "block_size": 16,
      "cell": "stage_k4",
      "psnr_rho_020": 39.38920879471421,
      "steps": 1008,
      "elapsed_seconds": 15.904217143543065
    },
    {
      "k": 5,
      "n_trainable": 20,
      "block_size": 32,
      "cell": "stage_k5",
      "psnr_rho_020": 39.388294639974355,
      "steps": 1008,
      "elapsed_seconds": 17.04103360697627
    }
  ],
  "anchors": {},
  "git_sha": "7d3738394eee2d92acf973967777b1bf2615afab"
}