{
  "blocked_16": {
    "metrics": {
      "0.05": {
        "mean_mse": 0.01762560722354182,
        "std_mse": 0.008499582418799036,
        "mean_psnr": 18.11757603115486,
        "std_psnr": 2.3829338990948497,
        "mean_ssim": 0.8281206348150956,
        "std_ssim": 0.05945627279661297,
        "nan_count": 0
      },
      "0.1": {
        "mean_mse": 0.00707183208238226,
        "std_mse": 0.004356230402881675,
        "mean_psnr": 22.412370937683104,
        "std_psnr": 2.9889768673260058,
        "mean_ssim": 0.9205877048219966,
        "std_ssim": 0.031564258348174994,
        "nan_count": 0
      },
      "0.15": {
        "mean_mse": 0.0032165631682510537,
        "std_mse": 0.0023426372457069464,
        "mean_psnr": 26.202219798945777,
        "std_psnr": 3.5721555884293408,
        "mean_ssim": 0.9597293486144496,
        "std_ssim": 0.019509121926594607,
        "nan_count": 0
      },
      "0.2": {
        "mean_mse": 0.0015316695367600963,
        "std_mse": 0.0013140541369759343,
        "mean_psnr": 30.047934805734098,
        "std_psnr": 4.529472768501219,
        "mean_ssim": 0.9797768114033271,
        "std_ssim": 0.012479249061864834,
        "nan_count": 0
      }
    },
    "time": 15.08124333806336,
    "_pdft_py": {
      "warmup_s": 3.8880966994911432,
      "device": "cuda:0",
      "epochs_completed": 112,
      "steps": 1008,
      "n_test": 50,
      "eval_failed_count": {
        "0.05": 0,
        "0.1": 0,
        "0.15": 0,
        "0.2": 0
      }
    }
  }
}