{
  "qft_progressive_k1": {
    "metrics": {
      "0.05": {
        "mean_mse": 0.13407296837312407,
        "std_mse": 0.07098327340932696,
        "mean_psnr": 9.426448324913661,
        "std_psnr": 2.6025376701099368,
        "mean_ssim": 0.1740847484045426,
        "std_ssim": 0.033631759542546116,
        "nan_count": 0
      },
      "0.1": {
        "mean_mse": 0.06941085607152889,
        "std_mse": 0.042301254348597904,
        "mean_psnr": 12.472865000058011,
        "std_psnr": 2.8986938004218885,
        "mean_ssim": 0.36048917390478236,
        "std_ssim": 0.045222374469827346,
        "nan_count": 0
      },
      "0.15": {
        "mean_mse": 0.030601467480599803,
        "std_mse": 0.019833290896145394,
        "mean_psnr": 16.17563269183523,
        "std_psnr": 3.138969070286579,
        "mean_ssim": 0.5366462597654469,
        "std_ssim": 0.05542491039264912,
        "nan_count": 0
      },
      "0.2": {
        "mean_mse": 0.009774262679019903,
        "std_mse": 0.00622139745642473,
        "mean_psnr": 21.138924186008804,
        "std_psnr": 3.217446199461383,
        "mean_ssim": 0.710677477464178,
        "std_ssim": 0.05538590582318755,
        "nan_count": 0
      }
    },
    "time": 68.38278681226075,
    "_pdft_py": {
      "stage_k": 1,
      "n_trainable": 2,
      "block_size": 2,
      "steps": 1008,
      "epochs_completed": 112,
      "device": "cuda:0",
      "n_test": 50
    }
  }
}