{
  "tebd": {
    "metrics": {
      "0.01": {
        "mean_mse": 0.054727819308856576,
        "std_mse": 0.007436652646346774,
        "mean_psnr": 12.658347136005482,
        "std_psnr": 0.5946623165159444,
        "mean_ssim": 0.2773869746578971,
        "std_ssim": 0.06301229172097388,
        "nan_count": 0
      },
      "0.02": {
        "mean_mse": 0.04493638425159302,
        "std_mse": 0.006831786816923,
        "mean_psnr": 13.525370529932445,
        "std_psnr": 0.6725630545748034,
        "mean_ssim": 0.37734568514318595,
        "std_ssim": 0.057057226167355486,
        "nan_count": 0
      },
      "0.05": {
        "mean_mse": 0.030385089991020787,
        "std_mse": 0.005235621793372173,
        "mean_psnr": 15.240488961858368,
        "std_psnr": 0.7723567137368267,
        "mean_ssim": 0.520827652015117,
        "std_ssim": 0.0584155164163246,
        "nan_count": 0
      },
      "0.1": {
        "mean_mse": 0.019190589254569557,
        "std_mse": 0.0036650308176709545,
        "mean_psnr": 17.252088628087552,
        "std_psnr": 0.8607757544580147,
        "mean_ssim": 0.6307006960668492,
        "std_ssim": 0.06765313713265025,
        "nan_count": 0
      },
      "0.15": {
        "mean_mse": 0.012966684759964186,
        "std_mse": 0.0026050976898540756,
        "mean_psnr": 18.96318287203474,
        "std_psnr": 0.9028947226750097,
        "mean_ssim": 0.6875620751663319,
        "std_ssim": 0.06973653812295133,
        "nan_count": 0
      },
      "0.2": {
        "mean_mse": 0.009113399724698441,
        "std_mse": 0.0018856054347239424,
        "mean_psnr": 20.499760692577375,
        "std_psnr": 0.9266349268928973,
        "mean_ssim": 0.7243863555920701,
        "std_ssim": 0.07335253051803631,
        "nan_count": 0
      }
    },
    "seed": 98,
    "init": "family_random_basis",
    "objective": "top10pct_mse",
    "steps": 1008,
    "epochs_completed": 112,
    "elapsed_seconds": 18.3
  }
}