{
  "entangled_qft_progressive_k6": {
    "metrics": {
      "0.05": {
        "mean_mse": 0.003935729346072256,
        "std_mse": 0.0023926024112260274,
        "mean_psnr": 25.093419416904524,
        "std_psnr": 3.350231200647033,
        "mean_ssim": 0.7224446450994436,
        "std_ssim": 0.07813053672294172,
        "nan_count": 0
      },
      "0.1": {
        "mean_mse": 0.002307306433723086,
        "std_mse": 0.0014882498402893265,
        "mean_psnr": 27.572051670498976,
        "std_psnr": 3.699410054954312,
        "mean_ssim": 0.8172770548443075,
        "std_ssim": 0.059330219541220135,
        "nan_count": 0
      },
      "0.15": {
        "mean_mse": 0.0015142995416194385,
        "std_mse": 0.0010242795827941741,
        "mean_psnr": 29.53237591627314,
        "std_psnr": 3.9762418834211952,
        "mean_ssim": 0.8688287939601389,
        "std_ssim": 0.04732321386476746,
        "nan_count": 0
      },
      "0.2": {
        "mean_mse": 0.0010378392590105784,
        "std_mse": 0.0007331744421894544,
        "mean_psnr": 31.29354413164765,
        "std_psnr": 4.2090343873594165,
        "mean_ssim": 0.9025932196853137,
        "std_ssim": 0.03838584429995956,
        "nan_count": 0
      }
    },
    "time": 412.3728273753077,
    "_pdft_py": {
      "family": "entangled_qft",
      "stage_k": 6,
      "n_trainable": 48,
      "block_size": 64,
      "steps": 1008,
      "epochs_completed": 112,
      "device": "cuda:0",
      "n_test": 50
    }
  }
}