{
  "qft_identity_reg": {
    "metrics": {
      "0.05": {
        "mean_mse": 1.4390587398043943e-05,
        "std_mse": 3.808507325342559e-05,
        "mean_psnr": 68.7844905708509,
        "std_psnr": 24.816594014979728,
        "mean_ssim": 0.9985433557644141,
        "std_ssim": 0.00237702959377854,
        "nan_count": 0
      },
      "0.1": {
        "mean_mse": 2.5100141298536956e-08,
        "std_mse": 8.731038338438058e-08,
        "mean_psnr": 105.37897584893554,
        "std_psnr": 14.894262336800503,
        "mean_ssim": 0.9999904047193336,
        "std_ssim": 3.880464181433338e-05,
        "nan_count": 0
      },
      "0.15": {
        "mean_mse": 6.864646607437354e-12,
        "std_mse": 6.567656306202479e-12,
        "mean_psnr": 116.03561723050291,
        "std_psnr": 8.925399859399999,
        "mean_ssim": 0.9999999856645393,
        "std_ssim": 1.8092712505477125e-08,
        "nan_count": 0
      },
      "0.2": {
        "mean_mse": 2.6066186180750782e-12,
        "std_mse": 2.9924415490301515e-12,
        "mean_psnr": 123.07715555391248,
        "std_psnr": 12.954602025208711,
        "mean_ssim": 0.9999999972923086,
        "std_ssim": 5.3311116742210485e-09,
        "nan_count": 0
      }
    },
    "time": 542.650195972994,
    "_pdft_py": {
      "reg": "L1",
      "lam": 0.1,
      "outer_weight": null,
      "inner_m": null,
      "inner_n": null,
      "steps": 1008,
      "epochs_completed": 112,
      "device": "cuda:0",
      "n_test": 50
    }
  }
}