{
  "tebd_progressive_k6": {
    "metrics": {
      "0.05": {
        "mean_mse": 0.0041249594228661155,
        "std_mse": 0.0024606245852231705,
        "mean_psnr": 24.845196928039364,
        "std_psnr": 3.270425154600668,
        "mean_ssim": 0.7126192014771402,
        "std_ssim": 0.07808495871781752,
        "nan_count": 0
      },
      "0.1": {
        "mean_mse": 0.0024593784071786366,
        "std_mse": 0.0015497082081648756,
        "mean_psnr": 27.22725448196664,
        "std_psnr": 3.5728075550537293,
        "mean_ssim": 0.8074379400611305,
        "std_ssim": 0.06001695732815264,
        "nan_count": 0
      },
      "0.15": {
        "mean_mse": 0.0016348366462801392,
        "std_mse": 0.0010756197099559156,
        "mean_psnr": 29.112271223180286,
        "std_psnr": 3.8185696275406418,
        "mean_ssim": 0.859667171818645,
        "std_ssim": 0.048494820893128024,
        "nan_count": 0
      },
      "0.2": {
        "mean_mse": 0.0011332222921319323,
        "std_mse": 0.0007770497143304713,
        "mean_psnr": 30.80764651626645,
        "std_psnr": 4.032616831858333,
        "mean_ssim": 0.894226889054705,
        "std_ssim": 0.039823291786778424,
        "nan_count": 0
      }
    },
    "time": 429.76858708821237,
    "_pdft_py": {
      "family": "tebd",
      "stage_k": 6,
      "n_trainable": 24,
      "block_size": 64,
      "steps": 1008,
      "epochs_completed": 112,
      "device": "cuda:0",
      "n_test": 50
    }
  }
}