{
  "entangled_qft_progressive_k2": {
    "metrics": {
      "0.05": {
        "mean_mse": 0.17294664158992298,
        "std_mse": 0.008822368879486507,
        "mean_psnr": 7.626540587711909,
        "std_psnr": 0.22189719343122077,
        "mean_ssim": 0.6386551458838681,
        "std_ssim": 0.04098796010582925,
        "nan_count": 0
      },
      "0.1": {
        "mean_mse": 0.00027564603913342046,
        "std_mse": 0.00033045716370167666,
        "mean_psnr": 41.891212701414204,
        "std_psnr": 11.549974746642263,
        "mean_ssim": 0.9939934819062377,
        "std_ssim": 0.00592938181716082,
        "nan_count": 0
      },
      "0.15": {
        "mean_mse": 8.078751698495709e-06,
        "std_mse": 1.9483586829198238e-05,
        "mean_psnr": 66.48413997570191,
        "std_psnr": 16.644856225941933,
        "mean_ssim": 0.9996579007478619,
        "std_ssim": 0.0005463514940427116,
        "nan_count": 0
      },
      "0.2": {
        "mean_mse": 9.3881359502923e-08,
        "std_mse": 2.3073486330850474e-07,
        "mean_psnr": 83.57951941373908,
        "std_psnr": 12.03358152527212,
        "mean_ssim": 0.9999964734845164,
        "std_ssim": 2.9490650239220795e-05,
        "nan_count": 0
      }
    },
    "time": 132.63663357682526,
    "_pdft_py": {
      "family": "entangled_qft",
      "stage_k": 2,
      "n_trainable": 8,
      "block_size": 4,
      "steps": 1008,
      "epochs_completed": 112,
      "device": "cuda:0",
      "n_test": 50
    }
  }
}