{
  "qft_progressive_k4": {
    "metrics": {
      "0.05": {
        "mean_mse": 0.00131408459925985,
        "std_mse": 0.0009822270419262713,
        "mean_psnr": 30.973946448852075,
        "std_psnr": 5.8522518513006405,
        "mean_ssim": 0.9517224504162786,
        "std_ssim": 0.02832660040003846,
        "nan_count": 0
      },
      "0.1": {
        "mean_mse": 0.00036156122663889677,
        "std_mse": 0.00034712966326933025,
        "mean_psnr": 39.36698756291841,
        "std_psnr": 11.575664641769752,
        "mean_ssim": 0.9772001825858867,
        "std_ssim": 0.01857768385466552,
        "nan_count": 0
      },
      "0.15": {
        "mean_mse": 0.00010959104734649573,
        "std_mse": 0.00012897482336028836,
        "mean_psnr": 49.15801565304083,
        "std_psnr": 18.68141712368699,
        "mean_ssim": 0.9900955024257815,
        "std_ssim": 0.011005490545414267,
        "nan_count": 0
      },
      "0.2": {
        "mean_mse": 3.1628489641345396e-05,
        "std_mse": 4.5407715477784225e-05,
        "mean_psnr": 65.6063248567435,
        "std_psnr": 33.91620723657061,
        "mean_ssim": 0.9964353481230092,
        "std_ssim": 0.004955551266296599,
        "nan_count": 0
      }
    },
    "time": 256.88877479266375,
    "_pdft_py": {
      "family": "qft",
      "stage_k": 4,
      "n_trainable": 20,
      "block_size": 16,
      "steps": 1008,
      "epochs_completed": 112,
      "device": "cuda:0",
      "n_test": 50
    }
  }
}