{
  "tebd": {
    "metrics": {
      "0.05": {
        "mean_mse": 0.005005888254837232,
        "std_mse": 0.002928729310251111,
        "mean_psnr": 23.834552819245275,
        "std_psnr": 2.824299917206394,
        "mean_ssim": 0.6437494520507133,
        "std_ssim": 0.0682401145604612,
        "nan_count": 0
      },
      "0.1": {
        "mean_mse": 0.003205274495207795,
        "std_mse": 0.0019273450603216043,
        "mean_psnr": 25.812143401827544,
        "std_psnr": 2.902030587858293,
        "mean_ssim": 0.7405176978822131,
        "std_ssim": 0.05806106419343542,
        "nan_count": 0
      },
      "0.15": {
        "mean_mse": 0.002255220247255632,
        "std_mse": 0.0013732892429731837,
        "mean_psnr": 27.358695192211837,
        "std_psnr": 2.941978080193172,
        "mean_ssim": 0.796082120019303,
        "std_ssim": 0.05238678081616828,
        "nan_count": 0
      },
      "0.2": {
        "mean_mse": 0.0016438051358079778,
        "std_mse": 0.0010093093234819167,
        "mean_psnr": 28.74380623753858,
        "std_psnr": 2.965678704663512,
        "mean_ssim": 0.8351886419208729,
        "std_ssim": 0.04741500542443769,
        "nan_count": 0
      }
    },
    "time": 541.4908180655912,
    "_pdft_py": {
      "basis": "tebd",
      "lam": 10.0,
      "regulariser": "L1InitAnchorMSELoss",
      "steps": 1008,
      "epochs_completed": 112,
      "device": "cuda:0",
      "n_test": 50
    }
  }
}