{
  "blocked": {
    "metrics": {
      "0.05": {
        "mean_mse": 0.017633777347850755,
        "std_mse": 0.008503997858623939,
        "mean_psnr": 18.115631940711587,
        "std_psnr": 2.3830522253366775,
        "mean_ssim": 0.8281623049634003,
        "std_ssim": 0.059699095457015704,
        "nan_count": 0
      },
      "0.1": {
        "mean_mse": 0.007073029075879962,
        "std_mse": 0.004356287191414063,
        "mean_psnr": 22.41105025068682,
        "std_psnr": 2.9877305188735006,
        "mean_ssim": 0.9211577989653094,
        "std_ssim": 0.03193996972623266,
        "nan_count": 0
      },
      "0.15": {
        "mean_mse": 0.0032155502551862005,
        "std_mse": 0.0023406596348875,
        "mean_psnr": 26.201726499343007,
        "std_psnr": 3.570098826241086,
        "mean_ssim": 0.9600686774048925,
        "std_ssim": 0.019547360962077213,
        "nan_count": 0
      },
      "0.2": {
        "mean_mse": 0.0015303326930446303,
        "std_mse": 0.001311817401668047,
        "mean_psnr": 30.05363781459515,
        "std_psnr": 4.536557736067046,
        "mean_ssim": 0.9801423012457523,
        "std_ssim": 0.012596869448358108,
        "nan_count": 0
      }
    },
    "time": 18.177109972573817,
    "_pdft_py": {
      "warmup_s": 0.5820051534101367,
      "device": "cuda:1",
      "epochs_completed": 223,
      "steps": 2007,
      "n_test": 50,
      "eval_failed_count": {
        "0.05": 0,
        "0.1": 0,
        "0.15": 0,
        "0.2": 0
      }
    }
  }
}