{
  "blocked": {
    "metrics": {
      "0.05": {
        "mean_mse": 0.01762196526276395,
        "std_mse": 0.008513797202259114,
        "mean_psnr": 18.12043877879031,
        "std_psnr": 2.3872105996996495,
        "mean_ssim": 0.8280789650108509,
        "std_ssim": 0.060157359090563356,
        "nan_count": 0
      },
      "0.1": {
        "mean_mse": 0.0070776726380018555,
        "std_mse": 0.004353517734932683,
        "mean_psnr": 22.403229888380487,
        "std_psnr": 2.975730329857142,
        "mean_ssim": 0.9204911062733158,
        "std_ssim": 0.032592749398365053,
        "nan_count": 0
      },
      "0.15": {
        "mean_mse": 0.003215824465831369,
        "std_mse": 0.0023349693940760328,
        "mean_psnr": 26.200661456800358,
        "std_psnr": 3.571790578988535,
        "mean_ssim": 0.9605510063134495,
        "std_ssim": 0.01997650939302123,
        "nan_count": 0
      },
      "0.2": {
        "mean_mse": 0.0015296317238809387,
        "std_mse": 0.0013067281645944698,
        "mean_psnr": 30.048023977090043,
        "std_psnr": 4.529581511982441,
        "mean_ssim": 0.9800307386862832,
        "std_ssim": 0.012543006942788294,
        "nan_count": 0
      }
    },
    "time": 13.153365888632834,
    "_pdft_py": {
      "warmup_s": 3.0741257024928927,
      "device": "cuda:1",
      "epochs_completed": 112,
      "steps": 1008,
      "n_test": 50,
      "eval_failed_count": {
        "0.05": 0,
        "0.1": 0,
        "0.15": 0,
        "0.2": 0
      }
    }
  }
}