{
  "blocked": {
    "metrics": {
      "0.05": {
        "mean_mse": 0.01761939658606304,
        "std_mse": 0.008507406313471343,
        "mean_psnr": 18.12066600384555,
        "std_psnr": 2.3870449824623057,
        "mean_ssim": 0.8284158611869933,
        "std_ssim": 0.0598289334851419,
        "nan_count": 0
      },
      "0.1": {
        "mean_mse": 0.007073307521775719,
        "std_mse": 0.004360572844946851,
        "mean_psnr": 22.409840661386696,
        "std_psnr": 2.983395966845888,
        "mean_ssim": 0.9206862872235785,
        "std_ssim": 0.03182354805970951,
        "nan_count": 0
      },
      "0.15": {
        "mean_mse": 0.0032157015077678226,
        "std_mse": 0.0023404435066524624,
        "mean_psnr": 26.20465066153345,
        "std_psnr": 3.5763619066410084,
        "mean_ssim": 0.9603832347866852,
        "std_ssim": 0.0196879277161466,
        "nan_count": 0
      },
      "0.2": {
        "mean_mse": 0.001529708559593724,
        "std_mse": 0.0013115484953361335,
        "mean_psnr": 30.059499877506397,
        "std_psnr": 4.543423609400115,
        "mean_ssim": 0.9801243748400669,
        "std_ssim": 0.012510962699160438,
        "nan_count": 0
      }
    },
    "time": 7.963098548352718,
    "_pdft_py": {
      "warmup_s": 2.833023289218545,
      "device": "cuda:0",
      "epochs_completed": 60,
      "steps": 540,
      "n_test": 50,
      "eval_failed_count": {
        "0.05": 0,
        "0.1": 0,
        "0.15": 0,
        "0.2": 0
      }
    }
  }
}