{
  "blocked": {
    "metrics": {
      "0.05": {
        "mean_mse": 0.01762587130571543,
        "std_mse": 0.008513091434063405,
        "mean_psnr": 18.119499665471135,
        "std_psnr": 2.387999224510971,
        "mean_ssim": 0.8285270476355674,
        "std_ssim": 0.060398540592709105,
        "nan_count": 0
      },
      "0.1": {
        "mean_mse": 0.007085066561007978,
        "std_mse": 0.0043631641174082655,
        "mean_psnr": 22.39869840973032,
        "std_psnr": 2.9739308531175115,
        "mean_ssim": 0.9203817966411727,
        "std_ssim": 0.032726918158989954,
        "nan_count": 0
      },
      "0.15": {
        "mean_mse": 0.0032190178312691813,
        "std_mse": 0.002337263993418826,
        "mean_psnr": 26.195616692926464,
        "std_psnr": 3.570398888206687,
        "mean_ssim": 0.9607816342662017,
        "std_ssim": 0.020026296860511203,
        "nan_count": 0
      },
      "0.2": {
        "mean_mse": 0.0015304904184081378,
        "std_mse": 0.0013080324532561975,
        "mean_psnr": 30.046972923379567,
        "std_psnr": 4.529520747913821,
        "mean_ssim": 0.980134847842752,
        "std_ssim": 0.012550120071941277,
        "nan_count": 0
      }
    },
    "time": 19.522860990837216,
    "_pdft_py": {
      "warmup_s": 0.5422614738345146,
      "device": "cpu:0",
      "epochs_completed": 112,
      "steps": 1008,
      "n_test": 50,
      "eval_failed_count": {
        "0.05": 0,
        "0.1": 0,
        "0.15": 0,
        "0.2": 0
      }
    }
  }
}