{
  "blocked_8": {
    "metrics": {
      "0.05": {
        "mean_mse": 0.003877871737822229,
        "std_mse": 0.0024297909699696465,
        "mean_psnr": 25.184640411034678,
        "std_psnr": 3.3480872740215175,
        "mean_ssim": 0.7138554042062414,
        "std_ssim": 0.07918793023824157,
        "nan_count": 0
      },
      "0.1": {
        "mean_mse": 0.002078252281662933,
        "std_mse": 0.0013924310512714875,
        "mean_psnr": 28.085801208763947,
        "std_psnr": 3.7452682896971754,
        "mean_ssim": 0.8256583943488595,
        "std_ssim": 0.05838737925829208,
        "nan_count": 0
      },
      "0.15": {
        "mean_mse": 0.0012943723529311975,
        "std_mse": 0.0009115756277895936,
        "mean_psnr": 30.29655878413379,
        "std_psnr": 4.053938796730816,
        "mean_ssim": 0.8810543272158884,
        "std_ssim": 0.04486748032637115,
        "nan_count": 0
      },
      "0.2": {
        "mean_mse": 0.0008518720630687079,
        "std_mse": 0.0006275255390266854,
        "mean_psnr": 32.260511739903414,
        "std_psnr": 4.328016464037771,
        "mean_ssim": 0.9151620760554696,
        "std_ssim": 0.034953946774317214,
        "nan_count": 0
      }
    },
    "time": 195.6607473231852,
    "_pdft_py": {
      "warmup_s": 3.6423789989203215,
      "device": "cuda:0",
      "epochs_completed": 112,
      "steps": 1008,
      "n_test": 50,
      "eval_failed_count": {
        "0.05": 0,
        "0.1": 0,
        "0.15": 0,
        "0.2": 0
      }
    }
  }
}