{
  "rich_8": {
    "metrics": {
      "0.05": {
        "mean_mse": 0.0033216703094847487,
        "std_mse": 0.002183378314188716,
        "mean_psnr": 25.98903961315128,
        "std_psnr": 3.606843049958647,
        "mean_ssim": 0.7406706183859301,
        "std_ssim": 0.0805139649470574,
        "nan_count": 0
      },
      "0.1": {
        "mean_mse": 0.0016715966289306316,
        "std_mse": 0.0011857303644624462,
        "mean_psnr": 29.193099624924294,
        "std_psnr": 4.063084902411346,
        "mean_ssim": 0.851867026117802,
        "std_ssim": 0.05672181712734666,
        "nan_count": 0
      },
      "0.15": {
        "mean_mse": 0.0010004333255487048,
        "std_mse": 0.000750530708056774,
        "mean_psnr": 31.59060256326977,
        "std_psnr": 4.380370680864191,
        "mean_ssim": 0.9029682920514358,
        "std_ssim": 0.041920598266053107,
        "nan_count": 0
      },
      "0.2": {
        "mean_mse": 0.0006378180392145526,
        "std_mse": 0.0005018535283383234,
        "mean_psnr": 33.696467796734915,
        "std_psnr": 4.635355476873262,
        "mean_ssim": 0.9330013608112288,
        "std_ssim": 0.03140185029302631,
        "nan_count": 0
      }
    },
    "time": 153.820742697455,
    "_pdft_py": {
      "warmup_s": 1.332645382732153,
      "device": "cuda:0",
      "epochs_completed": 112,
      "steps": 1008,
      "n_test": 50,
      "eval_failed_count": {
        "0.05": 0,
        "0.1": 0,
        "0.15": 0,
        "0.2": 0
      }
    }
  }
}