{
  "dataset": "div2k_8q",
  "ordering": "lr",
  "seed": 87,
  "m": 8,
  "n": 8,
  "init": "random",
  "topk_ratio": 0.2,
  "k_train": 13107,
  "lr": 0.003,
  "batch": 50,
  "train_batch_idx": [
    1,
    8,
    19,
    21,
    22,
    23,
    40,
    44,
    78,
    87,
    98,
    100,
    119,
    121,
    141,
    158,
    182,
    194,
    196,
    202,
    220,
    227,
    233,
    247,
    250,
    253,
    257,
    261,
    268,
    272,
    277,
    281,
    291,
    304,
    312,
    326,
    329,
    334,
    340,
    342,
    355,
    363,
    377,
    385,
    388,
    404,
    424,
    433,
    436,
    450
  ],
  "max_steps": 2000,
  "grad_check_every": 5,
  "psnr": {
    "0.05": 25.23524257406323,
    "0.1": 27.81204692897113,
    "0.15": 29.841961105324895,
    "0.2": 31.660451696332558
  },
  "final_loss": 59.51563990242383,
  "total_steps": 8933,
  "per_stage_final_loss": [
    492.5469891925093,
    406.7471224631358,
    352.8680643884337,
    322.0465648324819,
    322.04176335926235,
    320.2764813701332,
    319.4915732613618,
    318.18472408287954,
    238.63676473521673,
    238.55696634141242,
    238.53825409423655,
    238.52268495080105,
    238.51379212848278,
    238.23093722468246,
    238.17495508392346,
    222.67978810085387,
    222.63485322267772,
    222.61231564656475,
    222.05502075494587,
    222.054523014058,
    221.95944030432605,
    221.61048082172292,
    221.57589467295367,
    221.4490473422661,
    221.44900772004902,
    221.409883241731,
    220.21008076519757,
    220.17893529920548,
    220.1324557592106,
    219.9765326226569,
    217.56675345738003,
    217.51877342305642,
    216.82446242241164,
    215.70472007456127,
    215.56985322562664,
    193.62717241217553,
    137.4248046708992,
    132.0753239259972,
    129.6843864380558,
    129.62448471070422,
    128.68939756555224,
    128.57661081112235,
    128.51828574370612,
    128.51881672774817,
    115.05375215712954,
    114.21698674986037,
    111.08502621077784,
    111.07519025302857,
    110.93928366758357,
    110.76508990398379,
    110.76308089183874,
    108.30966003148632,
    108.30817462332978,
    108.24821678935592,
    107.85738223914365,
    107.83565458948064,
    107.79458900862328,
    106.61372526840326,
    106.28103475211603,
    105.99573992702639,
    105.96562546215307,
    105.6456140683189,
    104.41734217582831,
    100.05751789482831,
    99.82299572159926,
    99.8192548099344,
    95.34539056800153,
    95.34430140817476,
    95.29020208623187,
    81.33145651872381,
    80.9738462903882,
    59.51563990242383
  ],
  "trigger_counts": {
    "grad_norm": 0,
    "loss_delta": 72,
    "max_steps": 0
  },
  "elapsed_seconds": 10842.183782773092,
  "device": "cuda:0",
  "git_sha": "894ee7c407f737c0a250a28d33487a7db7bd83d3"
}