{
  "dataset": "div2k_8q",
  "ordering": "lr",
  "seed": 65,
  "m": 8,
  "n": 8,
  "init": "random",
  "topk_ratio": 0.2,
  "k_train": 13107,
  "lr": 0.003,
  "batch": 50,
  "train_batch_idx": [
    5,
    12,
    20,
    21,
    37,
    49,
    66,
    67,
    78,
    81,
    95,
    104,
    116,
    123,
    129,
    131,
    138,
    144,
    148,
    153,
    170,
    176,
    178,
    179,
    188,
    224,
    235,
    237,
    240,
    267,
    268,
    269,
    272,
    274,
    289,
    303,
    304,
    348,
    360,
    371,
    412,
    413,
    425,
    433,
    436,
    443,
    449,
    453,
    485,
    493
  ],
  "max_steps": 2000,
  "grad_check_every": 5,
  "psnr": {
    "0.05": 25.234864741175123,
    "0.1": 27.811530642012553,
    "0.15": 29.841071951266777,
    "0.2": 31.659165085771004
  },
  "final_loss": 65.74107845852937,
  "total_steps": 9190,
  "per_stage_final_loss": [
    369.4318969227196,
    369.08300466931246,
    353.23264042042297,
    339.62236695858667,
    338.605478886945,
    334.8545710255852,
    334.83842886152837,
    334.7779764547358,
    259.9242060359255,
    259.9192451372842,
    259.91776879079316,
    259.91368975152756,
    259.7378309495332,
    259.64983281073575,
    259.5128086804926,
    235.91292660046634,
    234.30931248541106,
    233.87642184617536,
    233.766053727629,
    233.76851824731799,
    233.68322722310026,
    232.58835549012016,
    232.45689212313445,
    232.2955749450029,
    232.29193091358957,
    232.28841176571794,
    231.02640386469278,
    230.68013904427804,
    230.6615653096338,
    230.6466004034699,
    226.22547513678364,
    226.1599418952583,
    226.1552003560213,
    224.94587334838275,
    224.89504602327966,
    213.6145686904517,
    146.08522229677533,
    138.10873644675246,
    135.0345340503938,
    131.5192426294649,
    131.37752458953207,
    130.9917578411326,
    127.8886102016982,
    127.81552655484073,
    123.14003123119326,
    122.23966043323908,
    121.10072282853187,
    121.03663465217687,
    120.98590958045483,
    120.72081204047804,
    120.70274290401267,
    119.39244126892441,
    119.11814950697739,
    118.62970040908885,
    117.40857585272803,
    116.01666305454965,
    112.75997803659857,
    112.29880236912777,
    111.82114643481715,
    111.72859382332021,
    111.72942395052104,
    111.68730399999836,
    111.68026776257334,
    111.10220623008934,
    110.3925927222495,
    109.22924606271827,
    104.44214801689023,
    93.02139192617126,
    90.89342151487172,
    82.73551220491693,
    81.30737679336677,
    65.74107845852937
  ],
  "trigger_counts": {
    "grad_norm": 0,
    "loss_delta": 72,
    "max_steps": 0
  },
  "elapsed_seconds": 5088.330249165185,
  "device": "cuda:0",
  "git_sha": "894ee7c407f737c0a250a28d33487a7db7bd83d3"
}