{
  "dataset": "div2k_8q",
  "ordering": "lr",
  "seed": 15,
  "m": 8,
  "n": 8,
  "init": "random",
  "topk_ratio": 0.2,
  "k_train": 13107,
  "lr": 0.003,
  "batch": 50,
  "train_batch_idx": [
    8,
    20,
    46,
    47,
    66,
    67,
    92,
    101,
    109,
    112,
    125,
    157,
    160,
    162,
    188,
    203,
    209,
    213,
    216,
    231,
    248,
    260,
    262,
    264,
    292,
    313,
    319,
    324,
    333,
    368,
    370,
    382,
    399,
    419,
    425,
    428,
    445,
    448,
    449,
    450,
    454,
    458,
    462,
    481,
    482,
    486,
    488,
    490,
    492,
    498
  ],
  "max_steps": 2000,
  "grad_check_every": 5,
  "psnr": {
    "0.05": 25.234881155294705,
    "0.1": 27.811227765781364,
    "0.15": 29.84069236360554,
    "0.2": 31.659083701697515
  },
  "final_loss": 82.37341472115851,
  "total_steps": 8539,
  "per_stage_final_loss": [
    651.0995584664021,
    441.0293325715502,
    429.2271295270165,
    429.1531807947176,
    426.7325573966972,
    426.58423640788686,
    426.3684676209384,
    425.0020294622182,
    358.4551800762872,
    357.9428754182029,
    357.72677449593806,
    357.66785215216163,
    357.42164545451755,
    357.40557355649935,
    357.40502141458916,
    310.5521096151419,
    308.8934138021146,
    308.68748938820715,
    308.6826284610389,
    308.6349814120369,
    308.56554606590566,
    299.60324455188777,
    298.81772160766417,
    298.8137530619289,
    298.0046841688521,
    297.8851390397475,
    296.29714869627475,
    296.2907416289286,
    296.1815745890134,
    296.1827321350535,
    295.76381137961795,
    295.6382738812351,
    294.6006919464414,
    284.9680079328331,
    283.55927231816054,
    253.32946213641983,
    167.6423688677641,
    165.55525660265997,
    162.2388113121337,
    160.67766387795163,
    158.91403203432776,
    156.96651020185976,
    156.5186797205845,
    156.36557274999507,
    136.35637024879142,
    136.15122212149652,
    132.67447826769438,
    127.45188901186219,
    125.60369033428135,
    125.54374741585242,
    125.46012193502318,
    123.34575003763017,
    122.1534956634042,
    121.98111234435106,
    121.75726278715007,
    121.73936932351852,
    121.68764433700622,
    121.55683307678918,
    120.66079086674014,
    120.65463683859213,
    120.5701698944066,
    120.53292539109603,
    119.50795855770801,
    119.16375954251588,
    119.16005986193763,
    119.15583624213154,
    114.7133944414536,
    107.68560225124584,
    107.60457252326943,
    100.17185271053302,
    100.10039591036954,
    82.37341472115851
  ],
  "trigger_counts": {
    "grad_norm": 0,
    "loss_delta": 72,
    "max_steps": 0
  },
  "elapsed_seconds": 10448.496586018242,
  "device": "cuda:0",
  "git_sha": "894ee7c407f737c0a250a28d33487a7db7bd83d3"
}