{
  "dataset": "div2k_8q",
  "ordering": "lr",
  "seed": 59,
  "m": 8,
  "n": 8,
  "init": "random",
  "topk_ratio": 0.2,
  "k_train": 13107,
  "lr": 0.003,
  "batch": 50,
  "train_batch_idx": [
    2,
    4,
    10,
    30,
    48,
    49,
    52,
    53,
    60,
    74,
    85,
    94,
    99,
    117,
    129,
    156,
    169,
    171,
    172,
    201,
    211,
    238,
    241,
    265,
    287,
    298,
    317,
    321,
    327,
    334,
    337,
    349,
    355,
    356,
    367,
    375,
    385,
    389,
    390,
    399,
    415,
    418,
    430,
    439,
    442,
    453,
    465,
    481,
    485,
    490
  ],
  "max_steps": 2000,
  "grad_check_every": 5,
  "psnr": {
    "0.05": 25.279910290721883,
    "0.1": 27.974737269945436,
    "0.15": 30.084529515763343,
    "0.2": 31.969262433183612
  },
  "final_loss": 58.475420642721545,
  "total_steps": 9057,
  "per_stage_final_loss": [
    395.01080197597383,
    393.46800345471894,
    293.903443587218,
    293.1072216458668,
    292.53150494284193,
    288.9032837184946,
    287.02504829638934,
    285.99094253626123,
    219.659317951829,
    219.5533022581008,
    218.81542916384439,
    218.8061625186644,
    218.6785032546481,
    218.67014970477862,
    218.62270780447486,
    218.5898624710991,
    218.5839256591403,
    218.5639419560732,
    218.46595145779554,
    218.39857598434938,
    218.38509636702756,
    217.58034776974128,
    217.19213759083732,
    217.0011635010248,
    217.00355746055678,
    216.9974934374386,
    215.66513333958335,
    215.33313461302723,
    215.10312225083612,
    215.0689700190197,
    212.26782194110004,
    212.2436434203075,
    212.06176779286875,
    205.64939662585306,
    205.61446881260736,
    194.1700275732822,
    139.90323723477962,
    137.45445080312174,
    134.20689339320876,
    132.70386268310472,
    132.05028559558556,
    131.83695133074448,
    131.5476504255826,
    131.34592671808815,
    116.63543127825737,
    112.79739487748502,
    112.73115820284434,
    112.52549028439714,
    111.62994837256707,
    111.5905857459793,
    111.43396562022534,
    110.8142056137419,
    110.54767976324587,
    109.06512782044338,
    108.92762481345191,
    108.46051251960807,
    108.45240692917551,
    107.61947207090954,
    104.383112364966,
    104.17081959000902,
    102.72939511386681,
    102.16437608157923,
    101.17256269527049,
    96.80556694979514,
    96.58799893084012,
    95.36624957096505,
    89.02236295533956,
    85.35162530134785,
    84.79566566532318,
    75.43832273352562,
    69.31121977911738,
    58.475420642721545
  ],
  "trigger_counts": {
    "grad_norm": 0,
    "loss_delta": 72,
    "max_steps": 0
  },
  "elapsed_seconds": 4032.14208015427,
  "device": "cuda:0",
  "git_sha": "894ee7c407f737c0a250a28d33487a7db7bd83d3"
}