{
  "dataset": "div2k_8q",
  "ordering": "lr",
  "seed": 19,
  "m": 8,
  "n": 8,
  "init": "random",
  "topk_ratio": 0.2,
  "k_train": 13107,
  "lr": 0.003,
  "batch": 50,
  "train_batch_idx": [
    13,
    23,
    27,
    44,
    83,
    92,
    119,
    124,
    142,
    145,
    149,
    161,
    171,
    172,
    179,
    190,
    195,
    199,
    202,
    206,
    209,
    214,
    228,
    251,
    265,
    269,
    287,
    293,
    294,
    298,
    315,
    319,
    321,
    331,
    342,
    359,
    362,
    366,
    374,
    377,
    388,
    395,
    400,
    405,
    420,
    430,
    438,
    441,
    449,
    461
  ],
  "max_steps": 2000,
  "grad_check_every": 5,
  "psnr": {
    "0.05": 25.234324704780533,
    "0.1": 27.810982755230853,
    "0.15": 29.84063885261297,
    "0.2": 31.659232658548003
  },
  "final_loss": 61.21747655543774,
  "total_steps": 9004,
  "per_stage_final_loss": [
    687.7446758758012,
    610.6931755125514,
    599.7917704849074,
    444.4492979719416,
    434.79336740199716,
    434.72737116772356,
    434.59906084378554,
    429.9992583048709,
    261.70363795056664,
    261.4497286637655,
    261.1176008295395,
    260.8854857413105,
    260.885416660568,
    260.76377973120805,
    260.7540067910597,
    230.07950401230963,
    230.06536850478074,
    229.69687762383074,
    229.69703711330368,
    229.58222475716912,
    229.45128041947203,
    228.35830116305124,
    228.14762246374002,
    228.10698492788083,
    228.0913301074639,
    228.05694762105742,
    228.03360932832163,
    228.02080109182694,
    228.0196499281019,
    228.01135262478863,
    227.82458240584072,
    227.814353894858,
    227.78104518617306,
    225.84101678716522,
    225.35625934498384,
    201.442601876223,
    140.4735249308929,
    135.45327701062664,
    133.69555334548576,
    133.69069912409017,
    133.61199603556284,
    130.4797809033404,
    130.27930880784328,
    130.25199387076046,
    117.80477603100343,
    111.02074847149662,
    110.74880884724699,
    110.63658985110877,
    109.58010665279427,
    109.24401254325963,
    108.98936198540076,
    108.28402392557531,
    105.068625479005,
    104.9604278324206,
    104.81242855360462,
    104.61200791761296,
    102.97737783770329,
    102.60338812724655,
    95.84897317570118,
    95.74923095195703,
    95.20257727344719,
    95.1910011956145,
    93.6193284612902,
    89.21195305214381,
    88.77410034103683,
    87.41592596677022,
    80.41002462916946,
    77.32318945165383,
    76.98031892799675,
    72.49685654996159,
    71.53897149236309,
    61.21747655543774
  ],
  "trigger_counts": {
    "grad_norm": 0,
    "loss_delta": 72,
    "max_steps": 0
  },
  "elapsed_seconds": 11002.263777640648,
  "device": "cuda:0",
  "git_sha": "894ee7c407f737c0a250a28d33487a7db7bd83d3"
}