{
  "dataset": "div2k_8q",
  "ordering": "lr",
  "seed": 22,
  "m": 8,
  "n": 8,
  "init": "random",
  "topk_ratio": 0.2,
  "k_train": 13107,
  "lr": 0.003,
  "batch": 50,
  "train_batch_idx": [
    7,
    23,
    24,
    33,
    40,
    50,
    67,
    77,
    90,
    92,
    103,
    110,
    121,
    122,
    126,
    148,
    152,
    156,
    157,
    163,
    165,
    171,
    180,
    191,
    197,
    203,
    211,
    219,
    225,
    227,
    245,
    255,
    261,
    286,
    290,
    298,
    299,
    310,
    333,
    347,
    384,
    390,
    395,
    429,
    434,
    448,
    456,
    467,
    486,
    494
  ],
  "max_steps": 2000,
  "grad_check_every": 5,
  "psnr": {
    "0.05": 25.280371345772068,
    "0.1": 27.9754999075678,
    "0.15": 30.08541046604473,
    "0.2": 31.970310106865103
  },
  "final_loss": 51.03282514043147,
  "total_steps": 8587,
  "per_stage_final_loss": [
    246.2715975243778,
    214.82903195832597,
    199.77262732697986,
    198.68168637003987,
    197.58205992999603,
    197.04438452797186,
    196.87604989979621,
    195.66641162005607,
    180.33095519715215,
    179.74720543258493,
    179.61308612567728,
    179.5750029889788,
    179.38830286529875,
    179.34969666819362,
    179.34699354666006,
    169.48915753379444,
    168.92444630316743,
    168.71695153114896,
    168.7167247802885,
    168.70052541531916,
    168.5926174165296,
    164.0371955306062,
    163.99240157957794,
    163.95729063819905,
    163.9693894857285,
    163.94313931585523,
    162.4265424913837,
    161.66742250871894,
    161.51876268269334,
    161.42913487022804,
    161.37459368202678,
    160.09519644334182,
    159.63513938045287,
    151.65383479761672,
    150.8013827762417,
    130.66372073812906,
    111.4890480230049,
    110.7855179919678,
    109.83334177461047,
    109.67752548171477,
    108.35706083715006,
    107.78935800352772,
    107.28697090870159,
    107.25134361820483,
    102.85335309964364,
    96.72320468749396,
    96.44158234192969,
    96.05180416007242,
    95.8619683808938,
    95.7092458661784,
    95.69586788254075,
    94.61399263948384,
    94.07039913068138,
    93.97460700002816,
    90.19304668451012,
    89.11405591796192,
    89.10521541098738,
    88.47489627799237,
    87.68558256626879,
    85.62789488042574,
    85.5545144058641,
    85.51744372455298,
    84.55176556473555,
    84.48800364082035,
    84.3903444893753,
    84.35020311431177,
    78.56873824117396,
    74.22777080515992,
    74.21361728310542,
    68.36743858345659,
    68.07386020351193,
    51.03282514043147
  ],
  "trigger_counts": {
    "grad_norm": 0,
    "loss_delta": 72,
    "max_steps": 0
  },
  "elapsed_seconds": 4859.9392134118825,
  "device": "cuda:0",
  "git_sha": "894ee7c407f737c0a250a28d33487a7db7bd83d3"
}