{
  "dataset": "div2k_8q",
  "ordering": "lr",
  "seed": 71,
  "m": 8,
  "n": 8,
  "init": "random",
  "topk_ratio": 0.2,
  "k_train": 13107,
  "lr": 0.003,
  "batch": 50,
  "train_batch_idx": [
    1,
    8,
    18,
    21,
    51,
    78,
    93,
    96,
    98,
    100,
    108,
    114,
    123,
    136,
    149,
    167,
    168,
    177,
    178,
    200,
    202,
    213,
    223,
    239,
    240,
    242,
    257,
    263,
    277,
    289,
    290,
    296,
    316,
    341,
    347,
    381,
    391,
    412,
    429,
    437,
    449,
    462,
    465,
    467,
    476,
    482,
    487,
    493,
    494,
    498
  ],
  "max_steps": 2000,
  "grad_check_every": 5,
  "psnr": {
    "0.05": 25.227843669255243,
    "0.1": 27.807293063708325,
    "0.15": 29.83890459581327,
    "0.2": 31.658362509092758
  },
  "final_loss": 54.97757297901655,
  "total_steps": 9436,
  "per_stage_final_loss": [
    294.6329014529719,
    227.0710136753167,
    202.55926965834465,
    193.3263070816451,
    192.40482310747714,
    190.62943175151162,
    190.5165383079269,
    190.48226705907516,
    182.0703277118798,
    181.69731586452673,
    181.52909148274878,
    181.48379815419395,
    181.42559059394173,
    181.42510707681228,
    181.41803909786452,
    180.60224673441098,
    179.93802394041626,
    179.82535017368278,
    179.820423059123,
    179.72965894441063,
    179.7181922334239,
    179.67611394499963,
    179.55378116793335,
    179.54708853501322,
    179.48468196198235,
    179.40957226677088,
    177.62175812731672,
    177.18657986393046,
    177.10962962098026,
    177.10410691247466,
    175.0109452635579,
    174.62105243092242,
    174.4269745590663,
    168.63533271708286,
    168.42910130102908,
    150.03301023517076,
    122.88245445938726,
    118.60199599382081,
    115.97473062132019,
    114.86817279046394,
    114.82064597089513,
    114.2530935487719,
    112.71651326323855,
    112.71360438318138,
    105.90169835749558,
    105.8770763488692,
    105.48633662136287,
    105.02794856981029,
    104.8090719375007,
    104.80897385711596,
    104.78916738544194,
    100.81835384307635,
    97.78080089471202,
    97.60881756838354,
    96.291220567766,
    96.23645209298185,
    96.14567097753225,
    96.06787093393801,
    93.18512866745645,
    89.94327256008266,
    89.40711678672379,
    88.56542562510684,
    87.68243469527006,
    87.61885673142427,
    87.52272215281846,
    86.0021557821383,
    81.45031930834371,
    80.36365047270436,
    71.65202816757544,
    65.12752861728188,
    64.87030654388472,
    54.97757297901655
  ],
  "trigger_counts": {
    "grad_norm": 0,
    "loss_delta": 72,
    "max_steps": 0
  },
  "elapsed_seconds": 5247.686075310223,
  "device": "cuda:0",
  "git_sha": "894ee7c407f737c0a250a28d33487a7db7bd83d3"
}