{
  "dataset": "div2k_8q",
  "ordering": "lr",
  "seed": 30,
  "m": 8,
  "n": 8,
  "init": "random",
  "topk_ratio": 0.2,
  "k_train": 13107,
  "lr": 0.003,
  "batch": 50,
  "train_batch_idx": [
    4,
    42,
    46,
    47,
    51,
    68,
    72,
    76,
    82,
    88,
    106,
    111,
    118,
    120,
    132,
    148,
    151,
    181,
    186,
    194,
    205,
    217,
    229,
    247,
    266,
    271,
    272,
    278,
    292,
    295,
    299,
    301,
    305,
    333,
    341,
    350,
    351,
    360,
    361,
    366,
    369,
    400,
    429,
    432,
    477,
    478,
    480,
    485,
    486,
    493
  ],
  "max_steps": 2000,
  "grad_check_every": 5,
  "psnr": {
    "0.05": 25.227396028152366,
    "0.1": 27.806681181059453,
    "0.15": 29.8377726023316,
    "0.2": 31.656684598121657
  },
  "final_loss": 68.3336837301542,
  "total_steps": 9225,
  "per_stage_final_loss": [
    460.2710570669317,
    300.01618215513105,
    296.37102205925703,
    289.66112377574746,
    288.4187269661295,
    279.1472500058521,
    275.8745426212916,
    275.3405033706606,
    248.12021361908302,
    247.97685940186253,
    247.3293893599906,
    247.29633584171532,
    246.4055833353931,
    246.20940931195435,
    246.179479781911,
    221.10758063709204,
    221.0367409192177,
    220.78070295225658,
    220.77915916791025,
    220.7472039802424,
    220.74390210704442,
    216.8418024504715,
    216.4698725374268,
    216.1456890364827,
    216.0162273400037,
    215.99277585090903,
    215.80054320110912,
    215.67055896104634,
    215.135327276313,
    215.08795850517026,
    213.38397688646768,
    213.2763950840899,
    213.24962767452428,
    204.36717853922704,
    203.4979760524208,
    186.95117447224195,
    138.26209145326618,
    134.0393948597109,
    126.23145174446472,
    125.76686983865125,
    125.1728168109513,
    123.74417615907758,
    123.55192499749063,
    123.45310099964045,
    119.54526754188825,
    119.53285808446887,
    116.09314563279568,
    115.44202188347577,
    113.0626860732602,
    112.97974930084648,
    112.97614703958301,
    112.29853590573144,
    109.0230149714585,
    108.9496602799091,
    108.47926433830531,
    108.174113333,
    108.14105885484182,
    108.0067602050808,
    104.98804968728766,
    104.77662925022173,
    104.65724517330621,
    104.65520510250691,
    103.42277544902994,
    103.14430814330585,
    102.90446722375476,
    102.81967050906061,
    95.26625510331563,
    84.02576812644,
    83.60535409409614,
    70.74998374329635,
    69.75471266379658,
    68.3336837301542
  ],
  "trigger_counts": {
    "grad_norm": 0,
    "loss_delta": 72,
    "max_steps": 0
  },
  "elapsed_seconds": 5177.539421479218,
  "device": "cuda:0",
  "git_sha": "894ee7c407f737c0a250a28d33487a7db7bd83d3"
}