{
  "dataset": "div2k_8q",
  "ordering": "lr",
  "seed": 18,
  "m": 8,
  "n": 8,
  "init": "random",
  "topk_ratio": 0.2,
  "k_train": 13107,
  "lr": 0.003,
  "batch": 50,
  "train_batch_idx": [
    3,
    12,
    34,
    37,
    57,
    62,
    72,
    96,
    110,
    128,
    148,
    167,
    169,
    180,
    222,
    231,
    260,
    262,
    268,
    277,
    297,
    298,
    305,
    309,
    312,
    315,
    320,
    325,
    326,
    328,
    331,
    334,
    343,
    348,
    356,
    357,
    366,
    371,
    379,
    390,
    395,
    403,
    418,
    424,
    425,
    431,
    441,
    446,
    455,
    460
  ],
  "max_steps": 2000,
  "grad_check_every": 5,
  "psnr": {
    "0.05": 25.233559948367333,
    "0.1": 27.810206355724013,
    "0.15": 29.840048979591526,
    "0.2": 31.658740035000523
  },
  "final_loss": 65.0249772913938,
  "total_steps": 9205,
  "per_stage_final_loss": [
    250.51709230067195,
    248.57405371510518,
    223.26433363075728,
    222.75234392982222,
    221.6925379285375,
    221.49311278783938,
    221.2830010993121,
    219.16962517360335,
    206.76341624650073,
    205.73106075731988,
    205.7318607648332,
    205.42462553088765,
    205.42147715276835,
    204.98548909513346,
    204.93321661102158,
    194.3075371097392,
    194.0860675779052,
    194.08577663936035,
    193.95806430403667,
    193.92168534006532,
    193.8989955005161,
    185.29916054510556,
    185.232502622777,
    185.20024917007518,
    185.19952115813857,
    185.187195801587,
    183.72849540774706,
    183.3343413671292,
    183.3345539697691,
    182.70965761293465,
    181.42576901446387,
    181.40064506798439,
    181.3060565418026,
    178.42223073950157,
    178.25904092543425,
    154.84670841681913,
    133.73031844908868,
    128.1472922260781,
    127.04223973812637,
    126.27335843102733,
    124.49196452226279,
    123.92237917451841,
    123.84814014933698,
    123.40261018078215,
    121.3390186042706,
    119.42800633336269,
    119.42744821513247,
    119.00581730611154,
    118.9927916176568,
    118.71611830413141,
    118.42136668315884,
    114.62629306091469,
    108.49462879686261,
    107.73534297143583,
    107.72615494762827,
    107.26159069573231,
    107.08260583453405,
    106.53255185980191,
    102.12873784841933,
    102.09406732920448,
    102.08949366426415,
    101.25806030521588,
    97.84926334692307,
    96.22120122927609,
    96.21684476168339,
    96.09775612775486,
    94.42899001104733,
    92.76063352426455,
    92.7593574535203,
    89.48637209985097,
    79.53397280743036,
    65.0249772913938
  ],
  "trigger_counts": {
    "grad_norm": 0,
    "loss_delta": 72,
    "max_steps": 0
  },
  "elapsed_seconds": 5151.801853403449,
  "device": "cuda:0",
  "git_sha": "894ee7c407f737c0a250a28d33487a7db7bd83d3"
}