{
  "dataset": "div2k_8q",
  "ordering": "lr",
  "seed": 67,
  "m": 8,
  "n": 8,
  "init": "random",
  "topk_ratio": 0.2,
  "k_train": 13107,
  "lr": 0.003,
  "batch": 50,
  "train_batch_idx": [
    5,
    41,
    48,
    57,
    77,
    85,
    105,
    111,
    136,
    141,
    143,
    151,
    163,
    164,
    165,
    166,
    183,
    187,
    199,
    202,
    203,
    204,
    205,
    210,
    215,
    217,
    234,
    253,
    275,
    281,
    313,
    316,
    323,
    334,
    346,
    348,
    353,
    355,
    358,
    362,
    388,
    389,
    397,
    400,
    407,
    418,
    428,
    464,
    470,
    492
  ],
  "max_steps": 2000,
  "grad_check_every": 5,
  "psnr": {
    "0.05": 25.234854059811266,
    "0.1": 27.8115301216247,
    "0.15": 29.84133630975733,
    "0.2": 31.659635620916287
  },
  "final_loss": 69.44199823955343,
  "total_steps": 8028,
  "per_stage_final_loss": [
    455.7060517953552,
    267.41909087776855,
    267.06976002073554,
    265.8428645047314,
    263.49536583882576,
    263.25773153954316,
    261.72659064657944,
    261.30765201202667,
    259.115558856986,
    258.69342098128874,
    258.47429360650744,
    258.401011301413,
    258.3180514032993,
    258.3824563746985,
    258.2968019210252,
    231.17207992653462,
    230.44640668724082,
    230.3327702530688,
    230.32578788976681,
    230.32391022280794,
    230.13879321599055,
    224.8605377300606,
    224.34719140427012,
    224.34727434153865,
    224.30424962800535,
    224.3038157301859,
    222.4555800024257,
    222.44354825300297,
    222.26357412272068,
    222.25460151954422,
    222.21200222372929,
    222.21017372052097,
    222.1817855033055,
    214.8514971519028,
    214.83419448815454,
    197.09086694697672,
    163.3382315907037,
    154.21470858731448,
    152.65177668884502,
    152.40012156580244,
    151.2838189986047,
    151.22567717250422,
    150.98765128976137,
    150.91079719665993,
    137.74511412428475,
    134.04421306757237,
    133.63513991669387,
    133.45772284293534,
    132.25832184130527,
    132.12613011385113,
    132.08840556350276,
    127.82684173076814,
    124.25697745626067,
    122.29158662758053,
    122.28171828680547,
    122.06704229439507,
    122.0641975962639,
    121.76796733787388,
    120.93178280078574,
    120.56596037581683,
    120.55618194808915,
    120.55031104533748,
    119.28563321627306,
    116.5311863307863,
    111.43468229601572,
    111.43330769112617,
    104.80012522076119,
    101.26789762361945,
    101.25413050763535,
    89.29213358276729,
    89.08637958346338,
    69.44199823955343
  ],
  "trigger_counts": {
    "grad_norm": 0,
    "loss_delta": 72,
    "max_steps": 0
  },
  "elapsed_seconds": 9854.610437620431,
  "device": "cuda:0",
  "git_sha": "894ee7c407f737c0a250a28d33487a7db7bd83d3"
}