{
  "dataset": "div2k_8q",
  "ordering": "lr",
  "seed": 93,
  "m": 8,
  "n": 8,
  "init": "random",
  "topk_ratio": 0.2,
  "k_train": 13107,
  "lr": 0.003,
  "batch": 50,
  "train_batch_idx": [
    5,
    15,
    22,
    26,
    29,
    71,
    90,
    93,
    94,
    95,
    101,
    114,
    116,
    118,
    122,
    133,
    140,
    149,
    178,
    199,
    205,
    209,
    216,
    246,
    247,
    273,
    283,
    305,
    318,
    331,
    357,
    396,
    408,
    409,
    420,
    422,
    423,
    431,
    445,
    446,
    450,
    451,
    455,
    461,
    467,
    469,
    473,
    481,
    486,
    494
  ],
  "max_steps": 2000,
  "grad_check_every": 5,
  "psnr": {
    "0.05": 25.279817183478063,
    "0.1": 27.974573844239554,
    "0.15": 30.08447227455793,
    "0.2": 31.969542816248996
  },
  "final_loss": 57.78897043277269,
  "total_steps": 8290,
  "per_stage_final_loss": [
    276.11963348928947,
    271.43236377122577,
    253.86056099512268,
    236.20148123854685,
    236.0267166914216,
    234.79921458788144,
    234.78572291279667,
    234.22998175895532,
    189.20638402688027,
    189.1956034817852,
    189.04425970557372,
    189.04160899359167,
    188.99902639666672,
    188.94647558974242,
    188.94432099195606,
    179.7371062163711,
    178.68958844171988,
    178.67810399680985,
    178.54566023089552,
    178.52604863341884,
    178.4873953432505,
    178.48547430193946,
    178.45780356626173,
    178.40863410232555,
    178.40415644345543,
    178.40547371443594,
    178.4032646466634,
    178.33582538560455,
    178.15441351681338,
    178.14994399115133,
    175.68503478470078,
    174.7727811449796,
    174.33458102483638,
    163.55953853042573,
    163.5428116312414,
    152.7108647754565,
    129.390811872415,
    119.33762530477063,
    118.68061633720725,
    118.49061402254166,
    117.0547167134771,
    116.99506025158944,
    116.64284871672164,
    116.59829503554833,
    115.29606007598964,
    114.26111995074676,
    113.93519840592471,
    113.59963452576089,
    113.59886730951776,
    113.59865924820289,
    113.56509402887201,
    109.98175997836701,
    107.02640003766075,
    105.69376678317978,
    104.67465352349161,
    104.61478939369954,
    104.61485516312773,
    104.51252495324398,
    104.50411470634197,
    104.35329333446899,
    104.06333938426347,
    104.06261424995434,
    102.5403032779486,
    93.40848897463722,
    93.37127398120116,
    93.30421456106657,
    83.44606446964599,
    75.14578503674551,
    75.14569479219395,
    62.142858032686945,
    60.53198845872158,
    57.78897043277269
  ],
  "trigger_counts": {
    "grad_norm": 0,
    "loss_delta": 72,
    "max_steps": 0
  },
  "elapsed_seconds": 4607.980186259374,
  "device": "cuda:0",
  "git_sha": "894ee7c407f737c0a250a28d33487a7db7bd83d3"
}