{
  "dataset": "div2k_8q",
  "ordering": "lr",
  "seed": 12,
  "m": 8,
  "n": 8,
  "init": "random",
  "topk_ratio": 0.2,
  "k_train": 13107,
  "lr": 0.003,
  "batch": 50,
  "train_batch_idx": [
    1,
    29,
    32,
    50,
    53,
    74,
    82,
    86,
    91,
    92,
    106,
    113,
    123,
    126,
    143,
    148,
    151,
    160,
    168,
    200,
    209,
    218,
    222,
    223,
    226,
    256,
    267,
    272,
    276,
    308,
    311,
    329,
    334,
    338,
    343,
    359,
    370,
    403,
    404,
    419,
    429,
    438,
    440,
    450,
    457,
    462,
    467,
    474,
    484,
    486
  ],
  "max_steps": 2000,
  "grad_check_every": 5,
  "psnr": {
    "0.05": 25.23351458203163,
    "0.1": 27.81007684953802,
    "0.15": 29.840056806366373,
    "0.2": 31.658590579192115
  },
  "final_loss": 81.00469389218368,
  "total_steps": 8252,
  "per_stage_final_loss": [
    629.5164380363827,
    567.798136860478,
    521.9480314374722,
    521.7496454597526,
    519.302778174058,
    515.7994262666772,
    497.77233421215834,
    489.21334128483244,
    322.52138692301844,
    322.36927568131534,
    322.0788134236902,
    322.07044431056187,
    321.7275199336054,
    321.72743288287603,
    321.70979961227636,
    286.26560820490914,
    284.89242887633236,
    284.8868360041054,
    284.8725529092022,
    284.86530621569597,
    284.6523465462038,
    283.6101026847429,
    283.17987206416785,
    282.9308101044968,
    282.9130277030502,
    282.7340290568625,
    280.82010224399636,
    280.74757878493494,
    280.6079135881085,
    280.3773224527262,
    280.1973463879182,
    279.2086951155007,
    279.11200847835346,
    268.6749149239441,
    268.45277191652747,
    241.31629200716063,
    172.56324534417618,
    169.6154273080035,
    157.11612877037817,
    154.87309924714495,
    154.03065120669663,
    153.22742909143963,
    153.21213145344947,
    152.53769428067855,
    133.41386556336548,
    132.47990954031664,
    132.39740685089058,
    131.50475395265346,
    130.67786635493368,
    130.5992580765922,
    130.0050785407198,
    129.66666007242551,
    126.7643999280152,
    126.02293288785285,
    124.24225168991856,
    122.2894043047067,
    122.02219348556243,
    121.67696994716187,
    120.94729402686743,
    118.94784463116068,
    115.13775414467155,
    108.49619897126188,
    107.74723783704128,
    107.66552508690114,
    104.01103068628305,
    103.92677505234536,
    98.792435649917,
    98.7330130316108,
    97.35815793137208,
    89.8228120697787,
    89.72804727927007,
    81.00469389218368
  ],
  "trigger_counts": {
    "grad_norm": 0,
    "loss_delta": 72,
    "max_steps": 0
  },
  "elapsed_seconds": 4553.710518003441,
  "device": "cuda:0",
  "git_sha": "894ee7c407f737c0a250a28d33487a7db7bd83d3"
}