{
  "dataset": "div2k_8q",
  "ordering": "lr",
  "seed": 99,
  "m": 8,
  "n": 8,
  "init": "random",
  "topk_ratio": 0.2,
  "k_train": 13107,
  "lr": 0.003,
  "batch": 50,
  "train_batch_idx": [
    19,
    32,
    44,
    49,
    80,
    116,
    129,
    133,
    141,
    144,
    146,
    147,
    161,
    163,
    164,
    168,
    175,
    183,
    186,
    217,
    218,
    224,
    228,
    233,
    256,
    258,
    262,
    282,
    286,
    300,
    325,
    329,
    336,
    343,
    347,
    372,
    374,
    378,
    395,
    430,
    432,
    436,
    439,
    442,
    443,
    445,
    447,
    453,
    474,
    494
  ],
  "max_steps": 2000,
  "grad_check_every": 5,
  "psnr": {
    "0.05": 25.11828441100391,
    "0.1": 27.78785531550929,
    "0.15": 29.8774764817325,
    "0.2": 31.752142444478967
  },
  "final_loss": 58.489337264706045,
  "total_steps": 8173,
  "per_stage_final_loss": [
    790.7318751043903,
    518.2472467421367,
    442.18243568876983,
    437.6334577810999,
    422.42534729762355,
    421.56119615403,
    421.0922552840444,
    419.43364612715493,
    253.75346548989802,
    253.5316015314166,
    252.88001206002673,
    250.7604472453908,
    250.57619871440838,
    250.52974978878396,
    250.4947049321173,
    224.67137705802577,
    224.60290220721328,
    223.8201294511193,
    223.3720967399767,
    223.03791787584237,
    223.0004451641476,
    214.4310596524726,
    213.71963306262273,
    212.64223284340116,
    212.0779257832703,
    211.18675702605756,
    210.45857625327764,
    210.46274697938404,
    210.21459495434758,
    209.92810508798118,
    205.76419516051553,
    205.72792944207097,
    205.47962910492174,
    201.05116609360564,
    201.03374573410733,
    189.8761631841789,
    130.03585390920531,
    121.7518249464875,
    121.55196874960264,
    120.74160405719412,
    120.65820982365706,
    120.54940043558851,
    119.63237739045778,
    119.59019825680043,
    109.14906333403326,
    109.08531362463259,
    106.94012904703126,
    101.77792444587762,
    101.65936986871979,
    101.04471911108787,
    101.03838036726273,
    97.15113832114886,
    95.53209216777276,
    95.42100720765677,
    95.2881142888891,
    95.2701906895605,
    95.26077439910495,
    94.24792366823279,
    94.0653452101024,
    94.03450131308453,
    90.81309323074615,
    90.79188901247839,
    90.54494413148157,
    89.57402489225748,
    88.72318543993438,
    88.7018805899418,
    87.7795012505908,
    85.35631509079387,
    84.94042322452218,
    72.80945277999552,
    72.80146430979318,
    58.489337264706045
  ],
  "trigger_counts": {
    "grad_norm": 0,
    "loss_delta": 72,
    "max_steps": 0
  },
  "elapsed_seconds": 4609.086841896176,
  "device": "cuda:0",
  "git_sha": "894ee7c407f737c0a250a28d33487a7db7bd83d3"
}