{
  "dataset": "div2k_8q",
  "ordering": "lr",
  "seed": 11,
  "m": 8,
  "n": 8,
  "init": "random",
  "topk_ratio": 0.2,
  "k_train": 13107,
  "lr": 0.003,
  "batch": 50,
  "train_batch_idx": [
    13,
    32,
    58,
    60,
    66,
    68,
    101,
    119,
    131,
    152,
    167,
    174,
    176,
    185,
    210,
    222,
    226,
    240,
    242,
    249,
    252,
    253,
    268,
    269,
    274,
    292,
    315,
    324,
    325,
    352,
    361,
    379,
    398,
    408,
    409,
    410,
    428,
    443,
    458,
    459,
    465,
    472,
    474,
    482,
    484,
    490,
    491,
    492,
    495,
    496
  ],
  "max_steps": 2000,
  "grad_check_every": 5,
  "psnr": {
    "0.05": 25.1638002090766,
    "0.1": 27.86063546920453,
    "0.15": 29.959523039231414,
    "0.2": 31.83570636643476
  },
  "final_loss": 75.31135546825391,
  "total_steps": 7793,
  "per_stage_final_loss": [
    395.11882070802716,
    343.8311385219,
    336.1563065673193,
    317.090876971692,
    314.95443636763775,
    313.3977708165098,
    313.3869424452483,
    312.5986272829009,
    244.75706015807788,
    243.95082108091913,
    243.83835923428612,
    243.74940257891205,
    243.6200013404579,
    243.4762823382239,
    243.3723065616875,
    210.99558895864143,
    210.91408497228892,
    210.87182860782465,
    210.75594753560375,
    210.70510545468898,
    210.5911345526788,
    201.39271483932973,
    201.36682511140566,
    198.42505465554598,
    196.82259166222536,
    196.77744442342023,
    196.0708298100637,
    195.54924071917142,
    195.54828106725148,
    195.48882552998487,
    194.01343660265437,
    193.4735442073014,
    193.42650552266625,
    185.23295820171305,
    183.2879420871639,
    171.89036435471616,
    134.65163738507138,
    130.79743989180977,
    129.2175799736219,
    128.45468708104784,
    127.83021556664568,
    127.6110291662374,
    127.06839518533452,
    127.02428268116681,
    125.18249003422092,
    120.39614057997518,
    120.38217786249268,
    118.78633105388987,
    118.78224624854934,
    118.74621727116111,
    118.70617081389511,
    118.0647517610536,
    113.82269085038217,
    113.60220079716201,
    113.34410326312853,
    113.31473583543907,
    113.2047170811472,
    112.82737301362913,
    111.61921196808999,
    111.33734369129674,
    109.85508044923212,
    109.2858501712203,
    107.28760292317686,
    106.35836525081397,
    105.34021524127223,
    102.10995037381599,
    100.49863291723412,
    98.35283724024754,
    95.86361266632679,
    89.43526809844434,
    86.14229224825958,
    75.31135546825391
  ],
  "trigger_counts": {
    "grad_norm": 0,
    "loss_delta": 72,
    "max_steps": 0
  },
  "elapsed_seconds": 4355.276129609905,
  "device": "cuda:0",
  "git_sha": "894ee7c407f737c0a250a28d33487a7db7bd83d3"
}