{
  "dataset": "div2k_8q",
  "ordering": "lr",
  "seed": 45,
  "m": 8,
  "n": 8,
  "init": "random",
  "topk_ratio": 0.2,
  "k_train": 13107,
  "lr": 0.003,
  "batch": 50,
  "train_batch_idx": [
    21,
    22,
    27,
    56,
    59,
    131,
    145,
    169,
    176,
    191,
    195,
    200,
    204,
    206,
    209,
    225,
    234,
    239,
    241,
    251,
    252,
    258,
    259,
    262,
    274,
    277,
    296,
    307,
    315,
    322,
    331,
    344,
    348,
    350,
    360,
    361,
    369,
    371,
    372,
    388,
    392,
    398,
    412,
    416,
    420,
    447,
    462,
    470,
    480,
    495
  ],
  "max_steps": 2000,
  "grad_check_every": 5,
  "psnr": {
    "0.05": 25.23392135642671,
    "0.1": 27.810623908105725,
    "0.15": 29.840188335964967,
    "0.2": 31.658846015751447
  },
  "final_loss": 63.66708952885006,
  "total_steps": 8241,
  "per_stage_final_loss": [
    546.8962342766513,
    293.3410140128541,
    289.1717364842145,
    289.15240772105625,
    288.0205504669011,
    287.70604277668934,
    285.49253235923584,
    285.2456371326815,
    269.5500222167436,
    269.2658782595249,
    268.98295465949775,
    268.80350241393785,
    268.76166884888227,
    268.53452021544337,
    268.4849224243061,
    231.1301549012484,
    230.46163993273885,
    230.25265052043972,
    230.227582081636,
    230.16345357068246,
    230.04373312158194,
    227.44907380470835,
    227.28849796589526,
    227.14842640570495,
    227.07237702846209,
    227.02056531996337,
    225.39718303154854,
    225.18748380124933,
    225.1352551201231,
    225.1393140395004,
    223.56189268740934,
    222.9995903831147,
    222.87901285417138,
    210.37386098741598,
    210.3287480451169,
    203.9318931353173,
    140.4643980707911,
    133.52676325998706,
    125.76169493875459,
    125.64627123980665,
    123.48616656603096,
    122.98101952882128,
    122.76489286563967,
    122.21453733659023,
    122.04083270516124,
    121.39639216370655,
    120.79383528543133,
    119.30270687552157,
    119.16203746844614,
    118.82550282951307,
    118.42381716170014,
    118.26500537300049,
    113.2445339969414,
    112.60115216251143,
    112.5935302401925,
    112.56626723419693,
    112.45129307551346,
    111.9597911554001,
    111.95327186014711,
    111.55232821522057,
    111.06681614842702,
    111.04106060909133,
    108.93542858649965,
    106.53793580180427,
    104.97501650480363,
    104.96752853083555,
    102.34778784662431,
    94.57439498570686,
    89.8619280580716,
    81.56877504835651,
    80.03751821095064,
    63.66708952885006
  ],
  "trigger_counts": {
    "grad_norm": 0,
    "loss_delta": 72,
    "max_steps": 0
  },
  "elapsed_seconds": 4704.5370464595035,
  "device": "cuda:0",
  "git_sha": "894ee7c407f737c0a250a28d33487a7db7bd83d3"
}