{
  "dataset": "div2k_8q",
  "ordering": "lr",
  "seed": 56,
  "m": 8,
  "n": 8,
  "init": "random",
  "topk_ratio": 0.2,
  "k_train": 13107,
  "lr": 0.003,
  "batch": 50,
  "train_batch_idx": [
    7,
    14,
    30,
    31,
    75,
    96,
    108,
    111,
    122,
    134,
    139,
    142,
    143,
    151,
    159,
    161,
    165,
    167,
    169,
    177,
    179,
    200,
    208,
    240,
    250,
    261,
    263,
    273,
    275,
    281,
    296,
    304,
    312,
    328,
    331,
    351,
    352,
    360,
    408,
    417,
    432,
    447,
    448,
    450,
    462,
    463,
    467,
    471,
    473,
    481
  ],
  "max_steps": 2000,
  "grad_check_every": 5,
  "psnr": {
    "0.05": 25.23499567572906,
    "0.1": 27.811557173922875,
    "0.15": 29.841220239830342,
    "0.2": 31.659429919725557
  },
  "final_loss": 65.80051599340025,
  "total_steps": 8911,
  "per_stage_final_loss": [
    814.2699457423093,
    337.11608317692213,
    336.96011798100716,
    334.7345543630877,
    333.9636308670543,
    333.9300197386731,
    333.21531053179154,
    332.97206821271845,
    316.9607960207054,
    316.65370031243094,
    316.6003258110999,
    316.3109384058298,
    316.30244398486326,
    316.0510431100745,
    316.00473596078496,
    260.0301575429659,
    259.1694556013388,
    258.98054214177637,
    258.7139896495998,
    258.71305500015427,
    258.60903327652335,
    250.9861764571051,
    250.19663274512922,
    250.1914788957123,
    250.18010180288113,
    250.04429384874027,
    248.12507465128039,
    248.11078177271696,
    247.9418893038419,
    247.8057534640091,
    246.8307025206001,
    246.07073242511223,
    246.0658468238358,
    235.06338882563773,
    234.41016432915606,
    217.69948175012436,
    142.78216511360142,
    139.52834171692305,
    138.6002533973547,
    137.38821744971094,
    136.67108508649252,
    136.1377830975225,
    135.78722549551603,
    135.75361222048184,
    122.26074927076277,
    118.65105084102943,
    118.44554232770858,
    118.21871497019266,
    118.08563854570905,
    118.06906975446903,
    118.04813185152467,
    115.42732492629945,
    112.19220514389175,
    110.89332830650434,
    110.82424292529222,
    110.74500875059752,
    110.58258044744524,
    110.34551504142702,
    110.35747948762906,
    110.33736370799774,
    108.26157020238828,
    108.22587278169559,
    107.13011064656087,
    107.11443630604941,
    107.10398482805783,
    107.09464884926332,
    92.08495589197786,
    88.08366511616038,
    88.0052190646763,
    75.5915498688184,
    71.27223467031075,
    65.80051599340025
  ],
  "trigger_counts": {
    "grad_norm": 0,
    "loss_delta": 72,
    "max_steps": 0
  },
  "elapsed_seconds": 9561.353461265564,
  "device": "cuda:0",
  "git_sha": "894ee7c407f737c0a250a28d33487a7db7bd83d3"
}