{
  "dataset": "div2k_8q",
  "ordering": "lr",
  "seed": 86,
  "m": 8,
  "n": 8,
  "init": "random",
  "topk_ratio": 0.2,
  "k_train": 13107,
  "lr": 0.003,
  "batch": 50,
  "train_batch_idx": [
    0,
    18,
    21,
    27,
    28,
    40,
    48,
    54,
    61,
    64,
    65,
    69,
    79,
    83,
    94,
    101,
    105,
    130,
    153,
    160,
    162,
    169,
    170,
    182,
    189,
    197,
    200,
    231,
    278,
    280,
    296,
    300,
    358,
    365,
    366,
    371,
    376,
    389,
    391,
    398,
    412,
    419,
    425,
    431,
    445,
    449,
    453,
    460,
    471,
    473
  ],
  "max_steps": 2000,
  "grad_check_every": 5,
  "psnr": {
    "0.05": 25.227357600005966,
    "0.1": 27.80674700892688,
    "0.15": 29.83789574217817,
    "0.2": 31.65719064085488
  },
  "final_loss": 70.30210477558506,
  "total_steps": 8351,
  "per_stage_final_loss": [
    391.0973600975004,
    385.1205273199438,
    360.49978088657724,
    351.4712637844643,
    350.5643804615181,
    349.5849000509993,
    349.2987371754799,
    349.2911762706103,
    268.3730685027214,
    266.92889352565504,
    266.9240184565375,
    266.68662866447573,
    266.65762508886553,
    266.64430453278254,
    266.6392538383916,
    257.80677103206244,
    257.6084307208493,
    257.5424461762767,
    257.3773695910575,
    257.3166835086519,
    257.2995657366112,
    248.78752768877328,
    248.44064301680993,
    248.4165397815616,
    248.367810203473,
    248.36751938455683,
    246.75028617196372,
    246.6964533682433,
    246.15036799258243,
    246.14339451459716,
    244.0458528890128,
    244.02565213948395,
    244.0241802495785,
    238.23619986647293,
    238.2244686627522,
    223.88622607959667,
    156.5444964428521,
    147.07679576561773,
    140.78678259047783,
    140.7504329696128,
    140.71992005928627,
    140.48570289225876,
    139.86515533435815,
    139.81365355129762,
    138.2395829287338,
    132.35604231556542,
    132.35214988441243,
    132.17044775500068,
    131.21010146089756,
    131.19523232392285,
    131.19387944987014,
    130.36322706865573,
    130.02407736685407,
    129.6365741852448,
    128.64315496816837,
    128.36914362856768,
    128.33471514852897,
    127.75358978293062,
    127.50816945584559,
    126.55190500030552,
    126.54402337318551,
    126.43298403091433,
    126.16034306044372,
    124.65925892932675,
    124.54710720718705,
    124.36378170552057,
    118.44055835760885,
    110.70516704343454,
    110.70482447791565,
    99.4549408792418,
    87.5032063210783,
    70.30210477558506
  ],
  "trigger_counts": {
    "grad_norm": 0,
    "loss_delta": 72,
    "max_steps": 0
  },
  "elapsed_seconds": 10269.068462491035,
  "device": "cuda:0",
  "git_sha": "894ee7c407f737c0a250a28d33487a7db7bd83d3"
}