{
  "dataset": "div2k_8q",
  "ordering": "lr",
  "seed": 75,
  "m": 8,
  "n": 8,
  "init": "random",
  "topk_ratio": 0.2,
  "k_train": 13107,
  "lr": 0.003,
  "batch": 50,
  "train_batch_idx": [
    2,
    3,
    5,
    10,
    36,
    62,
    66,
    69,
    90,
    91,
    96,
    100,
    159,
    160,
    174,
    189,
    195,
    200,
    214,
    251,
    254,
    256,
    299,
    302,
    306,
    312,
    313,
    325,
    326,
    332,
    337,
    347,
    350,
    352,
    360,
    390,
    397,
    405,
    409,
    411,
    429,
    430,
    441,
    455,
    459,
    473,
    478,
    486,
    487,
    494
  ],
  "max_steps": 2000,
  "grad_check_every": 5,
  "psnr": {
    "0.05": 25.233965648163693,
    "0.1": 27.810445161372705,
    "0.15": 29.840069588899492,
    "0.2": 31.658367592701502
  },
  "final_loss": 64.7494894154344,
  "total_steps": 8905,
  "per_stage_final_loss": [
    348.41279334827885,
    246.37368874597496,
    216.78579117783792,
    211.31074946013732,
    209.6894660174222,
    209.393100674476,
    209.3191182326841,
    209.25990541536368,
    207.6287505912612,
    207.2348365444374,
    207.18464392012993,
    206.66409688324646,
    206.6547769548517,
    206.61739519815296,
    206.61531539000748,
    206.41554586474933,
    206.27867486090457,
    205.4106214664836,
    205.41031397896515,
    205.28169562591822,
    205.26586053730347,
    202.4538737658425,
    202.2614736718699,
    202.1157684713618,
    202.10787157306362,
    201.86974544358563,
    200.55740378155485,
    200.38981122556964,
    200.38105170900855,
    200.36752128295777,
    199.68578058592774,
    199.19152156946046,
    197.99948632678974,
    194.6885977677474,
    194.49184947131056,
    173.78493528968121,
    141.72630123251054,
    131.57268746225023,
    129.0670795289288,
    128.74153426176886,
    128.3321615065962,
    128.2063113005981,
    128.18976387644204,
    127.1274202430077,
    120.3231736240354,
    118.45436645710741,
    117.97808471730194,
    117.75572247688018,
    117.72134958066576,
    117.32543981276162,
    117.32595159647055,
    114.37629594510923,
    111.8881219067817,
    108.75882742272339,
    108.6920789324605,
    108.57974815377915,
    108.22030389520202,
    108.07772077781392,
    107.70609597478487,
    107.18929885160051,
    107.17588684552913,
    107.15189873047179,
    105.8533317611216,
    105.7448509749979,
    105.69758523356853,
    105.69773343581812,
    95.19176649243484,
    89.26567366295734,
    86.20689237897601,
    76.70149820532819,
    74.70539667945457,
    64.7494894154344
  ],
  "trigger_counts": {
    "grad_norm": 0,
    "loss_delta": 72,
    "max_steps": 0
  },
  "elapsed_seconds": 10807.038024377078,
  "device": "cuda:0",
  "git_sha": "894ee7c407f737c0a250a28d33487a7db7bd83d3"
}