{
  "dataset": "div2k_8q",
  "ordering": "lr",
  "seed": 6,
  "m": 8,
  "n": 8,
  "init": "random",
  "topk_ratio": 0.2,
  "k_train": 13107,
  "lr": 0.003,
  "batch": 50,
  "train_batch_idx": [
    4,
    23,
    24,
    57,
    60,
    74,
    86,
    92,
    100,
    128,
    153,
    155,
    168,
    171,
    197,
    200,
    206,
    211,
    234,
    243,
    247,
    266,
    267,
    280,
    285,
    290,
    292,
    300,
    308,
    312,
    313,
    318,
    351,
    365,
    369,
    378,
    379,
    385,
    396,
    401,
    402,
    414,
    419,
    427,
    430,
    454,
    463,
    467,
    489,
    499
  ],
  "max_steps": 2000,
  "grad_check_every": 5,
  "psnr": {
    "0.05": 25.23483953523365,
    "0.1": 27.811700851011956,
    "0.15": 29.841317180719848,
    "0.2": 31.65956992723911
  },
  "final_loss": 70.55865552789108,
  "total_steps": 8735,
  "per_stage_final_loss": [
    416.06510740854645,
    335.0928833324687,
    334.49458596380254,
    329.31569260933344,
    328.1144955188246,
    327.01945066946615,
    326.8742906011296,
    326.2193066863277,
    253.91942372138175,
    253.9098517164515,
    253.7913130166536,
    253.6775568608265,
    253.6771444046581,
    253.64675773821997,
    253.6326616320139,
    217.66613639785555,
    217.33905599736835,
    217.31665802068812,
    217.20329137929403,
    217.19594612986296,
    217.17009195903148,
    208.58174963688475,
    207.8328504500774,
    207.8120542192142,
    207.81052631258166,
    207.7844328744679,
    206.9089185862433,
    206.632815177301,
    206.53050501454484,
    206.28655850379658,
    204.54145526971584,
    204.51883727477696,
    204.0188797720367,
    203.46133853872954,
    203.36713931180088,
    185.57057849559845,
    152.23990965619916,
    135.04073945730076,
    133.5039982078855,
    130.14645818131646,
    129.88594407072432,
    129.56476206513665,
    127.92101751325428,
    127.83301769841448,
    126.82571423410269,
    125.19060623590751,
    124.33044656623998,
    124.278826135181,
    124.2599127738383,
    124.16534106839019,
    124.13572929902134,
    118.83857724339079,
    118.14424888837937,
    118.12734137924473,
    118.08789255142347,
    118.0703542858468,
    117.09541226617665,
    116.98837347898257,
    113.6570299065071,
    112.897915262391,
    112.28485366682118,
    111.41162112082183,
    110.34845415158193,
    108.90785513009192,
    107.453341708296,
    105.78013893359068,
    104.49826152892331,
    102.58450658805265,
    97.91172455256525,
    89.43529002372885,
    84.17369313729702,
    70.55865552789108
  ],
  "trigger_counts": {
    "grad_norm": 0,
    "loss_delta": 72,
    "max_steps": 0
  },
  "elapsed_seconds": 4882.904996749014,
  "device": "cuda:0",
  "git_sha": "894ee7c407f737c0a250a28d33487a7db7bd83d3"
}