{
  "dataset": "div2k_8q",
  "ordering": "lr",
  "seed": 62,
  "m": 8,
  "n": 8,
  "init": "random",
  "topk_ratio": 0.2,
  "k_train": 13107,
  "lr": 0.003,
  "batch": 50,
  "train_batch_idx": [
    10,
    12,
    53,
    55,
    56,
    101,
    102,
    105,
    110,
    119,
    131,
    132,
    147,
    149,
    156,
    159,
    178,
    201,
    210,
    211,
    225,
    226,
    228,
    237,
    238,
    246,
    249,
    256,
    257,
    259,
    275,
    303,
    306,
    308,
    312,
    318,
    338,
    339,
    355,
    365,
    386,
    390,
    405,
    407,
    416,
    418,
    427,
    430,
    447,
    476
  ],
  "max_steps": 2000,
  "grad_check_every": 5,
  "psnr": {
    "0.05": 25.234258278278727,
    "0.1": 27.810970574724646,
    "0.15": 29.84046094033957,
    "0.2": 31.658852775092537
  },
  "final_loss": 64.0544516422371,
  "total_steps": 8798,
  "per_stage_final_loss": [
    533.1152568861917,
    426.4873960317935,
    419.1765809373677,
    383.0130630025835,
    379.28675160448483,
    378.63283641382236,
    376.8684559163144,
    375.1148089717093,
    265.0333932423202,
    264.81375834802157,
    264.79608706013084,
    264.7843882091006,
    264.702382826542,
    264.70313636553306,
    264.69669245013125,
    230.54016823479455,
    230.43359807620604,
    230.43145749209683,
    230.3405375841108,
    230.3295459234572,
    230.4194346122961,
    225.79878719174644,
    225.7251860037985,
    225.68172287384078,
    225.6821547293189,
    225.61501820534238,
    225.42879910572404,
    225.34413529285382,
    225.05802334590354,
    225.00317286982462,
    223.61771625252706,
    223.5568821229894,
    223.35581184121995,
    216.2802356960933,
    215.91396988757086,
    190.31124596135945,
    134.4610038570009,
    133.69377284783815,
    126.95957543701569,
    126.14316912590348,
    124.02307265055384,
    123.5934689937818,
    121.30814271735666,
    121.24507653214656,
    109.01746037032623,
    108.54236063920773,
    106.73133830199845,
    106.70752988216346,
    106.69725857571585,
    106.54105781282651,
    106.5300051746893,
    105.87197663421296,
    105.77999730974182,
    105.36660570676028,
    105.29782678875506,
    102.11125788913854,
    102.09826549217235,
    101.41380337150764,
    100.98825534630373,
    95.62324296984487,
    89.36370487050849,
    89.00360486425129,
    87.74679416367184,
    87.7446389586795,
    87.53872063964542,
    87.47586945429805,
    81.26320181198163,
    79.69561864457044,
    76.98027444458155,
    67.71741441231659,
    67.18506061051895,
    64.0544516422371
  ],
  "trigger_counts": {
    "grad_norm": 0,
    "loss_delta": 72,
    "max_steps": 0
  },
  "elapsed_seconds": 2981.7612758856267,
  "device": "cuda:0",
  "git_sha": "894ee7c407f737c0a250a28d33487a7db7bd83d3"
}