{
  "dataset": "div2k_8q",
  "ordering": "lr",
  "seed": 44,
  "m": 8,
  "n": 8,
  "init": "random",
  "topk_ratio": 0.2,
  "k_train": 13107,
  "lr": 0.003,
  "batch": 50,
  "train_batch_idx": [
    8,
    9,
    40,
    43,
    46,
    52,
    55,
    74,
    75,
    88,
    96,
    101,
    117,
    157,
    177,
    185,
    187,
    190,
    195,
    197,
    208,
    245,
    255,
    264,
    272,
    280,
    285,
    289,
    300,
    302,
    317,
    323,
    343,
    344,
    365,
    371,
    385,
    396,
    417,
    437,
    442,
    443,
    447,
    450,
    458,
    470,
    475,
    479,
    493,
    494
  ],
  "max_steps": 2000,
  "grad_check_every": 5,
  "psnr": {
    "0.05": 25.164445683568573,
    "0.1": 27.861137233452887,
    "0.15": 29.95997226659795,
    "0.2": 31.836172161426475
  },
  "final_loss": 57.78450544206235,
  "total_steps": 7992,
  "per_stage_final_loss": [
    426.7540358925913,
    423.9874037285273,
    422.09217951437535,
    420.65082642440814,
    399.34781608700314,
    395.2220514146345,
    394.3202138895636,
    389.16238741224606,
    300.0651565193656,
    299.60593757287296,
    299.45761147707503,
    299.4535985887632,
    299.4472575614553,
    299.44349149436425,
    299.2996298649766,
    261.0246997469811,
    260.626725861097,
    260.59734611631205,
    260.142072068036,
    260.08098970716304,
    260.0588973376003,
    251.7899066523849,
    251.75673441688124,
    251.45295356099768,
    251.01494764527772,
    250.8402419165857,
    249.23805129546014,
    249.13820678068936,
    248.80890132755954,
    248.72779722781402,
    247.1927620544391,
    247.06096445806355,
    246.93768609639184,
    235.93704187435912,
    235.4217040648895,
    214.64098320955833,
    144.40733979413773,
    140.80184509275026,
    127.01536050762186,
    126.50373488811245,
    126.22229253811744,
    125.75259930808781,
    125.5665494143093,
    125.32210847217084,
    112.03859256991561,
    111.75248830886842,
    111.48773248324376,
    111.02786128614818,
    109.79183296623353,
    109.78642889599156,
    109.78130451425488,
    109.18519539808801,
    107.72605885994321,
    106.61342056898731,
    99.89539434890132,
    99.50927420457752,
    99.50611140808734,
    99.28511356705118,
    99.26220807565882,
    98.96472316414744,
    98.91488203515013,
    98.91422756801187,
    98.13723456647638,
    97.9725097674269,
    97.97050819825323,
    96.41566210275867,
    90.60489491902567,
    90.59911567385635,
    90.44925980496555,
    73.55875757188836,
    71.15217888875512,
    57.78450544206235
  ],
  "trigger_counts": {
    "grad_norm": 0,
    "loss_delta": 72,
    "max_steps": 0
  },
  "elapsed_seconds": 4554.859967854805,
  "device": "cuda:0",
  "git_sha": "894ee7c407f737c0a250a28d33487a7db7bd83d3"
}