{
  "dataset": "div2k_8q",
  "ordering": "lr",
  "seed": 1,
  "m": 8,
  "n": 8,
  "init": "random",
  "topk_ratio": 0.2,
  "k_train": 13107,
  "lr": 0.003,
  "batch": 50,
  "train_batch_idx": [
    9,
    12,
    15,
    30,
    40,
    58,
    59,
    64,
    65,
    99,
    114,
    119,
    126,
    128,
    138,
    143,
    145,
    156,
    185,
    190,
    195,
    213,
    215,
    218,
    231,
    240,
    245,
    246,
    255,
    257,
    300,
    342,
    355,
    369,
    373,
    376,
    384,
    388,
    396,
    400,
    407,
    431,
    434,
    440,
    471,
    477,
    480,
    485,
    488,
    499
  ],
  "max_steps": 2000,
  "grad_check_every": 5,
  "psnr": {
    "0.05": 25.234542150304055,
    "0.1": 27.811302660488714,
    "0.15": 29.841004205888613,
    "0.2": 31.659313767400374
  },
  "final_loss": 69.64420182875357,
  "total_steps": 8722,
  "per_stage_final_loss": [
    588.9515074318093,
    505.40821202656116,
    504.71767784259544,
    501.60994634013815,
    493.62483767922976,
    493.337185878959,
    492.1378348335932,
    491.80196570710217,
    327.8615023760256,
    327.7900216161621,
    327.77188730058174,
    327.7547476479524,
    327.7544473398699,
    327.7452912773317,
    327.7249738475547,
    274.2009527786873,
    272.64176921065626,
    272.28864239195093,
    272.2707663672869,
    272.240855990463,
    272.1995704092862,
    269.39639481212924,
    268.61334485323295,
    268.5846899645135,
    268.5649858113679,
    268.556932726104,
    268.51478660081756,
    268.51333587720035,
    268.5041075138635,
    268.4131837490273,
    268.4130183753358,
    268.3073096641482,
    268.2600914531971,
    257.88325836595715,
    257.7978787128605,
    237.55310203111088,
    157.41826093806634,
    152.74589640906473,
    151.69801256282292,
    151.51304884623977,
    149.04438168948147,
    148.34313145723357,
    147.66625567061675,
    145.65155944256273,
    130.34932208974666,
    130.31230433575834,
    130.19651451004617,
    129.7843384112188,
    129.43355313841286,
    129.430993019031,
    129.40639797034967,
    124.93453327095948,
    123.44057103790153,
    122.00848796411117,
    121.67521735896416,
    121.52333888569844,
    120.04209306149178,
    119.22745089089223,
    119.2248800927575,
    119.2128787579083,
    119.20884738055518,
    119.08555417133154,
    118.33709348876368,
    112.40182310016375,
    111.54086383523014,
    111.36802552348985,
    107.88375939231352,
    97.40918264292173,
    93.55778993149849,
    85.92025477728632,
    85.76081808741237,
    69.64420182875357
  ],
  "trigger_counts": {
    "grad_norm": 0,
    "loss_delta": 72,
    "max_steps": 0
  },
  "elapsed_seconds": 5510.666982526891,
  "device": "cuda:0",
  "git_sha": "894ee7c407f737c0a250a28d33487a7db7bd83d3"
}