{
  "dataset": "div2k_8q",
  "ordering": "lr",
  "seed": 54,
  "m": 8,
  "n": 8,
  "init": "random",
  "topk_ratio": 0.2,
  "k_train": 13107,
  "lr": 0.003,
  "batch": 50,
  "train_batch_idx": [
    3,
    12,
    13,
    14,
    36,
    39,
    55,
    59,
    68,
    82,
    85,
    89,
    100,
    102,
    118,
    126,
    135,
    137,
    140,
    144,
    148,
    152,
    181,
    185,
    197,
    210,
    223,
    230,
    235,
    250,
    264,
    283,
    309,
    324,
    335,
    337,
    348,
    353,
    363,
    369,
    390,
    392,
    398,
    408,
    421,
    433,
    437,
    458,
    462,
    492
  ],
  "max_steps": 2000,
  "grad_check_every": 5,
  "psnr": {
    "0.05": 25.231639749815763,
    "0.1": 27.808196926457637,
    "0.15": 29.838118324551736,
    "0.2": 31.65688622372697
  },
  "final_loss": 66.32736937330907,
  "total_steps": 7996,
  "per_stage_final_loss": [
    240.021500135139,
    238.8737809560337,
    211.70865601535138,
    210.40485863489238,
    210.16861726293337,
    208.98845325838784,
    208.6406542738179,
    208.54451953694362,
    171.61430288977442,
    170.88135967349197,
    170.80748914680956,
    170.78416794042198,
    170.78084484652456,
    170.77436925727022,
    170.77271893013756,
    168.9749654007906,
    168.84067897242937,
    168.77202405973497,
    168.3809565256424,
    168.36208027990557,
    168.34643183253138,
    163.2065361112548,
    162.31767180456845,
    162.3014582028766,
    162.18216925177353,
    162.1769540890051,
    161.6963437824055,
    161.67336638201058,
    161.6218246836696,
    161.54598093386292,
    158.9899699678342,
    158.97960661770216,
    158.6894613360157,
    156.2793393509538,
    155.6346267392424,
    140.79688950977646,
    125.460364389078,
    125.19576735345888,
    124.0977766623336,
    121.77602707308331,
    120.90761694099453,
    120.46482534454485,
    120.21561702507081,
    120.10874385926257,
    111.64858714490198,
    110.92995767644366,
    110.41276547743455,
    109.80958045017498,
    109.027335164507,
    109.00239149353041,
    108.96187297304063,
    108.94053961656944,
    107.18791867059038,
    103.44217524256862,
    102.33947125277084,
    102.0074012617199,
    101.88041198349862,
    101.35673978019912,
    100.43837794733467,
    100.15929468689053,
    100.15766226994344,
    100.04028593829513,
    98.10391790475666,
    98.06648145922958,
    98.06334037357189,
    98.05799716515929,
    81.22542896339819,
    80.33935464326375,
    80.04134885443759,
    72.32700798109327,
    69.77465058257427,
    66.32736937330907
  ],
  "trigger_counts": {
    "grad_norm": 0,
    "loss_delta": 72,
    "max_steps": 0
  },
  "elapsed_seconds": 4390.161334221251,
  "device": "cuda:0",
  "git_sha": "894ee7c407f737c0a250a28d33487a7db7bd83d3"
}