{
  "dataset": "div2k_8q",
  "ordering": "lr",
  "seed": 49,
  "m": 8,
  "n": 8,
  "init": "random",
  "topk_ratio": 0.2,
  "k_train": 13107,
  "lr": 0.003,
  "batch": 50,
  "train_batch_idx": [
    4,
    6,
    9,
    16,
    17,
    19,
    21,
    27,
    50,
    52,
    68,
    76,
    87,
    99,
    100,
    112,
    119,
    142,
    144,
    163,
    164,
    170,
    177,
    178,
    194,
    221,
    237,
    238,
    269,
    273,
    274,
    285,
    286,
    296,
    301,
    317,
    337,
    343,
    360,
    363,
    385,
    400,
    414,
    419,
    421,
    448,
    464,
    487,
    489,
    499
  ],
  "max_steps": 2000,
  "grad_check_every": 5,
  "psnr": {
    "0.05": 25.234255187168532,
    "0.1": 27.810818394984643,
    "0.15": 29.840642928372652,
    "0.2": 31.659151401465014
  },
  "final_loss": 75.58372023539802,
  "total_steps": 8568,
  "per_stage_final_loss": [
    633.457169278199,
    550.2375646169312,
    521.2334961455952,
    502.7528609129565,
    474.6799967178659,
    473.65798103451425,
    466.50544117181835,
    465.65477597501655,
    309.9541659182887,
    309.92659017679495,
    309.78277842058674,
    309.5522731262519,
    309.5204326217112,
    309.4237226586553,
    309.12343545671496,
    280.80890422372744,
    280.7855625094536,
    280.72872334032246,
    280.7268368704989,
    280.5997771045113,
    280.5219519575151,
    276.00782092998804,
    275.19570903970964,
    273.9152455207474,
    273.88638426113636,
    273.8851486656229,
    273.3467530573117,
    273.34099008450045,
    273.1387081930312,
    273.1035884218165,
    271.8118270266434,
    271.3408575491733,
    271.1224496119679,
    257.88605382298493,
    257.65952017804204,
    253.88768968721328,
    173.606075647412,
    164.5185150232868,
    156.21148816774823,
    155.9584948226336,
    155.87701481027335,
    155.3421654725505,
    155.13823497665854,
    154.83199688203496,
    140.37614234733593,
    136.27488654212613,
    133.87157750325042,
    133.83169097096933,
    133.01283992634103,
    132.99729606414428,
    132.96173807604762,
    130.9270405305348,
    130.78392166021902,
    130.37220768048763,
    130.11699633711504,
    129.91135619551076,
    129.87500908156267,
    129.24413499253893,
    128.17422529342232,
    127.05822374514307,
    127.05809051925664,
    126.89730129718097,
    126.60405235079892,
    125.94366202114725,
    125.8578938304462,
    125.65719309773627,
    121.91145093260819,
    121.42177280699765,
    121.37171664519843,
    104.67760026032252,
    104.31630604858914,
    75.58372023539802
  ],
  "trigger_counts": {
    "grad_norm": 0,
    "loss_delta": 72,
    "max_steps": 0
  },
  "elapsed_seconds": 4678.0989102637395,
  "device": "cuda:0",
  "git_sha": "894ee7c407f737c0a250a28d33487a7db7bd83d3"
}