{
  "dataset": "div2k_8q",
  "ordering": "lr",
  "seed": 25,
  "m": 8,
  "n": 8,
  "init": "random",
  "topk_ratio": 0.2,
  "k_train": 13107,
  "lr": 0.003,
  "batch": 50,
  "train_batch_idx": [
    0,
    13,
    43,
    56,
    68,
    70,
    71,
    72,
    89,
    94,
    98,
    105,
    106,
    119,
    135,
    141,
    142,
    143,
    168,
    185,
    202,
    203,
    205,
    219,
    227,
    247,
    253,
    261,
    268,
    271,
    274,
    277,
    288,
    318,
    332,
    335,
    347,
    361,
    366,
    374,
    375,
    383,
    387,
    434,
    443,
    459,
    463,
    475,
    476,
    499
  ],
  "max_steps": 2000,
  "grad_check_every": 5,
  "psnr": {
    "0.05": 25.23268236841758,
    "0.1": 27.80931769016734,
    "0.15": 29.839181595010263,
    "0.2": 31.657754123309616
  },
  "final_loss": 59.84070550671338,
  "total_steps": 8338,
  "per_stage_final_loss": [
    389.5402111120834,
    389.47804662846204,
    342.1911241142222,
    337.2537141861809,
    328.1369885281346,
    316.31244901467556,
    314.9141190427079,
    314.33490738911394,
    212.98812123041725,
    212.83823321065336,
    212.83098812161393,
    212.81948995659317,
    212.78299729776074,
    212.76665085965942,
    212.76617014417207,
    196.71421523337304,
    196.6136936691829,
    196.57075845470115,
    196.4683252259834,
    196.4023538543872,
    196.4003633180365,
    190.09257723655298,
    189.6587324158758,
    189.638808178739,
    189.62732681029505,
    189.61174036027876,
    188.13753098806802,
    187.88746682664873,
    187.49389450055452,
    187.46838144718032,
    187.4426746903851,
    187.26368291440397,
    186.97749600446593,
    178.62542852462335,
    178.15667089143602,
    157.74780954133755,
    140.72596802093724,
    120.7582951385179,
    118.99472854917094,
    115.61836977323458,
    113.26747237305995,
    112.9750090169703,
    112.82971180219498,
    112.0655783240961,
    111.1523874182743,
    109.2884269014081,
    109.27494141659618,
    109.2160077704211,
    109.05813984650395,
    108.88368393198789,
    108.6453448949608,
    105.32921304633378,
    100.81471570278944,
    99.81194164466183,
    98.34957992343777,
    98.3489411499216,
    97.69547098389896,
    97.43258322414084,
    94.92382436560005,
    94.91217733219025,
    94.53725181520883,
    93.9026527623486,
    90.72146572036301,
    87.21638356796659,
    87.12305365593555,
    86.99631038738687,
    83.25853870365903,
    83.1559775917983,
    75.85590039693622,
    74.53148080649112,
    74.12996028037476,
    59.84070550671338
  ],
  "trigger_counts": {
    "grad_norm": 0,
    "loss_delta": 72,
    "max_steps": 0
  },
  "elapsed_seconds": 4553.832090089098,
  "device": "cuda:0",
  "git_sha": "894ee7c407f737c0a250a28d33487a7db7bd83d3"
}