{
  "dataset": "div2k_8q",
  "ordering": "lr",
  "seed": 37,
  "m": 8,
  "n": 8,
  "init": "random",
  "topk_ratio": 0.2,
  "k_train": 13107,
  "lr": 0.003,
  "batch": 50,
  "train_batch_idx": [
    8,
    30,
    31,
    50,
    61,
    71,
    74,
    85,
    92,
    99,
    101,
    116,
    119,
    124,
    126,
    128,
    136,
    143,
    146,
    147,
    151,
    197,
    207,
    223,
    249,
    263,
    265,
    281,
    286,
    300,
    308,
    311,
    318,
    321,
    331,
    334,
    339,
    343,
    370,
    384,
    398,
    400,
    411,
    416,
    437,
    455,
    471,
    473,
    487,
    494
  ],
  "max_steps": 2000,
  "grad_check_every": 5,
  "psnr": {
    "0.05": 25.23389882815158,
    "0.1": 27.810540274684218,
    "0.15": 29.84017047528716,
    "0.2": 31.658699005592
  },
  "final_loss": 69.47375206908941,
  "total_steps": 9945,
  "per_stage_final_loss": [
    533.6238982144034,
    375.344605397489,
    374.15946212038364,
    373.7511007698693,
    371.8461142870385,
    371.0307125723333,
    369.53547953569927,
    369.31101702522693,
    283.99512575825753,
    283.0313499596701,
    283.02478990515897,
    282.89698684929107,
    282.52045521149216,
    282.5024882235247,
    282.5025234109551,
    245.50219456253726,
    243.76104080767365,
    243.58055594043654,
    243.27419129631505,
    243.05351586799628,
    243.0286227608994,
    237.64884353306454,
    237.22421700937926,
    237.22102914159208,
    237.0656106968565,
    236.97069217689216,
    235.4344038228421,
    234.61162812079922,
    234.46321878848264,
    234.45496365504414,
    229.03608301874516,
    229.0087489393577,
    228.97949287284007,
    216.49881223932505,
    216.23546397859482,
    209.80736259694336,
    149.98015343414826,
    148.03075843905773,
    147.43909450529713,
    147.04816330167137,
    146.90364628115884,
    146.38289346340443,
    146.10914642983082,
    146.0297468040524,
    135.11661524308337,
    134.95481258859064,
    133.2163619385612,
    133.08598552059715,
    133.0599105739032,
    132.26566286132706,
    132.21868947106447,
    127.14641261522442,
    124.34124467991145,
    124.32548657175751,
    124.30508852972675,
    124.26303697038868,
    124.17803701182159,
    123.94101202655291,
    122.21957467705514,
    117.74424607268287,
    117.73879239109185,
    117.69755942629232,
    117.04687771142926,
    109.35806558284786,
    109.35759161499742,
    108.85198613078592,
    101.47092526726381,
    94.32716082039592,
    91.67855601764032,
    81.67255876935023,
    78.41904740162065,
    69.47375206908941
  ],
  "trigger_counts": {
    "grad_norm": 0,
    "loss_delta": 72,
    "max_steps": 0
  },
  "elapsed_seconds": 5561.735568561591,
  "device": "cuda:0",
  "git_sha": "894ee7c407f737c0a250a28d33487a7db7bd83d3"
}