{
  "dataset": "div2k_8q",
  "ordering": "lr",
  "seed": 39,
  "m": 8,
  "n": 8,
  "init": "random",
  "topk_ratio": 0.2,
  "k_train": 13107,
  "lr": 0.003,
  "batch": 50,
  "train_batch_idx": [
    57,
    61,
    70,
    80,
    90,
    100,
    104,
    106,
    107,
    110,
    126,
    133,
    137,
    139,
    140,
    167,
    169,
    184,
    187,
    192,
    201,
    206,
    226,
    231,
    232,
    244,
    266,
    273,
    301,
    303,
    304,
    312,
    313,
    318,
    349,
    360,
    365,
    366,
    368,
    387,
    388,
    392,
    417,
    419,
    440,
    449,
    463,
    467,
    474,
    485
  ],
  "max_steps": 2000,
  "grad_check_every": 5,
  "psnr": {
    "0.05": 25.2288260508838,
    "0.1": 27.807770601051576,
    "0.15": 29.839021918938265,
    "0.2": 31.658451823226727
  },
  "final_loss": 71.18827044690264,
  "total_steps": 8738,
  "per_stage_final_loss": [
    463.9967703845934,
    456.89226331716463,
    446.93734870476237,
    422.03758089686164,
    421.04389743268314,
    420.5477789966534,
    418.97814983046317,
    415.0089247550334,
    334.03680724068664,
    333.7191478710971,
    333.4970507162711,
    333.49101241122287,
    333.43594492184627,
    333.4237758876478,
    333.3663069629843,
    288.55982157427854,
    288.1870461706033,
    288.0541126966245,
    287.9466549701114,
    287.82465045673257,
    287.82364373609255,
    282.9981801926537,
    282.9405413025494,
    282.93632811299165,
    282.8593633287279,
    282.79791529845187,
    281.0651167963409,
    280.8347936857623,
    280.79903395923384,
    280.7655309918232,
    278.96823191453484,
    278.9162885938291,
    278.8461171783625,
    273.909581458965,
    272.7293806765653,
    245.4361215487979,
    165.31717701646625,
    146.7713872677084,
    146.477221628733,
    145.00094513322804,
    144.61297428184923,
    144.51532153342956,
    144.407851884726,
    144.2890331954851,
    140.319330192042,
    140.19981914533201,
    136.56807918346684,
    136.50033738093393,
    136.48672462288846,
    136.35893399312167,
    136.31504902108864,
    131.7362890136622,
    131.24620114766844,
    130.50716032133636,
    130.08352852938893,
    129.3894333775739,
    129.07854827259956,
    127.77088229446964,
    127.71316305551146,
    127.46127475493948,
    127.12116767818472,
    127.11985665356495,
    124.27362901800198,
    123.18273194956507,
    120.93979888896456,
    120.93311645541814,
    107.30307880210654,
    107.278003322081,
    107.2673616008043,
    97.04057386076983,
    85.98058165009834,
    71.18827044690264
  ],
  "trigger_counts": {
    "grad_norm": 0,
    "loss_delta": 72,
    "max_steps": 0
  },
  "elapsed_seconds": 10637.938461377285,
  "device": "cuda:0",
  "git_sha": "894ee7c407f737c0a250a28d33487a7db7bd83d3"
}