{
  "dataset": "div2k_8q",
  "ordering": "lr",
  "seed": 24,
  "m": 8,
  "n": 8,
  "init": "random",
  "topk_ratio": 0.2,
  "k_train": 13107,
  "lr": 0.003,
  "batch": 50,
  "train_batch_idx": [
    14,
    19,
    27,
    29,
    40,
    49,
    58,
    60,
    86,
    126,
    133,
    148,
    149,
    155,
    161,
    172,
    183,
    184,
    186,
    194,
    213,
    216,
    231,
    259,
    262,
    263,
    264,
    267,
    270,
    290,
    296,
    303,
    311,
    316,
    321,
    336,
    340,
    346,
    347,
    355,
    357,
    372,
    385,
    405,
    419,
    438,
    448,
    479,
    491,
    497
  ],
  "max_steps": 2000,
  "grad_check_every": 5,
  "psnr": {
    "0.05": 25.280023030733158,
    "0.1": 27.974983888271655,
    "0.15": 30.08484567164749,
    "0.2": 31.969962749328328
  },
  "final_loss": 44.11002613715198,
  "total_steps": 8392,
  "per_stage_final_loss": [
    402.9938336453108,
    358.2360583323854,
    300.26622736162926,
    293.34993464203825,
    291.5657336093847,
    285.3171892887958,
    285.13871591454676,
    284.19739987410674,
    218.3422812692188,
    217.49073380492123,
    217.43964263453162,
    217.3290670057377,
    217.13009654792646,
    217.07877965207783,
    217.04525438817262,
    208.78494469259007,
    207.69465178239147,
    207.51594954111263,
    207.5092405978047,
    207.4901699802889,
    207.22334802348254,
    202.83223127283193,
    202.3972935941026,
    202.33475400178833,
    202.29984567770498,
    202.24596546607188,
    201.84658740932792,
    201.43531015229865,
    201.39527781718564,
    200.82341858149164,
    193.9925001770407,
    193.973790630526,
    193.9019418872411,
    191.9464492218519,
    191.234037442188,
    162.7849893233214,
    102.02644459548502,
    99.07259699122491,
    98.23280657434297,
    97.68081333306516,
    97.51075887259105,
    96.66459209968136,
    96.6577125860367,
    96.30367623174016,
    88.08956440393453,
    87.5977867234656,
    86.96774932892457,
    86.51145829752575,
    86.50798281936974,
    86.49295254081576,
    86.48470199648214,
    84.3680087777202,
    81.55535736484052,
    78.46004800239383,
    78.22324851607992,
    78.05763367141141,
    78.0306546560681,
    77.77602644818381,
    77.65893342992375,
    77.47371692283674,
    76.22660801005597,
    76.20534193344918,
    73.79792104493839,
    72.64432820463416,
    70.63003379506965,
    70.37614139411625,
    67.91983771129058,
    64.28885200822602,
    63.62514377565951,
    55.09640594890696,
    53.36613756379453,
    44.11002613715198
  ],
  "trigger_counts": {
    "grad_norm": 0,
    "loss_delta": 72,
    "max_steps": 0
  },
  "elapsed_seconds": 4668.2711410736665,
  "device": "cuda:0",
  "git_sha": "894ee7c407f737c0a250a28d33487a7db7bd83d3"
}