{
  "dataset": "div2k_8q",
  "ordering": "lr",
  "seed": 98,
  "m": 8,
  "n": 8,
  "init": "random",
  "topk_ratio": 0.2,
  "k_train": 13107,
  "lr": 0.003,
  "batch": 50,
  "train_batch_idx": [
    0,
    1,
    11,
    12,
    21,
    29,
    32,
    39,
    61,
    73,
    91,
    98,
    101,
    117,
    129,
    133,
    134,
    135,
    136,
    137,
    145,
    151,
    161,
    185,
    189,
    190,
    200,
    202,
    207,
    223,
    225,
    234,
    262,
    265,
    275,
    322,
    333,
    355,
    367,
    378,
    386,
    420,
    426,
    436,
    448,
    458,
    467,
    469,
    475,
    478
  ],
  "max_steps": 2000,
  "grad_check_every": 5,
  "psnr": {
    "0.05": 25.163760001107526,
    "0.1": 27.86057607898699,
    "0.15": 29.95934642828313,
    "0.2": 31.8356806200758
  },
  "final_loss": 67.88582027874386,
  "total_steps": 7301,
  "per_stage_final_loss": [
    609.7959959143238,
    511.7648263324985,
    424.888098467368,
    400.96942343670446,
    400.7557898219716,
    398.97434066644786,
    398.23433621556853,
    389.8196290015265,
    296.78478256896625,
    296.5185263268019,
    296.51880635555074,
    296.2472625218841,
    296.23170119903955,
    296.06267509802876,
    295.40877681068747,
    271.2391749497782,
    266.8453091743329,
    266.8213889570472,
    266.8112745760174,
    266.80452226484414,
    266.74524535256484,
    261.5415636914424,
    261.3900739548238,
    260.8020959073642,
    260.71952588377854,
    260.7138135599083,
    260.2258900236293,
    260.20662359134064,
    258.4037736610393,
    258.3913082194383,
    256.4757653974825,
    254.4651990564881,
    254.02362063381207,
    242.84425811326219,
    242.8401464817708,
    212.3869333271319,
    142.4691877589408,
    129.21774164799277,
    128.9535954722553,
    128.66733985180323,
    127.9488691890448,
    127.26545193964596,
    127.12437159441045,
    126.96612252432512,
    114.33291804509358,
    113.68636336386977,
    110.47709660307788,
    109.92733303645953,
    109.6596957586857,
    109.66215054522831,
    109.64442526387484,
    105.46990816282101,
    104.99926966616022,
    103.50265670188128,
    103.4779935038733,
    103.10797157229422,
    102.78857954138098,
    102.21805393325272,
    102.14405588637703,
    102.04981910064573,
    101.96551533369836,
    101.95925393713463,
    98.97087246750125,
    94.26026133728553,
    94.11781857070288,
    94.01638861957042,
    89.06010461171901,
    85.31978853550778,
    84.57750811424991,
    79.30997805413429,
    75.41094861502546,
    67.88582027874386
  ],
  "trigger_counts": {
    "grad_norm": 0,
    "loss_delta": 72,
    "max_steps": 0
  },
  "elapsed_seconds": 4004.920481137,
  "device": "cuda:0",
  "git_sha": "894ee7c407f737c0a250a28d33487a7db7bd83d3"
}