{
  "dataset": "div2k_8q",
  "ordering": "lr",
  "seed": 29,
  "m": 8,
  "n": 8,
  "init": "random",
  "topk_ratio": 0.2,
  "k_train": 13107,
  "lr": 0.003,
  "batch": 50,
  "train_batch_idx": [
    2,
    9,
    10,
    13,
    22,
    29,
    41,
    56,
    59,
    62,
    89,
    104,
    111,
    121,
    135,
    158,
    176,
    177,
    182,
    187,
    188,
    193,
    204,
    208,
    228,
    229,
    236,
    239,
    244,
    263,
    271,
    290,
    292,
    299,
    303,
    318,
    365,
    371,
    380,
    388,
    407,
    411,
    421,
    428,
    464,
    466,
    467,
    472,
    476,
    484
  ],
  "max_steps": 2000,
  "grad_check_every": 5,
  "psnr": {
    "0.05": 25.234581832207656,
    "0.1": 27.811181396857084,
    "0.15": 29.840755518661467,
    "0.2": 31.659129790646663
  },
  "final_loss": 77.24526009971085,
  "total_steps": 8397,
  "per_stage_final_loss": [
    390.38368813926826,
    378.99819856936955,
    378.88315498615833,
    378.6712572845006,
    378.66907417916053,
    378.1852924931963,
    375.5030608516392,
    375.1897449940278,
    254.10150077576014,
    253.94255001970208,
    253.8364883462861,
    253.79903904268033,
    253.43197176668252,
    253.40878237512902,
    253.40585266115843,
    232.9598807150643,
    231.89761906016437,
    231.8860303706427,
    231.74489107917464,
    231.72739929591154,
    231.7259652103104,
    228.92359500527556,
    228.66745101397524,
    228.62488073090086,
    228.62467604330604,
    228.6013316217062,
    226.8230404695593,
    226.62519252804216,
    226.1059814177193,
    225.9114054227378,
    224.90432180948244,
    224.706045852834,
    223.0538920164181,
    217.14109785724617,
    217.12086429745003,
    200.35418894345466,
    149.31097196375546,
    149.21271113143797,
    145.53680390964382,
    145.22758963849728,
    144.00242222026122,
    143.77272314792773,
    143.20541757374693,
    142.98796686878964,
    137.14677699077572,
    133.7822581591858,
    133.78166578739325,
    133.1868903458677,
    132.78288211745087,
    132.77550961730944,
    132.42486709594996,
    130.74235737726067,
    130.65864667687845,
    130.53462947682894,
    130.5341597250637,
    130.1588487558613,
    129.78599264628994,
    128.7222525296351,
    127.3283738739212,
    125.86314339800686,
    125.65451604320091,
    125.57350909826772,
    124.31547465046037,
    120.71925050608172,
    115.64031561645697,
    115.46643037928851,
    111.81758199076886,
    108.56061420050848,
    108.51508697394321,
    99.98574581430115,
    90.32598649377643,
    77.24526009971085
  ],
  "trigger_counts": {
    "grad_norm": 0,
    "loss_delta": 72,
    "max_steps": 0
  },
  "elapsed_seconds": 4717.381546605378,
  "device": "cuda:0",
  "git_sha": "894ee7c407f737c0a250a28d33487a7db7bd83d3"
}