{
  "dataset": "div2k_8q",
  "ordering": "lr",
  "seed": 17,
  "m": 8,
  "n": 8,
  "init": "random",
  "topk_ratio": 0.2,
  "k_train": 13107,
  "lr": 0.003,
  "batch": 50,
  "train_batch_idx": [
    3,
    7,
    16,
    17,
    23,
    39,
    42,
    48,
    70,
    73,
    74,
    81,
    87,
    98,
    119,
    168,
    173,
    178,
    198,
    199,
    202,
    208,
    210,
    225,
    228,
    235,
    237,
    254,
    274,
    275,
    281,
    284,
    286,
    296,
    314,
    327,
    334,
    341,
    344,
    348,
    359,
    363,
    381,
    399,
    423,
    459,
    476,
    477,
    485,
    492
  ],
  "max_steps": 2000,
  "grad_check_every": 5,
  "psnr": {
    "0.05": 25.23348604605786,
    "0.1": 27.810131397104996,
    "0.15": 29.83940433181541,
    "0.2": 31.6577617359426
  },
  "final_loss": 64.04962782082941,
  "total_steps": 7893,
  "per_stage_final_loss": [
    290.1520979100073,
    263.1142785580185,
    251.4920980367435,
    251.42528917623096,
    248.44893071461098,
    248.1339830458542,
    246.49356134709407,
    245.9418315606626,
    234.10646278167252,
    233.87615797522625,
    233.32387265220495,
    233.25374188133765,
    233.25196956276997,
    233.24606812352417,
    233.22232569448545,
    223.15631407077615,
    223.15409017230988,
    222.71733207514433,
    222.5236974657322,
    222.41365102586337,
    222.41340546734702,
    221.37725099606126,
    221.13851224772836,
    221.13667304240667,
    220.75465608426725,
    220.74899509011956,
    220.05497056481244,
    220.00698017390351,
    219.32268995146615,
    219.20355583290052,
    218.56068412186957,
    218.38300876498133,
    217.64767660625637,
    210.6396113141387,
    210.59441171730703,
    191.72377562152718,
    130.35468103972943,
    120.31867522065994,
    114.74703691580198,
    114.34262020727229,
    113.55676319401162,
    113.26790201195028,
    113.1517762786269,
    113.11730041883162,
    112.22086005214597,
    111.13822141599732,
    110.89303804911103,
    110.58103981686429,
    109.33965712048959,
    109.29479168198402,
    109.17673905687991,
    107.6963728823113,
    104.77752755726962,
    104.38423034976508,
    102.9229932535267,
    102.89396992017316,
    102.87776198589899,
    102.82467555070984,
    102.71774958348531,
    102.02113086983128,
    101.93572030380393,
    101.80411107144762,
    101.20603832367021,
    98.81766745516407,
    98.18084871036855,
    98.08555501838757,
    91.83259178141012,
    91.79500625416811,
    90.52356269302733,
    73.41557693019783,
    73.41081201679091,
    64.04962782082941
  ],
  "trigger_counts": {
    "grad_norm": 0,
    "loss_delta": 72,
    "max_steps": 0
  },
  "elapsed_seconds": 4322.313124614768,
  "device": "cuda:0",
  "git_sha": "894ee7c407f737c0a250a28d33487a7db7bd83d3"
}