{
  "dataset": "div2k_8q",
  "ordering": "lr",
  "seed": 72,
  "m": 8,
  "n": 8,
  "init": "random",
  "topk_ratio": 0.2,
  "k_train": 13107,
  "lr": 0.003,
  "batch": 50,
  "train_batch_idx": [
    3,
    24,
    30,
    32,
    34,
    35,
    52,
    57,
    70,
    82,
    97,
    105,
    119,
    124,
    136,
    138,
    143,
    165,
    176,
    189,
    190,
    191,
    208,
    210,
    216,
    244,
    252,
    262,
    266,
    271,
    272,
    277,
    280,
    304,
    325,
    329,
    373,
    377,
    378,
    384,
    397,
    404,
    419,
    428,
    429,
    439,
    448,
    460,
    474,
    495
  ],
  "max_steps": 2000,
  "grad_check_every": 5,
  "psnr": {
    "0.05": 25.234388357943246,
    "0.1": 27.811494694529216,
    "0.15": 29.841421486071443,
    "0.2": 31.659747685429792
  },
  "final_loss": 79.72827570559916,
  "total_steps": 8263,
  "per_stage_final_loss": [
    636.2029238252633,
    335.3071727256088,
    314.5522942062525,
    309.60665095776915,
    309.58152522400985,
    308.1276459251813,
    307.57765953863156,
    307.2399267359885,
    299.745176735464,
    298.98419918268326,
    298.5152327971229,
    298.38400139746176,
    297.98906435600423,
    297.98168082832586,
    297.96829140502587,
    267.7188064554458,
    267.68383181637984,
    266.543895953498,
    266.5407812816579,
    266.5212711594519,
    266.4739225792298,
    258.74380838643896,
    257.6703055883535,
    257.63012402261995,
    257.6259284307408,
    257.61715700036797,
    256.5806183815655,
    255.60237634805875,
    255.59585401089876,
    255.58440236242765,
    252.6435632631377,
    252.30068936856003,
    252.28180920478678,
    248.1218163470056,
    247.81046322415918,
    242.02741263993573,
    170.51307999310066,
    169.16187850443833,
    168.8747556129087,
    168.5595050848626,
    167.736364168839,
    166.24747454498123,
    166.06236811722513,
    166.01790509905157,
    153.06984477638514,
    152.31165988747912,
    151.73005684926645,
    151.7203153108396,
    151.71850247019805,
    147.99971246438992,
    147.96391651700512,
    142.52531897152465,
    142.3441264226561,
    142.33077294331008,
    142.17996692448315,
    141.57564523191203,
    141.51211595297505,
    140.39376760949912,
    137.41778615811276,
    137.4113464892757,
    134.6953490454832,
    134.10868090976473,
    132.71965313728583,
    125.74452907072585,
    125.59628352216545,
    125.44447151334651,
    119.60186644747077,
    118.49887877586926,
    117.52012378672161,
    109.19590904693811,
    96.17128194317235,
    79.72827570559916
  ],
  "trigger_counts": {
    "grad_norm": 0,
    "loss_delta": 72,
    "max_steps": 0
  },
  "elapsed_seconds": 4514.48764572572,
  "device": "cuda:0",
  "git_sha": "894ee7c407f737c0a250a28d33487a7db7bd83d3"
}