{
  "dataset": "div2k_8q",
  "ordering": "lr",
  "seed": 66,
  "m": 8,
  "n": 8,
  "init": "random",
  "topk_ratio": 0.2,
  "k_train": 13107,
  "lr": 0.003,
  "batch": 50,
  "train_batch_idx": [
    33,
    46,
    47,
    65,
    69,
    87,
    110,
    115,
    121,
    123,
    128,
    143,
    158,
    160,
    203,
    212,
    215,
    217,
    223,
    228,
    231,
    251,
    268,
    278,
    285,
    287,
    293,
    314,
    316,
    332,
    333,
    349,
    373,
    376,
    378,
    383,
    392,
    395,
    396,
    406,
    417,
    422,
    424,
    427,
    440,
    451,
    454,
    469,
    479,
    480
  ],
  "max_steps": 2000,
  "grad_check_every": 5,
  "psnr": {
    "0.05": 25.164819301309766,
    "0.1": 27.861670052200306,
    "0.15": 29.960618055207078,
    "0.2": 31.83703632885029
  },
  "final_loss": 69.35427297125544,
  "total_steps": 7934,
  "per_stage_final_loss": [
    705.9755993297117,
    366.29748748125814,
    365.11270793658565,
    356.575603730103,
    347.7285872286911,
    343.6066776897987,
    343.4989793464763,
    343.30431121440597,
    338.9943885823479,
    338.698640288484,
    338.2945217104404,
    338.087558362989,
    337.3453224081211,
    337.3443954711672,
    337.01240518668254,
    278.0330676586226,
    277.08815784536034,
    276.65741983535014,
    276.64730278552696,
    276.41092699870296,
    276.3922814793567,
    268.13415203005434,
    267.05891898501034,
    266.8477053920798,
    266.60329712023946,
    266.4404333335481,
    265.06174518184105,
    264.877529289976,
    264.35216074007,
    264.08990406205487,
    261.48241005479815,
    261.38401820373775,
    261.2465024854045,
    258.00232324943374,
    257.77078849275085,
    237.69839342753497,
    159.00169077581032,
    150.3549211342935,
    149.36816575870193,
    148.96112683633547,
    148.13932895634855,
    148.1347362360991,
    145.88652297034744,
    145.64420161921893,
    132.67116268544635,
    131.72194520782196,
    131.55259250563807,
    130.96977959397785,
    130.8755064182961,
    130.17012364049313,
    130.10397462463618,
    121.5112928193522,
    121.50367721965165,
    120.77436362848253,
    120.75482005000683,
    120.75412432881863,
    120.74393077661371,
    120.66924088814345,
    116.42237070486077,
    115.17527936931297,
    113.68582449848451,
    113.31335128953938,
    110.38296698643724,
    109.9188907702719,
    109.91705253521283,
    108.92068275409072,
    107.41298044731822,
    107.39223237164624,
    107.29457984331454,
    97.79332812972869,
    86.31654908930163,
    69.35427297125544
  ],
  "trigger_counts": {
    "grad_norm": 0,
    "loss_delta": 72,
    "max_steps": 0
  },
  "elapsed_seconds": 9552.45273114182,
  "device": "cuda:0",
  "git_sha": "894ee7c407f737c0a250a28d33487a7db7bd83d3"
}