{
  "dataset": "div2k_8q",
  "ordering": "lr",
  "seed": 9,
  "m": 8,
  "n": 8,
  "init": "random",
  "topk_ratio": 0.2,
  "k_train": 13107,
  "lr": 0.003,
  "batch": 50,
  "train_batch_idx": [
    2,
    6,
    12,
    30,
    52,
    56,
    70,
    105,
    130,
    137,
    140,
    146,
    152,
    167,
    190,
    205,
    228,
    237,
    250,
    275,
    294,
    305,
    319,
    329,
    335,
    342,
    352,
    356,
    362,
    374,
    378,
    386,
    393,
    397,
    399,
    415,
    421,
    422,
    426,
    427,
    429,
    435,
    441,
    463,
    471,
    474,
    486,
    489,
    490,
    491
  ],
  "max_steps": 2000,
  "grad_check_every": 5,
  "psnr": {
    "0.05": 25.091485089482727,
    "0.1": 27.569033199730107,
    "0.15": 29.528455135992964,
    "0.2": 31.288869302372074
  },
  "final_loss": 75.67872848662816,
  "total_steps": 9560,
  "per_stage_final_loss": [
    440.5119688846408,
    439.2789909926593,
    437.22093108632924,
    427.20244410129396,
    426.50412950322516,
    421.2016474288739,
    421.007858544505,
    420.85893607870656,
    283.16435659822776,
    283.1603967533967,
    283.1145606940624,
    282.8848068182552,
    282.81391622906636,
    282.733615067005,
    282.7057331098444,
    257.58129695665025,
    256.54631127842254,
    255.81028042179656,
    255.60909132732795,
    255.60898930371053,
    255.60792292135883,
    253.85863153697122,
    253.42210065431897,
    252.78619808866847,
    252.6797563738782,
    252.4617025169074,
    251.80439844022447,
    251.60347884365547,
    251.57806680714486,
    251.55431316064278,
    251.4693984583155,
    250.75344491433785,
    250.5760042014306,
    247.99059273113275,
    247.88672824143944,
    230.12835764236007,
    160.27293503069234,
    151.6024899306041,
    145.19406971465907,
    143.43486191863107,
    142.846507911599,
    142.72258023747563,
    142.48354306210985,
    141.66337606634568,
    134.56325126635744,
    132.08565876391947,
    131.0958361933348,
    130.64029426847932,
    130.55495241824482,
    130.2131472519604,
    130.1084026870684,
    129.2197803715466,
    128.8566351398375,
    128.6046215639053,
    128.3180440276478,
    126.1887701766246,
    124.9165298685242,
    124.26988259182079,
    120.54862802786187,
    117.53727005079281,
    116.02654172314135,
    115.63003745530517,
    115.54369816589544,
    107.5886577923183,
    106.83349191803019,
    105.29232979658354,
    103.58083252996974,
    102.93074718194191,
    95.27974282027442,
    89.06884785057639,
    88.98418727540677,
    75.67872848662816
  ],
  "trigger_counts": {
    "grad_norm": 0,
    "loss_delta": 72,
    "max_steps": 0
  },
  "elapsed_seconds": 5442.43300168775,
  "device": "cuda:0",
  "git_sha": "894ee7c407f737c0a250a28d33487a7db7bd83d3"
}