{
  "dataset": "div2k_8q",
  "ordering": "lr",
  "seed": 69,
  "m": 8,
  "n": 8,
  "init": "random",
  "topk_ratio": 0.2,
  "k_train": 13107,
  "lr": 0.003,
  "batch": 50,
  "train_batch_idx": [
    3,
    5,
    8,
    10,
    23,
    33,
    46,
    69,
    82,
    121,
    150,
    190,
    201,
    203,
    219,
    230,
    239,
    248,
    252,
    258,
    262,
    265,
    286,
    295,
    306,
    309,
    315,
    316,
    318,
    324,
    331,
    334,
    336,
    344,
    356,
    358,
    359,
    365,
    367,
    371,
    377,
    390,
    394,
    398,
    406,
    411,
    447,
    457,
    495,
    499
  ],
  "max_steps": 2000,
  "grad_check_every": 5,
  "psnr": {
    "0.05": 25.233937640560058,
    "0.1": 27.81055814924674,
    "0.15": 29.840267112401307,
    "0.2": 31.658885634441326
  },
  "final_loss": 76.00686758034725,
  "total_steps": 8779,
  "per_stage_final_loss": [
    740.0817836304387,
    476.18817012303845,
    412.3073696516652,
    378.2132367332017,
    371.6573494516659,
    370.52181678046395,
    366.7212007168133,
    366.51227171087646,
    307.6463181011475,
    305.83848912580595,
    305.61580581438443,
    305.5774305713505,
    305.5289529936507,
    305.4641074669231,
    305.37343955668695,
    279.83783180890146,
    278.7784385402445,
    278.74674355844667,
    278.65684474062317,
    278.6487449796292,
    278.648053555034,
    277.38660823868486,
    277.2198833402234,
    277.2181695124041,
    277.03026182624626,
    277.01821664915377,
    276.42668634158105,
    276.0531138556057,
    276.0259953606507,
    276.011298604458,
    273.4733386292079,
    272.84852362965665,
    272.83888380745424,
    253.62154890793306,
    253.2744768488003,
    243.20633066264446,
    157.00925907735393,
    156.2566923685096,
    147.66267203970273,
    146.79447972414638,
    146.29248975932612,
    146.0564830648232,
    144.48596535318185,
    143.8965859659158,
    130.26156551598075,
    130.26072841189043,
    130.21144750794664,
    130.11375406504018,
    129.03874223467287,
    127.64735106134556,
    126.94114072961231,
    125.31317014388642,
    122.60834743429682,
    121.36464900607342,
    121.29189027885343,
    121.28537844840788,
    120.96918048260495,
    120.48348367812014,
    114.21779115181955,
    110.55902496468077,
    110.55859300814234,
    110.51786997651712,
    108.82035340890396,
    107.56965290970805,
    107.44915152524355,
    107.41743747500911,
    103.87420094251448,
    101.16179199991969,
    96.49359870104942,
    88.83592560605881,
    86.85838351508,
    76.00686758034725
  ],
  "trigger_counts": {
    "grad_norm": 0,
    "loss_delta": 72,
    "max_steps": 0
  },
  "elapsed_seconds": 4976.504786473699,
  "device": "cuda:0",
  "git_sha": "894ee7c407f737c0a250a28d33487a7db7bd83d3"
}