{
  "dataset": "div2k_8q",
  "ordering": "lr",
  "seed": 40,
  "m": 8,
  "n": 8,
  "init": "random",
  "topk_ratio": 0.2,
  "k_train": 13107,
  "lr": 0.003,
  "batch": 50,
  "train_batch_idx": [
    9,
    14,
    20,
    22,
    26,
    27,
    33,
    51,
    52,
    64,
    68,
    84,
    90,
    102,
    153,
    157,
    171,
    182,
    190,
    199,
    215,
    220,
    223,
    239,
    243,
    253,
    255,
    262,
    270,
    281,
    303,
    308,
    313,
    314,
    317,
    328,
    329,
    343,
    357,
    373,
    377,
    389,
    404,
    420,
    426,
    429,
    438,
    464,
    484,
    489
  ],
  "max_steps": 2000,
  "grad_check_every": 5,
  "psnr": {
    "0.05": 25.234070789912394,
    "0.1": 27.810571283717408,
    "0.15": 29.839993439807344,
    "0.2": 31.658243302193668
  },
  "final_loss": 61.50915792386646,
  "total_steps": 7916,
  "per_stage_final_loss": [
    528.5068226142571,
    296.31812664325236,
    295.09001312179106,
    295.0229177053215,
    294.05863202988803,
    293.95287740566545,
    293.30368544405735,
    290.8705346393989,
    286.84260351852987,
    286.8253938991439,
    286.4195591906842,
    286.2814618471148,
    286.2780594737498,
    286.1377975444098,
    286.12465253041955,
    246.79836019292102,
    246.06599654613223,
    245.9370606831019,
    245.87128487402632,
    245.82143970465086,
    245.59860451081528,
    242.76857542614349,
    242.45342876221198,
    242.4459400350745,
    242.28383425322536,
    242.24349646705787,
    239.95544319082484,
    239.08447482953432,
    239.0323448435321,
    238.86258577808817,
    238.8608499679614,
    237.89115939361665,
    235.08507678787544,
    228.86648645865586,
    228.7974290810972,
    200.67517084277983,
    142.04557726806266,
    124.86591847238388,
    122.02272414596048,
    121.38600511017616,
    121.14523937443744,
    120.69036006048822,
    119.35301026483792,
    119.1844212356834,
    116.61161075241012,
    115.5260915705614,
    114.45437842243406,
    114.15909826788568,
    112.29027308744594,
    112.28739883841796,
    112.02663154259044,
    104.30242705213476,
    100.77854379830644,
    100.71332670527656,
    100.65390174857912,
    99.84353140536415,
    99.83573408208609,
    99.61460635667089,
    97.46439904394174,
    97.40634753428289,
    96.16167998892817,
    96.1615947005724,
    95.33060531259024,
    87.76390340783374,
    87.64517358354173,
    87.45261315859337,
    80.44865468258504,
    77.55289062693443,
    77.3926132035552,
    69.02361225628843,
    66.40849862029174,
    61.50915792386646
  ],
  "trigger_counts": {
    "grad_norm": 0,
    "loss_delta": 72,
    "max_steps": 0
  },
  "elapsed_seconds": 4625.343959979713,
  "device": "cuda:0",
  "git_sha": "894ee7c407f737c0a250a28d33487a7db7bd83d3"
}