{
  "dataset": "div2k_8q",
  "ordering": "lr",
  "seed": 32,
  "m": 8,
  "n": 8,
  "init": "random",
  "topk_ratio": 0.2,
  "k_train": 13107,
  "lr": 0.003,
  "batch": 50,
  "train_batch_idx": [
    4,
    19,
    36,
    72,
    74,
    98,
    114,
    129,
    138,
    147,
    149,
    150,
    163,
    171,
    192,
    196,
    198,
    216,
    228,
    256,
    257,
    259,
    261,
    265,
    284,
    286,
    292,
    299,
    300,
    305,
    312,
    315,
    327,
    348,
    363,
    366,
    388,
    389,
    396,
    406,
    408,
    434,
    436,
    446,
    448,
    449,
    454,
    478,
    490,
    498
  ],
  "max_steps": 2000,
  "grad_check_every": 5,
  "psnr": {
    "0.05": 25.234404339234544,
    "0.1": 27.81100408384887,
    "0.15": 29.84073742130985,
    "0.2": 31.65902022282655
  },
  "final_loss": 57.637407703496166,
  "total_steps": 9183,
  "per_stage_final_loss": [
    477.49225521265413,
    472.9343855753336,
    457.43266460626734,
    444.5305728761032,
    443.5020115563674,
    432.01347916397066,
    431.8487647225518,
    431.44804782206427,
    257.1635700716629,
    256.89307008377716,
    256.8819965567938,
    256.8382350330028,
    256.82944420035534,
    256.7873703550899,
    256.5304423528759,
    232.48156443871972,
    232.39121804967138,
    232.37772739640351,
    232.37771642909976,
    232.3750813351664,
    232.3631527119935,
    224.2488103978261,
    223.8907282602852,
    223.7791922956074,
    223.75038830780505,
    223.35331478778983,
    221.93807140380633,
    221.92152527226673,
    221.62004877669185,
    221.59089732898283,
    220.8797466916433,
    220.81113147619163,
    220.0445839716919,
    215.95966795470721,
    215.91125077731067,
    191.28155470694279,
    131.43334168224007,
    130.4838937314973,
    128.2331069380599,
    128.21674632443822,
    127.72498078052077,
    127.23432243009185,
    127.19129544408315,
    127.0543512684455,
    115.02937434098618,
    111.75402651831428,
    111.70566595582147,
    111.60194937397246,
    111.58461477132491,
    111.5772543777042,
    111.56158954700784,
    110.64650198862869,
    107.7948178142095,
    107.71890358080738,
    105.67958022491014,
    104.93363426886387,
    104.92857913303443,
    104.25785306205822,
    101.82498006224375,
    101.12120719588827,
    99.87284567943891,
    99.6984461554205,
    98.69667091478101,
    98.6510028638204,
    98.64979745676794,
    98.58041768758301,
    95.43666198982115,
    92.12332325659058,
    91.91589360573009,
    82.70251296982543,
    82.66532868266228,
    57.637407703496166
  ],
  "trigger_counts": {
    "grad_norm": 0,
    "loss_delta": 72,
    "max_steps": 0
  },
  "elapsed_seconds": 11271.662925144657,
  "device": "cuda:0",
  "git_sha": "894ee7c407f737c0a250a28d33487a7db7bd83d3"
}