{
  "dataset": "div2k_8q",
  "ordering": "lr",
  "seed": 13,
  "m": 8,
  "n": 8,
  "init": "random",
  "topk_ratio": 0.2,
  "k_train": 13107,
  "lr": 0.003,
  "batch": 50,
  "train_batch_idx": [
    1,
    31,
    35,
    39,
    56,
    62,
    77,
    119,
    122,
    135,
    137,
    154,
    165,
    189,
    191,
    197,
    209,
    226,
    243,
    250,
    260,
    268,
    279,
    284,
    313,
    330,
    366,
    368,
    369,
    371,
    383,
    385,
    388,
    390,
    392,
    397,
    400,
    404,
    413,
    425,
    426,
    427,
    430,
    437,
    443,
    462,
    466,
    485,
    498,
    499
  ],
  "max_steps": 2000,
  "grad_check_every": 5,
  "psnr": {
    "0.05": 25.23485414420821,
    "0.1": 27.81169839020452,
    "0.15": 29.841578274277605,
    "0.2": 31.65988323125478
  },
  "final_loss": 66.39379201243402,
  "total_steps": 8435,
  "per_stage_final_loss": [
    482.3675056727282,
    381.14304218488365,
    355.8260688367596,
    311.135584594946,
    289.7091592610704,
    289.551321986999,
    289.4524458344247,
    284.2167020609721,
    243.0050872977246,
    242.30983697276156,
    242.06601243397324,
    242.0509933628387,
    241.9372288302576,
    241.93721368318475,
    241.867997861881,
    226.699847172443,
    226.3519060121645,
    226.35445223233896,
    226.2988979937211,
    226.25222530586805,
    226.20083960520583,
    225.87747625337215,
    225.72560608301188,
    225.57544976366233,
    225.5720163436978,
    225.4907241315597,
    224.9230779639525,
    224.90881840644738,
    223.9760682214616,
    223.97679638767346,
    223.17350969638042,
    223.052687514146,
    223.05807523134303,
    215.46313036167743,
    215.05307589051512,
    189.97206147635845,
    143.3615924796055,
    137.00790703016477,
    134.7726537759462,
    133.25248721938527,
    131.03054046661936,
    131.02395113002885,
    130.7345629900001,
    130.6905995577769,
    122.68456965336053,
    118.14784148803415,
    115.61317993772447,
    115.17578671433097,
    115.17540537490014,
    115.16713485199516,
    115.15903597534776,
    112.39361116114287,
    112.11697717755702,
    109.08692206761698,
    108.84697062139234,
    108.84966664483117,
    108.7601160333231,
    108.72429001418536,
    107.94433269433834,
    107.87182763850785,
    107.80509565612024,
    107.57270621582857,
    105.38427919962088,
    101.28376096038741,
    100.43597298977087,
    100.31877132457333,
    96.8266586232391,
    93.09895288275891,
    93.00300460803577,
    87.29460720270443,
    87.27758946284881,
    66.39379201243402
  ],
  "trigger_counts": {
    "grad_norm": 0,
    "loss_delta": 72,
    "max_steps": 0
  },
  "elapsed_seconds": 11442.507422284223,
  "device": "cuda:0",
  "git_sha": "894ee7c407f737c0a250a28d33487a7db7bd83d3"
}