{
  "dataset": "div2k_8q",
  "ordering": "lr",
  "seed": 14,
  "m": 8,
  "n": 8,
  "init": "random",
  "topk_ratio": 0.2,
  "k_train": 13107,
  "lr": 0.003,
  "batch": 50,
  "train_batch_idx": [
    0,
    30,
    33,
    40,
    43,
    67,
    79,
    84,
    99,
    110,
    128,
    146,
    155,
    159,
    163,
    191,
    209,
    216,
    218,
    227,
    244,
    253,
    269,
    273,
    274,
    295,
    307,
    315,
    320,
    333,
    334,
    345,
    351,
    352,
    353,
    355,
    373,
    375,
    381,
    382,
    390,
    393,
    402,
    407,
    419,
    429,
    440,
    459,
    473,
    484
  ],
  "max_steps": 2000,
  "grad_check_every": 5,
  "psnr": {
    "0.05": 25.234968356798635,
    "0.1": 27.81177971742472,
    "0.15": 29.841492351795427,
    "0.2": 31.659736649681413
  },
  "final_loss": 65.46753156376315,
  "total_steps": 7975,
  "per_stage_final_loss": [
    451.3921320730553,
    410.99216636432584,
    345.6613944124567,
    336.1853187181469,
    334.93120115865116,
    329.7608709017818,
    329.58889203729586,
    327.59157182370933,
    235.26185983362157,
    234.99265556838262,
    234.3118030100192,
    233.87472326936035,
    233.86794938095122,
    233.86665684097466,
    233.75015590684205,
    228.16338333725727,
    228.0648759700534,
    227.36774767552663,
    227.35495347375226,
    227.35227270863078,
    227.21623818312676,
    224.80265401598666,
    224.11045692621124,
    224.06700354273937,
    223.9988895342857,
    223.8627941207515,
    222.4581281431055,
    222.23241674542078,
    222.22499887351645,
    221.91168854723384,
    221.17215731632325,
    220.2616629449762,
    220.25745784143257,
    214.8780094260152,
    214.2437776712942,
    189.690485742811,
    139.1392682304545,
    128.8070324026283,
    127.90332336472828,
    127.79249901364574,
    125.64550715235107,
    125.55029160875412,
    125.29077061977596,
    124.9158454019113,
    118.43771926586896,
    115.99801257306368,
    115.8768342198066,
    111.08073989985743,
    111.07350869359676,
    110.82850532869416,
    110.7946477170717,
    110.48463201704119,
    107.93630470241838,
    107.58391234770434,
    106.88922467984656,
    106.86740029566114,
    106.86474063149461,
    106.69337179259324,
    106.69100077423809,
    106.26643745065499,
    102.73809048920437,
    102.70619485865726,
    101.4337667738718,
    88.8203644596224,
    88.55379887697731,
    88.54235682229319,
    82.57016228147747,
    81.52284223608157,
    81.51056332552842,
    69.05574056766835,
    69.0536693941163,
    65.46753156376315
  ],
  "trigger_counts": {
    "grad_norm": 0,
    "loss_delta": 72,
    "max_steps": 0
  },
  "elapsed_seconds": 4442.755538795143,
  "device": "cuda:0",
  "git_sha": "894ee7c407f737c0a250a28d33487a7db7bd83d3"
}