{
  "dataset": "div2k_8q",
  "ordering": "lr",
  "seed": 57,
  "m": 8,
  "n": 8,
  "init": "random",
  "topk_ratio": 0.2,
  "k_train": 13107,
  "lr": 0.003,
  "batch": 50,
  "train_batch_idx": [
    13,
    29,
    34,
    58,
    72,
    88,
    98,
    122,
    131,
    136,
    155,
    158,
    159,
    170,
    181,
    183,
    199,
    212,
    215,
    222,
    228,
    241,
    257,
    261,
    263,
    270,
    287,
    288,
    293,
    306,
    309,
    310,
    338,
    361,
    371,
    374,
    383,
    386,
    393,
    399,
    426,
    437,
    449,
    451,
    459,
    474,
    475,
    485,
    491,
    499
  ],
  "max_steps": 2000,
  "grad_check_every": 5,
  "psnr": {
    "0.05": 25.163475338346547,
    "0.1": 27.860347257405547,
    "0.15": 29.959479778948673,
    "0.2": 31.83554463606024
  },
  "final_loss": 65.73543531242439,
  "total_steps": 7783,
  "per_stage_final_loss": [
    315.0622296457097,
    314.3950772939048,
    284.12593200367655,
    278.4789159019368,
    273.33389560871666,
    267.16627216410313,
    266.16867098441656,
    265.9961601067632,
    207.0649912074898,
    206.02434752409317,
    205.8164954776588,
    205.81394362482322,
    205.75335809175405,
    205.75072390763242,
    205.61094132524238,
    205.16061801101816,
    204.52932203553158,
    204.14800263084624,
    204.14000137643262,
    204.12418727207623,
    204.1152761334376,
    199.8610884296425,
    199.82437782356394,
    199.60992639075317,
    199.57967719817586,
    199.4805219827652,
    198.59835607038332,
    199.64705904610202,
    198.07019464256283,
    198.025255436441,
    198.02127510429804,
    196.82306500937074,
    196.72642099271354,
    193.1769056952618,
    192.1326799120388,
    176.6933440796956,
    143.410140873676,
    137.17446411159744,
    135.29715300753077,
    135.22358082943884,
    134.28635490130534,
    133.3912243089211,
    132.60477412932332,
    132.42969769539735,
    126.37517557202784,
    122.89825071093574,
    122.23339200259157,
    121.9363168794797,
    121.8229824180213,
    121.82910362946379,
    121.7899146227782,
    120.32727225179337,
    120.2498559461427,
    119.92694096126398,
    119.97259793739595,
    119.27638085847892,
    118.69046565660607,
    118.63740039250295,
    118.41617391287447,
    113.32196067167608,
    112.50768015706483,
    112.21374709285523,
    110.90919945344511,
    110.11084890870046,
    109.30384449445701,
    109.0061653909049,
    104.3009551739657,
    101.44561295243145,
    93.14893828154838,
    85.34048704335862,
    82.57248696987693,
    65.73543531242439
  ],
  "trigger_counts": {
    "grad_norm": 0,
    "loss_delta": 72,
    "max_steps": 0
  },
  "elapsed_seconds": 4346.412246069871,
  "device": "cuda:0",
  "git_sha": "894ee7c407f737c0a250a28d33487a7db7bd83d3"
}