{
  "dataset": "div2k_8q",
  "ordering": "lr",
  "seed": 89,
  "m": 8,
  "n": 8,
  "init": "random",
  "topk_ratio": 0.2,
  "k_train": 13107,
  "lr": 0.003,
  "batch": 50,
  "train_batch_idx": [
    5,
    9,
    20,
    33,
    63,
    72,
    79,
    83,
    113,
    120,
    129,
    134,
    138,
    148,
    149,
    159,
    161,
    164,
    168,
    169,
    177,
    178,
    184,
    191,
    227,
    233,
    248,
    260,
    272,
    279,
    307,
    308,
    318,
    328,
    333,
    337,
    339,
    349,
    359,
    361,
    362,
    365,
    384,
    387,
    416,
    424,
    441,
    448,
    470,
    472
  ],
  "max_steps": 2000,
  "grad_check_every": 5,
  "psnr": {
    "0.05": 25.234933859954726,
    "0.1": 27.811714871738896,
    "0.15": 29.841363287561126,
    "0.2": 31.659551770023203
  },
  "final_loss": 73.53380967907209,
  "total_steps": 9545,
  "per_stage_final_loss": [
    611.7259841637941,
    500.9028253529995,
    482.2944661422667,
    480.262678898656,
    473.07527829455904,
    472.0265907942677,
    468.12748958233175,
    461.5559870110236,
    290.9898155254574,
    290.9310014300096,
    290.8701596311993,
    290.83297140840284,
    290.8292581436784,
    290.8241039394081,
    290.7529659009209,
    242.50932208674396,
    242.4004000729269,
    241.8844331956011,
    241.87578185472114,
    241.788331491661,
    241.7832365820856,
    232.92817813570528,
    232.82996134378675,
    232.81324026118904,
    232.77033185457304,
    232.74752825487766,
    232.73076010409298,
    232.70048167940672,
    232.6274588832268,
    232.62722561184995,
    232.17967990946659,
    232.1093953201436,
    232.0783127574825,
    220.81028512950908,
    220.78532921544996,
    212.22876507603425,
    167.0847599428692,
    161.00902493351697,
    160.8356752994804,
    160.19339162466053,
    150.93991942682626,
    149.97189775694275,
    149.85300895934714,
    149.7960266364871,
    138.15975699512742,
    138.01719907974137,
    137.82912058016404,
    137.81788778344986,
    137.73857994468628,
    133.67509088493145,
    133.6591671252947,
    129.2197385547332,
    126.96353543895202,
    126.90802308428897,
    126.1793466489057,
    124.96904773760922,
    124.93021835282889,
    124.15917092826825,
    124.0703845631846,
    121.20729034464192,
    119.29445003279896,
    119.27106237290525,
    118.18533411894776,
    117.30153927842422,
    109.13353698822888,
    109.10631950035004,
    101.91845172304431,
    101.65850862755829,
    101.26510988060633,
    90.45294106216163,
    90.44430560684083,
    73.53380967907209
  ],
  "trigger_counts": {
    "grad_norm": 0,
    "loss_delta": 72,
    "max_steps": 0
  },
  "elapsed_seconds": 5174.670576574281,
  "device": "cuda:0",
  "git_sha": "894ee7c407f737c0a250a28d33487a7db7bd83d3"
}