{
  "dataset": "div2k_8q",
  "ordering": "lr",
  "seed": 53,
  "m": 8,
  "n": 8,
  "init": "random",
  "topk_ratio": 0.2,
  "k_train": 13107,
  "lr": 0.003,
  "batch": 50,
  "train_batch_idx": [
    5,
    10,
    22,
    37,
    39,
    40,
    45,
    48,
    60,
    78,
    84,
    87,
    89,
    122,
    131,
    137,
    142,
    150,
    168,
    181,
    183,
    190,
    235,
    236,
    278,
    285,
    300,
    307,
    309,
    322,
    326,
    341,
    342,
    346,
    348,
    361,
    368,
    375,
    376,
    380,
    394,
    427,
    434,
    445,
    451,
    461,
    464,
    467,
    480,
    497
  ],
  "max_steps": 2000,
  "grad_check_every": 5,
  "psnr": {
    "0.05": 25.22998089890361,
    "0.1": 27.807481663997514,
    "0.15": 29.837776834764192,
    "0.2": 31.656970725047955
  },
  "final_loss": 69.63861533704913,
  "total_steps": 8943,
  "per_stage_final_loss": [
    504.22026974630296,
    400.21038528704116,
    395.49312261862815,
    347.5049305199679,
    347.24208520411844,
    340.0981787197608,
    338.5510412069905,
    337.2617017120472,
    254.2634900870819,
    254.01893821653266,
    254.01868723565838,
    253.9193528929735,
    253.81932060541274,
    253.77403477828074,
    253.75060970223694,
    224.06190055152257,
    223.90595636801052,
    223.68266232175498,
    223.63332671308723,
    223.60746049566592,
    223.55188264192913,
    220.72308852324437,
    219.93561841941104,
    219.68996833408406,
    219.6611207072969,
    219.61247800087548,
    219.60594004630795,
    219.0022996871087,
    218.82304778395635,
    218.75276236874743,
    213.5539743547087,
    213.5417555523587,
    213.4631229325592,
    208.17504897847815,
    208.10209319922154,
    196.39544305140896,
    142.57764299832,
    127.5388156831235,
    126.82900369102653,
    125.01512258199942,
    121.15276987595956,
    119.98577207433509,
    119.9348301465879,
    119.31126461206019,
    111.06195545866518,
    111.05839147853294,
    107.64088369232101,
    107.62352820033233,
    107.40877513286131,
    107.38591221659213,
    107.1632984013543,
    106.08610860951516,
    104.27676333868364,
    101.1666137223924,
    101.1579187818311,
    101.12180424108341,
    100.9203591931071,
    100.64396743665624,
    99.88810942031785,
    91.15780544167424,
    90.28526037950353,
    89.59666165015278,
    87.30979540405542,
    86.39945077266259,
    86.25578634196258,
    86.0392364859688,
    77.45320527789156,
    77.45229955980251,
    77.29394260444944,
    76.24903609934263,
    74.59464863255562,
    69.63861533704913
  ],
  "trigger_counts": {
    "grad_norm": 0,
    "loss_delta": 72,
    "max_steps": 0
  },
  "elapsed_seconds": 4954.010337565094,
  "device": "cuda:0",
  "git_sha": "894ee7c407f737c0a250a28d33487a7db7bd83d3"
}