{
  "dataset": "div2k_8q",
  "ordering": "lr",
  "seed": 78,
  "m": 8,
  "n": 8,
  "init": "random",
  "topk_ratio": 0.2,
  "k_train": 13107,
  "lr": 0.003,
  "batch": 50,
  "train_batch_idx": [
    4,
    15,
    39,
    45,
    46,
    50,
    55,
    59,
    67,
    73,
    85,
    86,
    95,
    103,
    112,
    117,
    143,
    145,
    151,
    152,
    157,
    171,
    176,
    189,
    190,
    194,
    211,
    236,
    238,
    239,
    248,
    255,
    263,
    271,
    300,
    305,
    314,
    316,
    330,
    339,
    383,
    390,
    401,
    407,
    415,
    416,
    434,
    448,
    457,
    477
  ],
  "max_steps": 2000,
  "grad_check_every": 5,
  "psnr": {
    "0.05": 25.235112823743282,
    "0.1": 27.811955892603883,
    "0.15": 29.841684717487468,
    "0.2": 31.660086644158433
  },
  "final_loss": 62.87911047762671,
  "total_steps": 8328,
  "per_stage_final_loss": [
    287.2939542859144,
    252.55582551245965,
    232.79853080022036,
    225.04459351252635,
    222.9981935685954,
    222.97894471677398,
    222.4258935482024,
    220.77048689714917,
    196.19395403567273,
    194.971084076997,
    194.95646125345695,
    194.92086811047534,
    194.75375292168476,
    194.72787841421328,
    194.6820402789743,
    188.1727297366197,
    187.48292866841774,
    187.4120095358411,
    187.08667123971603,
    186.78353532517656,
    186.7793563563607,
    183.93924355770937,
    183.50073450809214,
    183.49647756428502,
    183.4031951547584,
    182.84400824121607,
    182.1200829873269,
    182.11683961088056,
    182.0690840307899,
    181.65361723633302,
    180.34485991181282,
    180.12105577763265,
    179.93296189154347,
    175.5264051462274,
    175.33501917472378,
    155.335384082604,
    132.1007447041064,
    129.346090656065,
    123.65110568708829,
    122.24912745137706,
    120.14796535047296,
    119.93854199617057,
    119.42906870073217,
    119.24442813472525,
    108.53873699247926,
    108.4654501648863,
    106.77032075469273,
    105.15103685769974,
    105.05565618498247,
    105.04126226015659,
    104.18507623334268,
    104.08436732240163,
    104.08345830155224,
    104.0677471428514,
    103.8798580542794,
    102.07120007945967,
    101.36339785350116,
    100.94970304707235,
    99.29898589385121,
    99.23843300768164,
    98.19370312260433,
    98.13548677145042,
    95.78171126786587,
    92.67494993946686,
    89.9140211270942,
    88.34130001321998,
    86.41126218831302,
    85.64205617570231,
    81.42801049885519,
    75.04532789227561,
    74.53076222157868,
    62.87911047762671
  ],
  "trigger_counts": {
    "grad_norm": 0,
    "loss_delta": 72,
    "max_steps": 0
  },
  "elapsed_seconds": 4740.971752264537,
  "device": "cuda:0",
  "git_sha": "894ee7c407f737c0a250a28d33487a7db7bd83d3"
}