{
  "dataset": "div2k_8q",
  "ordering": "lr",
  "seed": 81,
  "m": 8,
  "n": 8,
  "init": "random",
  "topk_ratio": 0.2,
  "k_train": 13107,
  "lr": 0.003,
  "batch": 50,
  "train_batch_idx": [
    2,
    5,
    18,
    21,
    23,
    25,
    40,
    45,
    56,
    81,
    96,
    97,
    100,
    108,
    109,
    130,
    153,
    158,
    187,
    194,
    196,
    197,
    202,
    204,
    211,
    215,
    219,
    226,
    232,
    262,
    279,
    295,
    296,
    331,
    335,
    339,
    346,
    368,
    369,
    381,
    415,
    432,
    436,
    437,
    439,
    440,
    454,
    473,
    491,
    495
  ],
  "max_steps": 2000,
  "grad_check_every": 5,
  "psnr": {
    "0.05": 25.162302441137044,
    "0.1": 27.859327793117718,
    "0.15": 29.958188935506822,
    "0.2": 31.834280658624824
  },
  "final_loss": 73.77567594254681,
  "total_steps": 8078,
  "per_stage_final_loss": [
    710.245715717905,
    543.4545907327944,
    540.9375063426183,
    531.2084083900074,
    507.25402453282106,
    487.82104495927234,
    479.9268983464438,
    476.2424881125082,
    330.45064589051645,
    330.3431300450449,
    330.21300671658815,
    330.20693764903956,
    330.0079342604315,
    330.00815915206016,
    329.8683511069822,
    283.9947860477872,
    283.7577952313562,
    283.7606696814865,
    283.39134718601014,
    283.3663776982716,
    283.36510561781944,
    274.55724566966484,
    273.5955908969486,
    273.4620409006138,
    273.3406358849864,
    273.26645020382205,
    272.8135537983178,
    272.8061102054026,
    272.7884409759692,
    272.35915298984054,
    270.8003490483521,
    268.66581393223305,
    268.60012948821173,
    261.58575598413466,
    260.5142230961477,
    229.28748506516501,
    157.33775864226237,
    153.05657684774695,
    149.59296892697662,
    148.6120729507387,
    148.46333872575303,
    147.05286405008277,
    147.03463683520926,
    146.73000042938511,
    136.56202625703932,
    136.53570423786664,
    136.4628188944567,
    136.44446127552968,
    135.18280093521193,
    135.1288293491602,
    135.11912451115597,
    127.8322671382099,
    126.29462676004879,
    124.86421819043541,
    124.83639676257161,
    124.609114004577,
    124.22001017526036,
    124.01166089834472,
    122.80466185813827,
    122.78490419646158,
    122.66264209778794,
    122.64037765002064,
    121.28801448011802,
    117.68043442910326,
    116.11225607724438,
    112.55419023617739,
    105.11535455336241,
    99.27878161140414,
    98.07324392115272,
    93.3455711906687,
    88.90059100581917,
    73.77567594254681
  ],
  "trigger_counts": {
    "grad_norm": 0,
    "loss_delta": 72,
    "max_steps": 0
  },
  "elapsed_seconds": 4369.893461411819,
  "device": "cuda:0",
  "git_sha": "894ee7c407f737c0a250a28d33487a7db7bd83d3"
}