{
  "dataset": "div2k_8q",
  "ordering": "lr",
  "seed": 70,
  "m": 8,
  "n": 8,
  "init": "random",
  "topk_ratio": 0.2,
  "k_train": 13107,
  "lr": 0.003,
  "batch": 50,
  "train_batch_idx": [
    1,
    7,
    9,
    12,
    13,
    23,
    41,
    67,
    70,
    81,
    96,
    108,
    109,
    112,
    114,
    130,
    145,
    146,
    150,
    155,
    156,
    157,
    159,
    163,
    172,
    183,
    191,
    206,
    210,
    211,
    218,
    224,
    242,
    271,
    283,
    285,
    287,
    288,
    291,
    293,
    296,
    328,
    340,
    347,
    367,
    386,
    442,
    446,
    475,
    485
  ],
  "max_steps": 2000,
  "grad_check_every": 5,
  "psnr": {
    "0.05": 25.234412233601997,
    "0.1": 27.81132808897225,
    "0.15": 29.84095341070776,
    "0.2": 31.65937460191741
  },
  "final_loss": 80.49165896596107,
  "total_steps": 8480,
  "per_stage_final_loss": [
    993.779887418588,
    464.28986307005704,
    410.2483002162868,
    385.63729293662504,
    381.0624109121895,
    380.3002831267851,
    380.110124510477,
    376.32937858499673,
    329.550691419222,
    329.54883512253843,
    329.2626977292251,
    329.25962229941655,
    329.1814353187734,
    329.1590478241537,
    329.1060832410627,
    294.20927411728115,
    294.0861110504153,
    294.04677731770164,
    293.9798240276014,
    293.9772984759375,
    293.88281445827465,
    285.2058473787793,
    284.269600610987,
    284.194130920447,
    284.19351762444256,
    283.47406016055044,
    281.52348159744173,
    281.5028223156093,
    281.4784568121732,
    281.4570857021178,
    280.8260673752531,
    280.77085072746974,
    280.099339407306,
    279.331934174858,
    278.92756816870303,
    254.4523553919008,
    184.19437999851075,
    171.57236524602658,
    164.72378906716804,
    159.3643530210069,
    158.36261828849175,
    158.20888610573078,
    158.08288224446375,
    157.2224503576947,
    145.94326394628624,
    145.88912061741365,
    145.88752663350303,
    137.503955075897,
    137.42544822040105,
    137.42499450661504,
    136.58550762377502,
    134.0518534170848,
    133.110520113787,
    133.06795165124385,
    132.33135655415103,
    132.00352210447625,
    131.380114859357,
    130.83991359449064,
    130.82501076149327,
    130.1346504792301,
    129.68225019685633,
    129.66354293649528,
    126.58185846819045,
    124.8080426929293,
    123.31623298821783,
    119.26046871050937,
    117.90544878071731,
    107.19053632303206,
    107.17730067606347,
    99.86349011498085,
    98.14442382065117,
    80.49165896596107
  ],
  "trigger_counts": {
    "grad_norm": 0,
    "loss_delta": 72,
    "max_steps": 0
  },
  "elapsed_seconds": 4763.523040977307,
  "device": "cuda:0",
  "git_sha": "894ee7c407f737c0a250a28d33487a7db7bd83d3"
}