{
  "dataset": "div2k_8q",
  "ordering": "lr",
  "seed": 38,
  "m": 8,
  "n": 8,
  "init": "random",
  "topk_ratio": 0.2,
  "k_train": 13107,
  "lr": 0.003,
  "batch": 50,
  "train_batch_idx": [
    18,
    34,
    46,
    47,
    51,
    62,
    63,
    65,
    75,
    96,
    106,
    112,
    113,
    128,
    146,
    161,
    166,
    171,
    177,
    184,
    191,
    197,
    205,
    218,
    219,
    227,
    231,
    252,
    255,
    256,
    260,
    290,
    308,
    315,
    320,
    325,
    327,
    328,
    334,
    350,
    370,
    387,
    400,
    401,
    408,
    428,
    442,
    483,
    496,
    498
  ],
  "max_steps": 2000,
  "grad_check_every": 5,
  "psnr": {
    "0.05": 25.233721556375862,
    "0.1": 27.8102393449273,
    "0.15": 29.839640015033602,
    "0.2": 31.657948586644675
  },
  "final_loss": 72.5628709082046,
  "total_steps": 7921,
  "per_stage_final_loss": [
    590.9676877154981,
    495.6350664118336,
    400.28475338504484,
    383.14302457135165,
    370.6056829644894,
    369.11049184164534,
    369.0374871438864,
    368.8972036272808,
    277.53083838592,
    277.53066970100286,
    277.40504698289027,
    277.37878613499896,
    277.0977963536356,
    277.09263405686573,
    277.0922135921097,
    264.12452625916274,
    263.47436364721335,
    262.70858209308625,
    262.40327371597994,
    262.15570577588943,
    262.0953913519515,
    258.43866639463664,
    258.3224665043204,
    257.31446194012597,
    257.25354845986703,
    257.2543203221508,
    257.0059131244088,
    256.5299346007352,
    255.103447562184,
    254.41023677680772,
    254.36361592209818,
    254.36031450001806,
    254.263278100179,
    244.0254221851426,
    243.04433484818648,
    216.52272799540378,
    151.84178514091712,
    149.52363879407883,
    141.2975014125572,
    141.28463532887648,
    141.24146699593544,
    140.28230886933133,
    139.97016291767383,
    139.7833659866724,
    125.48567420092837,
    118.95337853017179,
    118.95448722032518,
    115.62628992156552,
    115.37507747072249,
    115.0958314845661,
    115.03924919504048,
    113.22998339699748,
    113.19827626548464,
    113.19567636707154,
    112.9977584966625,
    112.94124736074599,
    112.71746821347399,
    112.11421203520045,
    105.88384858548098,
    104.56024715613125,
    104.560012290842,
    103.4412232088858,
    100.86107962926123,
    98.6163274286853,
    98.28886586505547,
    97.9274422386719,
    90.62860528729682,
    90.6121234994569,
    83.96586012177842,
    82.7511229818768,
    82.37186465165358,
    72.5628709082046
  ],
  "trigger_counts": {
    "grad_norm": 0,
    "loss_delta": 72,
    "max_steps": 0
  },
  "elapsed_seconds": 4549.28797687497,
  "device": "cuda:0",
  "git_sha": "894ee7c407f737c0a250a28d33487a7db7bd83d3"
}