{
  "dataset": "div2k_8q",
  "ordering": "lr",
  "seed": 51,
  "m": 8,
  "n": 8,
  "init": "random",
  "topk_ratio": 0.2,
  "k_train": 13107,
  "lr": 0.003,
  "batch": 50,
  "train_batch_idx": [
    6,
    9,
    16,
    27,
    47,
    73,
    86,
    92,
    100,
    101,
    102,
    114,
    116,
    139,
    144,
    152,
    156,
    173,
    179,
    180,
    189,
    193,
    197,
    199,
    212,
    215,
    220,
    222,
    231,
    254,
    284,
    298,
    329,
    341,
    358,
    361,
    373,
    374,
    377,
    379,
    390,
    406,
    423,
    425,
    429,
    436,
    460,
    467,
    477,
    491
  ],
  "max_steps": 2000,
  "grad_check_every": 5,
  "psnr": {
    "0.05": 25.23504318767406,
    "0.1": 27.811841439141414,
    "0.15": 29.84184967991613,
    "0.2": 31.660281010062487
  },
  "final_loss": 59.227881047196306,
  "total_steps": 8470,
  "per_stage_final_loss": [
    466.86704262051046,
    287.8359325860503,
    238.41198654262212,
    238.17863072093758,
    238.12166091129242,
    237.72021362894273,
    237.5165756123829,
    236.75340017990283,
    205.22047825135138,
    203.65971509224087,
    203.63195698105997,
    203.62986673065421,
    203.62514209405484,
    203.6029152896755,
    203.56660495515214,
    196.08055808331264,
    195.23296843679805,
    195.16088348906496,
    195.0992744898811,
    195.1017177163989,
    195.09140897014382,
    191.45275128772647,
    191.23934839040987,
    191.23491639492096,
    191.1146271313694,
    191.05603068101198,
    190.6389346378143,
    190.37429780625288,
    190.29717486365863,
    190.1240930155864,
    188.81076334827412,
    188.79268015384542,
    188.14752914627894,
    182.88106147246282,
    182.81000537055903,
    170.175726979637,
    119.58721828873429,
    115.27149278900411,
    114.33874077610899,
    114.18240667772963,
    112.9239092276847,
    111.85638858943689,
    111.72524030220848,
    111.0350428990179,
    106.33582717008154,
    104.02326016217425,
    104.00102232850172,
    103.99262523167661,
    103.42836838563804,
    103.4059695942073,
    103.39487823740205,
    100.6399123851247,
    99.14720787824012,
    98.26169006519653,
    97.99847705446987,
    97.12229692683856,
    96.95214270682345,
    96.48745729354853,
    96.00769189864842,
    89.45423756134623,
    88.89514984019617,
    88.48243362882725,
    87.43733817627495,
    87.10406067618595,
    86.88668440709203,
    84.01048385143511,
    79.70102410299535,
    78.08315602125458,
    77.71912205076752,
    73.89315337482957,
    69.7447814945125,
    59.227881047196306
  ],
  "trigger_counts": {
    "grad_norm": 0,
    "loss_delta": 72,
    "max_steps": 0
  },
  "elapsed_seconds": 4914.09416237101,
  "device": "cuda:0",
  "git_sha": "894ee7c407f737c0a250a28d33487a7db7bd83d3"
}