{
  "dataset": "div2k_8q",
  "ordering": "lr",
  "seed": 21,
  "m": 8,
  "n": 8,
  "init": "random",
  "topk_ratio": 0.2,
  "k_train": 13107,
  "lr": 0.003,
  "batch": 50,
  "train_batch_idx": [
    0,
    30,
    40,
    52,
    89,
    93,
    100,
    107,
    112,
    126,
    130,
    135,
    157,
    166,
    174,
    179,
    190,
    196,
    212,
    217,
    218,
    225,
    240,
    275,
    286,
    290,
    317,
    318,
    323,
    324,
    327,
    336,
    353,
    357,
    377,
    378,
    403,
    409,
    420,
    430,
    432,
    440,
    448,
    453,
    458,
    465,
    469,
    470,
    472,
    490
  ],
  "max_steps": 2000,
  "grad_check_every": 5,
  "psnr": {
    "0.05": 25.163084605687587,
    "0.1": 27.859891875731968,
    "0.15": 29.958879216539696,
    "0.2": 31.835029364992963
  },
  "final_loss": 57.674584123655166,
  "total_steps": 8122,
  "per_stage_final_loss": [
    575.49486285514,
    282.42205090038175,
    274.0905869601328,
    260.42624033209074,
    259.07064919087304,
    259.06046428259566,
    259.0078190730534,
    258.90425462760123,
    257.35189520687,
    257.1427984530644,
    256.9383053716127,
    256.7490428578908,
    256.65377760302465,
    256.6228796855967,
    256.62397935758406,
    237.2294627514097,
    237.18432262727387,
    237.08838740201435,
    236.58467218931452,
    236.56921265113456,
    236.48059486507285,
    232.76700292644765,
    232.5785071414822,
    232.20726315234978,
    231.98261609250247,
    231.90897794583356,
    230.41603726701993,
    230.38486290082437,
    230.2425650982537,
    230.24207616200786,
    230.06034053850527,
    230.0504726326734,
    229.972872889841,
    225.2056687777138,
    220.87790645239303,
    196.29197728751504,
    138.6525572030155,
    134.5654855978142,
    132.35039971720772,
    131.6285320792405,
    131.59479326929457,
    131.16926628934053,
    130.37954668516304,
    130.26375340877624,
    117.756771320154,
    115.36059961165874,
    111.44471603848248,
    111.30021805856724,
    110.8879560349074,
    110.8729331770845,
    110.87109818817623,
    108.62053331685372,
    108.61107441745109,
    108.52881973291892,
    108.26325188113871,
    107.8784862099708,
    107.87362598607567,
    107.7598746515188,
    107.73059814173986,
    107.60704944650516,
    102.8244209408166,
    102.59447181650587,
    102.4365972099251,
    96.4010535377849,
    94.41943669985791,
    91.6413614399732,
    86.27481019480973,
    84.55387867522455,
    84.44823294570627,
    75.45406777592694,
    71.77109939851172,
    57.674584123655166
  ],
  "trigger_counts": {
    "grad_norm": 0,
    "loss_delta": 72,
    "max_steps": 0
  },
  "elapsed_seconds": 4597.532938349992,
  "device": "cuda:0",
  "git_sha": "894ee7c407f737c0a250a28d33487a7db7bd83d3"
}