{
  "dataset": "div2k_8q",
  "ordering": "lr",
  "seed": 10,
  "m": 8,
  "n": 8,
  "init": "random",
  "topk_ratio": 0.2,
  "k_train": 13107,
  "lr": 0.003,
  "batch": 50,
  "train_batch_idx": [
    3,
    33,
    56,
    62,
    65,
    68,
    70,
    94,
    110,
    111,
    116,
    119,
    151,
    153,
    160,
    187,
    190,
    199,
    235,
    242,
    245,
    258,
    274,
    317,
    319,
    350,
    355,
    360,
    362,
    377,
    382,
    385,
    389,
    392,
    397,
    407,
    421,
    432,
    437,
    444,
    447,
    449,
    459,
    474,
    477,
    481,
    482,
    483,
    487,
    488
  ],
  "max_steps": 2000,
  "grad_check_every": 5,
  "psnr": {
    "0.05": 25.164417557928168,
    "0.1": 27.861194183222352,
    "0.15": 29.96029838071586,
    "0.2": 31.836560919382272
  },
  "final_loss": 64.2857574735233,
  "total_steps": 7660,
  "per_stage_final_loss": [
    511.4253530710157,
    496.0595569675867,
    363.56843945743867,
    342.5352175920039,
    339.37095382016736,
    338.20359467581164,
    337.45326291278855,
    337.4153522234381,
    247.2874334289236,
    247.06808801505093,
    247.06068804581625,
    247.0506548434203,
    246.92659444659287,
    246.90304146736185,
    246.8133460206227,
    233.65283102381636,
    233.38547702333986,
    233.3218876923216,
    233.30900953319136,
    233.22530052588053,
    233.2231820046775,
    225.4689418368229,
    225.05247731204636,
    224.86822289507148,
    224.82052861634975,
    224.77624653218913,
    224.6888422788039,
    223.14467886210423,
    222.4974363801827,
    222.47541829671798,
    216.03611553868086,
    215.64647606349524,
    215.57740025131926,
    204.20763700555548,
    204.1548691642564,
    200.98654599167375,
    141.04434790786232,
    138.84754027755943,
    129.8521223929292,
    129.2553956597542,
    129.20930493182902,
    129.0504834723376,
    125.27610156226518,
    125.22357966422202,
    119.32792265430842,
    119.2632670842902,
    118.84206471533058,
    118.68754744409223,
    118.68533560872581,
    118.33818193214762,
    118.33681880037342,
    117.96638965945614,
    115.87308854665113,
    115.83028809677114,
    115.82366370911156,
    115.78462691114137,
    115.65400251975647,
    114.91788652789013,
    114.72612523177894,
    114.72916604342365,
    114.72110140909092,
    114.68293079602051,
    114.28718792897587,
    112.76725163366869,
    112.12128159301561,
    112.11518830786183,
    110.13945109671579,
    106.54218577704924,
    101.47145182448513,
    89.49971560877941,
    81.94663226323934,
    64.2857574735233
  ],
  "trigger_counts": {
    "grad_norm": 0,
    "loss_delta": 72,
    "max_steps": 0
  },
  "elapsed_seconds": 4191.50662522763,
  "device": "cuda:0",
  "git_sha": "894ee7c407f737c0a250a28d33487a7db7bd83d3"
}