{
  "dataset": "div2k_8q",
  "ordering": "lr",
  "seed": 68,
  "m": 8,
  "n": 8,
  "init": "random",
  "topk_ratio": 0.2,
  "k_train": 13107,
  "lr": 0.003,
  "batch": 50,
  "train_batch_idx": [
    1,
    9,
    49,
    60,
    63,
    77,
    83,
    85,
    106,
    117,
    118,
    125,
    138,
    148,
    149,
    157,
    192,
    196,
    203,
    218,
    219,
    223,
    245,
    247,
    260,
    266,
    269,
    276,
    277,
    286,
    293,
    307,
    314,
    320,
    326,
    347,
    353,
    355,
    364,
    385,
    390,
    392,
    406,
    408,
    432,
    448,
    450,
    465,
    467,
    489
  ],
  "max_steps": 2000,
  "grad_check_every": 5,
  "psnr": {
    "0.05": 25.23446492690419,
    "0.1": 27.81120942439161,
    "0.15": 29.840966936504824,
    "0.2": 31.659237062847318
  },
  "final_loss": 73.03441921792324,
  "total_steps": 9949,
  "per_stage_final_loss": [
    674.3858816014762,
    579.924633486172,
    560.7108179454301,
    552.5947118783587,
    542.2312005671818,
    508.7881413808173,
    506.8895400942346,
    504.03380612672953,
    314.9649714795104,
    314.1094947851946,
    313.8889794687262,
    313.82902616022335,
    313.6969784079966,
    313.67791272020264,
    313.6415301989786,
    299.1622175493216,
    298.9588286993916,
    298.6894699399637,
    298.6846038189669,
    298.6552886676728,
    298.5667311484718,
    288.2096439497189,
    287.05769012359605,
    287.0526811518996,
    286.966872119606,
    286.85390962846566,
    285.5586199912311,
    285.51947749233284,
    285.23624830223633,
    285.22759812045314,
    283.53849938453453,
    283.53057973605746,
    281.698232073954,
    279.1260110119611,
    279.1026671342,
    254.5203994642933,
    162.29997104922336,
    159.42922773570933,
    158.8676359046746,
    158.49581679217638,
    155.95373262509756,
    154.8201898238386,
    154.1306076827567,
    154.12956750141095,
    138.89142870242912,
    135.82381144222424,
    135.63824661818336,
    135.63548120494391,
    135.6134156800226,
    135.49555504987433,
    135.3208563712578,
    132.58264743935877,
    131.47672866044834,
    127.86940905829063,
    126.86268700512807,
    126.75168766718583,
    125.56281600504418,
    124.61969746826078,
    124.59952128855026,
    120.18691261666805,
    115.37395482006775,
    115.25415110617482,
    114.65773628276304,
    114.29538703836621,
    114.06691078522158,
    113.28172423368744,
    108.4558492039821,
    108.36228920166118,
    98.06444200241526,
    91.62823214323635,
    89.03089245660948,
    73.03441921792324
  ],
  "trigger_counts": {
    "grad_norm": 0,
    "loss_delta": 72,
    "max_steps": 0
  },
  "elapsed_seconds": 5508.553829986602,
  "device": "cuda:0",
  "git_sha": "894ee7c407f737c0a250a28d33487a7db7bd83d3"
}