{
  "dataset": "div2k_8q",
  "ordering": "lr",
  "seed": 8,
  "m": 8,
  "n": 8,
  "init": "random",
  "topk_ratio": 0.2,
  "k_train": 13107,
  "lr": 0.003,
  "batch": 50,
  "train_batch_idx": [
    8,
    13,
    14,
    18,
    22,
    50,
    67,
    74,
    80,
    87,
    92,
    106,
    113,
    121,
    123,
    141,
    145,
    147,
    173,
    180,
    184,
    185,
    189,
    203,
    216,
    219,
    225,
    254,
    264,
    265,
    287,
    293,
    294,
    316,
    324,
    361,
    386,
    390,
    400,
    401,
    403,
    429,
    435,
    445,
    448,
    451,
    458,
    464,
    481,
    491
  ],
  "max_steps": 2000,
  "grad_check_every": 5,
  "psnr": {
    "0.05": 25.23431521246786,
    "0.1": 27.811083815866713,
    "0.15": 29.840575680768925,
    "0.2": 31.65874761797544
  },
  "final_loss": 63.16609913988216,
  "total_steps": 7950,
  "per_stage_final_loss": [
    381.7092807958198,
    368.61122605706885,
    361.9058231060734,
    361.8367967034527,
    347.80453426702184,
    347.62380585764237,
    347.54791924027376,
    344.80730476309503,
    288.8805452639803,
    288.8469143433651,
    288.7654315388657,
    288.3691874600705,
    288.330762528462,
    288.29753130183565,
    288.25901654191136,
    242.3894204832249,
    241.7812514050915,
    241.1024723098137,
    240.97907428339562,
    240.80511936726663,
    240.74118752472526,
    234.19192531558235,
    234.06989629909222,
    233.88184110002902,
    233.8175047114195,
    233.78920743344202,
    232.4217450858849,
    230.70068863687564,
    230.143000296886,
    230.05756595702115,
    226.409159428548,
    226.23504567260446,
    226.22936399275602,
    215.68917972470402,
    214.0655025163174,
    194.04889561578275,
    136.1720564889086,
    128.9827750407497,
    125.35439115043972,
    124.52058287660647,
    124.08975451414808,
    124.07890150101352,
    123.8996302750542,
    123.73325276758153,
    111.56894487866593,
    107.09449404689386,
    104.40235614846425,
    103.8054142458789,
    103.79919594404961,
    103.79203205376241,
    103.50793783359882,
    100.37402500150684,
    99.4977563077608,
    99.13375783105948,
    99.11477604840137,
    98.92932296715055,
    98.65784333317085,
    98.34140154741782,
    95.90148303266558,
    95.85738129801658,
    95.27388440713469,
    95.2272257055439,
    92.34448471102608,
    91.25099685856625,
    90.5935774406386,
    90.56653456245164,
    89.78487658684482,
    83.0127006320766,
    79.36002310572609,
    71.52019946932548,
    70.76722345463243,
    63.16609913988216
  ],
  "trigger_counts": {
    "grad_norm": 0,
    "loss_delta": 72,
    "max_steps": 0
  },
  "elapsed_seconds": 4530.585136191919,
  "device": "cuda:0",
  "git_sha": "894ee7c407f737c0a250a28d33487a7db7bd83d3"
}