{
  "dataset": "div2k_8q",
  "ordering": "lr",
  "seed": 76,
  "m": 8,
  "n": 8,
  "init": "random",
  "topk_ratio": 0.2,
  "k_train": 13107,
  "lr": 0.003,
  "batch": 50,
  "train_batch_idx": [
    0,
    2,
    15,
    26,
    30,
    35,
    56,
    73,
    81,
    89,
    104,
    110,
    121,
    122,
    129,
    133,
    134,
    135,
    142,
    149,
    154,
    164,
    175,
    184,
    194,
    206,
    213,
    233,
    234,
    255,
    260,
    291,
    311,
    330,
    339,
    363,
    364,
    383,
    389,
    393,
    414,
    418,
    424,
    435,
    440,
    447,
    449,
    450,
    456,
    497
  ],
  "max_steps": 2000,
  "grad_check_every": 5,
  "psnr": {
    "0.05": 25.234935223369238,
    "0.1": 27.811586592876047,
    "0.15": 29.841290829037337,
    "0.2": 31.659614395302643
  },
  "final_loss": 57.053158377751345,
  "total_steps": 8498,
  "per_stage_final_loss": [
    361.27655258616954,
    215.36920278301258,
    184.27566748260463,
    180.8919886680948,
    178.54892461490047,
    178.35781097329723,
    178.325635204897,
    178.29387232573507,
    175.4180642163861,
    174.85818078972628,
    174.48286653262767,
    174.48059203973318,
    174.39582454922035,
    174.35387027647954,
    174.34136017541235,
    174.30338126642678,
    173.84438977160627,
    173.66791079184543,
    173.631124829318,
    173.62156844285627,
    173.57640347952096,
    170.85253087212092,
    170.63481997386822,
    170.37385589922758,
    170.27487404337822,
    170.24899525404132,
    169.84956288920614,
    169.8385020886995,
    169.8112247761211,
    169.7991248921452,
    167.99150391388878,
    167.97265939197288,
    167.18221415089155,
    160.4341003942204,
    160.09445731247573,
    145.94299789207147,
    125.12305790598286,
    119.56692823673463,
    115.18816728784925,
    113.24798786882766,
    111.241833163292,
    111.1126778563927,
    111.08335468184649,
    110.92656381170924,
    104.32112173171572,
    102.72774954332199,
    97.98502388086537,
    97.36397661421634,
    97.32851551208319,
    96.98064790592757,
    96.96109153049579,
    95.37631264657827,
    95.08736839895103,
    93.43778605101768,
    93.32414309159171,
    89.73082514470174,
    89.69018420922657,
    89.53202169306977,
    89.4066461719582,
    89.25254766579987,
    88.77135422858717,
    87.2803415818845,
    84.82283156625698,
    81.0965806138062,
    80.94167371601576,
    80.69846262693943,
    78.8925720344216,
    78.63766273745684,
    77.87879008298934,
    69.79249583938943,
    65.87725495924307,
    57.053158377751345
  ],
  "trigger_counts": {
    "grad_norm": 0,
    "loss_delta": 72,
    "max_steps": 0
  },
  "elapsed_seconds": 4818.572083903477,
  "device": "cuda:0",
  "git_sha": "894ee7c407f737c0a250a28d33487a7db7bd83d3"
}