{
  "dataset": "div2k_8q",
  "ordering": "lr",
  "seed": 16,
  "m": 8,
  "n": 8,
  "init": "random",
  "topk_ratio": 0.2,
  "k_train": 13107,
  "lr": 0.003,
  "batch": 50,
  "train_batch_idx": [
    2,
    6,
    10,
    20,
    21,
    33,
    42,
    62,
    69,
    73,
    79,
    87,
    90,
    102,
    124,
    136,
    138,
    147,
    158,
    159,
    192,
    195,
    202,
    210,
    214,
    241,
    242,
    246,
    256,
    278,
    285,
    321,
    329,
    330,
    348,
    368,
    370,
    373,
    377,
    380,
    397,
    405,
    413,
    434,
    439,
    460,
    468,
    470,
    474,
    497
  ],
  "max_steps": 2000,
  "grad_check_every": 5,
  "psnr": {
    "0.05": 25.23502215036413,
    "0.1": 27.811593357312304,
    "0.15": 29.84143997982121,
    "0.2": 31.659969710058093
  },
  "final_loss": 64.97156914934352,
  "total_steps": 8891,
  "per_stage_final_loss": [
    413.3520756846714,
    408.70429931236896,
    400.507063361572,
    380.1264296765205,
    378.6605203799668,
    372.13559247057987,
    371.3273132809301,
    370.6635546477674,
    243.80418069612753,
    242.20280269649695,
    242.14461411131794,
    242.12379740282407,
    242.1030797559407,
    242.0281732433372,
    242.02644681378558,
    235.1957335362302,
    234.55737117635027,
    234.5195742506121,
    234.236342153015,
    234.23659820826984,
    234.163215225933,
    229.16709539561447,
    228.96930745602876,
    228.74972413473407,
    228.66093012865778,
    228.58819539210847,
    226.77314299101192,
    226.66657164846546,
    225.8469769472054,
    225.80891349987692,
    223.33590116900916,
    223.24941023655208,
    223.24938361898498,
    210.93205761318086,
    210.7280962066463,
    197.84931177333303,
    128.95083163043242,
    124.73902601940874,
    123.04057263050986,
    122.17203496523825,
    121.61571908441813,
    121.36950241643072,
    121.27766594610071,
    121.24860111418488,
    120.85909918082668,
    120.29157900912938,
    119.81732548910782,
    119.815587155392,
    119.3851910827604,
    119.24189446466335,
    119.16770628542707,
    113.23454539804696,
    112.48087244345925,
    110.96186885959214,
    110.86503452950721,
    110.75077679036744,
    110.74903891893993,
    110.25316496799002,
    106.2107886879683,
    104.62474428860524,
    104.6066946977723,
    104.60220497452897,
    104.59114799281102,
    99.46719457605657,
    98.91117055939179,
    98.85750782375268,
    93.69262337192073,
    83.1750815388945,
    82.91448070886356,
    70.1226937113645,
    67.94749580746313,
    64.97156914934352
  ],
  "trigger_counts": {
    "grad_norm": 0,
    "loss_delta": 72,
    "max_steps": 0
  },
  "elapsed_seconds": 4883.4499723101035,
  "device": "cuda:0",
  "git_sha": "894ee7c407f737c0a250a28d33487a7db7bd83d3"
}