{
  "dataset": "div2k_8q",
  "ordering": "lr",
  "seed": 58,
  "m": 8,
  "n": 8,
  "init": "random",
  "topk_ratio": 0.2,
  "k_train": 13107,
  "lr": 0.003,
  "batch": 50,
  "train_batch_idx": [
    4,
    13,
    45,
    48,
    64,
    80,
    95,
    101,
    110,
    125,
    128,
    132,
    139,
    141,
    175,
    201,
    219,
    224,
    230,
    246,
    252,
    257,
    259,
    260,
    269,
    276,
    282,
    290,
    302,
    313,
    334,
    338,
    355,
    361,
    389,
    397,
    399,
    429,
    433,
    434,
    452,
    455,
    456,
    459,
    465,
    475,
    480,
    484,
    485,
    492
  ],
  "max_steps": 2000,
  "grad_check_every": 5,
  "psnr": {
    "0.05": 25.234046779908695,
    "0.1": 27.810743737146105,
    "0.15": 29.840390834608705,
    "0.2": 31.6590410965696
  },
  "final_loss": 54.865665213505906,
  "total_steps": 9782,
  "per_stage_final_loss": [
    479.7686608178639,
    449.9445836416232,
    445.02556604934676,
    404.3867996112664,
    404.3790325596048,
    403.6677927530586,
    402.9385569670623,
    400.45242591358647,
    250.6537238578657,
    250.00838656510308,
    249.98160452670047,
    249.96778739694946,
    249.7738054442926,
    249.73408307976433,
    249.72422979455158,
    245.80002983276893,
    245.4431863134139,
    244.72856794153245,
    244.72468341706622,
    244.71248912728254,
    244.5763964133987,
    240.22300945956187,
    240.16907475834208,
    239.7063080192916,
    239.70912334783674,
    239.70218223608856,
    239.585431957605,
    239.58620677305225,
    239.22604503134696,
    239.0664496234942,
    238.36866136975144,
    237.98124784266784,
    237.96364165373856,
    229.97233779699883,
    229.37948028879387,
    208.80425275607172,
    132.94347379997768,
    117.49706062170321,
    116.5196734302447,
    116.49579043168158,
    115.53397242638708,
    115.31239618251472,
    114.22718220202921,
    114.18526434616983,
    108.60596797831897,
    106.18832321208427,
    104.59143856294439,
    103.91742583468393,
    103.89350251169726,
    103.58426612511963,
    103.56215723921136,
    103.07090515013067,
    101.83141360200287,
    101.17032109629034,
    99.31737403370069,
    99.03084716675463,
    99.01409322171222,
    98.54622927776146,
    98.35880096255407,
    98.33087234773043,
    97.99512455958462,
    97.77579275336507,
    95.6967363302279,
    95.69366517277449,
    90.67843032980345,
    90.2745051323788,
    88.10636488666852,
    87.88630710775615,
    80.5785475312509,
    71.95789297649065,
    69.23773842657772,
    54.865665213505906
  ],
  "trigger_counts": {
    "grad_norm": 0,
    "loss_delta": 72,
    "max_steps": 0
  },
  "elapsed_seconds": 4266.873364475556,
  "device": "cuda:0",
  "git_sha": "894ee7c407f737c0a250a28d33487a7db7bd83d3"
}