{
  "dataset": "div2k_8q",
  "ordering": "lr",
  "seed": 41,
  "m": 8,
  "n": 8,
  "init": "random",
  "topk_ratio": 0.2,
  "k_train": 13107,
  "lr": 0.003,
  "batch": 50,
  "train_batch_idx": [
    17,
    28,
    30,
    54,
    57,
    77,
    81,
    86,
    105,
    116,
    136,
    153,
    158,
    160,
    161,
    189,
    200,
    205,
    234,
    237,
    243,
    280,
    285,
    288,
    292,
    299,
    321,
    322,
    332,
    333,
    345,
    348,
    354,
    373,
    375,
    378,
    386,
    388,
    390,
    408,
    431,
    449,
    451,
    453,
    455,
    463,
    464,
    470,
    472,
    486
  ],
  "max_steps": 2000,
  "grad_check_every": 5,
  "psnr": {
    "0.05": 25.164879204958783,
    "0.1": 27.861375358147804,
    "0.15": 29.960604391903143,
    "0.2": 31.836930041307014
  },
  "final_loss": 62.2342702952901,
  "total_steps": 8289,
  "per_stage_final_loss": [
    733.9307961251798,
    618.6831514875995,
    577.0075345115746,
    568.1898560204352,
    563.8041991552358,
    563.5985581176446,
    561.9094496175173,
    561.7266479456769,
    294.79602892348305,
    294.4477758169506,
    294.2164327878245,
    293.83694820688487,
    293.7708864343263,
    293.74043113606706,
    293.72453361003795,
    235.02417326155629,
    234.8450302157673,
    234.36976787500956,
    234.35118832552962,
    234.25473204032357,
    234.25477406261936,
    224.4885987198759,
    224.20659462213942,
    224.154536397933,
    224.1550499839947,
    224.14332970142038,
    222.17165465991107,
    222.1077634173346,
    222.07242487834012,
    222.01449292929306,
    221.69884744170093,
    220.29067410298333,
    220.26165247571058,
    207.19964759533877,
    207.1763870310716,
    203.80594800686143,
    139.81850893036062,
    139.61945743341002,
    138.84598284311917,
    138.657928144557,
    138.35650904706895,
    137.72109607217251,
    137.41831443606523,
    137.36714739852502,
    119.34830604532829,
    118.04404660884971,
    117.90972670298689,
    117.4789363187789,
    117.2786122255359,
    117.22125488192702,
    116.94141875064996,
    114.67011728900013,
    114.4531451819114,
    112.24288173071928,
    110.95053495336974,
    110.0892976721924,
    110.08239619841963,
    109.99885190602187,
    109.91371265882098,
    109.75177846364099,
    108.84601312195677,
    108.08343695586959,
    105.76176618281838,
    102.9882043303964,
    102.07770239445097,
    99.09847394482688,
    94.13633264279804,
    93.48971233295072,
    86.7699286836562,
    81.40556023700445,
    79.01983458610474,
    62.2342702952901
  ],
  "trigger_counts": {
    "grad_norm": 0,
    "loss_delta": 72,
    "max_steps": 0
  },
  "elapsed_seconds": 4536.735290092416,
  "device": "cuda:0",
  "git_sha": "894ee7c407f737c0a250a28d33487a7db7bd83d3"
}