{
  "dataset": "div2k_8q",
  "ordering": "lr",
  "seed": 92,
  "m": 8,
  "n": 8,
  "init": "random",
  "topk_ratio": 0.2,
  "k_train": 13107,
  "lr": 0.003,
  "batch": 50,
  "train_batch_idx": [
    1,
    6,
    12,
    13,
    16,
    17,
    19,
    34,
    36,
    71,
    95,
    104,
    116,
    128,
    131,
    134,
    152,
    157,
    159,
    167,
    184,
    196,
    202,
    203,
    220,
    223,
    231,
    235,
    236,
    245,
    271,
    273,
    278,
    290,
    296,
    298,
    313,
    319,
    328,
    367,
    373,
    378,
    388,
    394,
    396,
    430,
    434,
    483,
    486,
    490
  ],
  "max_steps": 2000,
  "grad_check_every": 5,
  "psnr": {
    "0.05": 25.163662949066907,
    "0.1": 27.86056894749135,
    "0.15": 29.95961609239732,
    "0.2": 31.835678426034637
  },
  "final_loss": 73.25792753846876,
  "total_steps": 8400,
  "per_stage_final_loss": [
    734.1736094437664,
    588.1321056441285,
    571.7426689522395,
    571.402077280162,
    558.5059912212282,
    558.2657275240789,
    555.0362006646951,
    553.894984283962,
    314.04731309948335,
    313.3505560653222,
    313.35050193430175,
    313.3492877593812,
    313.4014359854134,
    313.178682212479,
    312.9451744245949,
    285.5259934571527,
    285.48951286286376,
    285.41188501251014,
    285.3414781208461,
    285.26668391049526,
    285.23226443180783,
    276.0383182446748,
    275.93048978022796,
    275.9247061163139,
    275.90163219382805,
    275.8484719341504,
    275.46042427645654,
    275.2056544544724,
    275.1755242973592,
    275.1328467362696,
    272.9137147678587,
    272.69396800424136,
    272.68992531657494,
    267.9382527990932,
    266.9965643769086,
    240.47604200837057,
    170.5286129874448,
    151.57158521178943,
    145.2634832911604,
    142.62088610882458,
    142.51369826517802,
    142.35665319637167,
    141.90355025746186,
    141.8187809832539,
    140.73103377723723,
    140.14015435830524,
    137.9761864838054,
    137.93687129902668,
    137.9232308263043,
    137.52817604771667,
    137.48319482841123,
    130.86443359284618,
    130.77829692313048,
    130.76489355215432,
    129.14392690321583,
    129.06035386671974,
    129.04803686452757,
    128.16611009556814,
    128.0967761876553,
    126.12233251101826,
    126.11009306720656,
    125.85931113669285,
    125.72604777549779,
    124.42842460898338,
    119.39471862188817,
    119.03556992141614,
    112.52234643906922,
    112.33606999398064,
    112.25048351232795,
    105.03886399383158,
    104.87831085024249,
    73.25792753846876
  ],
  "trigger_counts": {
    "grad_norm": 0,
    "loss_delta": 72,
    "max_steps": 0
  },
  "elapsed_seconds": 4658.372140547261,
  "device": "cuda:0",
  "git_sha": "894ee7c407f737c0a250a28d33487a7db7bd83d3"
}