{
  "dataset": "div2k_8q",
  "ordering": "lr",
  "seed": 7,
  "m": 8,
  "n": 8,
  "init": "random",
  "topk_ratio": 0.2,
  "k_train": 13107,
  "lr": 0.003,
  "batch": 50,
  "train_batch_idx": [
    2,
    17,
    21,
    25,
    55,
    57,
    61,
    79,
    103,
    105,
    121,
    131,
    138,
    143,
    161,
    166,
    212,
    219,
    221,
    228,
    229,
    232,
    242,
    246,
    263,
    266,
    280,
    282,
    303,
    309,
    341,
    353,
    373,
    380,
    382,
    384,
    385,
    391,
    403,
    407,
    416,
    422,
    424,
    426,
    472,
    473,
    481,
    484,
    486,
    495
  ],
  "max_steps": 2000,
  "grad_check_every": 5,
  "psnr": {
    "0.05": 25.229309495201086,
    "0.1": 27.807673487660086,
    "0.15": 29.839036831669528,
    "0.2": 31.657841847044264
  },
  "final_loss": 56.756921037103524,
  "total_steps": 10666,
  "per_stage_final_loss": [
    408.8897428891549,
    290.4145718599709,
    232.70037819260364,
    232.69193770431215,
    230.10496783540563,
    229.50555368848552,
    229.37566663790267,
    229.36939650049928,
    227.791535161228,
    227.78361182691498,
    227.78131798823554,
    227.77272975012812,
    227.7727775648808,
    227.737534591292,
    227.72581479240918,
    227.69170425117431,
    227.68746454697904,
    227.48553571917518,
    227.29176979636586,
    227.29146447974964,
    227.28798789040158,
    219.0873971011553,
    218.93311439155806,
    218.91069144058915,
    218.91527531386544,
    218.86227511014476,
    218.4262034410028,
    217.91642956297184,
    217.54403227990719,
    217.54029548012818,
    214.25422466257493,
    213.93841505345605,
    213.9350658317455,
    201.79453553553725,
    201.74347368064042,
    199.65590959446791,
    135.40184439701682,
    126.52443018856684,
    120.65674026593814,
    120.65176218314951,
    119.8765732397059,
    118.71090350903619,
    118.6723153307777,
    117.7785432928868,
    107.40850271183268,
    106.65460325753443,
    106.65352543317397,
    106.62601652267551,
    106.58360705544368,
    105.40765147920924,
    105.3987729995614,
    101.6387268240424,
    101.63451498566053,
    101.3734017185534,
    101.36871912861523,
    101.3198545570348,
    100.82766767396119,
    99.82655885345591,
    99.6689604550778,
    95.72189777237301,
    94.36201729326285,
    93.57184136647082,
    93.44506724035898,
    90.57507932665155,
    89.61528767086138,
    84.69632093667134,
    80.89560380636294,
    76.54100617082278,
    76.37847366475897,
    68.3065083190982,
    66.54744129095211,
    56.756921037103524
  ],
  "trigger_counts": {
    "grad_norm": 0,
    "loss_delta": 72,
    "max_steps": 0
  },
  "elapsed_seconds": 5889.3642793204635,
  "device": "cuda:0",
  "git_sha": "894ee7c407f737c0a250a28d33487a7db7bd83d3"
}