{
  "dataset": "div2k_8q",
  "ordering": "lr",
  "seed": 36,
  "m": 8,
  "n": 8,
  "init": "random",
  "topk_ratio": 0.2,
  "k_train": 13107,
  "lr": 0.003,
  "batch": 50,
  "train_batch_idx": [
    1,
    3,
    10,
    34,
    66,
    70,
    81,
    95,
    104,
    105,
    115,
    123,
    131,
    134,
    139,
    140,
    155,
    172,
    180,
    184,
    192,
    193,
    199,
    208,
    209,
    229,
    234,
    235,
    236,
    237,
    248,
    263,
    280,
    286,
    312,
    314,
    349,
    350,
    372,
    407,
    416,
    419,
    423,
    429,
    446,
    452,
    465,
    471,
    490,
    493
  ],
  "max_steps": 2000,
  "grad_check_every": 5,
  "psnr": {
    "0.05": 25.234423610675236,
    "0.1": 27.811024032342235,
    "0.15": 29.84067293046945,
    "0.2": 31.65913316028157
  },
  "final_loss": 58.45405803833435,
  "total_steps": 8353,
  "per_stage_final_loss": [
    321.2481241295575,
    291.51418022023205,
    287.5806037706345,
    280.7398379370668,
    278.6214311298846,
    278.4286314472284,
    277.0657127864981,
    275.0936747468035,
    216.56255218278272,
    216.39259086485436,
    216.38874886343245,
    216.2699299741544,
    216.25560745494292,
    216.25011223921945,
    216.10066899204153,
    187.8448197686018,
    187.2690975063019,
    187.2591655558074,
    187.1946660315136,
    187.1194929756866,
    187.11178433028388,
    186.48215266403554,
    186.42223321688067,
    186.14839861554574,
    186.14089337190023,
    186.02089441854937,
    184.59320069246382,
    184.32297362723756,
    184.16470079838345,
    184.1550934807969,
    184.1342358686547,
    184.0493812804388,
    184.014231254972,
    176.00019598375192,
    175.90429901870098,
    159.05562882209372,
    124.87175663949871,
    119.28133084961316,
    110.79207190958391,
    110.1491348646598,
    110.05192238054758,
    109.344028109861,
    109.18595327655564,
    108.60186859729845,
    102.96421095312391,
    102.36943240191825,
    101.95869195918847,
    101.87913804648859,
    101.81502899473317,
    101.43599048911456,
    100.81731874381309,
    100.393981262696,
    94.9729752471012,
    94.56176332594926,
    92.26523819356075,
    92.2579296938964,
    91.75703019526281,
    91.58351854213308,
    91.58103327295046,
    87.78936995670084,
    87.69091372692974,
    86.39864787518576,
    85.67427051532148,
    85.17859004014409,
    84.97287388776397,
    84.89588826870893,
    79.36767783080242,
    77.8349283727203,
    72.56970558481139,
    69.92723882425368,
    69.92203541142544,
    58.45405803833435
  ],
  "trigger_counts": {
    "grad_norm": 0,
    "loss_delta": 72,
    "max_steps": 0
  },
  "elapsed_seconds": 4854.139445465058,
  "device": "cuda:0",
  "git_sha": "894ee7c407f737c0a250a28d33487a7db7bd83d3"
}