{
  "dataset": "div2k_8q",
  "ordering": "lr",
  "seed": 77,
  "m": 8,
  "n": 8,
  "init": "random",
  "topk_ratio": 0.2,
  "k_train": 13107,
  "lr": 0.003,
  "batch": 50,
  "train_batch_idx": [
    20,
    26,
    42,
    57,
    62,
    69,
    78,
    79,
    87,
    89,
    92,
    98,
    111,
    127,
    146,
    151,
    153,
    164,
    166,
    172,
    174,
    180,
    192,
    217,
    225,
    250,
    273,
    286,
    287,
    316,
    323,
    342,
    343,
    349,
    355,
    358,
    361,
    368,
    371,
    395,
    417,
    425,
    428,
    444,
    461,
    469,
    471,
    482,
    493,
    494
  ],
  "max_steps": 2000,
  "grad_check_every": 5,
  "psnr": {
    "0.05": 25.234936406428183,
    "0.1": 27.811846702045838,
    "0.15": 29.841607524762097,
    "0.2": 31.660110114793508
  },
  "final_loss": 66.72566741415154,
  "total_steps": 7830,
  "per_stage_final_loss": [
    519.2543756385653,
    267.9280806527658,
    267.9180844459218,
    267.8322428152572,
    262.75063825908,
    262.425307671582,
    262.36684829113324,
    261.744988560411,
    260.63617966080085,
    260.6221806475444,
    260.5482819444321,
    260.4990241223753,
    260.3241679180906,
    260.3067497211619,
    260.25946574844806,
    223.03549479718328,
    222.60804025830106,
    222.58609117747002,
    222.5650411330624,
    222.56380474661594,
    222.4107755205055,
    215.16516477329716,
    213.73091232425614,
    213.71962386259372,
    213.51982579748008,
    213.52024933455345,
    213.11408952658502,
    212.6974125380628,
    211.10704975129192,
    210.95972990489744,
    208.0123850586033,
    207.71202804626512,
    207.70678447686157,
    195.74338976479035,
    195.7205790937132,
    187.82343501268886,
    139.35251440563863,
    136.47792065722928,
    135.8250279947525,
    135.24915946428143,
    132.78061809216763,
    132.03118968493894,
    131.00752608134493,
    131.00333905264011,
    116.86820382809853,
    111.96382399039564,
    109.71074534201557,
    109.45387793788748,
    109.32185477613378,
    109.18642787811918,
    109.17986766899872,
    107.96165293254359,
    106.01386290469041,
    103.92877877207488,
    103.88627966205718,
    103.84871449865399,
    103.82399440577586,
    103.52721379075058,
    102.39959834550295,
    101.23553521737729,
    100.65902461008422,
    100.62483366592477,
    98.39452775202008,
    96.5556545501724,
    86.80299940263244,
    86.79516838294477,
    81.12375386705195,
    79.12275253435723,
    78.87425231827993,
    67.2757371823457,
    67.20830120521254,
    66.72566741415154
  ],
  "trigger_counts": {
    "grad_norm": 0,
    "loss_delta": 72,
    "max_steps": 0
  },
  "elapsed_seconds": 4514.832876919769,
  "device": "cuda:0",
  "git_sha": "894ee7c407f737c0a250a28d33487a7db7bd83d3"
}