{
  "dataset": "div2k_8q",
  "ordering": "lr",
  "seed": 26,
  "m": 8,
  "n": 8,
  "init": "random",
  "topk_ratio": 0.2,
  "k_train": 13107,
  "lr": 0.003,
  "batch": 50,
  "train_batch_idx": [
    2,
    5,
    30,
    44,
    78,
    82,
    91,
    97,
    106,
    118,
    124,
    137,
    143,
    162,
    164,
    178,
    222,
    225,
    233,
    239,
    248,
    251,
    253,
    259,
    266,
    294,
    314,
    326,
    342,
    349,
    361,
    367,
    371,
    374,
    388,
    412,
    423,
    432,
    436,
    443,
    449,
    451,
    453,
    454,
    458,
    464,
    468,
    475,
    487,
    492
  ],
  "max_steps": 2000,
  "grad_check_every": 5,
  "psnr": {
    "0.05": 25.163392038763117,
    "0.1": 27.860178899432068,
    "0.15": 29.959438435202202,
    "0.2": 31.835589708398807
  },
  "final_loss": 67.15292306486192,
  "total_steps": 7604,
  "per_stage_final_loss": [
    641.1439236400182,
    500.8357105499684,
    497.38490504779367,
    416.64840540850463,
    415.28641255731367,
    413.41556276676823,
    413.3753436881902,
    411.3171816796087,
    286.0966455760762,
    286.08975452179305,
    286.0772010945283,
    286.024564280372,
    285.19850679965504,
    285.1501777663457,
    285.0372417910902,
    249.43900119893846,
    248.29614458980723,
    246.27844612095163,
    246.13609810541345,
    245.86801373054232,
    245.69548518005428,
    245.64165290940036,
    245.63006942003537,
    245.56355099851527,
    245.52191265486437,
    245.48933863954616,
    244.0442423192665,
    243.50417069353077,
    243.06616765409316,
    242.9977416973782,
    237.5240258540013,
    236.86857791256986,
    235.2087605562149,
    227.1671680272256,
    227.13599145135893,
    208.29766348232255,
    135.47905332259015,
    134.92082134651005,
    132.35863133286222,
    125.10513927782442,
    124.59344431244904,
    124.56204342041306,
    124.44757784691576,
    124.27829105247744,
    112.41904547860102,
    105.75979295117602,
    105.75225648513937,
    105.48446448749883,
    105.44915931446225,
    105.44495784230156,
    105.42872058280146,
    101.79046918990535,
    97.10964415754938,
    97.11284379659084,
    97.11475230132932,
    97.10478453804963,
    97.07616636714177,
    95.2844356150699,
    92.07139626223878,
    91.99380602666547,
    91.97798501050609,
    91.921435849312,
    89.14778535642327,
    88.43060001267217,
    88.24576217747472,
    87.96048873832892,
    87.20523179438595,
    84.73197306109861,
    84.62640028946257,
    80.83070254702108,
    75.46057451703204,
    67.15292306486192
  ],
  "trigger_counts": {
    "grad_norm": 0,
    "loss_delta": 72,
    "max_steps": 0
  },
  "elapsed_seconds": 4125.926792446524,
  "device": "cuda:0",
  "git_sha": "894ee7c407f737c0a250a28d33487a7db7bd83d3"
}