{
  "dataset": "div2k_8q",
  "ordering": "lr",
  "seed": 61,
  "m": 8,
  "n": 8,
  "init": "random",
  "topk_ratio": 0.2,
  "k_train": 13107,
  "lr": 0.003,
  "batch": 50,
  "train_batch_idx": [
    9,
    10,
    37,
    39,
    44,
    78,
    79,
    80,
    82,
    89,
    114,
    119,
    136,
    147,
    169,
    190,
    199,
    214,
    224,
    272,
    273,
    286,
    288,
    306,
    313,
    315,
    322,
    324,
    325,
    327,
    339,
    341,
    343,
    346,
    350,
    357,
    362,
    375,
    380,
    398,
    407,
    425,
    441,
    454,
    460,
    463,
    474,
    479,
    491,
    497
  ],
  "max_steps": 2000,
  "grad_check_every": 5,
  "psnr": {
    "0.05": 25.232540093466522,
    "0.1": 27.809056486248085,
    "0.15": 29.83918292897987,
    "0.2": 31.658152269454607
  },
  "final_loss": 63.570619042413774,
  "total_steps": 7580,
  "per_stage_final_loss": [
    503.42904644757624,
    323.31856576259287,
    243.3317312469356,
    242.85066697983004,
    238.65511218800313,
    238.5656940071116,
    238.529010451046,
    238.20203258171125,
    197.53001699814567,
    197.24967578805692,
    197.140710158904,
    197.1085093953078,
    197.10531145573145,
    197.10578565331352,
    197.04804200983128,
    193.56224420528324,
    193.17462134093617,
    192.77172790622944,
    192.71312038663174,
    192.70989009172328,
    192.70587170188787,
    184.0817157080282,
    184.018316024317,
    183.98074742058554,
    183.56016185896172,
    183.51397412390398,
    182.2928227264037,
    182.1510266010468,
    182.14788026605078,
    182.11428973941008,
    181.5038277953196,
    180.91312938505172,
    180.81078550573827,
    172.80935319329234,
    172.57646000629583,
    163.59105484462987,
    136.0646183054674,
    123.56042775362694,
    119.79619728310527,
    119.78384430506708,
    119.43561779287917,
    118.43783954546372,
    116.84220426556305,
    116.62135993545671,
    108.88477628769164,
    107.76371297796567,
    106.66031013811391,
    105.57592256811208,
    104.62206801149189,
    104.60329442101698,
    104.4118612320086,
    102.24124338544058,
    100.49847272515599,
    99.2241463244382,
    99.22291573729504,
    99.22261044178079,
    99.16463711918341,
    98.87876576632972,
    93.19264595509878,
    91.93326755431931,
    91.30639979365151,
    90.01358267126396,
    87.79489963286075,
    87.21716350436478,
    86.96301500443403,
    86.81865777732496,
    83.73449822343953,
    81.99883277995208,
    81.80172441397,
    76.38222702596602,
    72.36046502468602,
    63.570619042413774
  ],
  "trigger_counts": {
    "grad_norm": 0,
    "loss_delta": 72,
    "max_steps": 0
  },
  "elapsed_seconds": 2319.151984512806,
  "device": "cuda:0",
  "git_sha": "894ee7c407f737c0a250a28d33487a7db7bd83d3"
}