{
  "dataset": "div2k_8q",
  "ordering": "lr",
  "seed": 28,
  "m": 8,
  "n": 8,
  "init": "random",
  "topk_ratio": 0.2,
  "k_train": 13107,
  "lr": 0.003,
  "batch": 50,
  "train_batch_idx": [
    8,
    14,
    23,
    34,
    42,
    46,
    65,
    73,
    78,
    85,
    100,
    106,
    110,
    128,
    146,
    152,
    155,
    162,
    165,
    169,
    191,
    219,
    249,
    251,
    252,
    256,
    300,
    303,
    329,
    334,
    336,
    349,
    351,
    369,
    379,
    384,
    385,
    387,
    388,
    401,
    406,
    410,
    433,
    443,
    460,
    462,
    468,
    475,
    483,
    497
  ],
  "max_steps": 2000,
  "grad_check_every": 5,
  "psnr": {
    "0.05": 25.234860991088638,
    "0.1": 27.811814836727518,
    "0.15": 29.841600883678588,
    "0.2": 31.66000683308599
  },
  "final_loss": 60.07516494772904,
  "total_steps": 8724,
  "per_stage_final_loss": [
    414.1510025625498,
    365.90747057152726,
    357.4823511164206,
    344.43658816208017,
    344.19950986060593,
    344.0861285365998,
    341.91174050927197,
    341.87162637729625,
    248.8563852315674,
    248.83526295457804,
    248.73971101183344,
    248.70489455606653,
    248.72484703463476,
    248.6855715622262,
    248.6835978470117,
    223.1291369338036,
    222.17484008232583,
    222.14375917512598,
    222.09012170431438,
    222.07442174900407,
    222.06038392642466,
    220.7889952568386,
    220.42590854684138,
    220.35568907226175,
    220.30555709481172,
    220.29909932981562,
    220.03349918490937,
    219.77638107955082,
    219.763871444077,
    219.75525197493306,
    218.1674214355879,
    217.93729570847503,
    217.92735940072117,
    211.12338683956725,
    211.10877348289208,
    191.75113925227808,
    127.51689252928544,
    126.91244706120517,
    125.85378465811034,
    125.42653470987091,
    124.31555080821065,
    123.94378791677698,
    123.27768168664561,
    123.14952944644273,
    123.13977010469709,
    123.13941165487034,
    122.620696284917,
    122.6200878701248,
    122.58212905766119,
    122.27353957091404,
    122.25925037388454,
    117.21404077178597,
    115.86033303325334,
    115.43771788132828,
    115.43716289714209,
    115.40777552858141,
    115.35895156102555,
    114.91030424190589,
    113.51289502353593,
    112.20163955588842,
    111.8203158655539,
    111.79731070067537,
    111.77688705179091,
    106.89838277926378,
    106.06809215893027,
    105.96710606436929,
    100.81244580386726,
    100.44624169154167,
    99.78249430490723,
    87.18352947966301,
    86.35572694926013,
    60.07516494772904
  ],
  "trigger_counts": {
    "grad_norm": 0,
    "loss_delta": 72,
    "max_steps": 0
  },
  "elapsed_seconds": 4888.162391504273,
  "device": "cuda:0",
  "git_sha": "894ee7c407f737c0a250a28d33487a7db7bd83d3"
}