{
  "dataset": "div2k_8q",
  "ordering": "lr",
  "seed": 80,
  "m": 8,
  "n": 8,
  "init": "random",
  "topk_ratio": 0.2,
  "k_train": 13107,
  "lr": 0.003,
  "batch": 50,
  "train_batch_idx": [
    0,
    1,
    8,
    16,
    25,
    40,
    61,
    64,
    72,
    81,
    103,
    108,
    114,
    120,
    139,
    143,
    144,
    155,
    159,
    172,
    211,
    237,
    261,
    269,
    272,
    275,
    283,
    289,
    296,
    299,
    301,
    306,
    310,
    320,
    332,
    334,
    348,
    355,
    361,
    366,
    378,
    397,
    409,
    414,
    431,
    475,
    478,
    487,
    494,
    495
  ],
  "max_steps": 2000,
  "grad_check_every": 5,
  "psnr": {
    "0.05": 25.227628472854576,
    "0.1": 27.807009910520524,
    "0.15": 29.83799365075722,
    "0.2": 31.657344904620867
  },
  "final_loss": 64.23090909734314,
  "total_steps": 8173,
  "per_stage_final_loss": [
    540.118679783757,
    333.97043781706986,
    279.28627854452645,
    265.2151909112513,
    264.67509637035005,
    264.0109360670239,
    263.8339811222564,
    263.8046891430879,
    228.17962139127363,
    227.97152065929134,
    227.96762886069678,
    227.7504075839622,
    227.68464504493835,
    227.5303306080365,
    227.38779322666014,
    212.35351670238012,
    211.98754539602953,
    211.97743666073708,
    211.816114015646,
    211.7864078427066,
    211.70719024861407,
    205.18856700771573,
    204.41409700506068,
    204.3524950258885,
    204.32301638456602,
    204.3039763029119,
    203.8645270451661,
    203.69381432638536,
    203.67317167275004,
    203.66991530815068,
    201.6326417716944,
    201.54398084621917,
    201.37371239442328,
    197.82736506736398,
    197.2186459111668,
    183.81864692194424,
    149.14896623044592,
    147.6074465697167,
    144.08534590996652,
    142.26765872925924,
    140.72991755217257,
    140.71390441953432,
    137.68100738106983,
    137.1649581297805,
    120.9347231502019,
    120.81417777795917,
    119.15317313109178,
    116.86611287252974,
    116.85656719771909,
    116.83159397550722,
    116.82667788839946,
    113.07061788307719,
    112.88776066626666,
    112.84545470680146,
    112.70503945876557,
    112.45851169304309,
    112.40630786738271,
    111.75450947018432,
    110.23580944030604,
    110.09524663891287,
    109.93845639501119,
    109.93635831354969,
    106.9169725169678,
    106.4662125978058,
    105.91340457511728,
    105.73037521894855,
    105.19844572285594,
    103.43670231812386,
    102.56409112159487,
    91.1898300697173,
    79.93858948347787,
    64.23090909734314
  ],
  "trigger_counts": {
    "grad_norm": 0,
    "loss_delta": 72,
    "max_steps": 0
  },
  "elapsed_seconds": 4489.393330033869,
  "device": "cuda:0",
  "git_sha": "894ee7c407f737c0a250a28d33487a7db7bd83d3"
}