{
  "dataset": "div2k_8q",
  "ordering": "lr",
  "seed": 23,
  "m": 8,
  "n": 8,
  "init": "random",
  "topk_ratio": 0.2,
  "k_train": 13107,
  "lr": 0.003,
  "batch": 50,
  "train_batch_idx": [
    8,
    16,
    21,
    30,
    38,
    50,
    52,
    55,
    58,
    66,
    73,
    89,
    93,
    101,
    119,
    134,
    142,
    144,
    161,
    165,
    187,
    191,
    195,
    202,
    217,
    221,
    227,
    261,
    268,
    276,
    291,
    300,
    303,
    304,
    313,
    322,
    323,
    332,
    335,
    346,
    357,
    363,
    394,
    423,
    464,
    469,
    471,
    491,
    494,
    498
  ],
  "max_steps": 2000,
  "grad_check_every": 5,
  "psnr": {
    "0.05": 25.23481749028276,
    "0.1": 27.81160778527983,
    "0.15": 29.84143978526763,
    "0.2": 31.659498888252827
  },
  "final_loss": 60.55233072839841,
  "total_steps": 8729,
  "per_stage_final_loss": [
    362.95031354211795,
    304.50473642201325,
    277.0361983169839,
    269.5802242158638,
    269.26706652373724,
    269.01440276821285,
    267.2735093615304,
    267.03633570168756,
    232.450986562089,
    230.8891812117736,
    230.68837692523243,
    230.5583725498951,
    230.55354376756128,
    230.54694266523165,
    230.33654644949036,
    226.52835723534847,
    225.66833770939652,
    225.58256513476002,
    225.47377905769193,
    225.2256433433097,
    225.22537651909494,
    223.28139563110443,
    222.8926333674049,
    222.7352644373992,
    221.269828294549,
    221.25870617863765,
    220.89895284123756,
    220.82345994714137,
    220.75468786579688,
    220.56669709440206,
    216.7539541188186,
    216.66239309321392,
    216.25371988413872,
    200.0762426039948,
    199.96521059533464,
    190.6682655250387,
    134.00153822308306,
    130.5386837236043,
    130.09672627177758,
    129.2403755941356,
    128.59124929441217,
    128.46805208990057,
    128.35262181615926,
    128.33492755238942,
    113.71818809298105,
    111.64281543551539,
    111.19819943991791,
    111.19752268158322,
    110.99415296155635,
    110.5047100781143,
    110.3265440307333,
    109.4998112575863,
    107.38926583545351,
    105.01372223745499,
    104.95235103935457,
    104.94730726204168,
    104.94645447396648,
    104.35394623601061,
    104.35162518986408,
    104.27227338304752,
    99.37795100491263,
    99.03821250514285,
    96.94610097998181,
    93.40551695582748,
    93.23570154638465,
    88.7571129057544,
    86.7249580454564,
    85.90063201051477,
    85.62913483130417,
    74.99864292277306,
    71.10395230650278,
    60.55233072839841
  ],
  "trigger_counts": {
    "grad_norm": 0,
    "loss_delta": 72,
    "max_steps": 0
  },
  "elapsed_seconds": 4888.185339695774,
  "device": "cuda:0",
  "git_sha": "894ee7c407f737c0a250a28d33487a7db7bd83d3"
}