{
  "dataset": "div2k_8q",
  "ordering": "lr",
  "seed": 46,
  "m": 8,
  "n": 8,
  "init": "random",
  "topk_ratio": 0.2,
  "k_train": 13107,
  "lr": 0.003,
  "batch": 50,
  "train_batch_idx": [
    3,
    26,
    32,
    35,
    39,
    51,
    63,
    78,
    90,
    99,
    109,
    113,
    118,
    120,
    123,
    124,
    130,
    159,
    171,
    190,
    215,
    226,
    236,
    239,
    244,
    249,
    270,
    284,
    291,
    298,
    319,
    341,
    350,
    351,
    354,
    361,
    369,
    372,
    375,
    378,
    379,
    409,
    415,
    416,
    428,
    429,
    451,
    476,
    477,
    492
  ],
  "max_steps": 2000,
  "grad_check_every": 5,
  "psnr": {
    "0.05": 25.2271146470457,
    "0.1": 27.8060336196973,
    "0.15": 29.837168541995542,
    "0.2": 31.656250288757654
  },
  "final_loss": 78.36663104851324,
  "total_steps": 7966,
  "per_stage_final_loss": [
    554.7524862351603,
    452.75736640112143,
    422.2208944756936,
    408.9513054632685,
    405.015686856888,
    387.4711815336115,
    387.24563683275875,
    386.9091914074411,
    264.3366369287123,
    263.4413201304628,
    262.53924669050014,
    262.5224915077015,
    262.5017671381572,
    262.4990049615556,
    262.4986709467888,
    259.70117292171534,
    259.70204215793916,
    259.6778279791969,
    259.64392615847856,
    259.5689011759342,
    259.53229375394346,
    254.4007263091371,
    253.60741254437474,
    253.53784272584036,
    253.4843699488327,
    253.4789118554725,
    252.17214135583032,
    251.59117081412057,
    251.58487209160558,
    251.33113207005707,
    246.99835335061897,
    246.9609494273288,
    246.91827277319797,
    246.04557993841232,
    245.81602381240305,
    229.41267245847578,
    160.43922024873987,
    151.49065838355588,
    150.16833077437062,
    149.39385088845958,
    148.5774716635544,
    148.42537509130815,
    148.07378367474314,
    147.52866806652858,
    139.5888376041203,
    139.42608712636707,
    139.21965241269766,
    139.01508836305786,
    138.9504135714497,
    137.11808314113603,
    137.05564800724417,
    132.8176019543386,
    130.05387980013188,
    126.25505528442744,
    126.10485635192865,
    125.48223709008336,
    125.26833313120366,
    125.04086395904692,
    123.74538484995854,
    123.74212556508218,
    123.54799421093185,
    123.54622809179986,
    120.90085064872815,
    116.72406487681597,
    116.71275265531843,
    116.29723484277845,
    113.55207697839397,
    106.29006786913895,
    104.82653541566866,
    93.89150925391408,
    88.49852249444898,
    78.36663104851324
  ],
  "trigger_counts": {
    "grad_norm": 0,
    "loss_delta": 72,
    "max_steps": 0
  },
  "elapsed_seconds": 4417.199808188714,
  "device": "cuda:0",
  "git_sha": "894ee7c407f737c0a250a28d33487a7db7bd83d3"
}