{
  "dataset": "div2k_8q",
  "ordering": "lr",
  "seed": 34,
  "m": 8,
  "n": 8,
  "init": "random",
  "topk_ratio": 0.2,
  "k_train": 13107,
  "lr": 0.003,
  "batch": 50,
  "train_batch_idx": [
    1,
    3,
    10,
    28,
    45,
    50,
    51,
    53,
    56,
    58,
    67,
    78,
    85,
    92,
    110,
    115,
    143,
    154,
    167,
    176,
    189,
    222,
    232,
    243,
    298,
    300,
    304,
    312,
    321,
    333,
    346,
    358,
    362,
    364,
    373,
    395,
    408,
    414,
    416,
    419,
    430,
    440,
    444,
    449,
    452,
    453,
    481,
    489,
    491,
    496
  ],
  "max_steps": 2000,
  "grad_check_every": 5,
  "psnr": {
    "0.05": 25.234996016206548,
    "0.1": 27.811771875077397,
    "0.15": 29.8416181241199,
    "0.2": 31.66007615704816
  },
  "final_loss": 57.4096664987708,
  "total_steps": 9368,
  "per_stage_final_loss": [
    445.62252765065847,
    432.6038785877971,
    403.97412019549654,
    394.6013687984065,
    393.41675016315685,
    392.7692423910209,
    390.7761924930686,
    389.91957633472623,
    236.67987075553378,
    236.67133612048187,
    236.67411692383226,
    236.57570516655542,
    236.50365992219756,
    236.48493579850071,
    236.47086640851384,
    222.86115105769935,
    222.47298031499122,
    221.33094956719557,
    221.28903932865558,
    221.23421470465172,
    221.19392618907577,
    213.28615215513855,
    213.10500294448596,
    212.59440153931905,
    212.55971364939302,
    212.52460307939066,
    211.07286314890368,
    210.34970058370033,
    210.3346188242214,
    210.3086788353943,
    206.64597641368985,
    206.57371418035885,
    205.82990991401246,
    201.48023402498973,
    201.11179355013644,
    179.23793370037959,
    131.9187482069874,
    130.29200143612982,
    129.70289644421953,
    128.60832260329957,
    128.27027714865235,
    127.26738754766313,
    126.99962149195296,
    126.95215511492916,
    112.49392210508884,
    108.24802933995655,
    106.47678275594001,
    106.2154786894687,
    106.10865619767503,
    106.0974149154596,
    106.0523971384966,
    102.13383251880101,
    101.93025024355757,
    101.10067000023341,
    100.17899390428815,
    100.00291089906433,
    99.82398476934392,
    99.39077171143718,
    93.98536095055896,
    92.97349899862854,
    92.80150780182353,
    92.63065058059016,
    91.47208400925818,
    90.33717201143932,
    90.33366621120615,
    90.28377174176266,
    84.22806756737134,
    77.75773916929796,
    76.70385059434581,
    68.73329164334363,
    64.97338924295437,
    57.4096664987708
  ],
  "trigger_counts": {
    "grad_norm": 0,
    "loss_delta": 72,
    "max_steps": 0
  },
  "elapsed_seconds": 5218.49891846627,
  "device": "cuda:0",
  "git_sha": "894ee7c407f737c0a250a28d33487a7db7bd83d3"
}