{
  "dataset": "div2k_8q",
  "ordering": "lr",
  "seed": 74,
  "m": 8,
  "n": 8,
  "init": "random",
  "topk_ratio": 0.2,
  "k_train": 13107,
  "lr": 0.003,
  "batch": 50,
  "train_batch_idx": [
    1,
    9,
    19,
    35,
    45,
    49,
    73,
    79,
    89,
    99,
    126,
    158,
    163,
    169,
    175,
    194,
    208,
    215,
    221,
    223,
    235,
    236,
    242,
    247,
    258,
    259,
    260,
    268,
    293,
    306,
    308,
    335,
    348,
    351,
    365,
    378,
    393,
    397,
    403,
    404,
    414,
    422,
    438,
    448,
    451,
    453,
    455,
    466,
    471,
    497
  ],
  "max_steps": 2000,
  "grad_check_every": 5,
  "psnr": {
    "0.05": 25.22925658329156,
    "0.1": 27.80713702020034,
    "0.15": 29.83796424385237,
    "0.2": 31.656539950660346
  },
  "final_loss": 69.10769841950241,
  "total_steps": 7828,
  "per_stage_final_loss": [
    629.7299513801471,
    611.1165918854934,
    608.8548485317496,
    601.1306204281275,
    599.4478964116223,
    595.1018528886461,
    586.224225001595,
    582.8477474113631,
    288.88951120477446,
    288.64605226213416,
    288.62511905401703,
    288.59024086650885,
    288.5158325801442,
    288.51533194497483,
    288.5117025155162,
    241.04049952103014,
    240.28093213462475,
    240.17914721657849,
    239.9839687125482,
    239.98123598391507,
    239.8985686191472,
    239.20280910140494,
    239.19006865376232,
    239.17917467747037,
    239.16595987734038,
    239.1576298871066,
    237.32892903577368,
    237.25187754716083,
    236.84532684660735,
    236.74330267253177,
    234.6954124523901,
    234.48120178393285,
    234.29246944201762,
    225.47328173432712,
    225.35995070030546,
    215.69823978799585,
    150.93633227363532,
    150.79344273137662,
    147.22014362531175,
    147.06013465660072,
    145.24109049373823,
    145.2133198438634,
    140.65321902113635,
    140.56404629865688,
    122.7064593588094,
    122.68340669250956,
    122.45750675448319,
    122.42073561792525,
    121.78468044749614,
    121.38532490843687,
    121.32500881387621,
    117.04639632747582,
    116.36637250858186,
    115.91413844301816,
    115.5024503654629,
    115.44048242937846,
    114.60312838716774,
    114.52646487258349,
    111.81854746802406,
    105.93304371685983,
    105.06117957266466,
    104.19491818813081,
    103.15322011346359,
    102.12538697372995,
    100.86732583318359,
    99.6032565077792,
    96.2586840525642,
    95.70612241786803,
    95.24575692228257,
    85.19458227362401,
    79.12344705208913,
    69.10769841950241
  ],
  "trigger_counts": {
    "grad_norm": 0,
    "loss_delta": 72,
    "max_steps": 0
  },
  "elapsed_seconds": 4453.196606874466,
  "device": "cuda:0",
  "git_sha": "894ee7c407f737c0a250a28d33487a7db7bd83d3"
}