{
  "dataset": "div2k_8q",
  "ordering": "lr",
  "seed": 55,
  "m": 8,
  "n": 8,
  "init": "random",
  "topk_ratio": 0.2,
  "k_train": 13107,
  "lr": 0.003,
  "batch": 50,
  "train_batch_idx": [
    3,
    7,
    12,
    20,
    28,
    31,
    39,
    54,
    99,
    100,
    105,
    121,
    153,
    156,
    159,
    162,
    167,
    181,
    188,
    199,
    212,
    226,
    230,
    236,
    246,
    258,
    264,
    270,
    276,
    284,
    285,
    320,
    323,
    326,
    329,
    331,
    347,
    348,
    356,
    365,
    373,
    376,
    395,
    434,
    441,
    468,
    472,
    478,
    480,
    498
  ],
  "max_steps": 2000,
  "grad_check_every": 5,
  "psnr": {
    "0.05": 25.234663840727606,
    "0.1": 27.811412519110668,
    "0.15": 29.841126606165744,
    "0.2": 31.65945659782894
  },
  "final_loss": 61.308840634451116,
  "total_steps": 9786,
  "per_stage_final_loss": [
    441.42789425027763,
    291.5721133644049,
    248.85539630918146,
    248.75953170531125,
    248.73301463015443,
    248.3898587630658,
    248.38341263357572,
    247.84291140115448,
    223.8999438191609,
    223.83226892316188,
    223.07170044539205,
    222.88611206777102,
    222.77963268370405,
    222.77815234931572,
    222.76563328946767,
    220.10228712927477,
    219.87609582000601,
    219.56979239106388,
    219.5529227510112,
    219.45469814763675,
    219.37139276916153,
    218.97320970788846,
    218.92544404913374,
    218.92440953432478,
    218.67003840544115,
    218.6556238491246,
    217.67030003439325,
    217.21105253285424,
    217.1946799479482,
    217.17523977606524,
    214.16828198212445,
    213.68736169131256,
    213.64786264553575,
    202.12661203266697,
    202.1004897445282,
    191.0069417212144,
    127.29484746186004,
    123.49240610913148,
    119.91140579938687,
    119.78405633660148,
    118.81213672466542,
    116.0817656422058,
    116.04230961410147,
    115.79233009918676,
    111.31537637335309,
    108.9745899209649,
    108.94573702328653,
    108.50815930529409,
    106.4179058757968,
    106.35859061285807,
    106.2620776547385,
    105.49740946148093,
    105.0359166527126,
    104.73573376369363,
    104.70989281209944,
    104.40843341883946,
    104.0948762603138,
    103.43808434146754,
    99.90922323367963,
    98.86823151365661,
    98.5874466106667,
    97.78397267454991,
    97.77792923054004,
    97.25775667843092,
    92.10571079300917,
    91.91883437098565,
    85.61563435180506,
    81.50618448704067,
    77.74174893674788,
    70.03211705375104,
    69.59283618638172,
    61.308840634451116
  ],
  "trigger_counts": {
    "grad_norm": 0,
    "loss_delta": 72,
    "max_steps": 0
  },
  "elapsed_seconds": 9272.872674157843,
  "device": "cuda:0",
  "git_sha": "894ee7c407f737c0a250a28d33487a7db7bd83d3"
}