{
  "dataset": "div2k_8q",
  "ordering": "lr",
  "seed": 50,
  "m": 8,
  "n": 8,
  "init": "random",
  "topk_ratio": 0.2,
  "k_train": 13107,
  "lr": 0.003,
  "batch": 50,
  "train_batch_idx": [
    6,
    7,
    30,
    53,
    58,
    59,
    87,
    108,
    110,
    117,
    125,
    128,
    134,
    143,
    156,
    184,
    188,
    206,
    218,
    249,
    258,
    261,
    268,
    270,
    280,
    293,
    296,
    298,
    306,
    310,
    314,
    323,
    324,
    350,
    352,
    355,
    374,
    378,
    380,
    385,
    433,
    445,
    446,
    465,
    472,
    473,
    474,
    478,
    497,
    498
  ],
  "max_steps": 2000,
  "grad_check_every": 5,
  "psnr": {
    "0.05": 25.234972014571582,
    "0.1": 27.81176395253333,
    "0.15": 29.841699807586487,
    "0.2": 31.660025385927362
  },
  "final_loss": 64.88195382179376,
  "total_steps": 9510,
  "per_stage_final_loss": [
    475.8478945728621,
    474.1343818100628,
    464.4227092633833,
    436.96113519081575,
    435.76427651459767,
    428.04984697687087,
    427.57536378923686,
    422.9843492103271,
    238.86528801175785,
    238.7886393510086,
    238.4492217007403,
    238.4082836345343,
    238.24347668311304,
    238.1702196889227,
    238.17010075002008,
    205.37521273953158,
    205.25380217464053,
    205.22870353627783,
    205.2222955603278,
    205.14584445955938,
    204.90104986513296,
    199.4412328796961,
    199.2844887505674,
    198.6515712300664,
    198.54836920649007,
    198.54730976829416,
    194.84720881912654,
    194.39259550104083,
    194.2738000480205,
    194.2756202523997,
    194.04682954080621,
    193.89489348435876,
    193.88747263433947,
    193.88542860688634,
    192.17876791302268,
    179.93589488250174,
    136.74463084350828,
    128.08866627307196,
    127.25184236052591,
    127.23791340226919,
    126.88708856876845,
    126.55856756994636,
    126.28079692605526,
    126.10296246012253,
    124.97231489817783,
    123.85153165652564,
    123.66632179828652,
    122.99488023863631,
    122.81063566825334,
    122.50187107838524,
    122.42159200529491,
    116.93074747168787,
    116.56158563787388,
    116.56023768318158,
    116.55098268304954,
    116.53918544748115,
    116.07932675709955,
    115.16865034647303,
    114.8115830180203,
    110.46214256655149,
    110.45917472684899,
    110.20180186022245,
    109.82267271364417,
    108.31166299238073,
    100.84265122728233,
    100.21396816927407,
    95.52945713403275,
    94.87676597513347,
    88.10356314341942,
    80.72519747875482,
    78.66957170261685,
    64.88195382179376
  ],
  "trigger_counts": {
    "grad_norm": 0,
    "loss_delta": 72,
    "max_steps": 0
  },
  "elapsed_seconds": 5295.195108423941,
  "device": "cuda:0",
  "git_sha": "894ee7c407f737c0a250a28d33487a7db7bd83d3"
}