{
  "dataset": "div2k_8q",
  "ordering": "lr",
  "seed": 73,
  "m": 8,
  "n": 8,
  "init": "random",
  "topk_ratio": 0.2,
  "k_train": 13107,
  "lr": 0.003,
  "batch": 50,
  "train_batch_idx": [
    7,
    13,
    14,
    23,
    36,
    37,
    49,
    55,
    56,
    74,
    79,
    83,
    86,
    92,
    93,
    95,
    97,
    101,
    122,
    137,
    155,
    157,
    198,
    215,
    222,
    223,
    233,
    272,
    285,
    320,
    321,
    338,
    339,
    348,
    354,
    355,
    369,
    373,
    392,
    393,
    394,
    396,
    438,
    451,
    463,
    474,
    482,
    487,
    488,
    496
  ],
  "max_steps": 2000,
  "grad_check_every": 5,
  "psnr": {
    "0.05": 25.23413327145279,
    "0.1": 27.810831449426505,
    "0.15": 29.840503916330004,
    "0.2": 31.65868757909241
  },
  "final_loss": 70.83848782552643,
  "total_steps": 8556,
  "per_stage_final_loss": [
    455.825047741474,
    368.13332646006006,
    328.48412408628457,
    325.2684272918771,
    324.47380100166697,
    323.6918723698374,
    323.2638199618143,
    323.0577909710415,
    288.58339419836966,
    287.3470993486761,
    287.2746698463458,
    287.1779592282278,
    286.8240586192207,
    286.77716537818606,
    286.724403923789,
    280.00802828570494,
    279.14765652436114,
    278.8813428747115,
    278.88238306699935,
    278.8729209845028,
    278.87246358083775,
    271.5878084417956,
    270.0345366935862,
    269.90971782646767,
    269.71211808291037,
    269.7077737168405,
    268.2670258867359,
    266.66680578786577,
    266.07642503578097,
    266.0674157327437,
    265.962128133981,
    265.6903776063223,
    265.6917593918087,
    249.34768132644442,
    247.56936300554483,
    224.09031227040026,
    152.55855491077494,
    150.16271569618294,
    149.64065774588212,
    148.9824322553031,
    148.68885288467277,
    146.7752779345939,
    146.7123083377271,
    146.6533225778654,
    127.87903301703987,
    122.17480639443203,
    121.83604456511446,
    121.42582703097781,
    121.17997025722588,
    121.09857713507529,
    120.80926769833528,
    118.66283215208828,
    118.65152484838691,
    118.19732712710316,
    116.31515935543815,
    116.31059083515505,
    115.95657150530316,
    115.61872863426558,
    107.47490716272627,
    107.35995909061239,
    107.34012548302395,
    106.98531647120237,
    104.88618620496591,
    102.91180255155334,
    100.15349333488122,
    100.1285370176436,
    93.08581119906863,
    90.6811679077111,
    84.29836637010534,
    79.40431716836426,
    79.3324393892169,
    70.83848782552643
  ],
  "trigger_counts": {
    "grad_norm": 0,
    "loss_delta": 72,
    "max_steps": 0
  },
  "elapsed_seconds": 4652.701354350895,
  "device": "cuda:0",
  "git_sha": "894ee7c407f737c0a250a28d33487a7db7bd83d3"
}