{
  "dataset": "div2k_8q",
  "ordering": "lr",
  "seed": 82,
  "m": 8,
  "n": 8,
  "init": "random",
  "topk_ratio": 0.2,
  "k_train": 13107,
  "lr": 0.003,
  "batch": 50,
  "train_batch_idx": [
    21,
    37,
    50,
    67,
    68,
    73,
    99,
    102,
    103,
    124,
    126,
    130,
    142,
    170,
    187,
    199,
    215,
    226,
    239,
    244,
    247,
    252,
    254,
    264,
    294,
    296,
    317,
    323,
    346,
    355,
    358,
    361,
    364,
    365,
    367,
    372,
    373,
    383,
    385,
    388,
    398,
    410,
    414,
    423,
    433,
    445,
    448,
    449,
    450,
    496
  ],
  "max_steps": 2000,
  "grad_check_every": 5,
  "psnr": {
    "0.05": 25.2339192311656,
    "0.1": 27.81064242737625,
    "0.15": 29.840143675254303,
    "0.2": 31.65844056269852
  },
  "final_loss": 75.16165883883055,
  "total_steps": 8448,
  "per_stage_final_loss": [
    894.1680503672073,
    601.9191490957347,
    517.466039329229,
    504.6707126625211,
    490.17030329815634,
    457.3281807910248,
    452.51696669735105,
    452.1181791405517,
    321.17938465246857,
    321.08651061829187,
    320.9724680451453,
    320.83601308348744,
    320.82702895424273,
    320.7453886622602,
    320.5978316972008,
    294.7098819849515,
    294.71013564595495,
    294.5877806572068,
    294.400466385954,
    294.2978917626201,
    294.2044541445304,
    286.2960450770595,
    285.92338904696635,
    285.90356809937646,
    285.8477494856695,
    285.82563772700996,
    285.0497755149058,
    284.0179246939926,
    283.94347509356743,
    283.47340392338447,
    283.4659769727408,
    283.39602440240384,
    283.14386388559217,
    280.79133415890186,
    280.77641442096916,
    253.57990957448277,
    169.06016567790542,
    167.32733885246532,
    166.34405883637126,
    165.60434164586772,
    165.57332803359995,
    164.8758927488916,
    164.8178818302919,
    164.7419967778674,
    141.35105113694436,
    139.56936094070792,
    137.65105879921833,
    137.64987840258323,
    137.6060194970548,
    137.6012615594968,
    137.59001733513088,
    136.73261066505555,
    136.2107137451689,
    136.2087307589005,
    134.2699661959368,
    133.39529505318603,
    133.34504952699422,
    133.21791352446348,
    132.848280103308,
    129.73004623727425,
    129.6451848113292,
    129.59437680564278,
    129.4342324347014,
    127.79674217849166,
    127.76198882904211,
    127.3843486418856,
    121.51124817076737,
    114.87467583361013,
    114.82454894704486,
    104.46264055008542,
    92.50355692103604,
    75.16165883883055
  ],
  "trigger_counts": {
    "grad_norm": 0,
    "loss_delta": 72,
    "max_steps": 0
  },
  "elapsed_seconds": 4694.058811935596,
  "device": "cuda:0",
  "git_sha": "894ee7c407f737c0a250a28d33487a7db7bd83d3"
}