{
  "dataset": "div2k_8q",
  "ordering": "lr",
  "seed": 83,
  "m": 8,
  "n": 8,
  "init": "random",
  "topk_ratio": 0.2,
  "k_train": 13107,
  "lr": 0.003,
  "batch": 50,
  "train_batch_idx": [
    14,
    20,
    21,
    70,
    74,
    77,
    113,
    114,
    122,
    130,
    137,
    140,
    143,
    150,
    154,
    157,
    173,
    181,
    187,
    189,
    190,
    205,
    212,
    214,
    217,
    229,
    231,
    232,
    250,
    254,
    266,
    267,
    280,
    286,
    297,
    302,
    330,
    336,
    345,
    348,
    361,
    381,
    387,
    412,
    427,
    431,
    470,
    471,
    474,
    477
  ],
  "max_steps": 2000,
  "grad_check_every": 5,
  "psnr": {
    "0.05": 25.23425565156124,
    "0.1": 27.81080345187987,
    "0.15": 29.84043083601476,
    "0.2": 31.658570365266286
  },
  "final_loss": 60.62871287404043,
  "total_steps": 11118,
  "per_stage_final_loss": [
    489.69339306210577,
    374.1485624136345,
    335.8694434734201,
    329.0460175345301,
    308.94059194773274,
    304.41317504596014,
    304.383649571031,
    304.2917245365832,
    244.60120392690976,
    244.06932957739227,
    243.31900138867928,
    243.29598927010827,
    243.18229896881454,
    243.168336158601,
    243.1527386346394,
    235.6053093868145,
    235.29463635096258,
    235.06860676127553,
    235.05976263038326,
    235.04271572497154,
    235.03661217024106,
    232.54971989144542,
    232.36697555642507,
    231.90805565926428,
    231.87152321748013,
    231.86769738499711,
    231.12205368494404,
    229.6043998745741,
    229.59559794674723,
    229.35604000724265,
    227.04571567674375,
    226.84504732930546,
    226.74113385541997,
    216.59148280733865,
    216.42513792612831,
    193.45549512235476,
    134.5962444372879,
    122.88880663406431,
    121.72047292147089,
    119.95012926692743,
    118.76398294822062,
    117.38203562542517,
    117.07780454331345,
    117.06515711008463,
    110.78986924870213,
    108.40832370965866,
    108.30408729540477,
    108.28654038775112,
    108.15994879476271,
    104.33072745469639,
    104.29487036210205,
    103.82664592647629,
    102.33265765840255,
    98.11026497716284,
    96.49665439310036,
    96.4399377646677,
    96.40259266529891,
    96.32731432493088,
    96.32111761757828,
    95.45846272871873,
    95.44100754699251,
    95.3595677591717,
    93.4801476551804,
    88.87103343895171,
    88.76261995539555,
    86.89506849994159,
    80.29406964767317,
    73.38513496380459,
    73.37040597940559,
    65.92301071708181,
    65.44559904425297,
    60.62871287404043
  ],
  "trigger_counts": {
    "grad_norm": 0,
    "loss_delta": 72,
    "max_steps": 0
  },
  "elapsed_seconds": 6248.899688593112,
  "device": "cuda:0",
  "git_sha": "894ee7c407f737c0a250a28d33487a7db7bd83d3"
}