{
  "dataset": "div2k_8q",
  "ordering": "lr",
  "seed": 20,
  "m": 8,
  "n": 8,
  "init": "random",
  "topk_ratio": 0.2,
  "k_train": 13107,
  "lr": 0.003,
  "batch": 50,
  "train_batch_idx": [
    2,
    15,
    25,
    33,
    35,
    43,
    45,
    55,
    66,
    101,
    108,
    110,
    113,
    118,
    126,
    128,
    132,
    143,
    158,
    161,
    188,
    191,
    209,
    210,
    220,
    230,
    239,
    259,
    264,
    273,
    296,
    302,
    305,
    308,
    316,
    324,
    333,
    351,
    374,
    389,
    393,
    402,
    407,
    424,
    432,
    434,
    446,
    448,
    459,
    464
  ],
  "max_steps": 2000,
  "grad_check_every": 5,
  "psnr": {
    "0.05": 25.164136021552025,
    "0.1": 27.860993503308144,
    "0.15": 29.960081147525017,
    "0.2": 31.836313273960673
  },
  "final_loss": 50.9007978105041,
  "total_steps": 8302,
  "per_stage_final_loss": [
    642.5349580365398,
    265.46722556712837,
    242.89616184361577,
    235.47489742346633,
    235.43683317021157,
    233.158430179789,
    233.11071132434594,
    232.50074444271618,
    232.06786857530707,
    231.39339282254426,
    231.3790399950264,
    230.89431660805187,
    230.88520873456181,
    230.88202427546742,
    230.8793414202168,
    223.78738977190275,
    223.71511759020657,
    223.67772761719252,
    223.5722808373579,
    223.55417925139182,
    223.55171755665307,
    218.60022607834182,
    218.42455057543052,
    217.49742069184524,
    217.48533449339448,
    217.40943118813476,
    216.30316814575104,
    216.02081090292575,
    215.83899756464209,
    215.8377328060933,
    212.91182807599716,
    212.16189685299855,
    211.73097301331174,
    206.50116722127964,
    204.8988193307435,
    178.2871532454558,
    119.43971547344056,
    116.99981991313372,
    116.00108358479011,
    113.12946033420653,
    113.12361909829309,
    112.8311950761694,
    112.6300931177002,
    112.55112972713518,
    98.2081290730362,
    96.51543854844061,
    93.22019528987664,
    93.14167299877043,
    92.69197116678716,
    92.28017175616039,
    92.21886836523663,
    87.3302686340088,
    86.22995612701217,
    86.22974892474626,
    86.08823421623669,
    86.05763068581953,
    85.02446436090119,
    83.51181609142822,
    82.06498873301344,
    82.06431342931268,
    82.04238676778627,
    81.27695132400882,
    80.10232036459931,
    80.0409974332573,
    75.59102625385508,
    74.05454789574905,
    72.72362004763603,
    72.13948645516186,
    71.43409346158887,
    62.85924684773727,
    60.76359330229054,
    50.9007978105041
  ],
  "trigger_counts": {
    "grad_norm": 0,
    "loss_delta": 72,
    "max_steps": 0
  },
  "elapsed_seconds": 4504.913649717346,
  "device": "cuda:0",
  "git_sha": "894ee7c407f737c0a250a28d33487a7db7bd83d3"
}