{
  "dataset": "div2k_8q",
  "ordering": "lr",
  "seed": 4,
  "m": 8,
  "n": 8,
  "init": "random",
  "topk_ratio": 0.2,
  "k_train": 13107,
  "lr": 0.003,
  "batch": 50,
  "train_batch_idx": [
    28,
    37,
    44,
    66,
    81,
    86,
    102,
    103,
    130,
    149,
    159,
    173,
    178,
    201,
    204,
    208,
    226,
    232,
    248,
    255,
    260,
    270,
    278,
    279,
    287,
    290,
    298,
    315,
    327,
    330,
    346,
    353,
    372,
    377,
    399,
    407,
    425,
    426,
    427,
    443,
    445,
    447,
    451,
    461,
    465,
    468,
    472,
    474,
    488,
    497
  ],
  "max_steps": 2000,
  "grad_check_every": 5,
  "psnr": {
    "0.05": 25.234440744486424,
    "0.1": 27.811034352698165,
    "0.15": 29.840850219446793,
    "0.2": 31.65890986988868
  },
  "final_loss": 78.63709246603385,
  "total_steps": 7846,
  "per_stage_final_loss": [
    492.9539591833274,
    293.2407104212352,
    288.2464385191682,
    288.04281905426745,
    287.95374049359674,
    287.7827088726962,
    287.60469329213083,
    287.05396580710897,
    279.2780843122138,
    278.91864874502187,
    278.91835390831847,
    278.4284757342782,
    278.42262691478885,
    278.4141028053513,
    278.32407863946764,
    240.950420057593,
    240.53225914498327,
    240.1616694248914,
    240.08826520152462,
    240.03618248049966,
    240.00557100170204,
    231.29649814183867,
    231.25327270286974,
    229.80753628060674,
    229.7865441565504,
    229.73582327414164,
    228.89429026834466,
    228.63391602998578,
    228.63169363805318,
    228.62683530885673,
    222.84168471687067,
    222.71956979224066,
    222.62392776811816,
    221.717445863,
    221.67735607677153,
    195.10814291227956,
    140.31758757551654,
    138.71438173840784,
    137.3646635339354,
    132.69316546205428,
    132.1665212573739,
    132.03178876026246,
    131.27148155781882,
    130.97348810282938,
    128.51692223743538,
    123.61184611203495,
    122.26480884659928,
    121.92302660000769,
    121.27506920933561,
    121.26366395747759,
    121.26236669815837,
    119.91035641468505,
    118.26716306627779,
    117.96622369532969,
    116.94288253832724,
    114.95555520656535,
    114.95511378837735,
    114.95110467799769,
    114.94530459653944,
    114.74807603305955,
    114.72397205250945,
    114.70455169438979,
    114.38723406163864,
    111.41168720702203,
    106.27021868025824,
    104.73287812877322,
    101.72373184231863,
    97.37871785246857,
    95.53835365570046,
    83.30899748589846,
    83.14367096964132,
    78.63709246603385
  ],
  "trigger_counts": {
    "grad_norm": 0,
    "loss_delta": 72,
    "max_steps": 0
  },
  "elapsed_seconds": 4537.769624860957,
  "device": "cuda:0",
  "git_sha": "894ee7c407f737c0a250a28d33487a7db7bd83d3"
}