{
  "dataset": "div2k_8q",
  "ordering": "lr",
  "seed": 100,
  "m": 8,
  "n": 8,
  "init": "random",
  "topk_ratio": 0.2,
  "k_train": 13107,
  "lr": 0.003,
  "batch": 50,
  "train_batch_idx": [
    1,
    19,
    36,
    56,
    61,
    62,
    68,
    69,
    89,
    111,
    131,
    134,
    153,
    160,
    190,
    195,
    202,
    212,
    223,
    238,
    242,
    243,
    257,
    269,
    270,
    274,
    275,
    277,
    287,
    299,
    322,
    325,
    337,
    345,
    349,
    366,
    372,
    376,
    377,
    399,
    424,
    430,
    431,
    436,
    447,
    463,
    481,
    483,
    490,
    494
  ],
  "max_steps": 2000,
  "grad_check_every": 5,
  "psnr": {
    "0.05": 25.2280349183655,
    "0.1": 27.80747478335375,
    "0.15": 29.838968764714405,
    "0.2": 31.658329978493885
  },
  "final_loss": 69.52193587201131,
  "total_steps": 8595,
  "per_stage_final_loss": [
    494.9843231965821,
    490.5312163153399,
    488.3390166537668,
    484.9825635941808,
    477.0666269150094,
    473.59799578218633,
    467.3417488469362,
    462.8921683127314,
    273.3817056750658,
    268.92359651323835,
    268.49783317678424,
    268.2763044699149,
    268.20434764435856,
    268.1292761223584,
    268.0745221067867,
    237.50715110138574,
    237.11185581932278,
    236.36398262408417,
    236.35262341640896,
    236.29649386564884,
    236.24348978467447,
    235.35002086063957,
    235.31938868388184,
    235.02302007266053,
    234.95256485059065,
    234.73631919685226,
    234.11996485426985,
    234.05322320795352,
    233.48528944827896,
    233.47728493024042,
    233.16756827246274,
    232.6454327932798,
    232.56528703233096,
    225.36242457572243,
    225.33039851378638,
    204.87799831946867,
    152.91045671334828,
    147.321400588863,
    142.71658337625183,
    139.60094151125136,
    139.56950552960754,
    139.28311647264593,
    138.17450137728093,
    137.6300327787545,
    123.69743546780988,
    123.3818072772748,
    122.84543184313354,
    122.40378500182076,
    121.65472543596997,
    120.50608812005031,
    119.67907844271905,
    117.18326408403817,
    117.16772202362482,
    111.07133296311132,
    110.98894663816846,
    110.90150507178365,
    110.69428326535203,
    110.46811988709351,
    109.87667474946124,
    109.70884488550077,
    108.0180909861594,
    107.94597360851394,
    106.1710453462174,
    102.19635936879436,
    101.43049699136688,
    97.54573297672734,
    95.00170596498221,
    94.99594371991445,
    90.14245166137331,
    80.8392176530341,
    80.68111405149766,
    69.52193587201131
  ],
  "trigger_counts": {
    "grad_norm": 0,
    "loss_delta": 72,
    "max_steps": 0
  },
  "elapsed_seconds": 4790.750826091506,
  "device": "cuda:0",
  "git_sha": "894ee7c407f737c0a250a28d33487a7db7bd83d3"
}