{
  "dataset": "div2k_8q",
  "ordering": "lr",
  "seed": 96,
  "m": 8,
  "n": 8,
  "init": "random",
  "topk_ratio": 0.2,
  "k_train": 13107,
  "lr": 0.003,
  "batch": 50,
  "train_batch_idx": [
    5,
    12,
    18,
    20,
    43,
    65,
    76,
    87,
    88,
    92,
    98,
    109,
    119,
    124,
    129,
    138,
    161,
    185,
    202,
    214,
    218,
    221,
    222,
    224,
    225,
    244,
    250,
    251,
    272,
    279,
    289,
    290,
    316,
    324,
    329,
    333,
    335,
    368,
    372,
    384,
    388,
    425,
    429,
    434,
    447,
    450,
    458,
    460,
    467,
    497
  ],
  "max_steps": 2000,
  "grad_check_every": 5,
  "psnr": {
    "0.05": 25.16496715683627,
    "0.1": 27.861636339828742,
    "0.15": 29.96076181638648,
    "0.2": 31.83728949645641
  },
  "final_loss": 61.501745341380214,
  "total_steps": 7501,
  "per_stage_final_loss": [
    631.8526536656199,
    421.00825502651696,
    420.6844589009196,
    404.24479784842026,
    385.2861706690817,
    378.86685456322704,
    376.71981915204896,
    373.3945097378255,
    269.3182621485198,
    268.3331175300507,
    267.71716854576766,
    267.65826755687107,
    267.6370479895854,
    267.52380970373895,
    267.52264691573356,
    238.4196470748137,
    237.3008425714536,
    236.80071294496463,
    236.0890300135568,
    235.98115681693082,
    235.92785637332506,
    232.88397225546703,
    232.8113344074294,
    232.80492721530572,
    232.80036272002508,
    232.73735151279402,
    231.21927814409284,
    230.47797785970263,
    230.0821378660062,
    229.90590546477748,
    226.22768072958766,
    226.09898585838826,
    226.09541033288383,
    220.681750055459,
    220.47481712297238,
    206.7911919052754,
    142.13981036781448,
    135.1814654606841,
    128.23327211113528,
    127.92513534194111,
    127.37424247440893,
    126.39740938840082,
    126.22274006972151,
    126.02604736017221,
    120.11622385754097,
    120.11907287469691,
    120.1109237784543,
    119.48785025410947,
    114.90446311828742,
    114.4615599390016,
    114.45657330275644,
    113.79917080834419,
    112.57408254171162,
    112.30069627544573,
    111.28596779554331,
    110.78918076943818,
    110.7878539055961,
    110.69355576394412,
    110.10485919598533,
    110.0326349367385,
    109.65371081279663,
    109.39341997012374,
    107.70783797321627,
    104.28183977087245,
    99.6848122211731,
    97.3878223917933,
    90.03061946769301,
    87.43201610590272,
    86.49803312941374,
    77.73543453316852,
    74.14909150880477,
    61.501745341380214
  ],
  "trigger_counts": {
    "grad_norm": 0,
    "loss_delta": 72,
    "max_steps": 0
  },
  "elapsed_seconds": 4211.997011906467,
  "device": "cuda:0",
  "git_sha": "894ee7c407f737c0a250a28d33487a7db7bd83d3"
}