{
  "dataset": "div2k_8q",
  "ordering": "lr",
  "seed": 64,
  "m": 8,
  "n": 8,
  "init": "random",
  "topk_ratio": 0.2,
  "k_train": 13107,
  "lr": 0.003,
  "batch": 50,
  "train_batch_idx": [
    14,
    15,
    19,
    22,
    29,
    39,
    70,
    85,
    110,
    112,
    134,
    145,
    161,
    197,
    216,
    230,
    233,
    237,
    244,
    245,
    263,
    269,
    271,
    277,
    279,
    291,
    316,
    321,
    325,
    330,
    334,
    335,
    349,
    381,
    382,
    386,
    388,
    389,
    394,
    408,
    411,
    424,
    426,
    445,
    457,
    460,
    469,
    476,
    480,
    486
  ],
  "max_steps": 2000,
  "grad_check_every": 5,
  "psnr": {
    "0.05": 25.23460566696247,
    "0.1": 27.811449839111738,
    "0.15": 29.841136436880934,
    "0.2": 31.65936401084142
  },
  "final_loss": 59.10746142664492,
  "total_steps": 8534,
  "per_stage_final_loss": [
    256.1990109483375,
    240.42265988933622,
    226.24131170878863,
    225.20796770330668,
    222.91672721856906,
    221.97284070249938,
    221.8480596688606,
    221.7945923418901,
    202.35279221351593,
    202.29114523928956,
    202.10487408686845,
    202.09030421192048,
    202.0880496270099,
    202.07806084770837,
    202.0677846013983,
    198.3561940524148,
    198.01602395100323,
    197.9491694254965,
    197.90393654621639,
    197.86810748743792,
    197.8304820592437,
    192.8996902821083,
    192.82244686942772,
    192.69625101924663,
    192.5656493914188,
    192.5652081957883,
    191.23043336526746,
    191.16450725211595,
    190.9247451437493,
    190.90756453246172,
    188.14707701768617,
    187.72384435331915,
    187.67435934902002,
    174.5139503720627,
    174.50315722040926,
    171.36872676942906,
    145.50809116603088,
    136.14216421130615,
    133.0000548005837,
    131.11866750455,
    130.33812460380767,
    130.15676074251107,
    129.94155404274503,
    129.89535444306014,
    118.69084777242617,
    116.46459672766339,
    116.28904699604787,
    116.05224816001163,
    115.93781962082801,
    115.82376632735433,
    115.79354276596682,
    115.63194200907594,
    114.61037297780473,
    114.2812698912065,
    114.24641758672439,
    114.25000509418025,
    114.24172853847405,
    113.92719544162865,
    113.59435924867289,
    113.5910392684849,
    113.60117386038102,
    113.50848940404245,
    113.12019537541786,
    108.01785207807202,
    107.95884264404141,
    107.95161907174548,
    102.20914888354207,
    94.96813017006413,
    94.74328879537734,
    84.32297389728396,
    75.35630820433862,
    59.10746142664492
  ],
  "trigger_counts": {
    "grad_norm": 0,
    "loss_delta": 72,
    "max_steps": 0
  },
  "elapsed_seconds": 4591.348025929183,
  "device": "cuda:0",
  "git_sha": "894ee7c407f737c0a250a28d33487a7db7bd83d3"
}