{
  "dataset": "div2k_8q",
  "ordering": "lr",
  "seed": 52,
  "m": 8,
  "n": 8,
  "init": "random",
  "topk_ratio": 0.2,
  "k_train": 13107,
  "lr": 0.003,
  "batch": 50,
  "train_batch_idx": [
    2,
    7,
    13,
    18,
    30,
    31,
    35,
    37,
    48,
    49,
    50,
    55,
    88,
    97,
    113,
    114,
    116,
    127,
    131,
    158,
    167,
    184,
    198,
    204,
    212,
    223,
    224,
    236,
    242,
    245,
    253,
    256,
    260,
    272,
    278,
    343,
    362,
    373,
    386,
    416,
    422,
    426,
    428,
    435,
    444,
    447,
    467,
    471,
    483,
    486
  ],
  "max_steps": 2000,
  "grad_check_every": 5,
  "psnr": {
    "0.05": 25.16343521652282,
    "0.1": 27.860177567781804,
    "0.15": 29.959316806194092,
    "0.2": 31.835457263377833
  },
  "final_loss": 55.410309362426204,
  "total_steps": 8405,
  "per_stage_final_loss": [
    244.1044338157206,
    238.45312481873844,
    238.379750790569,
    229.22898798314498,
    227.80637251413972,
    227.58677719482887,
    227.50949707591354,
    226.638221603447,
    199.37860552261162,
    199.37735876709755,
    199.30020557075179,
    199.192613983851,
    199.18374292516663,
    199.14807642305357,
    199.01661769225663,
    170.83910631975903,
    170.63070750200518,
    170.56270710538644,
    170.56320225241913,
    170.56043653554244,
    170.55783894390785,
    164.95000753959891,
    164.55139937211868,
    164.5482092544789,
    164.5228531215547,
    164.23056700549125,
    163.8009322921319,
    163.79067832217544,
    163.73012761194005,
    163.5502704676519,
    163.37951512613716,
    162.9328481258633,
    162.2595053505365,
    159.8703056668528,
    159.8887322869714,
    141.33408901171413,
    122.42543797145954,
    117.84147743758629,
    117.05760010874089,
    115.89409873264842,
    115.73494645170199,
    115.50989242537621,
    115.35335469709328,
    115.22605247796538,
    113.35123945093488,
    113.29803734600617,
    112.27563471686291,
    112.26764458696424,
    112.22440736434027,
    112.09278433016763,
    112.09058624734504,
    107.73095519869032,
    107.27088602490713,
    106.91093575529773,
    106.89287259488229,
    106.88397325252372,
    106.75254213614066,
    106.3322646270137,
    106.24087909475747,
    102.70266573505047,
    102.3043792076224,
    102.0762137404477,
    101.00612562794113,
    100.93079986631808,
    100.2426713702375,
    99.44728539679582,
    94.74658778228077,
    89.942250096187,
    89.66075574732957,
    80.15896552536671,
    71.66660677069,
    55.410309362426204
  ],
  "trigger_counts": {
    "grad_norm": 0,
    "loss_delta": 72,
    "max_steps": 0
  },
  "elapsed_seconds": 10266.823550076224,
  "device": "cuda:0",
  "git_sha": "894ee7c407f737c0a250a28d33487a7db7bd83d3"
}