{
  "dataset": "div2k_8q",
  "ordering": "lr",
  "seed": 43,
  "m": 8,
  "n": 8,
  "init": "random",
  "topk_ratio": 0.2,
  "k_train": 13107,
  "lr": 0.003,
  "batch": 50,
  "train_batch_idx": [
    1,
    6,
    9,
    19,
    69,
    89,
    103,
    122,
    126,
    127,
    132,
    133,
    149,
    176,
    181,
    183,
    195,
    196,
    202,
    204,
    211,
    213,
    219,
    227,
    230,
    238,
    262,
    265,
    270,
    294,
    299,
    348,
    370,
    384,
    391,
    406,
    409,
    422,
    428,
    444,
    450,
    462,
    465,
    466,
    469,
    489,
    490,
    495,
    496,
    498
  ],
  "max_steps": 2000,
  "grad_check_every": 5,
  "psnr": {
    "0.05": 25.162741929698072,
    "0.1": 27.859767918604366,
    "0.15": 29.95860909125125,
    "0.2": 31.834420689755817
  },
  "final_loss": 65.04021426748263,
  "total_steps": 8005,
  "per_stage_final_loss": [
    249.01485135839619,
    248.4378838122753,
    221.48249508635948,
    221.46165589975536,
    217.85372342518752,
    213.78748241396937,
    213.55408948603232,
    213.21139320089847,
    191.21482854662244,
    189.98430984555915,
    189.46726316135414,
    189.46604902576698,
    189.32479698451135,
    189.30030554941683,
    189.28286973537797,
    189.0504405029768,
    188.99422924006518,
    188.8593815654234,
    188.8148486927001,
    188.7995172715513,
    188.76503689705635,
    183.50121198566202,
    183.22917417094345,
    182.75081506196264,
    182.25321121402536,
    182.18504946173235,
    180.93346527604027,
    180.74316555381287,
    180.13251911310752,
    180.1284919952095,
    177.37653673225628,
    177.3048446238277,
    177.06837578188797,
    168.0622814968905,
    167.69583496608533,
    155.858419052924,
    138.09736698709338,
    134.4097671807998,
    126.49750819530975,
    126.44426773027084,
    126.43928806709687,
    124.52653153923153,
    124.36463648130795,
    124.34996280528091,
    112.9671069491642,
    110.31544872574598,
    103.54777305220217,
    102.8115925874389,
    102.24865177087784,
    102.12118329980953,
    102.10834499525869,
    101.35313281965654,
    100.5641849934902,
    100.5188157700594,
    98.72717284810108,
    98.39518921888431,
    98.30919448907154,
    97.4290339992157,
    97.18157751569032,
    97.17862553127009,
    95.27941535838617,
    95.23926347990815,
    94.16326009623248,
    93.69325414569037,
    82.568614947677,
    82.52673753006532,
    78.95097478601407,
    78.91975228800129,
    78.84908737697285,
    65.70923831224482,
    65.55800291628434,
    65.04021426748263
  ],
  "trigger_counts": {
    "grad_norm": 0,
    "loss_delta": 72,
    "max_steps": 0
  },
  "elapsed_seconds": 4406.717771047726,
  "device": "cuda:0",
  "git_sha": "894ee7c407f737c0a250a28d33487a7db7bd83d3"
}