{
  "dataset": "div2k_8q",
  "ordering": "lr",
  "seed": 33,
  "m": 8,
  "n": 8,
  "init": "random",
  "topk_ratio": 0.2,
  "k_train": 13107,
  "lr": 0.003,
  "batch": 50,
  "train_batch_idx": [
    7,
    10,
    23,
    26,
    35,
    53,
    57,
    60,
    73,
    74,
    94,
    114,
    116,
    137,
    147,
    163,
    165,
    172,
    176,
    195,
    197,
    200,
    211,
    239,
    242,
    243,
    253,
    256,
    258,
    270,
    279,
    309,
    315,
    317,
    343,
    350,
    372,
    378,
    388,
    396,
    397,
    409,
    414,
    422,
    429,
    454,
    460,
    466,
    498,
    499
  ],
  "max_steps": 2000,
  "grad_check_every": 5,
  "psnr": {
    "0.05": 25.23476441797113,
    "0.1": 27.811454462870532,
    "0.15": 29.84107119054141,
    "0.2": 31.65923110260518
  },
  "final_loss": 55.76749741947846,
  "total_steps": 9031,
  "per_stage_final_loss": [
    352.40657585041555,
    313.6070624729986,
    313.5457806287275,
    288.1773675156966,
    287.8223473862899,
    287.16631345513355,
    286.98100410708935,
    286.59758478474436,
    217.70190755714953,
    217.4628787481998,
    217.45701134663017,
    217.40170547152616,
    217.3427916555511,
    217.33066368429115,
    217.29511089982168,
    212.71911267735226,
    212.5397481380466,
    212.45636032507565,
    212.33676665224877,
    212.32281971853817,
    212.32045853151303,
    209.45401946247534,
    209.41564818365748,
    209.2825210659709,
    209.24687697285873,
    209.21037790999864,
    207.99395236631355,
    207.52602949017236,
    207.40026778356832,
    207.31812169420996,
    206.30555264786972,
    206.2492702816144,
    205.56908819396256,
    201.09039469579912,
    200.99220478793475,
    178.60820304204557,
    117.48007735501295,
    116.30079743797658,
    115.48406084205486,
    113.2230621857386,
    112.98357134668852,
    111.91021213629625,
    111.81311367931875,
    111.62551842872229,
    103.82288963783652,
    103.08996931090238,
    103.03540209286592,
    102.74066099166758,
    101.38800178978526,
    101.38766268763925,
    101.24543526400453,
    98.79532216394965,
    96.23829616619525,
    94.47101297189009,
    94.46556090786181,
    94.46483152610394,
    94.08965870511365,
    90.75880811978158,
    89.10378903117588,
    88.07371475620846,
    87.87366186308842,
    87.5629765547174,
    86.8804399653528,
    85.97171276876954,
    85.04789192354428,
    79.82384545992251,
    74.50296310838776,
    69.4240360515826,
    69.3590050250658,
    64.46931046412871,
    63.909287961434664,
    55.76749741947846
  ],
  "trigger_counts": {
    "grad_norm": 0,
    "loss_delta": 72,
    "max_steps": 0
  },
  "elapsed_seconds": 5005.486579506658,
  "device": "cuda:0",
  "git_sha": "894ee7c407f737c0a250a28d33487a7db7bd83d3"
}