{
  "dataset": "div2k_8q",
  "ordering": "lr",
  "seed": 47,
  "m": 8,
  "n": 8,
  "init": "random",
  "topk_ratio": 0.2,
  "k_train": 13107,
  "lr": 0.003,
  "batch": 50,
  "train_batch_idx": [
    3,
    30,
    36,
    43,
    47,
    52,
    55,
    63,
    65,
    77,
    84,
    90,
    92,
    94,
    132,
    137,
    139,
    148,
    150,
    165,
    196,
    198,
    199,
    209,
    211,
    212,
    219,
    240,
    241,
    246,
    263,
    269,
    273,
    293,
    300,
    335,
    342,
    347,
    354,
    375,
    377,
    388,
    392,
    394,
    398,
    399,
    421,
    440,
    444,
    449
  ],
  "max_steps": 2000,
  "grad_check_every": 5,
  "psnr": {
    "0.05": 25.234967986555898,
    "0.1": 27.811728247763323,
    "0.15": 29.841457568167044,
    "0.2": 31.659779699612532
  },
  "final_loss": 68.89419633930915,
  "total_steps": 8959,
  "per_stage_final_loss": [
    281.7970804664355,
    277.25035562606064,
    276.73495241702227,
    276.7122961310469,
    271.5950270137694,
    271.0308617220985,
    268.1590966324797,
    266.0443240401115,
    206.40008313634993,
    206.24924377874635,
    206.1735757319407,
    206.169724636209,
    205.98502361184418,
    205.90922259862973,
    205.909482238528,
    191.9431830012871,
    191.49875336598583,
    191.41418821619732,
    191.37078216405345,
    191.2830914415889,
    191.26990126689228,
    186.7086362127037,
    186.09810411901174,
    185.79560346522837,
    185.5894679618103,
    185.2986692434511,
    184.3505281851317,
    184.2904342283043,
    183.9492312254169,
    183.95138672031538,
    183.1317195300797,
    182.39178706474053,
    182.3903206555281,
    174.54290173699533,
    172.26676298240977,
    147.42663593594733,
    136.9193299839874,
    129.43822867868911,
    128.75236402290682,
    126.34322107863228,
    125.95149843560476,
    125.40467909807764,
    124.31987833136962,
    123.8283207082949,
    108.98984927581856,
    108.98728693335576,
    108.23220020590081,
    106.57622608503578,
    106.0726555242933,
    105.52741496080792,
    105.49948769181725,
    104.41194447434172,
    103.5523654368151,
    102.9489475016336,
    102.67644462096494,
    102.67363799570377,
    102.27846377208111,
    102.1997539694246,
    101.72774763744259,
    91.66156981677148,
    90.36751910225372,
    90.15173059103574,
    89.02573523201511,
    88.0803203991237,
    87.62687357642982,
    87.49099100668704,
    81.05507745976486,
    78.21055004246004,
    78.17454093190678,
    71.44310569129709,
    71.2579694771923,
    68.89419633930915
  ],
  "trigger_counts": {
    "grad_norm": 0,
    "loss_delta": 72,
    "max_steps": 0
  },
  "elapsed_seconds": 5016.174271269701,
  "device": "cuda:0",
  "git_sha": "894ee7c407f737c0a250a28d33487a7db7bd83d3"
}