{
  "dataset": "div2k_8q",
  "ordering": "lr",
  "seed": 2,
  "m": 8,
  "n": 8,
  "init": "random",
  "topk_ratio": 0.2,
  "k_train": 13107,
  "lr": 0.003,
  "batch": 50,
  "train_batch_idx": [
    19,
    25,
    42,
    49,
    71,
    87,
    91,
    94,
    105,
    118,
    123,
    128,
    135,
    143,
    153,
    159,
    163,
    170,
    185,
    188,
    191,
    202,
    205,
    206,
    252,
    260,
    265,
    276,
    285,
    305,
    308,
    319,
    323,
    331,
    336,
    342,
    355,
    371,
    374,
    377,
    386,
    409,
    420,
    435,
    442,
    451,
    452,
    459,
    468,
    487
  ],
  "max_steps": 2000,
  "grad_check_every": 5,
  "psnr": {
    "0.05": 25.23460399171891,
    "0.1": 27.811400351156635,
    "0.15": 29.840835383465848,
    "0.2": 31.659311658861157
  },
  "final_loss": 65.07553969063072,
  "total_steps": 8761,
  "per_stage_final_loss": [
    383.2742477778447,
    340.2108406187302,
    338.55985999196923,
    331.42244044718916,
    309.06479175340576,
    303.47962870350557,
    296.1898757324363,
    296.17502049073437,
    223.33021612582368,
    222.82397068356775,
    222.80108561242628,
    222.7886960696066,
    222.76699032646323,
    222.71046515934796,
    222.70415519662893,
    198.03386965912185,
    197.3735324393656,
    197.2767291511059,
    196.89789861127932,
    196.83580240077208,
    196.83479752942986,
    196.23635569942584,
    195.66677894998327,
    195.6237322913365,
    195.60221364617473,
    195.59910314300956,
    195.55519131144007,
    194.9977005958518,
    194.68714224847952,
    194.62696306301243,
    191.81124422806704,
    191.64114356950802,
    191.62639492489708,
    179.91140303994493,
    179.85090156998663,
    177.96357120571002,
    153.57330930055352,
    148.78538319046189,
    147.8809953244302,
    146.5042021475965,
    145.45598828173678,
    145.3006478572658,
    144.8980628791633,
    144.77593224320606,
    129.55848678198748,
    129.4119676643076,
    127.79612030276829,
    127.43756470412751,
    123.8514476392457,
    122.92464949575402,
    122.7058268397056,
    121.07612234010878,
    120.66528188742846,
    118.22278680760414,
    118.13210006408303,
    118.0662939175894,
    117.68717735385896,
    117.60461949828158,
    117.54345297245838,
    116.96656535615126,
    116.89535797021126,
    116.89455544308214,
    115.5593450424443,
    110.59793947434244,
    109.71614865897514,
    109.2295314839541,
    104.43001857222669,
    96.61682692954261,
    96.45799894058153,
    84.3444497808369,
    78.39997456462714,
    65.07553969063072
  ],
  "trigger_counts": {
    "grad_norm": 0,
    "loss_delta": 72,
    "max_steps": 0
  },
  "elapsed_seconds": 5501.132523255423,
  "device": "cuda:0",
  "git_sha": "894ee7c407f737c0a250a28d33487a7db7bd83d3"
}