{
  "dataset": "div2k_8q",
  "ordering": "lr",
  "seed": 79,
  "m": 8,
  "n": 8,
  "init": "random",
  "topk_ratio": 0.2,
  "k_train": 13107,
  "lr": 0.003,
  "batch": 50,
  "train_batch_idx": [
    7,
    16,
    19,
    22,
    27,
    28,
    32,
    36,
    39,
    40,
    41,
    48,
    52,
    58,
    69,
    94,
    134,
    146,
    174,
    188,
    221,
    241,
    281,
    284,
    292,
    293,
    323,
    327,
    341,
    344,
    369,
    377,
    399,
    402,
    407,
    415,
    420,
    424,
    440,
    443,
    448,
    457,
    460,
    462,
    464,
    467,
    473,
    479,
    488,
    496
  ],
  "max_steps": 2000,
  "grad_check_every": 5,
  "psnr": {
    "0.05": 25.234873906142617,
    "0.1": 27.811707650327488,
    "0.15": 29.84153575752266,
    "0.2": 31.659814620359715
  },
  "final_loss": 79.01471764032878,
  "total_steps": 8252,
  "per_stage_final_loss": [
    460.0888840360973,
    313.90169032497437,
    290.6509687202888,
    281.20426246466764,
    278.28451919682726,
    277.88506456688964,
    277.875904513816,
    277.8250601776307,
    275.35061605630887,
    274.72887120791404,
    274.6899715475146,
    274.685221515024,
    274.63020758574277,
    274.60775633310624,
    274.474954307159,
    273.8834337773358,
    273.21328148383196,
    272.8534741968396,
    272.6355778323037,
    272.6296112249628,
    272.61652478586234,
    272.07222367694226,
    272.0675623123941,
    271.39941776551797,
    271.327027806317,
    271.2836810157644,
    270.6551872256704,
    270.58855479757915,
    269.7958040178371,
    269.6885565667836,
    269.6746972775192,
    269.6211930896802,
    269.30063332644096,
    266.0519767337314,
    265.9635191534646,
    252.92621082492275,
    165.54560497076474,
    164.90572094304696,
    163.8624320953377,
    163.06160662460636,
    162.82970145076018,
    162.53405200086735,
    161.08326113353965,
    160.58963636059914,
    143.8370142479457,
    142.24868408524844,
    141.6208592910912,
    141.28521151570723,
    140.9058075646536,
    140.8388826773666,
    140.8059714577116,
    137.67888892433868,
    134.12116510603647,
    134.08472314380927,
    133.95897430083133,
    132.5055795376539,
    132.43302721303166,
    132.16730414681842,
    125.84233242106065,
    124.28253237843124,
    123.90671542339419,
    122.9210428535023,
    122.02531141814558,
    120.38148531551951,
    120.30154385032594,
    117.7977594988192,
    112.91620028411937,
    110.3918107240362,
    105.96572556551018,
    98.10054445381014,
    92.23390018559904,
    79.01471764032878
  ],
  "trigger_counts": {
    "grad_norm": 0,
    "loss_delta": 72,
    "max_steps": 0
  },
  "elapsed_seconds": 4585.117127837613,
  "device": "cuda:0",
  "git_sha": "894ee7c407f737c0a250a28d33487a7db7bd83d3"
}