{
  "dataset": "div2k_8q",
  "ordering": "lr",
  "seed": 35,
  "m": 8,
  "n": 8,
  "init": "random",
  "topk_ratio": 0.2,
  "k_train": 13107,
  "lr": 0.003,
  "batch": 50,
  "train_batch_idx": [
    0,
    8,
    10,
    13,
    21,
    44,
    46,
    49,
    77,
    78,
    99,
    112,
    125,
    152,
    158,
    166,
    168,
    171,
    183,
    193,
    203,
    208,
    210,
    237,
    239,
    251,
    271,
    280,
    282,
    315,
    316,
    323,
    333,
    357,
    369,
    373,
    379,
    383,
    420,
    423,
    425,
    426,
    427,
    433,
    442,
    464,
    465,
    469,
    479,
    496
  ],
  "max_steps": 2000,
  "grad_check_every": 5,
  "psnr": {
    "0.05": 25.23394955202946,
    "0.1": 27.81046305695609,
    "0.15": 29.8399969436141,
    "0.2": 31.658474685149578
  },
  "final_loss": 59.983279141159045,
  "total_steps": 8576,
  "per_stage_final_loss": [
    547.3263508347095,
    547.1124519491432,
    443.03292419939424,
    441.7761645650324,
    440.7730377054169,
    401.9034641361014,
    401.08385373581524,
    401.00040541808386,
    238.62977639928118,
    238.05568929820774,
    238.05538903710888,
    237.4958739083674,
    237.31370707031664,
    237.22711855612235,
    237.07987565865326,
    223.84178068213572,
    223.8144400805114,
    223.72185142796624,
    223.7150490606323,
    223.71271882329077,
    223.70767371960156,
    215.53792898120707,
    215.4751470216489,
    215.3689600295081,
    215.36200822169303,
    215.3264276718881,
    214.70483368503574,
    213.99017245649637,
    213.9816739600514,
    213.98218667458707,
    208.42827795310907,
    208.01488603126091,
    207.98657418334233,
    202.40960066698682,
    202.3038756536564,
    197.15999429703328,
    130.9347509499143,
    130.5551893116309,
    126.09016775520759,
    122.6171935081876,
    120.68793844935149,
    120.00738872467859,
    119.5806347870583,
    119.47942487902758,
    112.60740200849268,
    111.14078745898573,
    110.96441646403133,
    109.28148742922086,
    104.21226597655402,
    104.15896419684435,
    104.12759175101397,
    102.90595216541173,
    102.15976656489427,
    101.10736680907941,
    97.91667747374306,
    97.6523885425461,
    97.48651492729265,
    97.24775787501959,
    95.40418989426983,
    94.63897426781982,
    87.20558278332628,
    86.75747837689964,
    84.92398186389872,
    83.70854203746498,
    83.51907935140737,
    82.03868871210682,
    78.07962123585946,
    77.30198720396626,
    76.30718650340916,
    64.77966095237991,
    64.41416846547769,
    59.983279141159045
  ],
  "trigger_counts": {
    "grad_norm": 0,
    "loss_delta": 72,
    "max_steps": 0
  },
  "elapsed_seconds": 4738.296480640769,
  "device": "cuda:0",
  "git_sha": "894ee7c407f737c0a250a28d33487a7db7bd83d3"
}