{
  "dataset": "div2k_8q",
  "ordering": "lr",
  "seed": 42,
  "m": 8,
  "n": 8,
  "init": "random",
  "topk_ratio": 0.2,
  "k_train": 13107,
  "lr": 0.003,
  "batch": 50,
  "train_batch_idx": [
    31,
    33,
    39,
    40,
    43,
    44,
    59,
    81,
    86,
    92,
    109,
    135,
    175,
    191,
    197,
    199,
    211,
    212,
    216,
    221,
    235,
    239,
    242,
    261,
    268,
    296,
    306,
    309,
    319,
    333,
    338,
    340,
    345,
    349,
    353,
    366,
    371,
    372,
    389,
    391,
    393,
    403,
    417,
    430,
    439,
    444,
    450,
    477,
    481,
    493
  ],
  "max_steps": 2000,
  "grad_check_every": 5,
  "psnr": {
    "0.05": 25.234486097025503,
    "0.1": 27.811183408011797,
    "0.15": 29.840681563563532,
    "0.2": 31.659006939587307
  },
  "final_loss": 62.234098557507515,
  "total_steps": 9231,
  "per_stage_final_loss": [
    553.9871341192385,
    550.0254986841583,
    536.0052370921481,
    535.7121965017956,
    488.3294333267957,
    486.2063261701768,
    486.11059138463406,
    485.5495609935216,
    242.7215097738269,
    242.71616494649055,
    242.377090665956,
    242.2877569348238,
    242.22619812112856,
    242.2217000719695,
    242.22170963753518,
    200.98884064551436,
    200.97080045729854,
    200.96489396266526,
    200.68130213988283,
    200.64950453002467,
    200.63685554465417,
    191.99493607813295,
    191.94500749686893,
    191.9438599856647,
    191.90101289821905,
    191.84171639166675,
    190.02767027974798,
    189.6129575917159,
    189.4982910314272,
    189.4576128471156,
    187.2539475273715,
    187.1011704220062,
    186.87532991248256,
    183.4067546303078,
    182.9702736529703,
    166.47478122289675,
    129.5838136328917,
    127.75044131364628,
    123.81092101677288,
    122.52000201162049,
    122.36791976849418,
    121.4170264788421,
    121.40223612684349,
    121.39959584397042,
    115.8944215817044,
    115.21806284402471,
    114.41066704916922,
    114.34574386900171,
    112.73867997168358,
    112.73827604376824,
    112.56936286596975,
    106.64976468507791,
    106.57431323591285,
    104.24984242259677,
    103.72719422418614,
    103.07541951891264,
    103.06706665018875,
    102.71063026773122,
    102.39883376466021,
    102.37909653489285,
    102.37101493372455,
    101.88316078877834,
    101.09551361053927,
    99.18730647777346,
    98.61242251609585,
    98.58975655582734,
    93.25392574533886,
    90.50572270209453,
    86.44390902663189,
    82.37168734836807,
    75.35344649855999,
    62.234098557507515
  ],
  "trigger_counts": {
    "grad_norm": 0,
    "loss_delta": 72,
    "max_steps": 0
  },
  "elapsed_seconds": 5152.599237058312,
  "device": "cuda:0",
  "git_sha": "894ee7c407f737c0a250a28d33487a7db7bd83d3"
}