{
  "dataset": "div2k_8q",
  "ordering": "lr",
  "seed": 97,
  "m": 8,
  "n": 8,
  "init": "random",
  "topk_ratio": 0.2,
  "k_train": 13107,
  "lr": 0.003,
  "batch": 50,
  "train_batch_idx": [
    0,
    4,
    11,
    15,
    22,
    27,
    34,
    38,
    42,
    50,
    51,
    59,
    62,
    80,
    82,
    91,
    102,
    104,
    131,
    163,
    170,
    184,
    194,
    196,
    225,
    231,
    236,
    258,
    269,
    271,
    304,
    308,
    315,
    322,
    344,
    365,
    402,
    403,
    436,
    444,
    448,
    449,
    456,
    457,
    458,
    472,
    476,
    481,
    490,
    497
  ],
  "max_steps": 2000,
  "grad_check_every": 5,
  "psnr": {
    "0.05": 25.165108512907594,
    "0.1": 27.861451441018126,
    "0.15": 29.960306315468774,
    "0.2": 31.836751190675855
  },
  "final_loss": 64.66604519922939,
  "total_steps": 7555,
  "per_stage_final_loss": [
    435.6775108495252,
    242.0600481165063,
    237.15644597714228,
    237.0518985929077,
    235.3163213520755,
    235.31066577155474,
    235.28044142751955,
    234.92885757788144,
    234.53652197461096,
    234.25519896331505,
    234.16846464242641,
    234.1273033192153,
    234.12600509824603,
    233.9931167715943,
    233.97165162703848,
    206.05633020197251,
    205.9128250248437,
    205.90718422425607,
    205.6187804562773,
    205.59489104651115,
    205.50375786124832,
    197.32753790291798,
    196.36472490986492,
    196.21074164897095,
    196.1252402208741,
    196.12654628808545,
    195.74723990238112,
    195.54380708133758,
    195.44639884714786,
    195.4449953084993,
    194.31668990429412,
    193.04612308993052,
    193.04435727010664,
    185.8623643856959,
    184.60334553200875,
    170.61024729877957,
    137.64037954766383,
    131.62956798741033,
    130.6274241323715,
    130.47591437737805,
    130.4733779502821,
    128.1986543193828,
    127.85297230762528,
    127.82581867552057,
    125.36038878126892,
    125.32562294727906,
    125.22472406992522,
    125.21886434105438,
    125.00972386362632,
    124.78479472895651,
    124.50728408737895,
    116.61556079437327,
    114.81495800183595,
    114.80751667059361,
    114.43010763974245,
    114.39669587477562,
    113.9512776374103,
    113.53519949307183,
    113.49573865481845,
    113.23584435880969,
    113.23376063960237,
    113.18573364583321,
    113.17011833624169,
    108.0901285980155,
    107.7370257589647,
    105.33354235650704,
    98.06756595916413,
    94.20174444494769,
    94.17521825526659,
    88.31277320738467,
    81.02588066333759,
    64.66604519922939
  ],
  "trigger_counts": {
    "grad_norm": 0,
    "loss_delta": 72,
    "max_steps": 0
  },
  "elapsed_seconds": 4157.839696939103,
  "device": "cuda:0",
  "git_sha": "894ee7c407f737c0a250a28d33487a7db7bd83d3"
}