{
  "dataset": "div2k_8q",
  "ordering": "lr",
  "seed": 48,
  "m": 8,
  "n": 8,
  "init": "random",
  "topk_ratio": 0.2,
  "k_train": 13107,
  "lr": 0.003,
  "batch": 50,
  "train_batch_idx": [
    10,
    18,
    22,
    40,
    42,
    49,
    58,
    63,
    86,
    98,
    104,
    145,
    149,
    167,
    168,
    173,
    175,
    180,
    190,
    199,
    226,
    231,
    234,
    240,
    246,
    249,
    270,
    273,
    280,
    300,
    306,
    318,
    320,
    323,
    339,
    345,
    361,
    365,
    376,
    378,
    379,
    381,
    395,
    398,
    430,
    456,
    474,
    475,
    483,
    487
  ],
  "max_steps": 2000,
  "grad_check_every": 5,
  "psnr": {
    "0.05": 25.09839364182197,
    "0.1": 27.659585733701014,
    "0.15": 29.675870589989405,
    "0.2": 31.480593951797033
  },
  "final_loss": 61.20416403968857,
  "total_steps": 8693,
  "per_stage_final_loss": [
    487.1410437111442,
    283.12059153780325,
    276.73936180334243,
    275.3881131334119,
    272.16759107167604,
    271.3366875294153,
    270.7256373519687,
    270.66484585408324,
    262.6461742442152,
    261.91255633428295,
    261.8862098939273,
    261.6891036658421,
    261.64111638613787,
    261.64054593170596,
    261.6347426860877,
    246.60948072357562,
    246.60847063191594,
    246.56978303195,
    246.53105939757472,
    246.52354797907995,
    246.38128424399315,
    238.90447616847396,
    238.62525566204582,
    238.59912887896616,
    238.5802955718113,
    238.4028722491603,
    238.1626458548376,
    237.35405872248185,
    237.2589952731209,
    237.24485392626673,
    234.54272185374816,
    234.4014688946469,
    234.34043262211546,
    228.5401108788336,
    227.47514657786255,
    196.84066550815504,
    131.0333815460702,
    130.99356336669177,
    130.8401533420166,
    130.2701496810157,
    128.61305907546426,
    127.90447736250368,
    127.6261978051942,
    127.36593797943368,
    105.28035398576918,
    102.9214818813852,
    102.75846926369205,
    102.39212537765921,
    102.17986093269778,
    102.13058321961162,
    101.99684835439628,
    101.25766341418463,
    98.91188563045438,
    98.83821550393068,
    98.836744192597,
    98.33805937848155,
    97.56545217303191,
    97.20392857523393,
    92.19630040340655,
    88.40637051026935,
    87.48629653296241,
    86.64067088386558,
    86.63560402427349,
    82.8123314359344,
    82.81063334341529,
    82.70112871819143,
    77.67650889792264,
    74.28034798907852,
    72.5389021075008,
    67.54525859179509,
    67.41288699043997,
    61.20416403968857
  ],
  "trigger_counts": {
    "grad_norm": 0,
    "loss_delta": 72,
    "max_steps": 0
  },
  "elapsed_seconds": 4757.599576793611,
  "device": "cuda:0",
  "git_sha": "894ee7c407f737c0a250a28d33487a7db7bd83d3"
}