{
  "dataset": "div2k_8q",
  "ordering": "lr",
  "seed": 95,
  "m": 8,
  "n": 8,
  "init": "random",
  "topk_ratio": 0.2,
  "k_train": 13107,
  "lr": 0.003,
  "batch": 50,
  "train_batch_idx": [
    15,
    26,
    29,
    30,
    36,
    40,
    63,
    75,
    90,
    103,
    120,
    121,
    129,
    137,
    146,
    165,
    174,
    188,
    189,
    190,
    191,
    195,
    197,
    202,
    220,
    221,
    225,
    236,
    244,
    261,
    269,
    286,
    324,
    334,
    345,
    361,
    362,
    363,
    371,
    380,
    396,
    401,
    414,
    421,
    442,
    464,
    477,
    479,
    491,
    499
  ],
  "max_steps": 2000,
  "grad_check_every": 5,
  "psnr": {
    "0.05": 25.234754964443024,
    "0.1": 27.811747853362785,
    "0.15": 29.84159592436499,
    "0.2": 31.659884429813356
  },
  "final_loss": 67.33483962890327,
  "total_steps": 7999,
  "per_stage_final_loss": [
    382.65994279852254,
    377.3361478438309,
    355.4622158261521,
    349.20068094030415,
    349.1559037819409,
    348.94392524423586,
    345.9811753461675,
    345.686789540092,
    223.86383557206602,
    223.26726040212824,
    223.20904443895037,
    223.04108428051026,
    223.00990867169395,
    222.93935509032454,
    222.93756468778972,
    200.13015572706615,
    200.09303901439466,
    200.04069555134834,
    200.00956485039765,
    200.01127103419296,
    200.01177142352543,
    193.15020452860182,
    192.28635456553593,
    192.25192321509866,
    192.2522442920048,
    192.2473595241087,
    191.32929014464955,
    191.32648124079006,
    191.00235351395358,
    190.64631839029826,
    190.47507629602498,
    189.46763559622983,
    188.96078675895862,
    181.08374926565435,
    180.9329490055052,
    168.34475008217836,
    139.7199552348425,
    136.65869236169723,
    135.37778302805603,
    135.08133246187052,
    134.7903942606282,
    134.32590174164778,
    133.01252601811896,
    132.9165616443856,
    128.56340238897636,
    126.60043668720391,
    126.56789493585039,
    122.02970329064043,
    122.02265146452719,
    121.90942086048464,
    121.89795359417009,
    117.62969528378017,
    117.39319679316628,
    117.27036838135544,
    114.87918147488115,
    114.53393499195376,
    114.5082615698655,
    113.50458748287538,
    112.6315028184735,
    111.20300111321598,
    104.7363956901295,
    104.58619829519968,
    103.42072174063681,
    103.20304639006685,
    102.32408602922186,
    102.26822178019957,
    98.98731333376429,
    98.67899915214748,
    98.2860932193078,
    88.12349541861535,
    78.83463996327893,
    67.33483962890327
  ],
  "trigger_counts": {
    "grad_norm": 0,
    "loss_delta": 72,
    "max_steps": 0
  },
  "elapsed_seconds": 4586.673239707947,
  "device": "cuda:0",
  "git_sha": "894ee7c407f737c0a250a28d33487a7db7bd83d3"
}