{
  "dataset": "div2k_8q",
  "ordering": "lr",
  "seed": 31,
  "m": 8,
  "n": 8,
  "init": "random",
  "topk_ratio": 0.2,
  "k_train": 13107,
  "lr": 0.003,
  "batch": 50,
  "train_batch_idx": [
    2,
    9,
    18,
    19,
    23,
    30,
    35,
    50,
    54,
    82,
    85,
    100,
    128,
    137,
    142,
    146,
    152,
    162,
    203,
    216,
    223,
    232,
    247,
    255,
    260,
    264,
    278,
    284,
    293,
    296,
    306,
    311,
    314,
    315,
    321,
    330,
    335,
    347,
    355,
    387,
    408,
    412,
    415,
    418,
    441,
    458,
    466,
    467,
    470,
    474
  ],
  "max_steps": 2000,
  "grad_check_every": 5,
  "psnr": {
    "0.05": 25.234528016552144,
    "0.1": 27.811187399131626,
    "0.15": 29.840664885840546,
    "0.2": 31.659012697110715
  },
  "final_loss": 64.57431997436093,
  "total_steps": 10050,
  "per_stage_final_loss": [
    447.093098890778,
    348.2575801838403,
    338.8446951444057,
    317.85916238503347,
    317.77443897069656,
    316.1399282915629,
    316.12884554766794,
    316.0423350041887,
    269.7939645708225,
    269.5126040429536,
    269.40474616270217,
    269.2979109611578,
    269.20689525306966,
    269.1847481228313,
    269.1601174642537,
    246.15040887627103,
    246.1024919693145,
    245.90794882209062,
    245.88735541026455,
    245.8139755909009,
    245.6715353127569,
    242.4191889716016,
    242.35462229547923,
    242.329504706975,
    242.32077311072317,
    242.2251444380521,
    241.29187032837154,
    240.42209543060486,
    240.4104012587117,
    240.38797762587114,
    240.26130429762142,
    240.20165409810704,
    240.01330330771503,
    232.71465223032916,
    232.40333568881996,
    210.76032252136804,
    147.47670681894718,
    145.4373631086057,
    144.96459178286824,
    138.02597306259733,
    137.54582383501258,
    137.3939801560537,
    137.0024908391459,
    136.27636212507977,
    119.87075335860631,
    116.55015569515078,
    116.44607359050431,
    116.37081581069724,
    114.85155375488512,
    114.8076003600808,
    114.79621456184225,
    113.94176927179421,
    113.45127731619961,
    113.38478431936444,
    111.8163485769685,
    111.48502846328789,
    111.23550766765115,
    110.94491067649459,
    108.71186221517465,
    108.68978695638224,
    107.6343590518666,
    107.20311478634143,
    106.56240633585848,
    104.33929907448393,
    103.28072837574523,
    103.21147818438818,
    98.16418684705715,
    92.31736651721258,
    88.32020133163782,
    82.59833856606173,
    78.95597134242598,
    64.57431997436093
  ],
  "trigger_counts": {
    "grad_norm": 0,
    "loss_delta": 72,
    "max_steps": 0
  },
  "elapsed_seconds": 12201.497179708444,
  "device": "cuda:0",
  "git_sha": "894ee7c407f737c0a250a28d33487a7db7bd83d3"
}