{
  "dataset": "div2k_8q",
  "ordering": "lr",
  "seed": 90,
  "m": 8,
  "n": 8,
  "init": "random",
  "topk_ratio": 0.2,
  "k_train": 13107,
  "lr": 0.003,
  "batch": 50,
  "train_batch_idx": [
    0,
    30,
    38,
    40,
    43,
    57,
    59,
    62,
    92,
    97,
    104,
    132,
    145,
    148,
    154,
    168,
    180,
    191,
    194,
    199,
    205,
    220,
    236,
    241,
    242,
    245,
    276,
    295,
    307,
    309,
    317,
    320,
    324,
    328,
    330,
    331,
    334,
    341,
    369,
    396,
    399,
    402,
    406,
    423,
    446,
    449,
    451,
    457,
    484,
    492
  ],
  "max_steps": 2000,
  "grad_check_every": 5,
  "psnr": {
    "0.05": 25.23442858985682,
    "0.1": 27.81128526313731,
    "0.15": 29.84129977126044,
    "0.2": 31.659515628766908
  },
  "final_loss": 63.765560238648085,
  "total_steps": 10067,
  "per_stage_final_loss": [
    461.1333161127349,
    299.96612941519226,
    296.0958872278774,
    289.2575057246246,
    285.9974213888643,
    284.17773194260826,
    283.8845861286001,
    282.4914537130248,
    282.4765913831849,
    282.3014236176582,
    282.0762531262846,
    281.78063825903405,
    281.7449465357665,
    281.61928046942745,
    281.5877902852285,
    246.35964072551576,
    246.13057864611008,
    245.7016578068165,
    245.7104379169086,
    245.3694636267241,
    245.35964888956389,
    245.16205447786376,
    244.90194188306754,
    244.29568910406107,
    244.25854106387916,
    244.22867604137966,
    243.24566413498073,
    242.9298535273839,
    242.77061810284476,
    242.71485054528318,
    240.11987400750826,
    240.07248529840172,
    239.55183307715703,
    226.12621039289283,
    225.9173761536275,
    204.30468836672333,
    147.052631920332,
    145.82013408311326,
    140.87467142235877,
    140.7790779014688,
    140.35879097057568,
    138.96424763935235,
    138.89228893772744,
    138.6514033093249,
    121.34011094581041,
    121.19274061881079,
    121.0983932539888,
    117.38473653628775,
    117.36876056427316,
    117.36650838650668,
    117.34502958583464,
    114.62800735206537,
    111.15901700704613,
    109.33015413105709,
    109.25911950481473,
    109.25690039807427,
    109.25672610848949,
    109.14647437912124,
    105.9728135565035,
    105.16321373528048,
    100.93397026365038,
    100.51827500458491,
    99.47782099571836,
    97.98411319138116,
    95.34077472919385,
    95.12072583719448,
    89.64743038876465,
    87.53766939552999,
    87.52821422177625,
    77.61283876561919,
    72.05620544758732,
    63.765560238648085
  ],
  "trigger_counts": {
    "grad_norm": 0,
    "loss_delta": 72,
    "max_steps": 0
  },
  "elapsed_seconds": 5520.85410530027,
  "device": "cuda:0",
  "git_sha": "894ee7c407f737c0a250a28d33487a7db7bd83d3"
}