{
  "dataset": "div2k_8q",
  "ordering": "lr",
  "seed": 5,
  "m": 8,
  "n": 8,
  "init": "random",
  "topk_ratio": 0.2,
  "k_train": 13107,
  "lr": 0.003,
  "batch": 50,
  "train_batch_idx": [
    0,
    10,
    21,
    22,
    24,
    29,
    31,
    55,
    60,
    69,
    85,
    89,
    92,
    111,
    125,
    128,
    130,
    134,
    177,
    178,
    186,
    189,
    207,
    213,
    234,
    239,
    264,
    273,
    288,
    302,
    304,
    307,
    324,
    330,
    339,
    354,
    363,
    366,
    383,
    406,
    430,
    436,
    445,
    449,
    465,
    469,
    470,
    483,
    488,
    493
  ],
  "max_steps": 2000,
  "grad_check_every": 5,
  "psnr": {
    "0.05": 25.163890508713983,
    "0.1": 27.860760763012305,
    "0.15": 29.959985575253828,
    "0.2": 31.836303746378906
  },
  "final_loss": 66.73921543529758,
  "total_steps": 8342,
  "per_stage_final_loss": [
    491.259849958902,
    455.851419695877,
    427.61837007251154,
    407.41735925941913,
    391.73370204871327,
    389.30813751419555,
    386.9893020829719,
    383.23996148355786,
    252.3040553874164,
    250.93761507122582,
    250.74642548235462,
    250.74531470726873,
    250.55515407894453,
    250.54857073192014,
    250.5329340760597,
    246.9254349639299,
    246.14231504479525,
    245.9389347773185,
    245.92516269534525,
    245.66951982969147,
    245.13113684106625,
    238.74957473503585,
    238.20438402321565,
    237.14901000718922,
    237.15005780405613,
    236.69889557098628,
    236.65247812920978,
    236.6522034969713,
    235.38120774884777,
    235.33024767422475,
    235.19307878281506,
    232.7682808429875,
    232.76701598551736,
    226.85082501154204,
    226.6899898624506,
    202.1109028652397,
    141.17495250424275,
    123.20081560967678,
    117.52627099336337,
    117.33659649764547,
    117.02843480551803,
    116.77204914298953,
    116.76208129306589,
    116.6308604488172,
    115.60902693612145,
    114.11828750991849,
    113.95531454818615,
    113.92072977010125,
    113.84931112484568,
    113.84664935563382,
    113.82107253471806,
    113.10602434068714,
    111.30428581915928,
    104.40785367170388,
    104.33755874160973,
    104.33556496713165,
    104.33544435019053,
    103.98858276907364,
    96.77571558154355,
    96.60410827490462,
    96.60316673644637,
    96.5812420117195,
    90.6857557904342,
    80.47060381492193,
    80.47051109198632,
    80.46886282313483,
    70.56309011929893,
    70.05116376459493,
    69.84669904378634,
    69.2640237677024,
    68.52233189811561,
    66.73921543529758
  ],
  "trigger_counts": {
    "grad_norm": 0,
    "loss_delta": 72,
    "max_steps": 0
  },
  "elapsed_seconds": 4486.193655116484,
  "device": "cuda:0",
  "git_sha": "894ee7c407f737c0a250a28d33487a7db7bd83d3"
}