{
  "dataset": "div2k_8q",
  "ordering": "lr",
  "seed": 88,
  "m": 8,
  "n": 8,
  "init": "random",
  "topk_ratio": 0.2,
  "k_train": 13107,
  "lr": 0.003,
  "batch": 50,
  "train_batch_idx": [
    2,
    6,
    28,
    36,
    56,
    59,
    80,
    91,
    93,
    96,
    100,
    115,
    122,
    125,
    128,
    132,
    146,
    149,
    154,
    158,
    173,
    192,
    215,
    225,
    226,
    227,
    267,
    290,
    304,
    305,
    312,
    313,
    315,
    319,
    320,
    324,
    328,
    337,
    346,
    398,
    411,
    425,
    439,
    441,
    444,
    456,
    471,
    481,
    485,
    487
  ],
  "max_steps": 2000,
  "grad_check_every": 5,
  "psnr": {
    "0.05": 25.2345775831685,
    "0.1": 27.811340372372403,
    "0.15": 29.84094474754875,
    "0.2": 31.659281689227097
  },
  "final_loss": 53.741044943201544,
  "total_steps": 9225,
  "per_stage_final_loss": [
    396.90351105158095,
    367.3750629459307,
    323.3106720356643,
    319.5594400564556,
    319.1059684603727,
    318.8496310669741,
    318.7012674690504,
    318.4566247492959,
    237.17833157435743,
    236.3974856085197,
    236.33332040800653,
    236.2152716563391,
    235.89059027929798,
    235.85593659000196,
    235.7639126325341,
    217.15317560504926,
    216.1756677434817,
    216.16384103833386,
    215.73225038242668,
    215.73198478282868,
    215.67043923565404,
    211.29439724906013,
    211.12916912478897,
    210.984898984288,
    210.96907129613078,
    210.96652452651455,
    209.57109388870668,
    209.1346631206727,
    209.05104822092588,
    209.05534318351,
    205.86111263285537,
    205.73077777117862,
    205.2594642216574,
    200.8649153155796,
    200.6832881495831,
    184.55399180025378,
    126.59688196497633,
    125.84930040701737,
    116.90148672199062,
    115.84744258917648,
    115.83388013468006,
    115.64529588898557,
    115.3752790013732,
    114.93280595328355,
    100.60337770327018,
    98.81134131176837,
    98.33074009698953,
    98.32283193315455,
    98.28838840481383,
    98.2678576150996,
    98.26446714202399,
    98.1000510405625,
    95.58710558079976,
    95.55769945539099,
    94.8453653870727,
    93.94613831351923,
    93.79082316883199,
    93.73112906649365,
    93.35129876497395,
    92.00381019512092,
    91.73125183379378,
    91.72489797563041,
    91.59467802592899,
    90.42763463949541,
    87.66008976167484,
    84.97961208743826,
    81.45789458410053,
    75.41818853922932,
    72.91542912240969,
    66.68693220847922,
    66.46357217475106,
    53.741044943201544
  ],
  "trigger_counts": {
    "grad_norm": 0,
    "loss_delta": 72,
    "max_steps": 0
  },
  "elapsed_seconds": 5200.372243793681,
  "device": "cuda:0",
  "git_sha": "894ee7c407f737c0a250a28d33487a7db7bd83d3"
}