{
  "dataset": "div2k_8q",
  "ordering": "lr",
  "seed": 27,
  "m": 8,
  "n": 8,
  "init": "random",
  "topk_ratio": 0.2,
  "k_train": 13107,
  "lr": 0.003,
  "batch": 50,
  "train_batch_idx": [
    1,
    3,
    4,
    14,
    55,
    62,
    86,
    90,
    92,
    96,
    130,
    137,
    140,
    142,
    144,
    147,
    148,
    171,
    186,
    190,
    199,
    220,
    263,
    272,
    305,
    315,
    318,
    344,
    364,
    368,
    376,
    385,
    409,
    420,
    428,
    433,
    442,
    443,
    446,
    461,
    463,
    466,
    471,
    477,
    483,
    489,
    491,
    497,
    498,
    499
  ],
  "max_steps": 2000,
  "grad_check_every": 5,
  "psnr": {
    "0.05": 25.235103877887873,
    "0.1": 27.81188419086524,
    "0.15": 29.841689917799282,
    "0.2": 31.660140391372856
  },
  "final_loss": 64.47985783429266,
  "total_steps": 8831,
  "per_stage_final_loss": [
    437.76460572183873,
    397.0312001769632,
    377.6873951053527,
    376.5138241254384,
    361.8600520606342,
    354.6914276382508,
    350.4736779980127,
    350.2532698450671,
    238.51092636391783,
    238.34574972974036,
    238.10955790989306,
    238.07655414174909,
    238.01428834775535,
    238.00214574431809,
    237.99282700815425,
    222.55324048380623,
    221.96385043095847,
    221.96156528787157,
    221.96135490914253,
    221.82912323928105,
    221.82420884857774,
    217.20354882005086,
    217.10976604244846,
    217.0212640102874,
    217.010875120034,
    216.98097820748654,
    216.37708030776506,
    216.21856303655034,
    216.21146644269268,
    216.19363263695297,
    215.07788992921607,
    215.024941758274,
    214.33056247809037,
    210.13011503202384,
    210.02626307774995,
    185.29804867246668,
    154.30903663788925,
    140.6779733953273,
    135.70071350166762,
    129.86962609349024,
    125.76663381255376,
    125.75675048333677,
    121.3523622122841,
    121.03175288685358,
    110.50012660687594,
    107.84215993742693,
    107.4476084765901,
    105.60278099943433,
    105.59984723665761,
    105.51730323790797,
    105.51428857264845,
    104.2778853652002,
    103.66039733135631,
    103.62414863037006,
    102.94404263435572,
    102.15088372112633,
    102.10277460058289,
    101.93256491446661,
    101.84110958223097,
    101.3063556963054,
    99.99170868632609,
    99.70857104940782,
    97.23713535044011,
    97.12211969408705,
    95.05712671713289,
    85.76962253635033,
    85.00006672626893,
    84.87237207241539,
    84.54161146011793,
    76.43799468520021,
    76.17841363081953,
    64.47985783429266
  ],
  "trigger_counts": {
    "grad_norm": 0,
    "loss_delta": 72,
    "max_steps": 0
  },
  "elapsed_seconds": 4973.019979006611,
  "device": "cuda:0",
  "git_sha": "894ee7c407f737c0a250a28d33487a7db7bd83d3"
}