{
  "dataset": "div2k_8q",
  "ordering": "lr",
  "seed": 94,
  "m": 8,
  "n": 8,
  "init": "random",
  "topk_ratio": 0.2,
  "k_train": 13107,
  "lr": 0.003,
  "batch": 50,
  "train_batch_idx": [
    20,
    50,
    51,
    55,
    67,
    69,
    78,
    83,
    90,
    101,
    108,
    121,
    143,
    149,
    151,
    163,
    166,
    192,
    196,
    212,
    225,
    227,
    235,
    237,
    248,
    251,
    260,
    261,
    297,
    298,
    303,
    329,
    333,
    344,
    347,
    350,
    355,
    358,
    368,
    383,
    395,
    413,
    415,
    419,
    440,
    456,
    457,
    486,
    495,
    496
  ],
  "max_steps": 2000,
  "grad_check_every": 5,
  "psnr": {
    "0.05": 25.164731426921847,
    "0.1": 27.861465620737903,
    "0.15": 29.96041109848818,
    "0.2": 31.83697495826347
  },
  "final_loss": 61.56101650941708,
  "total_steps": 7745,
  "per_stage_final_loss": [
    312.8624649086174,
    254.10349133725003,
    244.29110218781128,
    224.1182622760408,
    219.37620912660546,
    219.2463183519927,
    218.40977171795817,
    216.1546604193053,
    189.07810104629237,
    188.49045883145777,
    187.26855115574557,
    186.70513105555133,
    186.52134752865655,
    186.5219402849997,
    186.43097954984043,
    176.52287203420084,
    176.5138881384833,
    175.00773414523283,
    173.86125749193812,
    173.59438530455787,
    173.33444221194551,
    173.0457417994305,
    173.03851975291684,
    171.7741566759015,
    171.01366262897847,
    170.83152163322498,
    170.81003370334832,
    170.74949359476,
    170.69924613058666,
    170.68026038317697,
    170.655954425139,
    169.64722110688672,
    169.60848068914603,
    167.15858267460882,
    166.72478049544702,
    150.82942414410326,
    123.80578783152279,
    121.3388737349458,
    119.67979396246736,
    116.20314344030074,
    116.10831451236619,
    115.69951027229621,
    115.44214106916115,
    115.42707581427844,
    101.86635342321465,
    96.09563209215614,
    95.99340880755915,
    95.98280949321237,
    95.90047102159339,
    95.88476822678317,
    95.82606119333454,
    94.47880922831844,
    93.07163717887298,
    93.06327504216557,
    92.68532750759044,
    92.6803065989992,
    92.66969288894744,
    91.87402240701424,
    86.75286673965081,
    86.52331612235416,
    86.43157001957006,
    86.41158910103688,
    82.72594416137851,
    79.29460141855044,
    79.22175109549953,
    79.21829763141679,
    74.81369071456479,
    70.7089806578161,
    70.3588097304498,
    64.96482869210571,
    63.71087568026015,
    61.56101650941708
  ],
  "trigger_counts": {
    "grad_norm": 0,
    "loss_delta": 72,
    "max_steps": 0
  },
  "elapsed_seconds": 4493.8863985082135,
  "device": "cuda:0",
  "git_sha": "894ee7c407f737c0a250a28d33487a7db7bd83d3"
}