{
  "dataset": "div2k_8q",
  "ordering": "lr",
  "seed": 3,
  "m": 8,
  "n": 8,
  "init": "random",
  "topk_ratio": 0.2,
  "k_train": 13107,
  "lr": 0.003,
  "batch": 50,
  "train_batch_idx": [
    0,
    15,
    18,
    21,
    37,
    38,
    43,
    53,
    69,
    74,
    81,
    82,
    107,
    123,
    137,
    143,
    148,
    153,
    155,
    156,
    184,
    199,
    200,
    204,
    212,
    222,
    244,
    266,
    280,
    287,
    315,
    316,
    317,
    322,
    339,
    343,
    354,
    363,
    365,
    379,
    397,
    419,
    425,
    445,
    455,
    460,
    467,
    478,
    480,
    490
  ],
  "max_steps": 2000,
  "grad_check_every": 5,
  "psnr": {
    "0.05": 25.234446804631325,
    "0.1": 27.811257825989724,
    "0.15": 29.840872192839537,
    "0.2": 31.65898534257046
  },
  "final_loss": 74.60617137130801,
  "total_steps": 7780,
  "per_stage_final_loss": [
    422.01806109534044,
    388.7191850258851,
    371.0457993075415,
    370.38774504179804,
    370.36881300557536,
    369.83435987803193,
    367.62309508161576,
    366.4820177589131,
    321.9709010813083,
    321.0998957567028,
    321.1007471229879,
    321.0954187165233,
    321.0814479918298,
    321.06056003890444,
    320.73143667539756,
    277.8140163353275,
    277.7748371615108,
    277.70063040851215,
    277.5796676551521,
    277.12411387375226,
    276.8565832288732,
    267.7576118826351,
    266.8262511195385,
    266.8211968102256,
    266.81393559276637,
    266.6201383617795,
    265.86718316226654,
    265.78675765804337,
    264.85078366085304,
    264.5349237349613,
    263.75789902703053,
    263.6771939855441,
    262.5349585102044,
    254.87764052569395,
    254.7753649422154,
    227.01656131566955,
    154.3868475994802,
    151.67134231410662,
    143.41069396827208,
    142.25311863170958,
    142.157713118124,
    141.87364149295934,
    141.643627334151,
    139.46492349351823,
    124.21048182048442,
    124.20352689937012,
    123.92264007100434,
    123.54615900313223,
    123.19314484539255,
    123.10337120948793,
    122.17882642073062,
    120.60138449642625,
    118.99046522567296,
    118.9741249263914,
    117.54069939162878,
    117.19513942583585,
    116.7527336935921,
    116.752414768269,
    116.75055188790418,
    116.74962267552182,
    116.70915531206747,
    116.6721513705008,
    106.15579897230971,
    99.67479683443467,
    99.06397922758248,
    96.37617414621938,
    91.49703406800236,
    90.38820110569694,
    90.12351684916457,
    83.47977017888405,
    83.47717826201257,
    74.60617137130801
  ],
  "trigger_counts": {
    "grad_norm": 0,
    "loss_delta": 72,
    "max_steps": 0
  },
  "elapsed_seconds": 5140.677973965183,
  "device": "cuda:0",
  "git_sha": "894ee7c407f737c0a250a28d33487a7db7bd83d3"
}