{
  "dataset": "div2k_8q",
  "ordering": "lr",
  "seed": 91,
  "m": 8,
  "n": 8,
  "init": "random",
  "topk_ratio": 0.2,
  "k_train": 13107,
  "lr": 0.003,
  "batch": 50,
  "train_batch_idx": [
    10,
    32,
    46,
    47,
    72,
    90,
    100,
    124,
    127,
    131,
    133,
    139,
    144,
    147,
    151,
    161,
    186,
    189,
    201,
    205,
    206,
    227,
    231,
    233,
    263,
    269,
    273,
    302,
    304,
    325,
    331,
    351,
    372,
    373,
    384,
    385,
    386,
    396,
    410,
    413,
    416,
    417,
    421,
    454,
    468,
    480,
    483,
    489,
    493,
    498
  ],
  "max_steps": 2000,
  "grad_check_every": 5,
  "psnr": {
    "0.05": 25.23418630660353,
    "0.1": 27.81105451549919,
    "0.15": 29.84052223867759,
    "0.2": 31.658954745504587
  },
  "final_loss": 70.02308186430506,
  "total_steps": 8270,
  "per_stage_final_loss": [
    455.21601314873334,
    409.2943439906058,
    352.32627918852654,
    349.5528725284649,
    349.0559031466806,
    334.82237331398704,
    334.2275660876268,
    333.92389965963275,
    269.5589655401367,
    269.3802231440302,
    269.05170030185707,
    268.91796577497524,
    268.90905669669314,
    268.84262420940917,
    268.7749818351892,
    254.80316866897428,
    254.64201780127704,
    254.63878705966076,
    254.52233833159906,
    254.50496457269838,
    254.4905374612541,
    248.19572619226486,
    247.81512197464625,
    247.7134703384465,
    247.6665394409092,
    247.6074629899279,
    246.37706441846106,
    246.27961012445434,
    246.2606595192423,
    246.21549633970616,
    246.1279064568372,
    243.23711950644685,
    243.19448569374737,
    235.06365425498095,
    235.04893393347183,
    218.77812084754632,
    159.23485776620723,
    158.1678166426701,
    155.77204727418862,
    150.7865440929103,
    146.2099124236434,
    146.03928293495883,
    145.67401206067444,
    145.65117838290277,
    137.94986577966495,
    135.75587878647045,
    135.5617529990454,
    135.41055676794963,
    134.11782103431523,
    134.11706548297985,
    133.73510065247243,
    130.94713187430997,
    130.94548137174684,
    129.58764809380307,
    128.6607378764421,
    126.81635082368226,
    126.81377452061595,
    126.41380872382342,
    125.06545481952566,
    121.03334861268854,
    120.48542083270965,
    120.48146388801379,
    119.38774697395931,
    117.80656038294703,
    116.20010579240788,
    116.13112976226863,
    109.39314643663263,
    109.06590286362034,
    99.37628945311408,
    90.97265317687608,
    87.39968583161958,
    70.02308186430506
  ],
  "trigger_counts": {
    "grad_norm": 0,
    "loss_delta": 72,
    "max_steps": 0
  },
  "elapsed_seconds": 9842.861980664544,
  "device": "cuda:0",
  "git_sha": "894ee7c407f737c0a250a28d33487a7db7bd83d3"
}