{
  "dataset": "div2k_8q",
  "ordering": "lr",
  "seed": 63,
  "m": 8,
  "n": 8,
  "init": "random",
  "topk_ratio": 0.2,
  "k_train": 13107,
  "lr": 0.003,
  "batch": 50,
  "train_batch_idx": [
    37,
    60,
    65,
    70,
    76,
    77,
    79,
    80,
    86,
    89,
    92,
    107,
    134,
    135,
    144,
    146,
    147,
    155,
    160,
    164,
    170,
    172,
    179,
    187,
    193,
    205,
    231,
    233,
    245,
    253,
    257,
    260,
    280,
    285,
    300,
    305,
    327,
    340,
    380,
    415,
    423,
    430,
    450,
    458,
    461,
    465,
    472,
    473,
    491,
    497
  ],
  "max_steps": 2000,
  "grad_check_every": 5,
  "psnr": {
    "0.05": 25.234509872555922,
    "0.1": 27.81106330758159,
    "0.15": 29.84073059763277,
    "0.2": 31.659080150516946
  },
  "final_loss": 50.57956481093641,
  "total_steps": 8656,
  "per_stage_final_loss": [
    492.0834953990034,
    356.78624680805245,
    355.0493712980868,
    342.1446152268071,
    334.753669197656,
    334.5256434693209,
    334.38163706986734,
    334.1037119822615,
    248.41008286885355,
    248.31606448369217,
    248.2114927495733,
    247.92042740386125,
    247.92007645510557,
    247.91684793811353,
    247.91496346641577,
    204.70488477955885,
    203.92294117239072,
    203.848234504535,
    203.50853292183206,
    203.43172475421227,
    203.41624421621464,
    202.47155855865395,
    202.29569458817642,
    202.25832441337832,
    202.22773316079932,
    201.9702487285407,
    200.95953217364072,
    200.837388735449,
    200.83111296993823,
    200.80768488699348,
    199.03128169400475,
    198.6137966513643,
    198.54192711892733,
    188.8127489967554,
    188.75185537029253,
    180.95313227341427,
    126.3220953179065,
    109.56320083103557,
    107.83094281209947,
    106.8045026402985,
    105.7923552193816,
    105.26538837590066,
    103.76722692985433,
    103.66466856261134,
    102.81673135878866,
    102.19911279912749,
    101.44565428438163,
    101.20271015930886,
    101.19243312754557,
    100.47683006292371,
    100.44724442715531,
    94.9519089914774,
    94.82277692610863,
    94.48087809300199,
    94.26258896819313,
    93.76430713941315,
    93.75897106802994,
    93.12210336469094,
    92.26422393299478,
    86.37717869927744,
    86.26172164019425,
    86.26171377338042,
    85.63652793707273,
    85.5538165535441,
    85.14826001525286,
    85.09676144398465,
    80.80181863719903,
    80.796985436491,
    80.79914883628533,
    72.49447502068116,
    71.90442107370403,
    50.57956481093641
  ],
  "trigger_counts": {
    "grad_norm": 0,
    "loss_delta": 72,
    "max_steps": 0
  },
  "elapsed_seconds": 4679.604304410517,
  "device": "cuda:0",
  "git_sha": "894ee7c407f737c0a250a28d33487a7db7bd83d3"
}