{
  "dataset": "div2k_8q",
  "ordering": "lr",
  "seed": 84,
  "m": 8,
  "n": 8,
  "init": "random",
  "topk_ratio": 0.2,
  "k_train": 13107,
  "lr": 0.003,
  "batch": 50,
  "train_batch_idx": [
    18,
    20,
    26,
    35,
    49,
    59,
    67,
    78,
    82,
    90,
    101,
    104,
    127,
    128,
    129,
    131,
    132,
    146,
    153,
    159,
    170,
    172,
    175,
    181,
    197,
    208,
    223,
    242,
    245,
    265,
    289,
    295,
    299,
    301,
    330,
    339,
    341,
    358,
    366,
    378,
    394,
    404,
    408,
    412,
    416,
    427,
    460,
    476,
    478,
    490
  ],
  "max_steps": 2000,
  "grad_check_every": 5,
  "psnr": {
    "0.05": 25.234581592580934,
    "0.1": 27.81135140389308,
    "0.15": 29.84100330165697,
    "0.2": 31.6590298422654
  },
  "final_loss": 71.0398960401648,
  "total_steps": 8537,
  "per_stage_final_loss": [
    374.22793761239365,
    278.22063935257154,
    256.8895829999229,
    256.62032982578353,
    256.33496338668925,
    256.23428085482885,
    252.72130357722142,
    252.46019990768517,
    237.36194585267535,
    237.35536919668408,
    237.0728875281751,
    237.05851981660498,
    237.04930376081765,
    236.94341818367587,
    236.85403975253968,
    221.52428921965551,
    220.4795058560278,
    220.19901993449702,
    220.177307318779,
    220.16755349970816,
    220.13581125621263,
    215.0562979515547,
    214.1668447411983,
    213.04855729778347,
    213.0221461055885,
    213.02040133838514,
    212.66381437436442,
    212.66302968866637,
    212.43977819776606,
    212.27763946426953,
    210.38057958348563,
    210.3430674622292,
    210.4769953152074,
    199.7579478588728,
    199.54563271421378,
    192.42127271553358,
    159.04734194324888,
    150.39294649798626,
    144.4345095797443,
    143.85365651680138,
    143.63708680832417,
    143.37462667656706,
    143.12005245128123,
    140.1980646481909,
    131.2920793226566,
    131.12377811301738,
    130.9789497222208,
    130.83187936179678,
    126.97489275534097,
    126.95042733485421,
    126.39003105147432,
    123.40868726149162,
    122.53067812626841,
    120.99791770908287,
    120.99661536593467,
    120.9960365662339,
    120.59257832624671,
    120.05134535572675,
    120.05024167368535,
    115.25472893192168,
    115.20825373918034,
    115.00058314211165,
    114.51184311094059,
    111.30453293229738,
    111.14255863419824,
    111.07623327022284,
    106.65644002478709,
    100.94175593678443,
    94.15153884922886,
    86.9456505201854,
    85.08872794854211,
    71.0398960401648
  ],
  "trigger_counts": {
    "grad_norm": 0,
    "loss_delta": 72,
    "max_steps": 0
  },
  "elapsed_seconds": 4875.14571864903,
  "device": "cuda:0",
  "git_sha": "894ee7c407f737c0a250a28d33487a7db7bd83d3"
}