{
  "dataset": "div2k_8q",
  "ordering": "lr",
  "seed": 60,
  "m": 8,
  "n": 8,
  "init": "random",
  "topk_ratio": 0.2,
  "k_train": 13107,
  "lr": 0.003,
  "batch": 50,
  "train_batch_idx": [
    0,
    9,
    12,
    16,
    24,
    37,
    47,
    54,
    78,
    101,
    104,
    105,
    144,
    146,
    150,
    159,
    178,
    179,
    182,
    184,
    199,
    210,
    211,
    241,
    247,
    253,
    254,
    270,
    272,
    275,
    289,
    320,
    356,
    372,
    390,
    397,
    407,
    416,
    434,
    436,
    442,
    446,
    448,
    449,
    453,
    462,
    466,
    479,
    497,
    499
  ],
  "max_steps": 2000,
  "grad_check_every": 5,
  "psnr": {
    "0.05": 25.23501636499697,
    "0.1": 27.81189241963905,
    "0.15": 29.841701991501537,
    "0.2": 31.660132989863815
  },
  "final_loss": 61.98797954101009,
  "total_steps": 9840,
  "per_stage_final_loss": [
    415.36400853552396,
    406.6574422855823,
    354.0412244461066,
    349.4832722171613,
    343.10716605345993,
    343.10632302785785,
    341.74693501142497,
    340.465533510857,
    235.70722323977955,
    235.49309370022698,
    235.1770961000514,
    235.17646946153465,
    235.0200972318329,
    234.97590672460151,
    234.9679190771631,
    216.69577711519065,
    215.40310355869556,
    215.09774014540417,
    214.97416882583167,
    214.9489739126966,
    214.78948595966438,
    214.78621068461464,
    213.57034162519602,
    213.52397466424782,
    213.52102643418402,
    213.51549682986635,
    212.84436402687322,
    212.53294079316007,
    212.14736298948856,
    212.04354266855543,
    209.17132723760275,
    209.15434658886232,
    209.0950625858134,
    202.8041398978022,
    202.77697370166203,
    198.18543994877953,
    140.26050020884173,
    140.05923322735683,
    139.1828195263332,
    137.7572569553112,
    137.5612585750714,
    137.18003251213221,
    137.0703718216641,
    135.5025656417839,
    119.12470209200521,
    115.53202924531944,
    113.98815359082053,
    113.8938115188419,
    113.84350875439169,
    113.64966106044656,
    113.63379708833304,
    113.37432407531215,
    112.2959703292437,
    110.9927385067109,
    110.86561034319017,
    110.46012938417833,
    110.23701680127823,
    109.98017509801446,
    109.80094571122164,
    105.33050570573651,
    104.90942417081365,
    104.91082897568866,
    104.58417523090111,
    104.43944493536365,
    95.15222347145307,
    93.31157239787724,
    90.72975512588233,
    88.5449617571869,
    86.29642297296067,
    78.19741986256912,
    77.19824066134439,
    61.98797954101009
  ],
  "trigger_counts": {
    "grad_norm": 0,
    "loss_delta": 72,
    "max_steps": 0
  },
  "elapsed_seconds": 3496.2663450697437,
  "device": "cuda:0",
  "git_sha": "894ee7c407f737c0a250a28d33487a7db7bd83d3"
}