{
  "dataset": "div2k_8q",
  "ordering": "lr",
  "seed": 85,
  "m": 8,
  "n": 8,
  "init": "random",
  "topk_ratio": 0.2,
  "k_train": 13107,
  "lr": 0.003,
  "batch": 50,
  "train_batch_idx": [
    1,
    5,
    20,
    21,
    22,
    26,
    37,
    47,
    67,
    83,
    99,
    107,
    118,
    120,
    141,
    149,
    155,
    158,
    174,
    198,
    201,
    211,
    214,
    218,
    230,
    231,
    243,
    245,
    246,
    273,
    289,
    307,
    309,
    316,
    321,
    366,
    368,
    390,
    404,
    411,
    415,
    421,
    434,
    435,
    443,
    460,
    466,
    484,
    493,
    495
  ],
  "max_steps": 2000,
  "grad_check_every": 5,
  "psnr": {
    "0.05": 25.2341413198752,
    "0.1": 27.810718075573433,
    "0.15": 29.84024567910712,
    "0.2": 31.658861013172086
  },
  "final_loss": 52.76761889224838,
  "total_steps": 8107,
  "per_stage_final_loss": [
    392.6644885214066,
    391.77331027399356,
    365.36574018392315,
    345.88121919976805,
    343.76069036936474,
    343.2150799109086,
    341.57909570746136,
    341.1224157125443,
    215.95953461361998,
    215.20476398243548,
    215.2040468889158,
    214.97388800422655,
    214.94116476994014,
    214.90487588156194,
    214.8931352944352,
    195.85220527403243,
    194.78097741485388,
    194.7620361869861,
    194.7345669285742,
    194.72264009923387,
    194.70453590259564,
    194.09553062639733,
    193.7976583898097,
    193.7005987863958,
    193.6984936599247,
    193.69533218161197,
    193.14324412343714,
    193.13491672309186,
    193.1196712760739,
    193.08452143772405,
    192.59388730514894,
    191.74859879830282,
    191.69188791191544,
    176.39720324482838,
    176.3584033933022,
    174.86371635518918,
    127.31739215857141,
    114.20211199279522,
    110.76709120612588,
    108.076559598316,
    107.65806962692373,
    107.36592493263358,
    106.83571735822424,
    106.77130527929984,
    105.05747414878684,
    99.33169026028598,
    96.91801951266254,
    96.7924151079148,
    96.71938300087452,
    96.58874811820745,
    96.57407949820461,
    95.59469850906048,
    94.8396810789064,
    94.72163992070573,
    94.49722485128598,
    94.49044963971444,
    94.4431395321346,
    94.12965363339084,
    93.31524865603309,
    92.81838364431255,
    90.94637249939649,
    90.79908253891281,
    89.711753381241,
    89.36978762148433,
    89.25077259505332,
    84.97886378280185,
    84.05726462224077,
    80.48912654205941,
    76.55135111615736,
    68.2977728812967,
    65.82615953731238,
    52.76761889224838
  ],
  "trigger_counts": {
    "grad_norm": 0,
    "loss_delta": 72,
    "max_steps": 0
  },
  "elapsed_seconds": 4577.8846506830305,
  "device": "cuda:0",
  "git_sha": "894ee7c407f737c0a250a28d33487a7db7bd83d3"
}