{
  "rich_progressive_k7": {
    "metrics": {
      "0.05": {
        "mean_mse": 0.0032756754030438067,
        "std_mse": 0.0016415788351082843,
        "mean_psnr": 25.656176175445598,
        "std_psnr": 3.097881702487712,
        "mean_ssim": 0.840384599109761,
        "std_ssim": 0.05552977631756791,
        "nan_count": 0
      },
      "0.1": {
        "mean_mse": 0.0017639068359321442,
        "std_mse": 0.0010246310676657528,
        "mean_psnr": 28.649482724364862,
        "std_psnr": 3.6979318828675827,
        "mean_ssim": 0.8707884104323007,
        "std_ssim": 0.05128052932081154,
        "nan_count": 0
      },
      "0.15": {
        "mean_mse": 0.0010370410697286465,
        "std_mse": 0.0006819404287875044,
        "mean_psnr": 31.293309083825037,
        "std_psnr": 4.274344146247564,
        "mean_ssim": 0.8942626923547841,
        "std_ssim": 0.048323772254290735,
        "nan_count": 0
      },
      "0.2": {
        "mean_mse": 0.0006304735800350458,
        "std_mse": 0.00046560389767309263,
        "mean_psnr": 33.86396486851992,
        "std_psnr": 4.8933075608240175,
        "mean_ssim": 0.9148836947634136,
        "std_ssim": 0.045293480269105825,
        "nan_count": 0
      }
    },
    "time": 1124.093860404566,
    "_pdft_py": {
      "family": "rich",
      "stage_k": 7,
      "n_trainable": 56,
      "block_size": 128,
      "steps": 1008,
      "epochs_completed": 112,
      "device": "cuda:0",
      "n_test": 50
    }
  }
}