{
  "entangled_qft_progressive_k5": {
    "metrics": {
      "0.05": {
        "mean_mse": 0.0038259830314883087,
        "std_mse": 0.0023770481087768036,
        "mean_psnr": 25.234783015957095,
        "std_psnr": 3.3527062510366785,
        "mean_ssim": 0.7263696682556248,
        "std_ssim": 0.07765885586305837,
        "nan_count": 0
      },
      "0.1": {
        "mean_mse": 0.0021996725471326167,
        "std_mse": 0.001453489691364294,
        "mean_psnr": 27.811547239203232,
        "std_psnr": 3.718798377896649,
        "mean_ssim": 0.8235099184349133,
        "std_ssim": 0.05880071085324506,
        "nan_count": 0
      },
      "0.15": {
        "mean_mse": 0.0014242704766239819,
        "std_mse": 0.0009883064253652055,
        "mean_psnr": 29.84121312210708,
        "std_psnr": 4.005144746692626,
        "mean_ssim": 0.8751653797099352,
        "std_ssim": 0.04625876004223067,
        "nan_count": 0
      },
      "0.2": {
        "mean_mse": 0.0009651567258518278,
        "std_mse": 0.0006995270857119542,
        "mean_psnr": 31.659534079500144,
        "std_psnr": 4.244732656082373,
        "mean_ssim": 0.9085088593490839,
        "std_ssim": 0.03689478489663325,
        "nan_count": 0
      }
    },
    "time": 330.46632059291005,
    "_pdft_py": {
      "family": "entangled_qft",
      "stage_k": 5,
      "n_trainable": 35,
      "block_size": 32,
      "steps": 1008,
      "epochs_completed": 112,
      "device": "cuda:0",
      "n_test": 50
    }
  }
}