{
  "rich_progressive_k7": {
    "metrics": {
      "0.05": {
        "mean_mse": 0.0005724005365591039,
        "std_mse": 0.0005231348304920462,
        "mean_psnr": 35.482394669692255,
        "std_psnr": 7.034432923367277,
        "mean_ssim": 0.955303039981995,
        "std_ssim": 0.027957283390599275,
        "nan_count": 0
      },
      "0.1": {
        "mean_mse": 8.913032841576441e-05,
        "std_mse": 0.00010586604698488559,
        "mean_psnr": 45.83192566207078,
        "std_psnr": 9.25860596639019,
        "mean_ssim": 0.9862410520166682,
        "std_ssim": 0.012884428347142223,
        "nan_count": 0
      },
      "0.15": {
        "mean_mse": 1.725274439873053e-05,
        "std_mse": 2.3504844890166785e-05,
        "mean_psnr": 54.44830952867024,
        "std_psnr": 9.88713748144063,
        "mean_ssim": 0.9958262682485294,
        "std_ssim": 0.004885974528232806,
        "nan_count": 0
      },
      "0.2": {
        "mean_mse": 3.4108112814974758e-06,
        "std_mse": 5.125503449928431e-06,
        "mean_psnr": 61.505185167176194,
        "std_psnr": 9.307132373248207,
        "mean_ssim": 0.9988344902939608,
        "std_ssim": 0.00151852780312655,
        "nan_count": 0
      }
    },
    "time": 1117.763923117891,
    "_pdft_py": {
      "family": "rich",
      "stage_k": 7,
      "n_trainable": 56,
      "block_size": 128,
      "steps": 1008,
      "epochs_completed": 112,
      "device": "cuda:0",
      "n_test": 50
    }
  }
}