{
  "tebd_progressive_k2": {
    "metrics": {
      "0.05": {
        "mean_mse": 0.021630111384598107,
        "std_mse": 0.010967371727470624,
        "mean_psnr": 17.250880533035062,
        "std_psnr": 2.397432061529354,
        "mean_ssim": 0.8190028442210483,
        "std_ssim": 0.06965929449444479,
        "nan_count": 0
      },
      "0.1": {
        "mean_mse": 0.006312390806478515,
        "std_mse": 0.004777274081861123,
        "mean_psnr": 23.348242074201824,
        "std_psnr": 3.6780300388060323,
        "mean_ssim": 0.9453614172025602,
        "std_ssim": 0.032188563780627365,
        "nan_count": 0
      },
      "0.15": {
        "mean_mse": 0.0020461138231029287,
        "std_mse": 0.0021779718546246253,
        "mean_psnr": 30.08086225423815,
        "std_psnr": 6.5001604472641725,
        "mean_ssim": 0.9801049013675146,
        "std_ssim": 0.016863070348871807,
        "nan_count": 0
      },
      "0.2": {
        "mean_mse": 0.0006345003016616437,
        "std_mse": 0.0009325381823552792,
        "mean_psnr": 39.81406743246533,
        "std_psnr": 12.741343094916598,
        "mean_ssim": 0.993232345171934,
        "std_ssim": 0.008312519538735968,
        "nan_count": 0
      }
    },
    "time": 9.885858750902116,
    "_pdft_py": {
      "family": "tebd",
      "stage_k": 2,
      "n_trainable": 8,
      "block_size": 4,
      "steps": 1008,
      "epochs_completed": 112,
      "device": "cuda:0",
      "n_test": 50
    }
  }
}