{
  "rich_progressive_k5": {
    "metrics": {
      "0.05": {
        "mean_mse": 0.0030688303064642193,
        "std_mse": 0.0020246554584162596,
        "mean_psnr": 26.34941538296409,
        "std_psnr": 3.660032376154754,
        "mean_ssim": 0.7613793686003991,
        "std_ssim": 0.07782447227695347,
        "nan_count": 0
      },
      "0.1": {
        "mean_mse": 0.0016618165413874982,
        "std_mse": 0.0011741047493818546,
        "mean_psnr": 29.208347783256013,
        "std_psnr": 4.063710718787716,
        "mean_ssim": 0.8549603191524189,
        "std_ssim": 0.055692054817464094,
        "nan_count": 0
      },
      "0.15": {
        "mean_mse": 0.0010338878603329048,
        "std_mse": 0.0007709050270332026,
        "mean_psnr": 31.429139408691263,
        "std_psnr": 4.3691347153129705,
        "mean_ssim": 0.9015388434241486,
        "std_ssim": 0.042007831889142845,
        "nan_count": 0
      },
      "0.2": {
        "mean_mse": 0.0006788102102771139,
        "std_mse": 0.0005305331795169713,
        "mean_psnr": 33.401694594475764,
        "std_psnr": 4.6163767855455875,
        "mean_ssim": 0.930197230457015,
        "std_ssim": 0.03247193973430546,
        "nan_count": 0
      }
    },
    "time": 640.7131576901302,
    "_pdft_py": {
      "family": "rich",
      "stage_k": 5,
      "n_trainable": 30,
      "block_size": 32,
      "steps": 1008,
      "epochs_completed": 112,
      "device": "cuda:0",
      "n_test": 50
    }
  }
}