{
  "rich_progressive_k5": {
    "metrics": {
      "0.05": {
        "mean_mse": 0.019428848521481554,
        "std_mse": 0.010307885468605336,
        "mean_psnr": 17.766809089810526,
        "std_psnr": 2.485779196677562,
        "mean_ssim": 0.8156169445902769,
        "std_ssim": 0.05885705573355903,
        "nan_count": 0
      },
      "0.1": {
        "mean_mse": 0.005414310740657596,
        "std_mse": 0.004168618829263947,
        "mean_psnr": 23.978252659170824,
        "std_psnr": 3.553522830348831,
        "mean_ssim": 0.9234024452732754,
        "std_ssim": 0.022897445390716486,
        "nan_count": 0
      },
      "0.15": {
        "mean_mse": 0.0017881872708930143,
        "std_mse": 0.0017546281790619385,
        "mean_psnr": 29.615498551871475,
        "std_psnr": 4.673614587413074,
        "mean_ssim": 0.9544331126576344,
        "std_ssim": 0.014047046037156851,
        "nan_count": 0
      },
      "0.2": {
        "mean_mse": 0.0006453099346944439,
        "std_mse": 0.0007608854381996079,
        "mean_psnr": 34.9860292999395,
        "std_psnr": 5.697698804754392,
        "mean_ssim": 0.9691747115292317,
        "std_ssim": 0.011370372798547586,
        "nan_count": 0
      }
    },
    "time": 26.317482406273484,
    "_pdft_py": {
      "family": "rich",
      "stage_k": 5,
      "n_trainable": 30,
      "block_size": 32,
      "steps": 1008,
      "epochs_completed": 112,
      "device": "cuda:0",
      "n_test": 50
    }
  }
}