{
  "real_rich_full": {
    "metrics": {
      "0.01": {
        "mean_mse": 0.04995958322139072,
        "std_mse": 0.009715689206761125,
        "mean_psnr": 13.096155198848454,
        "std_psnr": 0.85041716213813,
        "mean_ssim": 0.47881233488308483,
        "std_ssim": 0.07941444796175212,
        "nan_count": 0
      },
      "0.05": {
        "mean_mse": 0.016086886653913213,
        "std_mse": 0.005324474498984487,
        "mean_psnr": 18.175129660205354,
        "std_psnr": 1.4609720596081288,
        "mean_ssim": 0.7895183497408358,
        "std_ssim": 0.03967259340285362,
        "nan_count": 0
      },
      "0.1": {
        "mean_mse": 0.006455996884912778,
        "std_mse": 0.0028393296673735937,
        "mean_psnr": 22.341192697617238,
        "std_psnr": 2.015525338525103,
        "mean_ssim": 0.875803509846043,
        "std_ssim": 0.024346119229102445,
        "nan_count": 0
      },
      "0.15": {
        "mean_mse": 0.0029610932829954913,
        "std_mse": 0.0014999561144324058,
        "mean_psnr": 25.881898788211902,
        "std_psnr": 2.3793660921354203,
        "mean_ssim": 0.9136501227582657,
        "std_ssim": 0.0193380639566885,
        "nan_count": 0
      },
      "0.2": {
        "mean_mse": 0.0014637993130989916,
        "std_mse": 0.0008594293349870564,
        "mean_psnr": 29.169155742980344,
        "std_psnr": 2.8450562805062583,
        "mean_ssim": 0.9360315986821902,
        "std_ssim": 0.013321356341139599,
        "nan_count": 0
      }
    },
    "time": 20.470342284068465,
    "_pdft_py": {
      "warmup_s": 1.1601926311850548,
      "device": "cuda:0",
      "epochs_completed": 112,
      "steps": 1008,
      "n_test": 50,
      "eval_failed_count": {
        "0.01": 0,
        "0.05": 0,
        "0.1": 0,
        "0.15": 0,
        "0.2": 0
      }
    }
  }
}