{
  "tebd_progressive_k3": {
    "metrics": {
      "0.05": {
        "mean_mse": 0.0009109911416972783,
        "std_mse": 0.0007858546990297929,
        "mean_psnr": 33.54921776837626,
        "std_psnr": 7.8265915664218575,
        "mean_ssim": 0.9775093231813259,
        "std_ssim": 0.01578863243291518,
        "nan_count": 0
      },
      "0.1": {
        "mean_mse": 0.00012620051837242894,
        "std_mse": 0.00016661600736637047,
        "mean_psnr": 48.400923322328254,
        "std_psnr": 15.27006040362903,
        "mean_ssim": 0.9949875139745319,
        "std_ssim": 0.005724270526076414,
        "nan_count": 0
      },
      "0.15": {
        "mean_mse": 1.5959418687016468e-05,
        "std_mse": 2.9459796701675688e-05,
        "mean_psnr": 65.99352699264898,
        "std_psnr": 20.277457743878976,
        "mean_ssim": 0.9991411399805308,
        "std_ssim": 0.0014114217547053153,
        "nan_count": 0
      },
      "0.2": {
        "mean_mse": 8.316880017207401e-07,
        "std_mse": 2.332582550770449e-06,
        "mean_psnr": 87.21522494962704,
        "std_psnr": 30.56417071917523,
        "mean_ssim": 0.9999278074105452,
        "std_ssim": 0.0001538928746295727,
        "nan_count": 0
      }
    },
    "time": 228.670912604779,
    "_pdft_py": {
      "family": "tebd",
      "stage_k": 3,
      "n_trainable": 12,
      "block_size": 8,
      "steps": 1008,
      "epochs_completed": 112,
      "device": "cuda:0",
      "n_test": 50
    }
  }
}