{
  "rich_progressive_k4": {
    "metrics": {
      "0.05": {
        "mean_mse": 0.0004873087484867471,
        "std_mse": 0.0005074094992916866,
        "mean_psnr": 37.181770956395454,
        "std_psnr": 8.487192193287171,
        "mean_ssim": 0.9778185768138827,
        "std_ssim": 0.015997974333968597,
        "nan_count": 0
      },
      "0.1": {
        "mean_mse": 3.726786617122197e-05,
        "std_mse": 5.6608432632434866e-05,
        "mean_psnr": 52.74857907629834,
        "std_psnr": 11.916284353892935,
        "mean_ssim": 0.9961994944456578,
        "std_ssim": 0.0044634921122333315,
        "nan_count": 0
      },
      "0.15": {
        "mean_mse": 3.133260245674697e-06,
        "std_mse": 5.9376996901176015e-06,
        "mean_psnr": 65.37807562450715,
        "std_psnr": 11.642718067846037,
        "mean_ssim": 0.9994599949515343,
        "std_ssim": 0.0008308411017506484,
        "nan_count": 0
      },
      "0.2": {
        "mean_mse": 2.148708229870892e-07,
        "std_mse": 4.7567354353203745e-07,
        "mean_psnr": 74.93299238427441,
        "std_psnr": 8.870968353726827,
        "mean_ssim": 0.9999345504883955,
        "std_ssim": 0.00010729691497659052,
        "nan_count": 0
      }
    },
    "time": 441.7848719637841,
    "_pdft_py": {
      "family": "rich",
      "stage_k": 4,
      "n_trainable": 20,
      "block_size": 16,
      "steps": 1008,
      "epochs_completed": 112,
      "device": "cuda:0",
      "n_test": 50
    }
  }
}