{
  "tebd_progressive_k4": {
    "metrics": {
      "0.05": {
        "mean_mse": 0.02163172893668104,
        "std_mse": 0.010981262122226507,
        "mean_psnr": 17.252032107247636,
        "std_psnr": 2.3998964782990253,
        "mean_ssim": 0.818904091666282,
        "std_ssim": 0.06994367251582265,
        "nan_count": 0
      },
      "0.1": {
        "mean_mse": 0.0063191181480605815,
        "std_mse": 0.004777672594372945,
        "mean_psnr": 23.34434406595043,
        "std_psnr": 3.6786342016245532,
        "mean_ssim": 0.9450557642343271,
        "std_ssim": 0.03215609188588305,
        "nan_count": 0
      },
      "0.15": {
        "mean_mse": 0.0020421775098209034,
        "std_mse": 0.002169437905082921,
        "mean_psnr": 30.088650240799264,
        "std_psnr": 6.515459739653238,
        "mean_ssim": 0.9802655891428657,
        "std_ssim": 0.0165131783278449,
        "nan_count": 0
      },
      "0.2": {
        "mean_mse": 0.0006329099065639929,
        "std_mse": 0.0009285264205104044,
        "mean_psnr": 39.38920879471421,
        "std_psnr": 11.675345457676327,
        "mean_ssim": 0.9931742723933118,
        "std_ssim": 0.008189734749483516,
        "nan_count": 0
      }
    },
    "time": 15.904217143543065,
    "_pdft_py": {
      "family": "tebd",
      "stage_k": 4,
      "n_trainable": 16,
      "block_size": 16,
      "steps": 1008,
      "epochs_completed": 112,
      "device": "cuda:0",
      "n_test": 50
    }
  }
}