{
  "entangled_qft_progressive_k6": {
    "metrics": {
      "0.05": {
        "mean_mse": 0.0038259721965350213,
        "std_mse": 0.0023770348926956003,
        "mean_psnr": 25.234802701204554,
        "std_psnr": 3.35272867633092,
        "mean_ssim": 0.7263815400871814,
        "std_ssim": 0.07762998578940483,
        "nan_count": 0
      },
      "0.1": {
        "mean_mse": 0.002199681867464676,
        "std_mse": 0.0014534912771686677,
        "mean_psnr": 27.811537833790783,
        "std_psnr": 3.7188281029775543,
        "mean_ssim": 0.8235048247598356,
        "std_ssim": 0.0588103512192934,
        "nan_count": 0
      },
      "0.15": {
        "mean_mse": 0.0014242806051131816,
        "std_mse": 0.0009883181295017027,
        "mean_psnr": 29.84120661308759,
        "std_psnr": 4.005166661930814,
        "mean_ssim": 0.8751716991297842,
        "std_ssim": 0.04625779479278971,
        "nan_count": 0
      },
      "0.2": {
        "mean_mse": 0.0009651485349394741,
        "std_mse": 0.0006995040768844617,
        "mean_psnr": 31.65955405146644,
        "std_psnr": 4.24472980538002,
        "mean_ssim": 0.9084925763298416,
        "std_ssim": 0.036898888506340696,
        "nan_count": 0
      }
    },
    "time": 402.8663022881374,
    "_pdft_py": {
      "family": "entangled_qft",
      "stage_k": 6,
      "n_trainable": 48,
      "block_size": 64,
      "steps": 1008,
      "epochs_completed": 112,
      "device": "cuda:0",
      "n_test": 50
    }
  }
}