{
  "qft_progressive_k4": {
    "metrics": {
      "0.05": {
        "mean_mse": 0.003799524763142154,
        "std_mse": 0.002343837369863837,
        "mean_psnr": 25.280330352768388,
        "std_psnr": 3.4054799124782513,
        "mean_ssim": 0.7252780643318424,
        "std_ssim": 0.07807519975304607,
        "nan_count": 0
      },
      "0.1": {
        "mean_mse": 0.002127380679578186,
        "std_mse": 0.0013974009308829218,
        "mean_psnr": 27.975365538196133,
        "std_psnr": 3.7806018906367256,
        "mean_ssim": 0.8260822897475951,
        "std_ssim": 0.05838510156587801,
        "nan_count": 0
      },
      "0.15": {
        "mean_mse": 0.001354364941970119,
        "std_mse": 0.0009356314983408107,
        "mean_psnr": 30.085286122418427,
        "std_psnr": 4.083748844247516,
        "mean_ssim": 0.8790319175070919,
        "std_ssim": 0.0452482300526509,
        "nan_count": 0
      },
      "0.2": {
        "mean_mse": 0.0009058129761595151,
        "std_mse": 0.000654943506970921,
        "mean_psnr": 31.970213420807628,
        "std_psnr": 4.342639813328665,
        "mean_ssim": 0.9123853342399122,
        "std_ssim": 0.03563948914852749,
        "nan_count": 0
      }
    },
    "time": 256.51739417016506,
    "_pdft_py": {
      "stage_k": 4,
      "n_trainable": 20,
      "block_size": 16,
      "steps": 1008,
      "epochs_completed": 112,
      "device": "cuda:0",
      "n_test": 50
    }
  }
}