{
  "qft_progressive_k4": {
    "metrics": {
      "0.05": {
        "mean_mse": 0.003819889551679255,
        "std_mse": 0.0023572954469864888,
        "mean_psnr": 25.253480018646222,
        "std_psnr": 3.394146231839674,
        "mean_ssim": 0.7220003995847476,
        "std_ssim": 0.07784192029760857,
        "nan_count": 0
      },
      "0.1": {
        "mean_mse": 0.0021457778197838655,
        "std_mse": 0.0014072819464883203,
        "mean_psnr": 27.930688721605165,
        "std_psnr": 3.7625960140696395,
        "mean_ssim": 0.8230988653027427,
        "std_ssim": 0.058519004996832234,
        "nan_count": 0
      },
      "0.15": {
        "mean_mse": 0.0013705177591252116,
        "std_mse": 0.0009447957833612641,
        "mean_psnr": 30.022835097989173,
        "std_psnr": 4.057260378266738,
        "mean_ssim": 0.8762349814230089,
        "std_ssim": 0.04557609961256253,
        "nan_count": 0
      },
      "0.2": {
        "mean_mse": 0.0009193684139349253,
        "std_mse": 0.0006628372730829765,
        "mean_psnr": 31.890870679209137,
        "std_psnr": 4.309180853674253,
        "mean_ssim": 0.9099102039384629,
        "std_ssim": 0.036206676083974376,
        "nan_count": 0
      }
    },
    "time": 127.425182483159,
    "_pdft_py": {
      "stage_k": 4,
      "n_trainable": 20,
      "block_size": 16,
      "steps": 504,
      "epochs_completed": 56,
      "device": "cuda:0",
      "n_test": 50
    }
  }
}