{
  "entangled_qft": {
    "metrics": {
      "0.05": {
        "mean_mse": 0.023289170097919393,
        "std_mse": 0.009362242950330387,
        "mean_psnr": 16.71723637946462,
        "std_psnr": 1.9093018750160868,
        "mean_ssim": 0.6917709493032504,
        "std_ssim": 0.08927731163052835,
        "nan_count": 0
      },
      "0.1": {
        "mean_mse": 0.012516557583291947,
        "std_mse": 0.0059318650108678185,
        "mean_psnr": 19.57784452634248,
        "std_psnr": 2.2993123821474124,
        "mean_ssim": 0.7935081342109673,
        "std_ssim": 0.06023241287788267,
        "nan_count": 0
      },
      "0.15": {
        "mean_mse": 0.007379849215429965,
        "std_mse": 0.003973188864064574,
        "mean_psnr": 22.049153725515307,
        "std_psnr": 2.658116274087382,
        "mean_ssim": 0.8385696164789742,
        "std_ssim": 0.047855377177348994,
        "nan_count": 0
      },
      "0.2": {
        "mean_mse": 0.004580248158903101,
        "std_mse": 0.0027714885891698617,
        "mean_psnr": 24.353309704311922,
        "std_psnr": 3.087310393683197,
        "mean_ssim": 0.8724658024846025,
        "std_ssim": 0.04583833070090475,
        "nan_count": 0
      }
    },
    "time": 7.9400331024080515,
    "_pdft_py": {
      "warmup_s": 0.7940730601549149,
      "device": "cuda:0",
      "epochs_completed": 60,
      "steps": 540,
      "n_test": 50,
      "eval_failed_count": {
        "0.05": 0,
        "0.1": 0,
        "0.15": 0,
        "0.2": 0
      }
    }
  }
}