{
  "entangled_qft": {
    "metrics": {
      "0.05": {
        "mean_mse": 0.02328907320012316,
        "std_mse": 0.009359860575352458,
        "mean_psnr": 16.7169133439261,
        "std_psnr": 1.9083290875257932,
        "mean_ssim": 0.6934271983111491,
        "std_ssim": 0.09072533106396735,
        "nan_count": 0
      },
      "0.1": {
        "mean_mse": 0.012516594183061301,
        "std_mse": 0.005928825608823673,
        "mean_psnr": 19.57734791217509,
        "std_psnr": 2.298325033288193,
        "mean_ssim": 0.7910625131159377,
        "std_ssim": 0.06142867807912048,
        "nan_count": 0
      },
      "0.15": {
        "mean_mse": 0.007379642369001226,
        "std_mse": 0.003970304094761564,
        "mean_psnr": 22.04785402116196,
        "std_psnr": 2.6550427282023854,
        "mean_ssim": 0.8373235392366408,
        "std_ssim": 0.04832982029077643,
        "nan_count": 0
      },
      "0.2": {
        "mean_mse": 0.004581146260377078,
        "std_mse": 0.0027721893510803297,
        "mean_psnr": 24.35206488114727,
        "std_psnr": 3.0856785692712765,
        "mean_ssim": 0.8717242507216763,
        "std_ssim": 0.04466085748907636,
        "nan_count": 0
      }
    },
    "time": 26.767411296255887,
    "_pdft_py": {
      "warmup_s": 0.7915888829156756,
      "device": "cuda:1",
      "epochs_completed": 223,
      "steps": 2007,
      "n_test": 50,
      "eval_failed_count": {
        "0.05": 0,
        "0.1": 0,
        "0.15": 0,
        "0.2": 0
      }
    }
  }
}