{
  "entangled_qft": {
    "metrics": {
      "0.05": {
        "mean_mse": 0.023289517466961458,
        "std_mse": 0.009368813268999694,
        "mean_psnr": 16.718500086315974,
        "std_psnr": 1.913817255721056,
        "mean_ssim": 0.6936757415824458,
        "std_ssim": 0.08795419346744132,
        "nan_count": 0
      },
      "0.1": {
        "mean_mse": 0.012519096791318409,
        "std_mse": 0.005929843276217633,
        "mean_psnr": 19.576382259184417,
        "std_psnr": 2.298142225881624,
        "mean_ssim": 0.7954462135852802,
        "std_ssim": 0.059249862199451706,
        "nan_count": 0
      },
      "0.15": {
        "mean_mse": 0.007383984724225635,
        "std_mse": 0.003979007237950345,
        "mean_psnr": 22.04770927244811,
        "std_psnr": 2.6596393362042785,
        "mean_ssim": 0.8411376949746563,
        "std_ssim": 0.04846445216585451,
        "nan_count": 0
      },
      "0.2": {
        "mean_mse": 0.004582837318900931,
        "std_mse": 0.0027744345783818594,
        "mean_psnr": 24.35038166694063,
        "std_psnr": 3.0856885954942808,
        "mean_ssim": 0.8750140231345178,
        "std_ssim": 0.043711297189598514,
        "nan_count": 0
      }
    },
    "time": 39.383601852692664,
    "_pdft_py": {
      "warmup_s": 0.5159703055396676,
      "device": "cpu:0",
      "epochs_completed": 112,
      "steps": 1008,
      "n_test": 50,
      "eval_failed_count": {
        "0.05": 0,
        "0.1": 0,
        "0.15": 0,
        "0.2": 0
      }
    }
  }
}