{
  "qft_b3": {
    "metrics": {
      "0.01": {
        "mean_mse": 0.060130206941018935,
        "std_mse": 0.01265859460860617,
        "mean_psnr": 12.314696421276851,
        "std_psnr": 0.9844732823284743,
        "mean_ssim": 0.43740654820133024,
        "std_ssim": 0.10735911283365897,
        "nan_count": 0
      },
      "0.02": {
        "mean_mse": 0.04176878366470767,
        "std_mse": 0.010614250527109542,
        "mean_psnr": 13.9436636209721,
        "std_psnr": 1.1782641403471807,
        "mean_ssim": 0.5892762853867871,
        "std_ssim": 0.0971342861269947,
        "nan_count": 0
      },
      "0.05": {
        "mean_mse": 0.019247317398881365,
        "std_mse": 0.006492705208525443,
        "mean_psnr": 17.429178806598735,
        "std_psnr": 1.5875700449685592,
        "mean_ssim": 0.8026565432363958,
        "std_ssim": 0.05456287486199884,
        "nan_count": 0
      },
      "0.1": {
        "mean_mse": 0.00765712648312899,
        "std_mse": 0.003455217395461875,
        "mean_psnr": 21.618223926393767,
        "std_psnr": 2.051122450095606,
        "mean_ssim": 0.9123648807719591,
        "std_ssim": 0.030048699923750845,
        "nan_count": 0
      },
      "0.15": {
        "mean_mse": 0.0034813576121552952,
        "std_mse": 0.001957527471592939,
        "mean_psnr": 25.295856117543455,
        "std_psnr": 2.590184245694459,
        "mean_ssim": 0.9525846075935059,
        "std_ssim": 0.019091998054302717,
        "nan_count": 0
      },
      "0.2": {
        "mean_mse": 0.0016720382638408637,
        "std_mse": 0.0011611627194656575,
        "mean_psnr": 28.901850193786007,
        "std_psnr": 3.3523208695243527,
        "mean_ssim": 0.9763580857066867,
        "std_ssim": 0.012136258879349623,
        "nan_count": 0
      }
    },
    "seed": 98,
    "init": "family_random_basis",
    "objective": "top10pct_mse",
    "steps": 1008,
    "epochs_completed": 112,
    "elapsed_seconds": 28.1
  }
}