{
  "rich_progressive_k2": {
    "metrics": {
      "0.05": {
        "mean_mse": 0.01458542175411631,
        "std_mse": 0.007850470219536956,
        "mean_psnr": 19.08760879426027,
        "std_psnr": 2.64466398297528,
        "mean_ssim": 0.5267423305288061,
        "std_ssim": 0.08646472403552107,
        "nan_count": 0
      },
      "0.1": {
        "mean_mse": 0.0024121238449369767,
        "std_mse": 0.0016374188434176904,
        "mean_psnr": 27.42997652866611,
        "std_psnr": 3.6881118235926134,
        "mean_ssim": 0.8040924740417961,
        "std_ssim": 0.06517572457150131,
        "nan_count": 0
      },
      "0.15": {
        "mean_mse": 0.0012423474300036978,
        "std_mse": 0.0009053595075343327,
        "mean_psnr": 30.497762827201882,
        "std_psnr": 4.058188774733898,
        "mean_ssim": 0.8837059192785621,
        "std_ssim": 0.04621980330141614,
        "nan_count": 0
      },
      "0.2": {
        "mean_mse": 0.0007344765747968437,
        "std_mse": 0.0005646956991399329,
        "mean_psnr": 32.93751865475421,
        "std_psnr": 4.344070090321446,
        "mean_ssim": 0.9238298819646859,
        "std_ssim": 0.0341337070815462,
        "nan_count": 0
      }
    },
    "time": 158.12684531323612,
    "_pdft_py": {
      "family": "rich",
      "stage_k": 2,
      "n_trainable": 6,
      "block_size": 4,
      "steps": 1008,
      "epochs_completed": 112,
      "device": "cuda:0",
      "n_test": 50
    }
  }
}