{
  "dataset": "div2k_8q",
  "init": "random",
  "ordering": "bg",
  "seeds": [
    1,
    2,
    3,
    4,
    5,
    6,
    7,
    8,
    9,
    10,
    11,
    12,
    13,
    14,
    15,
    16,
    42
  ],
  "per_seed": {
    "1": {
      "0.05": 25.23442916308469,
      "0.1": 27.810939221127136,
      "0.15": 29.84064192135835,
      "0.2": 31.658862211452043
    },
    "2": {
      "0.05": 25.09305804330613,
      "0.1": 27.571791154242113,
      "0.15": 29.531512120779176,
      "0.2": 31.29248882476384
    },
    "3": {
      "0.05": 25.23410694860223,
      "0.1": 27.81067609822328,
      "0.15": 29.840207189096304,
      "0.2": 31.658656347262532
    },
    "4": {
      "0.05": 25.234474241700486,
      "0.1": 27.810904967852686,
      "0.15": 29.840242434708262,
      "0.2": 31.658431404547397
    },
    "5": {
      "0.05": 25.2346985614698,
      "0.1": 27.81119299691968,
      "0.15": 29.84076450004022,
      "0.2": 31.65898166784828
    },
    "6": {
      "0.05": 25.23421023988668,
      "0.1": 27.810937987627195,
      "0.15": 29.840404538780064,
      "0.2": 31.65860206638061
    },
    "7": {
      "0.05": 25.23462183137544,
      "0.1": 27.811011146441725,
      "0.15": 29.840284531419954,
      "0.2": 31.658502455561816
    },
    "8": {
      "0.05": 25.23463205735767,
      "0.1": 27.811012683507837,
      "0.15": 29.84045145155765,
      "0.2": 31.65871751210643
    },
    "9": {
      "0.05": 25.234571586067712,
      "0.1": 27.810925604100376,
      "0.15": 29.840370167432297,
      "0.2": 31.658659397950135
    },
    "10": {
      "0.05": 25.234557791035154,
      "0.1": 27.810977154275925,
      "0.15": 29.840509220838964,
      "0.2": 31.65871801887056
    },
    "11": {
      "0.05": 25.23460329629834,
      "0.1": 27.81097289782071,
      "0.15": 29.840435093157872,
      "0.2": 31.65869187611154
    },
    "12": {
      "0.05": 25.23457487804324,
      "0.1": 27.81100306877252,
      "0.15": 29.840526795080464,
      "0.2": 31.658886833934126
    },
    "13": {
      "0.05": 25.234415679790242,
      "0.1": 27.810960649816437,
      "0.15": 29.840600846527558,
      "0.2": 31.65896414374981
    },
    "14": {
      "0.05": 25.234481440929244,
      "0.1": 27.810871392716617,
      "0.15": 29.840210048141415,
      "0.2": 31.658596684011705
    },
    "15": {
      "0.05": 25.23465602364879,
      "0.1": 27.811056435580568,
      "0.15": 29.84064913248826,
      "0.2": 31.658966311104624
    },
    "16": {
      "0.05": 25.2346304305941,
      "0.1": 27.811088448969535,
      "0.15": 29.840657937403517,
      "0.2": 31.659030008546758
    },
    "42": {
      "0.05": 25.234572580681498,
      "0.1": 27.81104646266049,
      "0.15": 29.84046180163999,
      "0.2": 31.658525722977473
    }
  },
  "agg": {
    "0.05": {
      "mean": 25.226,
      "std": 0.033,
      "min": 25.093,
      "max": 25.235,
      "n": 17
    },
    "0.1": {
      "mean": 27.797,
      "std": 0.056,
      "min": 27.572,
      "max": 27.811,
      "n": 17
    },
    "0.15": {
      "mean": 29.822,
      "std": 0.073,
      "min": 29.532,
      "max": 29.841,
      "n": 17
    },
    "0.2": {
      "mean": 31.637,
      "std": 0.086,
      "min": 31.292,
      "max": 31.659,
      "n": 17
    }
  }
}