{
  "mera_progressive_k4": {
    "metrics": {
      "0.05": {
        "mean_mse": 0.0037995205785826165,
        "std_mse": 0.0023438281679281697,
        "mean_psnr": 25.280325043929547,
        "std_psnr": 3.405459639696581,
        "mean_ssim": 0.7252686599239979,
        "std_ssim": 0.07807677038819792,
        "nan_count": 0
      },
      "0.1": {
        "mean_mse": 0.0021273869492798515,
        "std_mse": 0.0013974035307811133,
        "mean_psnr": 27.975342236897212,
        "std_psnr": 3.7805718197832348,
        "mean_ssim": 0.8260822611854466,
        "std_ssim": 0.058381818705518604,
        "nan_count": 0
      },
      "0.15": {
        "mean_mse": 0.0013543698512604842,
        "std_mse": 0.0009356357741236177,
        "mean_psnr": 30.085262840332557,
        "std_psnr": 4.083727466055753,
        "mean_ssim": 0.8790313723596692,
        "std_ssim": 0.045247905569166885,
        "nan_count": 0
      },
      "0.2": {
        "mean_mse": 0.0009058183143736452,
        "std_mse": 0.0006549488737878789,
        "mean_psnr": 31.970173826798113,
        "std_psnr": 4.342602865873902,
        "mean_ssim": 0.9123839934818458,
        "std_ssim": 0.03563870028021608,
        "nan_count": 0
      }
    },
    "time": 275.721069522202,
    "_pdft_py": {
      "family": "mera",
      "stage_k": 4,
      "n_trainable": 20,
      "block_size": 16,
      "steps": 1008,
      "epochs_completed": 112,
      "device": "cuda:0",
      "n_test": 50
    }
  }
}