{
  "mera_u4": {
    "metrics": {
      "0.05": {
        "mean_mse": 0.0031737021753194283,
        "std_mse": 0.0020768380492885447,
        "mean_psnr": 26.181377148384094,
        "std_psnr": 3.6148957490418296,
        "mean_ssim": 0.7561828622910934,
        "std_ssim": 0.07774143875717476,
        "nan_count": 0
      },
      "0.1": {
        "mean_mse": 0.0017268331491469271,
        "std_mse": 0.0012111243688839853,
        "mean_psnr": 29.019361917549986,
        "std_psnr": 4.014967037084521,
        "mean_ssim": 0.8509640643960641,
        "std_ssim": 0.056175450601728814,
        "nan_count": 0
      },
      "0.15": {
        "mean_mse": 0.0010757930901598655,
        "std_mse": 0.000794690013586327,
        "mean_psnr": 31.228274132357086,
        "std_psnr": 4.311001161189244,
        "mean_ssim": 0.898427523893497,
        "std_ssim": 0.04259525965218057,
        "nan_count": 0
      },
      "0.2": {
        "mean_mse": 0.0007061666016517832,
        "std_mse": 0.000546304641477372,
        "mean_psnr": 33.19653469799035,
        "std_psnr": 4.553781294827794,
        "mean_ssim": 0.9280171064302158,
        "std_ssim": 0.03276412012417271,
        "nan_count": 0
      }
    },
    "time": 435.24296735040843,
    "_pdft_py": {
      "warmup_s": 8.766401264816523,
      "device": "cuda:0",
      "epochs_completed": 112,
      "steps": 1008,
      "n_test": 50,
      "eval_failed_count": {
        "0.05": 0,
        "0.1": 0,
        "0.15": 0,
        "0.2": 0
      }
    }
  }
}