{
  "entangled_qft_progressive_k3": {
    "metrics": {
      "0.05": {
        "mean_mse": 0.000911001820036001,
        "std_mse": 0.0007858379572121965,
        "mean_psnr": 33.54879152740782,
        "std_psnr": 7.825409215883454,
        "mean_ssim": 0.9775268402475784,
        "std_ssim": 0.01578051402771468,
        "nan_count": 0
      },
      "0.1": {
        "mean_mse": 0.0001262164471739678,
        "std_mse": 0.0001666437310949149,
        "mean_psnr": 48.007484127818294,
        "std_psnr": 14.178002342746135,
        "mean_ssim": 0.9950005511376752,
        "std_ssim": 0.005713933383529355,
        "nan_count": 0
      },
      "0.15": {
        "mean_mse": 1.5957322617609365e-05,
        "std_mse": 2.9457499184982083e-05,
        "mean_psnr": 64.75899910327117,
        "std_psnr": 18.69732790112614,
        "mean_ssim": 0.9991449429112005,
        "std_ssim": 0.0014111864198072263,
        "nan_count": 0
      },
      "0.2": {
        "mean_mse": 8.329409710424614e-07,
        "std_mse": 2.3321293729142754e-06,
        "mean_psnr": 85.38987406868345,
        "std_psnr": 29.704496071478985,
        "mean_ssim": 0.9999304785480879,
        "std_ssim": 0.0001519357724954707,
        "nan_count": 0
      }
    },
    "time": 197.09302470926195,
    "_pdft_py": {
      "family": "entangled_qft",
      "stage_k": 3,
      "n_trainable": 15,
      "block_size": 8,
      "steps": 1008,
      "epochs_completed": 112,
      "device": "cuda:0",
      "n_test": 50
    }
  }
}