{
  "qft_warmstart_blocked": {
    "metrics": {
      "0.05": {
        "mean_mse": 0.01760578190474269,
        "std_mse": 0.00851961089943186,
        "mean_psnr": 18.125274431574606,
        "std_psnr": 2.388131954301755,
        "mean_ssim": 0.8213336265041682,
        "std_ssim": 0.06031231382086532,
        "nan_count": 0
      },
      "0.1": {
        "mean_mse": 0.007066631780564302,
        "std_mse": 0.004348433151856649,
        "mean_psnr": 22.41308333529188,
        "std_psnr": 2.9835075723158857,
        "mean_ssim": 0.9116698959465042,
        "std_ssim": 0.03273958345207858,
        "nan_count": 0
      },
      "0.15": {
        "mean_mse": 0.003201191144882872,
        "std_mse": 0.002327787322995886,
        "mean_psnr": 26.22713001129679,
        "std_psnr": 3.584845222657308,
        "mean_ssim": 0.9513916478430048,
        "std_ssim": 0.02032989527188891,
        "nan_count": 0
      },
      "0.2": {
        "mean_mse": 0.0015229533349656636,
        "std_mse": 0.0013018060691470216,
        "mean_psnr": 30.062142004359742,
        "std_psnr": 4.51414247759179,
        "mean_ssim": 0.9704072419711604,
        "std_ssim": 0.013984155564486947,
        "nan_count": 0
      }
    },
    "time": 18.818093021400273,
    "_pdft_py": {
      "warmup_s": 5.174399275332689,
      "device": "cuda:0",
      "epochs_completed": 112,
      "steps": 1008,
      "n_test": 50,
      "eval_failed_count": {
        "0.05": 0,
        "0.1": 0,
        "0.15": 0,
        "0.2": 0
      },
      "warm_started_from": "results/quickdraw_pca_vs_block_dct/by_basis/blocked/trained_blocked.json",
      "warmstart_bit_exact_max_diff": 4.440892098500626e-16
    }
  }
}