{
  "entangled_qft_progressive_k3": {
    "metrics": {
      "0.05": {
        "mean_mse": 0.0038778757274682395,
        "std_mse": 0.002429801083410896,
        "mean_psnr": 25.184650712389754,
        "std_psnr": 3.348117793685969,
        "mean_ssim": 0.7138523024609778,
        "std_ssim": 0.07919712448269277,
        "nan_count": 0
      },
      "0.1": {
        "mean_mse": 0.0020782569793126996,
        "std_mse": 0.0013924532233094043,
        "mean_psnr": 28.08582025379484,
        "std_psnr": 3.7453053562982768,
        "mean_ssim": 0.8256628941769697,
        "std_ssim": 0.058389094146742614,
        "nan_count": 0
      },
      "0.15": {
        "mean_mse": 0.0012943735399845316,
        "std_mse": 0.0009115772814122676,
        "mean_psnr": 30.29657028210174,
        "std_psnr": 4.053974718223803,
        "mean_ssim": 0.8810587497670734,
        "std_ssim": 0.04486127599269163,
        "nan_count": 0
      },
      "0.2": {
        "mean_mse": 0.0008518742802122109,
        "std_mse": 0.0006275327935084001,
        "mean_psnr": 32.26050446706377,
        "std_psnr": 4.327999630139889,
        "mean_ssim": 0.9151642816036653,
        "std_ssim": 0.034963431267189274,
        "nan_count": 0
      }
    },
    "time": 200.5152568910271,
    "_pdft_py": {
      "family": "entangled_qft",
      "stage_k": 3,
      "n_trainable": 15,
      "block_size": 8,
      "steps": 1008,
      "epochs_completed": 112,
      "device": "cuda:0",
      "n_test": 50
    }
  }
}