{
  "qft_progressive_k4": {
    "metrics": {
      "0.05": {
        "mean_mse": 0.0037995267571035367,
        "std_mse": 0.0023438361082137545,
        "mean_psnr": 25.280321843684593,
        "std_psnr": 3.4054653876683028,
        "mean_ssim": 0.7252775064411711,
        "std_ssim": 0.0780770519722856,
        "nan_count": 0
      },
      "0.1": {
        "mean_mse": 0.0021273870180285293,
        "std_mse": 0.0013974058757987608,
        "mean_psnr": 27.97534776388011,
        "std_psnr": 3.780580900985393,
        "mean_ssim": 0.8260808515922079,
        "std_ssim": 0.05838106863543064,
        "nan_count": 0
      },
      "0.15": {
        "mean_mse": 0.0013543682706152016,
        "std_mse": 0.0009356328758151168,
        "mean_psnr": 30.085278064711066,
        "std_psnr": 4.0837600301489125,
        "mean_ssim": 0.8790310297055643,
        "std_ssim": 0.04524522226609054,
        "nan_count": 0
      },
      "0.2": {
        "mean_mse": 0.0009058207513727534,
        "std_mse": 0.0006549523905103192,
        "mean_psnr": 31.9701868935894,
        "std_psnr": 4.3426669303511005,
        "mean_ssim": 0.9123833520042204,
        "std_ssim": 0.03564012570136967,
        "nan_count": 0
      }
    },
    "time": 485.6751361787319,
    "_pdft_py": {
      "stage_k": 4,
      "n_trainable": 20,
      "n_frozen": 52,
      "inner_m": 4,
      "inner_n": 4,
      "block_size": 16,
      "steps": 1008,
      "epochs_completed": 112,
      "device": "cuda:0",
      "n_test": 50
    }
  }
}