{
  "qft": {
    "metrics": {
      "0.01": {
        "mean_mse": 0.008873194743816495,
        "std_mse": 0.004908681090662231,
        "mean_psnr": 21.335185279520964,
        "std_psnr": 2.857529366275542,
        "mean_ssim": 0.49812956195049857,
        "std_ssim": 0.10893657309804157,
        "nan_count": 0
      },
      "0.05": {
        "mean_mse": 0.0039357543702855545,
        "std_mse": 0.0023926047324315104,
        "mean_psnr": 25.093385737714165,
        "std_psnr": 3.3502267862247006,
        "mean_ssim": 0.7224511491139234,
        "std_ssim": 0.07813691474697376,
        "nan_count": 0
      },
      "0.1": {
        "mean_mse": 0.0023073114232309245,
        "std_mse": 0.0014882325600173274,
        "mean_psnr": 27.572027509642083,
        "std_psnr": 3.6993956362703773,
        "mean_ssim": 0.8172540108141159,
        "std_ssim": 0.059321996788757034,
        "nan_count": 0
      },
      "0.15": {
        "mean_mse": 0.0015142877755051143,
        "std_mse": 0.0010242603090712917,
        "mean_psnr": 29.532386676604098,
        "std_psnr": 3.976207044908874,
        "mean_ssim": 0.8688328579200187,
        "std_ssim": 0.04732950804337707,
        "nan_count": 0
      },
      "0.2": {
        "mean_mse": 0.0010378363352752204,
        "std_mse": 0.0007331755613036185,
        "mean_psnr": 31.293540664397387,
        "std_psnr": 4.209027656871716,
        "mean_ssim": 0.9025866052298928,
        "std_ssim": 0.03839076535124172,
        "nan_count": 0
      }
    },
    "time": 264.63504372164607,
    "_pdft_py": {
      "warmup_s": 12.934111906215549,
      "device": "cuda:0",
      "epochs_completed": 112,
      "steps": 1008,
      "n_test": 50,
      "eval_failed_count": {
        "0.01": 0,
        "0.05": 0,
        "0.1": 0,
        "0.15": 0,
        "0.2": 0
      }
    }
  }
}