{
  "real_rich_8": {
    "metrics": {
      "0.05": {
        "mean_mse": 0.003460442168126176,
        "std_mse": 0.002227439151388749,
        "mean_psnr": 25.748237194858852,
        "std_psnr": 3.4794836762754033,
        "mean_ssim": 0.7348544400095345,
        "std_ssim": 0.07875310760274855,
        "nan_count": 0
      },
      "0.1": {
        "mean_mse": 0.001780553285935042,
        "std_mse": 0.0012307692333725015,
        "mean_psnr": 28.83858858865417,
        "std_psnr": 3.9003202486065947,
        "mean_ssim": 0.845796981768822,
        "std_ssim": 0.05602790515319738,
        "nan_count": 0
      },
      "0.15": {
        "mean_mse": 0.0010843420085407925,
        "std_mse": 0.0007903911272327422,
        "mean_psnr": 31.15378630824921,
        "std_psnr": 4.212264785510393,
        "mean_ssim": 0.8975501453984035,
        "std_ssim": 0.04173542482818258,
        "nan_count": 0
      },
      "0.2": {
        "mean_mse": 0.0007018436850936106,
        "std_mse": 0.0005362521355537959,
        "mean_psnr": 33.19119736418365,
        "std_psnr": 4.472239552172269,
        "mean_ssim": 0.9283987747745515,
        "std_ssim": 0.03173993298681067,
        "nan_count": 0
      }
    },
    "time": 290.8400508891791,
    "_pdft_py": {
      "basis": "real_rich_8",
      "lam": 10.0,
      "regulariser": "L1InitAnchorMSELoss",
      "steps": 1008,
      "epochs_completed": 112,
      "device": "cuda:0",
      "n_test": 50
    }
  }
}