{
  "tebd_progressive_k2": {
    "metrics": {
      "0.05": {
        "mean_mse": 0.017633745647561084,
        "std_mse": 0.008513983528267332,
        "mean_psnr": 18.117245653147705,
        "std_psnr": 2.38731179317231,
        "mean_ssim": 0.8284293512682414,
        "std_ssim": 0.06062672729446959,
        "nan_count": 0
      },
      "0.1": {
        "mean_mse": 0.007089835208526295,
        "std_mse": 0.004353272900033121,
        "mean_psnr": 22.395879971099685,
        "std_psnr": 2.979424350879668,
        "mean_ssim": 0.9206354185961257,
        "std_ssim": 0.03186882813332978,
        "nan_count": 0
      },
      "0.15": {
        "mean_mse": 0.0032194281419203625,
        "std_mse": 0.002331537855576408,
        "mean_psnr": 26.188685853297162,
        "std_psnr": 3.560363360841268,
        "mean_ssim": 0.9606972751022075,
        "std_ssim": 0.02022162949870162,
        "nan_count": 0
      },
      "0.2": {
        "mean_mse": 0.001531274217157876,
        "std_mse": 0.0013072084259041167,
        "mean_psnr": 30.045918547396532,
        "std_psnr": 4.53759430684741,
        "mean_ssim": 0.9804065268523661,
        "std_ssim": 0.012492438234466087,
        "nan_count": 0
      }
    },
    "time": 10.049543905071914,
    "_pdft_py": {
      "family": "tebd",
      "stage_k": 2,
      "n_trainable": 8,
      "block_size": 4,
      "steps": 1008,
      "epochs_completed": 112,
      "device": "cuda:0",
      "n_test": 50
    }
  }
}