{
  "tebd_progressive_k7": {
    "metrics": {
      "0.05": {
        "mean_mse": 0.0018993649539918594,
        "std_mse": 0.0011553104790471575,
        "mean_psnr": 28.49471145719302,
        "std_psnr": 4.113597664624618,
        "mean_ssim": 0.9177083228422283,
        "std_ssim": 0.041259300004671144,
        "nan_count": 0
      },
      "0.1": {
        "mean_mse": 0.0007678454221861714,
        "std_mse": 0.0005608822023617836,
        "mean_psnr": 33.2186095074161,
        "std_psnr": 5.7046297016782175,
        "mean_ssim": 0.9458482901218717,
        "std_ssim": 0.03276043229559852,
        "nan_count": 0
      },
      "0.15": {
        "mean_mse": 0.00034399365006805463,
        "std_mse": 0.000295263750518852,
        "mean_psnr": 38.13555500430678,
        "std_psnr": 8.88291993596387,
        "mean_ssim": 0.9655728485771656,
        "std_ssim": 0.025748393370207484,
        "nan_count": 0
      },
      "0.2": {
        "mean_mse": 0.00015653251724113723,
        "std_mse": 0.00015775089763252987,
        "mean_psnr": 44.22003067269088,
        "std_psnr": 14.909562310444656,
        "mean_ssim": 0.9798900852589933,
        "std_ssim": 0.018544272876696254,
        "nan_count": 0
      }
    },
    "time": 473.003619463183,
    "_pdft_py": {
      "family": "tebd",
      "stage_k": 7,
      "n_trainable": 28,
      "block_size": 128,
      "steps": 1008,
      "epochs_completed": 112,
      "device": "cuda:0",
      "n_test": 50
    }
  }
}