{
  "entangled_qft_progressive_k7": {
    "metrics": {
      "0.05": {
        "mean_mse": 0.0018994053831049144,
        "std_mse": 0.0011552640987512182,
        "mean_psnr": 28.49442347170593,
        "std_psnr": 4.113218252548827,
        "mean_ssim": 0.9177195506565938,
        "std_ssim": 0.041267256995410256,
        "nan_count": 0
      },
      "0.1": {
        "mean_mse": 0.0007678568453027948,
        "std_mse": 0.0005608750966838628,
        "mean_psnr": 33.218846655414914,
        "std_psnr": 5.705747243977733,
        "mean_ssim": 0.945851033908829,
        "std_ssim": 0.03276206216094134,
        "nan_count": 0
      },
      "0.15": {
        "mean_mse": 0.00034401003326487985,
        "std_mse": 0.00029529450990397634,
        "mean_psnr": 38.13356242414523,
        "std_psnr": 8.872953179046291,
        "mean_ssim": 0.9655824008424169,
        "std_ssim": 0.025741407926421718,
        "nan_count": 0
      },
      "0.2": {
        "mean_mse": 0.00015653990355294717,
        "std_mse": 0.0001577472897003145,
        "mean_psnr": 44.22516905526322,
        "std_psnr": 14.841559857743295,
        "mean_ssim": 0.979893672104705,
        "std_ssim": 0.01854169480502972,
        "nan_count": 0
      }
    },
    "time": 479.99294374976307,
    "_pdft_py": {
      "family": "entangled_qft",
      "stage_k": 7,
      "n_trainable": 63,
      "block_size": 128,
      "steps": 1008,
      "epochs_completed": 112,
      "device": "cuda:0",
      "n_test": 50
    }
  }
}