{
  "mera": {
    "metrics": {
      "0.01": {
        "mean_mse": 0.008873118977666,
        "std_mse": 0.004908938425638022,
        "mean_psnr": 21.335367516768493,
        "std_psnr": 2.8578489327331957,
        "mean_ssim": 0.4981225726965885,
        "std_ssim": 0.10888812919856944,
        "nan_count": 0
      },
      "0.02": {
        "mean_mse": 0.00654003405243909,
        "std_mse": 0.00375686604339377,
        "mean_psnr": 22.747860475110283,
        "std_psnr": 3.0465441505501656,
        "mean_ssim": 0.5929516884496858,
        "std_ssim": 0.09815796872195375,
        "nan_count": 0
      },
      "0.05": {
        "mean_mse": 0.003935780743129787,
        "std_mse": 0.002392731872101064,
        "mean_psnr": 25.09348065734599,
        "std_psnr": 3.350451045590739,
        "mean_ssim": 0.7223752497695883,
        "std_ssim": 0.07814147128111108,
        "nan_count": 0
      },
      "0.1": {
        "mean_mse": 0.002307368937614207,
        "std_mse": 0.0014883541005739902,
        "mean_psnr": 27.572072683754627,
        "std_psnr": 3.699629595358716,
        "mean_ssim": 0.8172669724174922,
        "std_ssim": 0.05934025724701786,
        "nan_count": 0
      },
      "0.15": {
        "mean_mse": 0.0015143315351279255,
        "std_mse": 0.0010243331887121506,
        "mean_psnr": 29.53241425514386,
        "std_psnr": 3.9764030571799815,
        "mean_ssim": 0.8688226755780001,
        "std_ssim": 0.04733128375290174,
        "nan_count": 0
      },
      "0.2": {
        "mean_mse": 0.001037860864270322,
        "std_mse": 0.0007332043721327722,
        "mean_psnr": 31.293508411599106,
        "std_psnr": 4.209075775284709,
        "mean_ssim": 0.9025961729309011,
        "std_ssim": 0.038353043877238924,
        "nan_count": 0
      }
    },
    "seed": 98,
    "init": "family_random_basis",
    "objective": "top10pct_mse",
    "steps": 1008,
    "epochs_completed": 112,
    "elapsed_seconds": 297.1
  }
}