{
  "qft_progressive_k7": {
    "metrics": {
      "0.05": {
        "mean_mse": 0.0021678521540730144,
        "std_mse": 0.001330046980079036,
        "mean_psnr": 27.99441220363149,
        "std_psnr": 4.279382879558698,
        "mean_ssim": 0.9310685044771063,
        "std_ssim": 0.036156477475316945,
        "nan_count": 0
      },
      "0.1": {
        "mean_mse": 0.0008966692686277016,
        "std_mse": 0.0006718912854986491,
        "mean_psnr": 32.755794552042836,
        "std_psnr": 6.087282273295235,
        "mean_ssim": 0.9569143072158672,
        "std_ssim": 0.02710932064605074,
        "nan_count": 0
      },
      "0.15": {
        "mean_mse": 0.00041197668350100144,
        "std_mse": 0.00036094645680859194,
        "mean_psnr": 37.65222038472018,
        "std_psnr": 9.378977756114756,
        "mean_ssim": 0.9720946389245795,
        "std_ssim": 0.02102842064815053,
        "nan_count": 0
      },
      "0.2": {
        "mean_mse": 0.0001939281534517283,
        "std_mse": 0.00019753450206008773,
        "mean_psnr": 43.17547991132233,
        "std_psnr": 13.583529241475683,
        "mean_ssim": 0.9830960669332051,
        "std_ssim": 0.01546763751256058,
        "nan_count": 0
      }
    },
    "time": 471.39488272182643,
    "_pdft_py": {
      "family": "qft",
      "stage_k": 7,
      "n_trainable": 56,
      "block_size": 128,
      "steps": 1008,
      "epochs_completed": 112,
      "device": "cuda:0",
      "n_test": 50
    }
  }
}