{
  "entangled_qft_b4": {
    "metrics": {
      "0.01": {
        "mean_mse": 0.00909889405348774,
        "std_mse": 0.005085606067633075,
        "mean_psnr": 21.214523521208143,
        "std_psnr": 2.809247962111379,
        "mean_ssim": 0.48341767652213896,
        "std_ssim": 0.10880361806831815,
        "nan_count": 0
      },
      "0.02": {
        "mean_mse": 0.0065196279596412676,
        "std_mse": 0.003813807794231423,
        "mean_psnr": 22.76537089554336,
        "std_psnr": 3.0263176831578678,
        "mean_ssim": 0.5903751462963096,
        "std_ssim": 0.09732542661859836,
        "nan_count": 0
      },
      "0.05": {
        "mean_mse": 0.003825982025562536,
        "std_mse": 0.0023771064872451326,
        "mean_psnr": 25.234916566163168,
        "std_psnr": 3.3530414650190807,
        "mean_ssim": 0.7263640467409153,
        "std_ssim": 0.07765085833182725,
        "nan_count": 0
      },
      "0.1": {
        "mean_mse": 0.00219966597744752,
        "std_mse": 0.0014534697538208772,
        "mean_psnr": 27.811644470540934,
        "std_psnr": 3.7189790134065164,
        "mean_ssim": 0.8235030447423287,
        "std_ssim": 0.058824143404240775,
        "nan_count": 0
      },
      "0.15": {
        "mean_mse": 0.0014242357509254414,
        "std_mse": 0.0009882905808338116,
        "mean_psnr": 29.84141563995689,
        "std_psnr": 4.005309982601357,
        "mean_ssim": 0.8751981820397902,
        "std_ssim": 0.04626141879800013,
        "nan_count": 0
      },
      "0.2": {
        "mean_mse": 0.0009651582171304092,
        "std_mse": 0.0006995328341227141,
        "mean_psnr": 31.65964847616455,
        "std_psnr": 4.244955368316003,
        "mean_ssim": 0.9085180839838983,
        "std_ssim": 0.03689784535827781,
        "nan_count": 0
      }
    },
    "seed": 98,
    "init": "family_random_basis",
    "objective": "top10pct_mse",
    "steps": 1008,
    "epochs_completed": 112,
    "elapsed_seconds": 296.2
  }
}