{
  "tebd_progressive_k3": {
    "metrics": {
      "0.05": {
        "mean_mse": 0.003877868839951635,
        "std_mse": 0.0024298050805665436,
        "mean_psnr": 25.18469804286808,
        "std_psnr": 3.348247479719129,
        "mean_ssim": 0.7138469139029405,
        "std_ssim": 0.07921276391320367,
        "nan_count": 0
      },
      "0.1": {
        "mean_mse": 0.0020782447580110245,
        "std_mse": 0.0013924509195939226,
        "mean_psnr": 28.08589749113774,
        "std_psnr": 3.745442748033095,
        "mean_ssim": 0.8256718678399754,
        "std_ssim": 0.05839111436534303,
        "nan_count": 0
      },
      "0.15": {
        "mean_mse": 0.0012943711367545312,
        "std_mse": 0.0009115678105088068,
        "mean_psnr": 30.296751288302303,
        "std_psnr": 4.054453007819354,
        "mean_ssim": 0.8810658883818114,
        "std_ssim": 0.04485456179280324,
        "nan_count": 0
      },
      "0.2": {
        "mean_mse": 0.0008518729699014093,
        "std_mse": 0.0006275262549475104,
        "mean_psnr": 32.26074084554354,
        "std_psnr": 4.328607302998588,
        "mean_ssim": 0.9151745625897598,
        "std_ssim": 0.03495082984481913,
        "nan_count": 0
      }
    },
    "time": 233.6600391259417,
    "_pdft_py": {
      "family": "tebd",
      "stage_k": 3,
      "n_trainable": 12,
      "block_size": 8,
      "steps": 1008,
      "epochs_completed": 112,
      "device": "cuda:0",
      "n_test": 50
    }
  }
}