{
  "qft_identity_reg": {
    "metrics": {
      "0.05": {
        "mean_mse": 0.003877641200779799,
        "std_mse": 0.0024297298627176506,
        "mean_psnr": 25.184973523447365,
        "std_psnr": 3.348238726531146,
        "mean_ssim": 0.7139919006748802,
        "std_ssim": 0.07910330761011708,
        "nan_count": 0
      },
      "0.1": {
        "mean_mse": 0.002078235822949251,
        "std_mse": 0.001392479469973507,
        "mean_psnr": 28.086052129631945,
        "std_psnr": 3.7457678086249433,
        "mean_ssim": 0.825736903898114,
        "std_ssim": 0.05834058048436461,
        "nan_count": 0
      },
      "0.15": {
        "mean_mse": 0.0012943707003764495,
        "std_mse": 0.0009115807161664645,
        "mean_psnr": 30.296743948416573,
        "std_psnr": 4.054401807640379,
        "mean_ssim": 0.8810709958702051,
        "std_ssim": 0.04482602125958512,
        "nan_count": 0
      },
      "0.2": {
        "mean_mse": 0.0008518751752614853,
        "std_mse": 0.0006274903671613682,
        "mean_psnr": 32.26046563773227,
        "std_psnr": 4.328041456677005,
        "mean_ssim": 0.9151652929494668,
        "std_ssim": 0.034902330045736056,
        "nan_count": 0
      }
    },
    "time": 562.1837962325662,
    "_pdft_py": {
      "lam": 1.0,
      "outer_weight": 10.0,
      "inner_m": 3,
      "inner_n": 3,
      "steps": 1008,
      "epochs_completed": 112,
      "device": "cuda:0",
      "n_test": 50
    }
  }
}