basis,keep_ratio,mean,std
block_dct_8,0.05,17.19585076084046,1.9090981565443914
block_dct_8,0.1,20.699906774713728,2.527791187320875
block_dct_8,0.15,23.723369498608257,3.1050812071195955
block_dct_8,0.2,26.62861959968122,3.727185718291822
block_dct_8_rank,0.05,13.504686779540355,1.1210175217545826
block_dct_8_rank,0.1,14.814757991107337,1.207297807412328
block_dct_8_rank,0.15,15.779591723022982,1.1579630699457615
block_dct_8_rank,0.2,16.96845405957854,1.326870356291824
block_fft_8,0.05,15.968997800523105,1.6803219507169747
block_fft_8,0.1,18.742256507411373,2.151826076701955
block_fft_8,0.15,21.08764326732091,2.6548420395382526
block_fft_8,0.2,23.343528413483696,3.254975391770049
block_pca_8,0.05,16.95323229525189,1.6792294359070863
block_pca_8,0.1,20.461709443076597,2.2385029396234604
block_pca_8,0.15,23.340759414419903,2.703289793409857
block_pca_8,0.2,25.952415996420356,3.0475921803212307
block_pca_8_rank,0.05,13.595417128398587,1.0985422129048266
block_pca_8_rank,0.1,14.94766734684618,1.209456678680764
block_pca_8_rank,0.15,16.115923703931188,1.25680756273016
block_pca_8_rank,0.2,17.15649040987778,1.339317926643863
dct,0.05,16.13068743812232,1.2494509758016845
dct,0.1,18.44494869657143,1.3085204745097352
dct,0.15,20.32560731855238,1.3525615935587376
dct,0.2,22.031770660900882,1.383940092017235
dct_rank,0.05,13.839324341196031,1.177103128720043
dct_rank,0.1,15.2397516558456,1.184744407386848
dct_rank,0.15,16.486346527024317,1.2383414894191764
dct_rank,0.2,17.63383680700021,1.271357394057392
entangled_qft,0.05,16.71723637946462,1.9093018750160868
entangled_qft,0.1,19.57784452634248,2.2993123821474124
entangled_qft,0.15,22.049153725515307,2.658116274087382
entangled_qft,0.2,24.353309704311922,3.087310393683197
fft,0.05,15.263047770706557,1.1784232474412315
fft,0.1,17.31506905880222,1.2545186780668045
fft,0.15,19.011382267497915,1.3245321683424092
fft,0.2,20.561865354049814,1.3924862981054622
pca,0.05,17.782318380810818,1.5118320331732504
pca,0.1,20.694785851284358,1.6499196591767875
pca,0.15,23.11877828724281,1.764412691495074
pca,0.2,25.29927806207386,1.8331200404720522
pca_rank,0.05,15.556156800478949,1.3926242213107312
pca_rank,0.1,17.56859342567616,1.541895991962547
pca_rank,0.15,19.383657143644893,1.7347523111966212
pca_rank,0.2,20.989712228478687,1.7979809842033894
