basis,time_s,warmup_s
block_dct_8,0.06263364758342505,NaN
block_fft_8,0.07328236196190119,NaN
dct,0.05728357844054699,NaN
entangled_qft,11.76256142091006,4.412976045161486
fft,0.0783235365524888,NaN
