{
  "tebd_progressive_k5": {
    "metrics": {
      "0.05": {
        "mean_mse": 0.0038259819541031446,
        "std_mse": 0.002377050523814126,
        "mean_psnr": 25.234788657439303,
        "std_psnr": 3.352715458738328,
        "mean_ssim": 0.7263718731217987,
        "std_ssim": 0.07765722047742317,
        "nan_count": 0
      },
      "0.1": {
        "mean_mse": 0.002199678290331421,
        "std_mse": 0.001453498601046968,
        "mean_psnr": 27.811544081805533,
        "std_psnr": 3.7188109926778137,
        "mean_ssim": 0.823510253580524,
        "std_ssim": 0.05880115265136407,
        "nan_count": 0
      },
      "0.15": {
        "mean_mse": 0.0014242709097547959,
        "std_mse": 0.0009883079685592824,
        "mean_psnr": 29.841217473258524,
        "std_psnr": 4.0051519701015055,
        "mean_ssim": 0.8751663428958274,
        "std_ssim": 0.04625745766154598,
        "nan_count": 0
      },
      "0.2": {
        "mean_mse": 0.0009651560882318381,
        "std_mse": 0.0006995251377355403,
        "mean_psnr": 31.659539564045716,
        "std_psnr": 4.244740345499752,
        "mean_ssim": 0.908508958425622,
        "std_ssim": 0.036895915318667885,
        "nan_count": 0
      }
    },
    "time": 351.40472195576876,
    "_pdft_py": {
      "family": "tebd",
      "stage_k": 5,
      "n_trainable": 20,
      "block_size": 32,
      "steps": 1008,
      "epochs_completed": 112,
      "device": "cuda:0",
      "n_test": 50
    }
  }
}