{
  "real_rich_16": {
    "metrics": {
      "0.05": {
        "mean_mse": 0.0030827675232124774,
        "std_mse": 0.0020279791354717177,
        "mean_psnr": 26.31988428460967,
        "std_psnr": 3.6377822659487173,
        "mean_ssim": 0.7598893148515244,
        "std_ssim": 0.07702125104475105,
        "nan_count": 0
      },
      "0.1": {
        "mean_mse": 0.001666516151596926,
        "std_mse": 0.0011749919581864352,
        "mean_psnr": 29.187563085692517,
        "std_psnr": 4.043490110848793,
        "mean_ssim": 0.853962158484466,
        "std_ssim": 0.05559724063782466,
        "nan_count": 0
      },
      "0.15": {
        "mean_mse": 0.0010353962328195632,
        "std_mse": 0.0007702962870930169,
        "mean_psnr": 31.412613165164256,
        "std_psnr": 4.344822713125759,
        "mean_ssim": 0.9012194578269243,
        "std_ssim": 0.041976576603250486,
        "nan_count": 0
      },
      "0.2": {
        "mean_mse": 0.0006796623790966136,
        "std_mse": 0.0005303608543386694,
        "mean_psnr": 33.38619035872748,
        "std_psnr": 4.592308655078563,
        "mean_ssim": 0.9299036281060171,
        "std_ssim": 0.032473856017719474,
        "nan_count": 0
      }
    },
    "time": 252.10898958332837,
    "_pdft_py": {
      "warmup_s": 1.3156391996890306,
      "device": "cuda:0",
      "epochs_completed": 112,
      "steps": 1008,
      "n_test": 50,
      "eval_failed_count": {
        "0.05": 0,
        "0.1": 0,
        "0.15": 0,
        "0.2": 0
      }
    }
  }
}