{
  "rich_progressive_k4": {
    "metrics": {
      "0.05": {
        "mean_mse": 0.001211689894897399,
        "std_mse": 0.0009586270074021877,
        "mean_psnr": 31.629956738784244,
        "std_psnr": 6.420605493946365,
        "mean_ssim": 0.9510972676574742,
        "std_ssim": 0.028606374057411926,
        "nan_count": 0
      },
      "0.1": {
        "mean_mse": 0.00023223597907921323,
        "std_mse": 0.0002592765041847459,
        "mean_psnr": 41.813498920696986,
        "std_psnr": 10.386938876573558,
        "mean_ssim": 0.9821693794599986,
        "std_ssim": 0.015749985570551666,
        "nan_count": 0
      },
      "0.15": {
        "mean_mse": 5.00450984463648e-05,
        "std_mse": 7.099037115081742e-05,
        "mean_psnr": 52.244024980860665,
        "std_psnr": 12.650718058172306,
        "mean_ssim": 0.9939736214679623,
        "std_ssim": 0.007469116335666354,
        "nan_count": 0
      },
      "0.2": {
        "mean_mse": 9.278469766428092e-06,
        "std_mse": 1.649442595169412e-05,
        "mean_psnr": 62.6265346215262,
        "std_psnr": 13.449732420945095,
        "mean_ssim": 0.9984429188422966,
        "std_ssim": 0.0024866163674732017,
        "nan_count": 0
      }
    },
    "time": 443.67382910475135,
    "_pdft_py": {
      "family": "rich",
      "stage_k": 4,
      "n_trainable": 20,
      "block_size": 16,
      "steps": 1008,
      "epochs_completed": 112,
      "device": "cuda:0",
      "n_test": 50
    }
  }
}