{
  "entangled_qft_progressive_k5": {
    "metrics": {
      "0.05": {
        "mean_mse": 0.023256478314532675,
        "std_mse": 0.009343603467481996,
        "mean_psnr": 16.722355815112845,
        "std_psnr": 1.9065443800706439,
        "mean_ssim": 0.6929279345140756,
        "std_ssim": 0.08476502002637816,
        "nan_count": 0
      },
      "0.1": {
        "mean_mse": 0.012493598402286145,
        "std_mse": 0.00592077500053895,
        "mean_psnr": 19.585592411631513,
        "std_psnr": 2.299311722155851,
        "mean_ssim": 0.7970312779137876,
        "std_ssim": 0.05846304359900806,
        "nan_count": 0
      },
      "0.15": {
        "mean_mse": 0.007375572593278463,
        "std_mse": 0.003961599855290266,
        "mean_psnr": 22.05136670328961,
        "std_psnr": 2.661679979264838,
        "mean_ssim": 0.839247962100183,
        "std_ssim": 0.045018622392297265,
        "nan_count": 0
      },
      "0.2": {
        "mean_mse": 0.004577355775712358,
        "std_mse": 0.002765099191433759,
        "mean_psnr": 24.35449074216192,
        "std_psnr": 3.086191507664385,
        "mean_ssim": 0.8725623960619154,
        "std_ssim": 0.046574169332043884,
        "nan_count": 0
      }
    },
    "time": 18.637391349300742,
    "_pdft_py": {
      "family": "entangled_qft",
      "stage_k": 5,
      "n_trainable": 35,
      "block_size": 32,
      "steps": 1008,
      "epochs_completed": 112,
      "device": "cuda:0",
      "n_test": 50
    }
  }
}