{
  "tebd_progressive_k3": {
    "metrics": {
      "0.05": {
        "mean_mse": 0.0038778605089750495,
        "std_mse": 0.0024298102360265045,
        "mean_psnr": 25.184704314826316,
        "std_psnr": 3.348230054692051,
        "mean_ssim": 0.7138460461797967,
        "std_ssim": 0.07921804022562935,
        "nan_count": 0
      },
      "0.1": {
        "mean_mse": 0.0020782431565399186,
        "std_mse": 0.0013924549051293413,
        "mean_psnr": 28.085931493024646,
        "std_psnr": 3.745523837527148,
        "mean_ssim": 0.8256740852427339,
        "std_ssim": 0.05839188624754209,
        "nan_count": 0
      },
      "0.15": {
        "mean_mse": 0.001294371048632906,
        "std_mse": 0.0009115774267177175,
        "mean_psnr": 30.296780139747856,
        "std_psnr": 4.054513877890953,
        "mean_ssim": 0.8810546072449421,
        "std_ssim": 0.04485515900080644,
        "nan_count": 0
      },
      "0.2": {
        "mean_mse": 0.0008518700956673475,
        "std_mse": 0.0006275257040691468,
        "mean_psnr": 32.26074548814058,
        "std_psnr": 4.328570763213657,
        "mean_ssim": 0.9151674729557895,
        "std_ssim": 0.034955725410266286,
        "nan_count": 0
      }
    },
    "time": 229.4932361608371,
    "_pdft_py": {
      "family": "tebd",
      "stage_k": 3,
      "n_trainable": 12,
      "block_size": 8,
      "steps": 1008,
      "epochs_completed": 112,
      "device": "cuda:0",
      "n_test": 50
    }
  }
}