{
  "tebd_u4": {
    "metrics": {
      "0.05": {
        "mean_mse": 0.00322667703186681,
        "std_mse": 0.0020877651156835713,
        "mean_psnr": 26.104240821218774,
        "std_psnr": 3.626489785437564,
        "mean_ssim": 0.7496767470318728,
        "std_ssim": 0.07900407397379089,
        "nan_count": 0
      },
      "0.1": {
        "mean_mse": 0.001710762532399986,
        "std_mse": 0.0011874839639249418,
        "mean_psnr": 29.04882417400932,
        "std_psnr": 4.017211563302575,
        "mean_ssim": 0.8500456442495572,
        "std_ssim": 0.056377586195589496,
        "nan_count": 0
      },
      "0.15": {
        "mean_mse": 0.0010508753621666295,
        "std_mse": 0.0007710346146910256,
        "mean_psnr": 31.321910700943807,
        "std_psnr": 4.315462061313923,
        "mean_ssim": 0.8993904680155229,
        "std_ssim": 0.04218323699653,
        "nan_count": 0
      },
      "0.2": {
        "mean_mse": 0.0006827537643575277,
        "std_mse": 0.0005257450860588725,
        "mean_psnr": 33.33811755492204,
        "std_psnr": 4.559812595751996,
        "mean_ssim": 0.9292178275089694,
        "std_ssim": 0.03228780478731921,
        "nan_count": 0
      }
    },
    "time": 357.92954372800887,
    "_pdft_py": {
      "warmup_s": 6.871921623125672,
      "device": "cuda:0",
      "epochs_completed": 112,
      "steps": 1008,
      "n_test": 50,
      "eval_failed_count": {
        "0.05": 0,
        "0.1": 0,
        "0.15": 0,
        "0.2": 0
      }
    }
  }
}