{
  "qft_progressive_k8": {
    "metrics": {
      "0.05": {
        "mean_mse": 0.003825984591440362,
        "std_mse": 0.002377058704566432,
        "mean_psnr": 25.234817400980763,
        "std_psnr": 3.3528089200255056,
        "mean_ssim": 0.726377581905055,
        "std_ssim": 0.07763069717223678,
        "nan_count": 0
      },
      "0.1": {
        "mean_mse": 0.002199700584144543,
        "std_mse": 0.0014534938680405335,
        "mean_psnr": 27.811533111040923,
        "std_psnr": 3.7189466222670227,
        "mean_ssim": 0.8235085637019987,
        "std_ssim": 0.05879412386003408,
        "nan_count": 0
      },
      "0.15": {
        "mean_mse": 0.0014242721860275704,
        "std_mse": 0.0009883089414869618,
        "mean_psnr": 29.841259016871525,
        "std_psnr": 4.0052408049325745,
        "mean_ssim": 0.8751816944393634,
        "std_ssim": 0.04627031486691229,
        "nan_count": 0
      },
      "0.2": {
        "mean_mse": 0.0009651648403238692,
        "std_mse": 0.0006995132942202654,
        "mean_psnr": 31.6594903345831,
        "std_psnr": 4.2447624026294335,
        "mean_ssim": 0.9084877838062144,
        "std_ssim": 0.036891292071083555,
        "nan_count": 0
      }
    },
    "time": 544.0267447447404,
    "_pdft_py": {
      "stage_k": 8,
      "n_trainable": 72,
      "block_size": 256,
      "steps": 1008,
      "epochs_completed": 112,
      "device": "cuda:0",
      "n_test": 50
    }
  }
}