{
  "tebd_progressive_k4": {
    "metrics": {
      "0.05": {
        "mean_mse": 0.003825988454237408,
        "std_mse": 0.002377061066380703,
        "mean_psnr": 25.234776668022704,
        "std_psnr": 3.3526962991356655,
        "mean_ssim": 0.7263875204348502,
        "std_ssim": 0.07763749342796325,
        "nan_count": 0
      },
      "0.1": {
        "mean_mse": 0.00219967281956463,
        "std_mse": 0.0014534772437853221,
        "mean_psnr": 27.811541070117414,
        "std_psnr": 3.7188007330130937,
        "mean_ssim": 0.8234983375434212,
        "std_ssim": 0.05880819597640726,
        "nan_count": 0
      },
      "0.15": {
        "mean_mse": 0.0014242591218070447,
        "std_mse": 0.000988294980046181,
        "mean_psnr": 29.841222903721036,
        "std_psnr": 4.005090967349268,
        "mean_ssim": 0.8751687944668401,
        "std_ssim": 0.04625345597751107,
        "nan_count": 0
      },
      "0.2": {
        "mean_mse": 0.0009651575477770166,
        "std_mse": 0.0006995300825081369,
        "mean_psnr": 31.65952767269168,
        "std_psnr": 4.244725333437489,
        "mean_ssim": 0.9085011860026264,
        "std_ssim": 0.036890080791263116,
        "nan_count": 0
      }
    },
    "time": 272.28573259338737,
    "_pdft_py": {
      "family": "tebd",
      "stage_k": 4,
      "n_trainable": 16,
      "block_size": 16,
      "steps": 1008,
      "epochs_completed": 112,
      "device": "cuda:0",
      "n_test": 50
    }
  }
}