{
  "qft_progressive_k2": {
    "metrics": {
      "0.05": {
        "mean_mse": 0.01969321125411582,
        "std_mse": 0.010697278936033533,
        "mean_psnr": 17.77855049030649,
        "std_psnr": 2.65809718605945,
        "mean_ssim": 0.8243006746392072,
        "std_ssim": 0.07718902617086677,
        "nan_count": 0
      },
      "0.1": {
        "mean_mse": 0.007086766864036848,
        "std_mse": 0.004919778300516702,
        "mean_psnr": 22.696038445524685,
        "std_psnr": 3.5037646895666423,
        "mean_ssim": 0.9323167597710631,
        "std_ssim": 0.03587793088260152,
        "nan_count": 0
      },
      "0.15": {
        "mean_mse": 0.0028170171070577505,
        "std_mse": 0.0024503422551721147,
        "mean_psnr": 27.500651812017527,
        "std_psnr": 4.760229468706396,
        "mean_ssim": 0.9709629944465727,
        "std_ssim": 0.01926243124782469,
        "nan_count": 0
      },
      "0.2": {
        "mean_mse": 0.001137710604959149,
        "std_mse": 0.001229949579708834,
        "mean_psnr": 33.412794105426464,
        "std_psnr": 7.959600347221223,
        "mean_ssim": 0.9869214561461476,
        "std_ssim": 0.011281945444295614,
        "nan_count": 0
      }
    },
    "time": 9.283481265418231,
    "_pdft_py": {
      "family": "qft",
      "stage_k": 2,
      "n_trainable": 6,
      "block_size": 4,
      "steps": 1008,
      "epochs_completed": 112,
      "device": "cuda:0",
      "n_test": 50
    }
  }
}