{
  "rich_b4": {
    "metrics": {
      "0.01": {
        "mean_mse": 0.05493977916032148,
        "std_mse": 0.012560672481303018,
        "mean_psnr": 12.718833418259633,
        "std_psnr": 1.0245804439820827,
        "mean_ssim": 0.4365700183865117,
        "std_ssim": 0.10583148808402251,
        "nan_count": 0
      },
      "0.02": {
        "mean_mse": 0.0386750195768279,
        "std_mse": 0.010703689437253033,
        "mean_psnr": 14.296091800223769,
        "std_psnr": 1.2308912723287864,
        "mean_ssim": 0.5788692771587991,
        "std_ssim": 0.09767041764754994,
        "nan_count": 0
      },
      "0.05": {
        "mean_mse": 0.017864147531184628,
        "std_mse": 0.006538782990315539,
        "mean_psnr": 17.78222398063754,
        "std_psnr": 1.6476219119209403,
        "mean_ssim": 0.7793824661220455,
        "std_ssim": 0.04841839734074438,
        "nan_count": 0
      },
      "0.1": {
        "mean_mse": 0.006629115257060326,
        "std_mse": 0.003183481365737486,
        "mean_psnr": 22.33829541929431,
        "std_psnr": 2.2905781139778045,
        "mean_ssim": 0.8867373110674399,
        "std_ssim": 0.024670456056884334,
        "nan_count": 0
      },
      "0.15": {
        "mean_mse": 0.0027945800197924837,
        "std_mse": 0.0016889058827244923,
        "mean_psnr": 26.41408823832756,
        "std_psnr": 2.938900457555792,
        "mean_ssim": 0.9265212308202136,
        "std_ssim": 0.01831650547264785,
        "nan_count": 0
      },
      "0.2": {
        "mean_mse": 0.001251928787141623,
        "std_mse": 0.0009170192128134627,
        "mean_psnr": 30.2810339350403,
        "std_psnr": 3.5627049518716993,
        "mean_ssim": 0.9505350146658677,
        "std_ssim": 0.013924282126138688,
        "nan_count": 0
      }
    },
    "seed": 98,
    "init": "family_random_basis",
    "objective": "top10pct_mse",
    "steps": 1008,
    "epochs_completed": 112,
    "elapsed_seconds": 40.6
  }
}