{
  "tebd_progressive_k6": {
    "metrics": {
      "0.05": {
        "mean_mse": 0.003825976939579514,
        "std_mse": 0.002377046379781976,
        "mean_psnr": 25.234805996523477,
        "std_psnr": 3.352744635457999,
        "mean_ssim": 0.726377091429976,
        "std_ssim": 0.07764201833419389,
        "nan_count": 0
      },
      "0.1": {
        "mean_mse": 0.002199682892443247,
        "std_mse": 0.0014534920430196146,
        "mean_psnr": 27.811540034490964,
        "std_psnr": 3.718837577308938,
        "mean_ssim": 0.823504529101956,
        "std_ssim": 0.0588089380851604,
        "nan_count": 0
      },
      "0.15": {
        "mean_mse": 0.0014242781202031766,
        "std_mse": 0.0009883159855900256,
        "mean_psnr": 29.841217223004286,
        "std_psnr": 4.005171545278942,
        "mean_ssim": 0.8751722154169655,
        "std_ssim": 0.04625674995687014,
        "nan_count": 0
      },
      "0.2": {
        "mean_mse": 0.0009651490995699117,
        "std_mse": 0.0006995040359618791,
        "mean_psnr": 31.65955182316583,
        "std_psnr": 4.244727113118617,
        "mean_ssim": 0.9084937963635731,
        "std_ssim": 0.03689709348991939,
        "nan_count": 0
      }
    },
    "time": 424.7858820827678,
    "_pdft_py": {
      "family": "tebd",
      "stage_k": 6,
      "n_trainable": 24,
      "block_size": 64,
      "steps": 1008,
      "epochs_completed": 112,
      "device": "cuda:0",
      "n_test": 50
    }
  }
}