{
  "tebd_progressive_k8": {
    "metrics": {
      "0.05": {
        "mean_mse": 0.0024180601742848345,
        "std_mse": 0.0013381517302134,
        "mean_psnr": 27.14556759547493,
        "std_psnr": 3.417889351429785,
        "mean_ssim": 0.8892014860928849,
        "std_ssim": 0.049530367363302776,
        "nan_count": 0
      },
      "0.1": {
        "mean_mse": 0.0011363158522543666,
        "std_mse": 0.0007401202875314499,
        "mean_psnr": 30.90308875433517,
        "std_psnr": 4.376322036535239,
        "mean_ssim": 0.9188603202206552,
        "std_ssim": 0.04278402190376575,
        "nan_count": 0
      },
      "0.15": {
        "mean_mse": 0.0005914978331298579,
        "std_mse": 0.00044118703382542505,
        "mean_psnr": 34.34183431813838,
        "std_psnr": 5.547721597006818,
        "mean_ssim": 0.9410167022872133,
        "std_ssim": 0.03640370119946166,
        "nan_count": 0
      },
      "0.2": {
        "mean_mse": 0.0003181110851613513,
        "std_mse": 0.00027180851281645153,
        "mean_psnr": 38.093421345969766,
        "std_psnr": 7.7978716585656125,
        "mean_ssim": 0.9588742759402876,
        "std_ssim": 0.030088128129522784,
        "nan_count": 0
      }
    },
    "time": 537.159426311031,
    "_pdft_py": {
      "family": "tebd",
      "stage_k": 8,
      "n_trainable": 32,
      "block_size": 256,
      "steps": 1008,
      "epochs_completed": 112,
      "device": "cuda:0",
      "n_test": 50
    }
  }
}