{
  "qft_topk05": {
    "metrics": {
      "0.05": {
        "mean_mse": 0.00406747899697668,
        "std_mse": 0.002445236122199836,
        "mean_psnr": 24.91244318432228,
        "std_psnr": 3.269193094378359,
        "mean_ssim": 0.7155907184385704,
        "std_ssim": 0.077169661427641,
        "nan_count": 0
      },
      "0.1": {
        "mean_mse": 0.0024194753283663588,
        "std_mse": 0.0015341516409843623,
        "mean_psnr": 27.304371714429852,
        "std_psnr": 3.5662287699073074,
        "mean_ssim": 0.8100549564752552,
        "std_ssim": 0.059178520411956516,
        "nan_count": 0
      },
      "0.15": {
        "mean_mse": 0.00160526933135676,
        "std_mse": 0.0010636002294084112,
        "mean_psnr": 29.201041234868626,
        "std_psnr": 3.8107741757433096,
        "mean_ssim": 0.8618226990453087,
        "std_ssim": 0.04762523749539118,
        "nan_count": 0
      },
      "0.2": {
        "mean_mse": 0.0011106688232057351,
        "std_mse": 0.0007665235106869774,
        "mean_psnr": 30.906425741264776,
        "std_psnr": 4.020290532087679,
        "mean_ssim": 0.8962727059707808,
        "std_ssim": 0.03916887496972623,
        "nan_count": 0
      }
    },
    "time": 577.7618609750643,
    "_pdft_py": {
      "train_ratio": 0.05,
      "train_k": 3277,
      "steps": 1008,
      "epochs_completed": 112,
      "device": "cuda:0",
      "n_test": 50
    }
  }
}