{
  "rich_8": {
    "metrics": {
      "0.05": {
        "mean_mse": 0.0033378108395713335,
        "std_mse": 0.002185802469865068,
        "mean_psnr": 25.953108732843774,
        "std_psnr": 3.5777830705852516,
        "mean_ssim": 0.738475696673832,
        "std_ssim": 0.08042078191554235,
        "nan_count": 0
      },
      "0.1": {
        "mean_mse": 0.0016786493134267177,
        "std_mse": 0.0011835483215260792,
        "mean_psnr": 29.149541906937316,
        "std_psnr": 4.014862704387753,
        "mean_ssim": 0.8504213485505622,
        "std_ssim": 0.056508583545733355,
        "nan_count": 0
      },
      "0.15": {
        "mean_mse": 0.0010050742388522348,
        "std_mse": 0.0007491477220301811,
        "mean_psnr": 31.54182676996085,
        "std_psnr": 4.329343492242272,
        "mean_ssim": 0.9019126834652424,
        "std_ssim": 0.041639508673859876,
        "nan_count": 0
      },
      "0.2": {
        "mean_mse": 0.0006418892908424792,
        "std_mse": 0.0005024729028320334,
        "mean_psnr": 33.639833122149604,
        "std_psnr": 4.5848767021613615,
        "mean_ssim": 0.9321539530952786,
        "std_ssim": 0.031322587295193556,
        "nan_count": 0
      }
    },
    "time": 290.8435892704874,
    "_pdft_py": {
      "basis": "rich_8",
      "lam": 1.0,
      "init_mode": "identity",
      "regulariser": "L1InitAnchorMSELoss",
      "steps": 1008,
      "epochs_completed": 112,
      "device": "cuda:0",
      "n_test": 50
    }
  }
}