{
  "qft_progressive_k4": {
    "metrics": {
      "0.05": {
        "mean_mse": 0.017612347443121682,
        "std_mse": 0.008513053487022703,
        "mean_psnr": 18.123327978770657,
        "std_psnr": 2.3884025398032303,
        "mean_ssim": 0.8278103104532658,
        "std_ssim": 0.06002615512512295,
        "nan_count": 0
      },
      "0.1": {
        "mean_mse": 0.0070706485325213305,
        "std_mse": 0.004357322110309344,
        "mean_psnr": 22.413464061945202,
        "std_psnr": 2.989078156806374,
        "mean_ssim": 0.9196520179481736,
        "std_ssim": 0.03244295743295356,
        "nan_count": 0
      },
      "0.15": {
        "mean_mse": 0.0032114653122705,
        "std_mse": 0.002335296921406636,
        "mean_psnr": 26.20783154020311,
        "std_psnr": 3.570240778769096,
        "mean_ssim": 0.9593793743900604,
        "std_ssim": 0.019741974161819477,
        "nan_count": 0
      },
      "0.2": {
        "mean_mse": 0.0015261083091211505,
        "std_mse": 0.001305193148239708,
        "mean_psnr": 30.05765103795339,
        "std_psnr": 4.526472825295724,
        "mean_ssim": 0.9794631307629439,
        "std_ssim": 0.01238285601365483,
        "nan_count": 0
      }
    },
    "time": 15.649283481761813,
    "_pdft_py": {
      "family": "qft",
      "stage_k": 4,
      "n_trainable": 20,
      "block_size": 16,
      "steps": 1008,
      "epochs_completed": 112,
      "device": "cuda:0",
      "n_test": 50
    }
  }
}