{
  "qft_identity_reg": {
    "metrics": {
      "0.05": {
        "mean_mse": 0.05671191398008056,
        "std_mse": 0.02359896323595551,
        "mean_psnr": 12.823858013022429,
        "std_psnr": 1.7745481571853272,
        "mean_ssim": 0.5392871236764657,
        "std_ssim": 0.1246367070546847,
        "nan_count": 0
      },
      "0.1": {
        "mean_mse": 0.02099059470888528,
        "std_mse": 0.017095959193549237,
        "mean_psnr": 18.346869746312365,
        "std_psnr": 4.166518354735316,
        "mean_ssim": 0.8198367303210011,
        "std_ssim": 0.10463415368462128,
        "nan_count": 0
      },
      "0.15": {
        "mean_mse": 0.0052094578399594195,
        "std_mse": 0.007570516059144443,
        "mean_psnr": 30.482889834993834,
        "std_psnr": 12.551926454987138,
        "mean_ssim": 0.9516260439182835,
        "std_ssim": 0.052887205286739576,
        "nan_count": 0
      },
      "0.2": {
        "mean_mse": 0.0009330190128120689,
        "std_mse": 0.0019772324285685984,
        "mean_psnr": 54.11081049898794,
        "std_psnr": 21.278157003882562,
        "mean_ssim": 0.989896867457645,
        "std_ssim": 0.018739694136053857,
        "nan_count": 0
      }
    },
    "time": 21.09783687721938,
    "_pdft_py": {
      "reg": "L1",
      "lam": 1.0,
      "outer_weight": null,
      "inner_m": null,
      "inner_n": null,
      "steps": 1008,
      "epochs_completed": 112,
      "device": "cuda:0",
      "n_test": 50
    }
  }
}