basis,time_s,warmup_s
block_dct_8,0.06263364758342505,NaN
block_fft_8,0.07328236196190119,NaN
blocked,6.842868495732546,3.2745407009497285
dct,0.05728357844054699,NaN
fft,0.0783235365524888,NaN
