{
  "qft_identity_reg": {
    "metrics": {
      "0.05": {
        "mean_mse": 0.0038795084832983964,
        "std_mse": 0.002430202481866485,
        "mean_psnr": 25.181123900321474,
        "std_psnr": 3.3440351827926182,
        "mean_ssim": 0.713011993475218,
        "std_ssim": 0.07850129960324508,
        "nan_count": 0
      },
      "0.1": {
        "mean_mse": 0.0020797606692951115,
        "std_mse": 0.0013928229512295979,
        "mean_psnr": 28.080114579597794,
        "std_psnr": 3.7393015460774075,
        "mean_ssim": 0.8248545765936913,
        "std_ssim": 0.057861056646711866,
        "nan_count": 0
      },
      "0.15": {
        "mean_mse": 0.0012957262073830982,
        "std_mse": 0.0009118064966228298,
        "mean_psnr": 30.287963846052993,
        "std_psnr": 4.045340254025092,
        "mean_ssim": 0.8802520451754522,
        "std_ssim": 0.04443304918814278,
        "nan_count": 0
      },
      "0.2": {
        "mean_mse": 0.0008530564009967095,
        "std_mse": 0.0006275607741225723,
        "mean_psnr": 32.2474969063063,
        "std_psnr": 4.314142446412626,
        "mean_ssim": 0.9143952688365222,
        "std_ssim": 0.03459111092621369,
        "nan_count": 0
      }
    },
    "time": 562.1043669292703,
    "_pdft_py": {
      "lam": 10.0,
      "outer_weight": 10.0,
      "inner_m": 3,
      "inner_n": 3,
      "steps": 1008,
      "epochs_completed": 112,
      "device": "cuda:0",
      "n_test": 50
    }
  }
}