{
  "config": {
    "dataset": "quickdraw",
    "n_train": 500,
    "n_test": 50,
    "img_size": 32,
    "seed": 123,
    "keep_ratios": [
      0.05,
      0.1,
      0.15,
      0.2
    ]
  },
  "metrics": {
    "block_dct_8": {
      "metrics": {
        "0.05": {
          "mean_mse": 0.024452506378293038,
          "std_mse": 0.008888525885371359,
          "mean_psnr": 16.424787668378848,
          "std_psnr": 1.679779964228191,
          "mean_ssim": 0.6937909988317243,
          "std_ssim": 0.057231434457015506,
          "nan_count": 0
        },
        "0.1": {
          "mean_mse": 0.011909521566703916,
          "std_mse": 0.005379104651000952,
          "mean_psnr": 19.73667768797931,
          "std_psnr": 2.1675418284122565,
          "mean_ssim": 0.8068256222889068,
          "std_ssim": 0.03949185610087852,
          "nan_count": 0
        },
        "0.15": {
          "mean_mse": 0.00643444215413183,
          "std_mse": 0.0034777191566264225,
          "mean_psnr": 22.64654883984911,
          "std_psnr": 2.6646929357073517,
          "mean_ssim": 0.8610232527496311,
          "std_ssim": 0.03647045126395898,
          "nan_count": 0
        },
        "0.2": {
          "mean_mse": 0.00366137933335267,
          "std_mse": 0.0023312496487644277,
          "mean_psnr": 25.404780978169605,
          "std_psnr": 3.2140881534433343,
          "mean_ssim": 0.8982206562663754,
          "std_ssim": 0.034968097499433214,
          "nan_count": 0
        }
      },
      "time_s": 0.05698979739099741
    },
    "block_dct_8_rank": {
      "metrics": {
        "0.05": {
          "mean_mse": 0.049864284470677374,
          "std_mse": 0.01042983897393316,
          "mean_psnr": 13.117788250429253,
          "std_psnr": 0.9152389906277955,
          "mean_ssim": 0.39236743749311914,
          "std_ssim": 0.07785288608508435,
          "nan_count": 0
        },
        "0.1": {
          "mean_mse": 0.037777902260422706,
          "std_mse": 0.008135294541240401,
          "mean_psnr": 14.332626091894697,
          "std_psnr": 0.9694442335421307,
          "mean_ssim": 0.5537579844224321,
          "std_ssim": 0.04566083288524077,
          "nan_count": 0
        },
        "0.15": {
          "mean_mse": 0.030057258177548646,
          "std_mse": 0.006789930882515088,
          "mean_psnr": 15.338407786477267,
          "std_psnr": 1.0328712579852852,
          "mean_ssim": 0.6422673172617119,
          "std_ssim": 0.0412919569909977,
          "nan_count": 0
        },
        "0.2": {
          "mean_mse": 0.022920388113707304,
          "std_mse": 0.00550133026280931,
          "mean_psnr": 16.52956004158559,
          "std_psnr": 1.0909967325079717,
          "mean_ssim": 0.7137314105787208,
          "std_ssim": 0.03736939537247404,
          "nan_count": 0
        }
      },
      "time_s": 0.054549855180084705
    },
    "block_fft_8": {
      "metrics": {
        "0.05": {
          "mean_mse": 0.030456465613096954,
          "std_mse": 0.010360958704013113,
          "mean_psnr": 15.420503957298711,
          "std_psnr": 1.5125766606810953,
          "mean_ssim": 0.6232253047713302,
          "std_ssim": 0.06914924435856303,
          "nan_count": 0
        },
        "0.1": {
          "mean_mse": 0.017128845853731037,
          "std_mse": 0.006987674965323529,
          "mean_psnr": 18.045853799409368,
          "std_psnr": 1.8707716849106064,
          "mean_ssim": 0.747172142416907,
          "std_ssim": 0.049721165325794334,
          "nan_count": 0
        },
        "0.15": {
          "mean_mse": 0.010676125814206898,
          "std_mse": 0.0050662576373599905,
          "mean_psnr": 20.25602536687139,
          "std_psnr": 2.2525145358258363,
          "mean_ssim": 0.8073222326142293,
          "std_ssim": 0.04565088408097223,
          "nan_count": 0
        },
        "0.2": {
          "mean_mse": 0.006971163540147245,
          "std_mse": 0.003796280139027811,
          "mean_psnr": 22.310540386365787,
          "std_psnr": 2.685359464047705,
          "mean_ssim": 0.8468545811997105,
          "std_ssim": 0.046939857145836886,
          "nan_count": 0
        }
      },
      "time_s": 0.0715972064062953
    },
    "block_pca_8": {
      "metrics": {
        "0.05": {
          "mean_mse": 0.024429914782999336,
          "std_mse": 0.007452104305084977,
          "mean_psnr": 16.33177860864711,
          "std_psnr": 1.3766226341101573,
          "mean_ssim": 0.6145718438424167,
          "std_ssim": 0.044597398682425723,
          "nan_count": 0
        },
        "0.1": {
          "mean_mse": 0.011937240070102505,
          "std_mse": 0.004897486371837429,
          "mean_psnr": 19.62573337199637,
          "std_psnr": 1.9059741332617384,
          "mean_ssim": 0.7295257566067095,
          "std_ssim": 0.05211285010837257,
          "nan_count": 0
        },
        "0.15": {
          "mean_mse": 0.006641109230216231,
          "std_mse": 0.003261964285094619,
          "mean_psnr": 22.354205187945887,
          "std_psnr": 2.3217409707337233,
          "mean_ssim": 0.7813433530896671,
          "std_ssim": 0.05511158918156824,
          "nan_count": 0
        },
        "0.2": {
          "mean_mse": 0.0038980208306429176,
          "std_mse": 0.0022164811775042485,
          "mean_psnr": 24.870185320832476,
          "std_psnr": 2.7102937718054645,
          "mean_ssim": 0.8121910202980713,
          "std_ssim": 0.05639764386849755,
          "nan_count": 0
        }
      },
      "time_s": 0.0524307657033205
    },
    "block_pca_8_rank": {
      "metrics": {
        "0.05": {
          "mean_mse": 0.04803816992236951,
          "std_mse": 0.010283199207843792,
          "mean_psnr": 13.283749661238392,
          "std_psnr": 0.9328666410530747,
          "mean_ssim": 0.3622147208787152,
          "std_ssim": 0.05092013769622139,
          "nan_count": 0
        },
        "0.1": {
          "mean_mse": 0.03618546983140293,
          "std_mse": 0.0074911475605486215,
          "mean_psnr": 14.51121038575867,
          "std_psnr": 0.928308653116583,
          "mean_ssim": 0.5445874911553755,
          "std_ssim": 0.03859343046610646,
          "nan_count": 0
        },
        "0.15": {
          "mean_mse": 0.027527197402448418,
          "std_mse": 0.006449283666273089,
          "mean_psnr": 15.727329368961598,
          "std_psnr": 1.061109945930258,
          "mean_ssim": 0.6411079629509797,
          "std_ssim": 0.0379416169173318,
          "nan_count": 0
        },
        "0.2": {
          "mean_mse": 0.02197294732021566,
          "std_mse": 0.0055136786812676536,
          "mean_psnr": 16.72376332163727,
          "std_psnr": 1.1313378345385237,
          "mean_ssim": 0.7021876698019427,
          "std_ssim": 0.0397347991816372,
          "nan_count": 0
        }
      },
      "time_s": 0.047626993618905544
    },
    "dct": {
      "metrics": {
        "0.05": {
          "mean_mse": 0.026756813190877436,
          "std_mse": 0.006521925174721652,
          "mean_psnr": 15.859810895933762,
          "std_psnr": 1.095407903885685,
          "mean_ssim": 0.5528576191983836,
          "std_ssim": 0.05971186434544694,
          "nan_count": 0
        },
        "0.1": {
          "mean_mse": 0.015617685262113809,
          "std_mse": 0.003848261032353037,
          "mean_psnr": 18.205569157803193,
          "std_psnr": 1.1383484530089265,
          "mean_ssim": 0.6566023308607941,
          "std_ssim": 0.0751508121539687,
          "nan_count": 0
        },
        "0.15": {
          "mean_mse": 0.01006320093292743,
          "std_mse": 0.002598462844281929,
          "mean_psnr": 20.13305933166108,
          "std_psnr": 1.2261090929094787,
          "mean_ssim": 0.7057247817192637,
          "std_ssim": 0.08224093172569037,
          "nan_count": 0
        },
        "0.2": {
          "mean_mse": 0.0067653629230335355,
          "std_mse": 0.0018307863504735615,