{
  "f": 0.005,
  "seed": 2,
  "sigma": 0.1,
  "n_perturbed": 11,
  "n_entries": 2200,
  "m": 8,
  "n": 8,
  "parametrization": "controlled",
  "topk_ratio": 0.1,
  "k_train": 6554,
  "batch": 500,
  "batch_size": 50,
  "epochs": 1008,
  "psnr_untrained": {
    "0.01": 20.903837561295678,
    "0.05": 24.7769358788903,
    "0.1": 27.134239462750735,
    "0.2": 30.440977190853477
  },
  "psnr_trained": {
    "0.01": 22.295447253770103,
    "0.05": 26.544557367545103,
    "0.1": 29.2686969760237,
    "0.2": 33.24232867888193
  },
  "init_loss": 150.47528676390175,
  "final_loss": 123.25228507458631,
  "total_steps": 1010,
  "elapsed_seconds": 1451.8372020255774,
  "device": "cuda:0",
  "git_sha": "62510d474d3b218ac8c3c0f1b373ca3dddec90a3"
}