{
  "f": 0.002,
  "seed": 2,
  "sigma": 0.1,
  "n_perturbed": 4,
  "n_entries": 2200,
  "m": 8,
  "n": 8,
  "parametrization": "controlled",
  "topk_ratio": 0.1,
  "k_train": 6554,
  "batch": 500,
  "batch_size": 50,
  "epochs": 1008,
  "psnr_untrained": {
    "0.01": 20.954927509136827,
    "0.05": 24.839619828438966,
    "0.1": 27.211631435528467,
    "0.2": 30.540802947910883
  },
  "psnr_trained": {
    "0.01": 22.297028219374123,
    "0.05": 26.544839856920817,
    "0.1": 29.26809525210833,
    "0.2": 33.23942727847397
  },
  "init_loss": 148.25613044633155,
  "final_loss": 123.22154835532656,
  "total_steps": 1010,
  "elapsed_seconds": 1450.4821011684835,
  "device": "cuda:0",
  "git_sha": "62510d474d3b218ac8c3c0f1b373ca3dddec90a3"
}