{
  "f": 0.005,
  "seed": 1,
  "sigma": 0.1,
  "n_perturbed": 11,
  "n_entries": 2200,
  "m": 8,
  "n": 8,
  "parametrization": "controlled",
  "topk_ratio": 0.1,
  "k_train": 6554,
  "batch": 500,
  "batch_size": 50,
  "epochs": 1008,
  "psnr_untrained": {
    "0.01": 20.787846886577263,
    "0.05": 24.72901533303619,
    "0.1": 27.105997044711724,
    "0.2": 30.439042255427893
  },
  "psnr_trained": {
    "0.01": 22.297360776108686,
    "0.05": 26.547340457564122,
    "0.1": 29.273927883357427,
    "0.2": 33.250660887460846
  },
  "init_loss": 151.08005091597738,
  "final_loss": 123.04241887393695,
  "total_steps": 1010,
  "elapsed_seconds": 1487.2056560302153,
  "device": "cuda:0",
  "git_sha": "62510d474d3b218ac8c3c0f1b373ca3dddec90a3"
}