{
  "f": 0.05,
  "seed": 1,
  "sigma": 0.1,
  "n_perturbed": 110,
  "n_entries": 2200,
  "m": 8,
  "n": 8,
  "parametrization": "controlled",
  "topk_ratio": 0.1,
  "k_train": 6554,
  "batch": 500,
  "batch_size": 50,
  "epochs": 1008,
  "psnr_untrained": {
    "0.01": 19.647430141150963,
    "0.05": 23.686590519084636,
    "0.1": 26.068584058214924,
    "0.2": 29.383769233643598
  },
  "psnr_trained": {
    "0.01": 22.09236949232442,
    "0.05": 26.616278546702862,
    "0.1": 29.411348610073116,
    "0.2": 33.48145607443886
  },
  "init_loss": 186.61998243116037,
  "final_loss": 119.77973654529924,
  "total_steps": 1010,
  "elapsed_seconds": 1451.4135299725458,
  "device": "cuda:0",
  "git_sha": "62510d474d3b218ac8c3c0f1b373ca3dddec90a3"
}