{
  "f": 0.002,
  "seed": 3,
  "sigma": 0.1,
  "n_perturbed": 4,
  "n_entries": 2200,
  "m": 8,
  "n": 8,
  "parametrization": "controlled",
  "topk_ratio": 0.1,
  "k_train": 6554,
  "batch": 500,
  "batch_size": 50,
  "epochs": 1008,
  "psnr_untrained": {
    "0.01": 20.914547224203865,
    "0.05": 24.809870839015854,
    "0.1": 27.182659505919318,
    "0.2": 30.512305653177094
  },
  "psnr_trained": {
    "0.01": 22.303606889788412,
    "0.05": 26.538211885229757,
    "0.1": 29.256461380941918,
    "0.2": 33.223287886902355
  },
  "init_loss": 149.0124064258209,
  "final_loss": 123.62641576169133,
  "total_steps": 1010,
  "elapsed_seconds": 1482.1462660618126,
  "device": "cuda:0",
  "git_sha": "62510d474d3b218ac8c3c0f1b373ca3dddec90a3"
}