{
  "f": 0.05,
  "seed": 3,
  "sigma": 0.1,
  "n_perturbed": 110,
  "n_entries": 2200,
  "m": 8,
  "n": 8,
  "parametrization": "controlled",
  "topk_ratio": 0.1,
  "k_train": 6554,
  "batch": 500,
  "batch_size": 50,
  "epochs": 1008,
  "psnr_untrained": {
    "0.01": 20.121633074692863,
    "0.05": 24.06260311851121,
    "0.1": 26.40198260688335,
    "0.2": 29.66586588033822
  },
  "psnr_trained": {
    "0.01": 21.986730066966903,
    "0.05": 26.541288278206842,
    "0.1": 29.35209318448456,
    "0.2": 33.44377790242646
  },
  "init_loss": 175.21932475860558,
  "final_loss": 121.01853337446191,
  "total_steps": 1010,
  "elapsed_seconds": 1487.2817490343004,
  "device": "cuda:0",
  "git_sha": "62510d474d3b218ac8c3c0f1b373ca3dddec90a3"
}