{
  "f": 0.005,
  "seed": 3,
  "sigma": 0.1,
  "n_perturbed": 11,
  "n_entries": 2200,
  "m": 8,
  "n": 8,
  "parametrization": "controlled",
  "topk_ratio": 0.1,
  "k_train": 6554,
  "batch": 500,
  "batch_size": 50,
  "epochs": 1008,
  "psnr_untrained": {
    "0.01": 20.891844621129717,
    "0.05": 24.808016436598,
    "0.1": 27.184887980379877,
    "0.2": 30.51746830822976
  },
  "psnr_trained": {
    "0.01": 22.29846276341665,
    "0.05": 26.5352480484921,
    "0.1": 29.25179781549552,
    "0.2": 33.2135062484527
  },
  "init_loss": 149.1356184830938,
  "final_loss": 123.56242225511932,
  "total_steps": 1010,
  "elapsed_seconds": 1483.7648195121437,
  "device": "cuda:0",
  "git_sha": "62510d474d3b218ac8c3c0f1b373ca3dddec90a3"
}