{
  "f": 0.05,
  "seed": 2,
  "sigma": 0.1,
  "n_perturbed": 110,
  "n_entries": 2200,
  "m": 8,
  "n": 8,
  "parametrization": "controlled",
  "topk_ratio": 0.1,
  "k_train": 6554,
  "batch": 500,
  "batch_size": 50,
  "epochs": 1008,
  "psnr_untrained": {
    "0.01": 19.682969982281023,
    "0.05": 23.768319285820517,
    "0.1": 26.175241600077563,
    "0.2": 29.513884218205
  },
  "psnr_trained": {
    "0.01": 22.29136844699799,
    "0.05": 26.53578579317838,
    "0.1": 29.254350716785815,
    "0.2": 33.219666701132404
  },
  "init_loss": 182.68029084785215,
  "final_loss": 123.54092562793895,
  "total_steps": 1010,
  "elapsed_seconds": 1485.88444729615,
  "device": "cuda:0",
  "git_sha": "62510d474d3b218ac8c3c0f1b373ca3dddec90a3"
}