{
  "f": 0.001,
  "seed": 1,
  "sigma": 0.1,
  "n_perturbed": 2,
  "n_entries": 2200,
  "m": 8,
  "n": 8,
  "parametrization": "controlled",
  "topk_ratio": 0.1,
  "k_train": 6554,
  "batch": 500,
  "batch_size": 50,
  "epochs": 1008,
  "psnr_untrained": {
    "0.01": 20.921465948940746,
    "0.05": 24.818516795515393,
    "0.1": 27.189456193681213,
    "0.2": 30.51522556454748
  },
  "psnr_trained": {
    "0.01": 22.29753416556002,
    "0.05": 26.54777530706055,
    "0.1": 29.27376132974642,
    "0.2": 33.24928241702905
  },
  "init_loss": 148.88466035565824,
  "final_loss": 123.12210082812766,
  "total_steps": 1010,
  "elapsed_seconds": 1502.2328899102286,
  "device": "cuda:0",
  "git_sha": "62510d474d3b218ac8c3c0f1b373ca3dddec90a3"
}