{
  "f": 0.01,
  "seed": 2,
  "sigma": 0.1,
  "n_perturbed": 22,
  "n_entries": 2200,
  "m": 8,
  "n": 8,
  "parametrization": "controlled",
  "topk_ratio": 0.1,
  "k_train": 6554,
  "batch": 500,
  "batch_size": 50,
  "epochs": 1008,
  "psnr_untrained": {
    "0.01": 20.605257938056006,
    "0.05": 24.593621868868876,
    "0.1": 26.97159028944785,
    "0.2": 30.293003884861307
  },
  "psnr_trained": {
    "0.01": 22.29914374436696,
    "0.05": 26.54735155169895,
    "0.1": 29.271810324378258,
    "0.2": 33.24525304215042
  },
  "init_loss": 155.05754262488074,
  "final_loss": 123.20426029997158,
  "total_steps": 1010,
  "elapsed_seconds": 3410.98321745079,
  "device": "cuda:0",
  "git_sha": "62510d474d3b218ac8c3c0f1b373ca3dddec90a3"
}