{
  "f": 0.002,
  "seed": 1,
  "sigma": 0.1,
  "n_perturbed": 4,
  "n_entries": 2200,
  "m": 8,
  "n": 8,
  "parametrization": "controlled",
  "topk_ratio": 0.1,
  "k_train": 6554,
  "batch": 500,
  "batch_size": 50,
  "epochs": 1008,
  "psnr_untrained": {
    "0.01": 20.896291641307897,
    "0.05": 24.798953846358703,
    "0.1": 27.17872841971433,
    "0.2": 30.512125295013774
  },
  "psnr_trained": {
    "0.01": 22.30079247022104,
    "0.05": 26.547245752643768,
    "0.1": 29.270897269649208,
    "0.2": 33.244618940468
  },
  "init_loss": 149.2053138813968,
  "final_loss": 123.2353717840289,
  "total_steps": 1010,
  "elapsed_seconds": 1502.5815961482003,
  "device": "cuda:0",
  "git_sha": "62510d474d3b218ac8c3c0f1b373ca3dddec90a3"
}