{
  "f": 0.02,
  "seed": 3,
  "sigma": 0.1,
  "n_perturbed": 44,
  "n_entries": 2200,
  "m": 8,
  "n": 8,
  "parametrization": "controlled",
  "topk_ratio": 0.1,
  "k_train": 6554,
  "batch": 500,
  "batch_size": 50,
  "epochs": 1008,
  "psnr_untrained": {
    "0.01": 20.65298530537476,
    "0.05": 24.568501985057257,
    "0.1": 26.938036882519494,
    "0.2": 30.25707665091873
  },
  "psnr_trained": {
    "0.01": 22.29721018330651,
    "0.05": 26.538118412870308,
    "0.1": 29.258715945372025,
    "0.2": 33.229171045745176
  },
  "init_loss": 156.57289302453268,
  "final_loss": 123.48360326527668,
  "total_steps": 1010,
  "elapsed_seconds": 1486.720486764796,
  "device": "cuda:0",
  "git_sha": "62510d474d3b218ac8c3c0f1b373ca3dddec90a3"
}