{
  "f": 0.01,
  "seed": 1,
  "sigma": 0.1,
  "n_perturbed": 22,
  "n_entries": 2200,
  "m": 8,
  "n": 8,
  "parametrization": "controlled",
  "topk_ratio": 0.1,
  "k_train": 6554,
  "batch": 500,
  "batch_size": 50,
  "epochs": 1008,
  "psnr_untrained": {
    "0.01": 20.74473379046447,
    "0.05": 24.652709253604588,
    "0.1": 27.019525711309424,
    "0.2": 30.341860933892754
  },
  "psnr_trained": {
    "0.01": 22.300431526427687,
    "0.05": 26.54658825630944,
    "0.1": 29.270583254357412,
    "0.2": 33.24555565773316
  },
  "init_loss": 153.71202252657665,
  "final_loss": 123.18332514167933,
  "total_steps": 1010,
  "elapsed_seconds": 1486.94324667193,
  "device": "cuda:0",
  "git_sha": "62510d474d3b218ac8c3c0f1b373ca3dddec90a3"
}