{
  "f": 0.001,
  "seed": 2,
  "sigma": 0.1,
  "n_perturbed": 2,
  "n_entries": 2200,
  "m": 8,
  "n": 8,
  "parametrization": "controlled",
  "topk_ratio": 0.1,
  "k_train": 6554,
  "batch": 500,
  "batch_size": 50,
  "epochs": 1008,
  "psnr_untrained": {
    "0.01": 20.8346108856672,
    "0.05": 24.739892637318125,
    "0.1": 27.1005358543169,
    "0.2": 30.406860421370087
  },
  "psnr_trained": {
    "0.01": 22.300785967552418,
    "0.05": 26.54300926541808,
    "0.1": 29.264679819383808,
    "0.2": 33.235620071978204
  },
  "init_loss": 151.73965551579477,
  "final_loss": 123.33576071673316,
  "total_steps": 1010,
  "elapsed_seconds": 1472.8722487576306,
  "device": "cuda:0",
  "git_sha": "62510d474d3b218ac8c3c0f1b373ca3dddec90a3"
}