{
  "f": 0.02,
  "seed": 1,
  "sigma": 0.1,
  "n_perturbed": 44,
  "n_entries": 2200,
  "m": 8,
  "n": 8,
  "parametrization": "controlled",
  "topk_ratio": 0.1,
  "k_train": 6554,
  "batch": 500,
  "batch_size": 50,
  "epochs": 1008,
  "psnr_untrained": {
    "0.01": 20.3321016253294,
    "0.05": 24.302505182256922,
    "0.1": 26.66524604377689,
    "0.2": 29.972799567220967
  },
  "psnr_trained": {
    "0.01": 22.30061203604957,
    "0.05": 26.547079147002513,
    "0.1": 29.270533262705463,
    "0.2": 33.24554713438274
  },
  "init_loss": 164.99772822436665,
  "final_loss": 123.22383405595185,
  "total_steps": 1010,
  "elapsed_seconds": 1451.781731519848,
  "device": "cuda:0",
  "git_sha": "62510d474d3b218ac8c3c0f1b373ca3dddec90a3"
}