{
  "f": 0.01,
  "seed": 3,
  "sigma": 0.1,
  "n_perturbed": 22,
  "n_entries": 2200,
  "m": 8,
  "n": 8,
  "parametrization": "controlled",
  "topk_ratio": 0.1,
  "k_train": 6554,
  "batch": 500,
  "batch_size": 50,
  "epochs": 1008,
  "psnr_untrained": {
    "0.01": 20.82909792312866,
    "0.05": 24.74257624531015,
    "0.1": 27.098670968431385,
    "0.2": 30.407419128257615
  },
  "psnr_trained": {
    "0.01": 22.302988616110962,
    "0.05": 26.54559331048126,
    "0.1": 29.269242888107605,
    "0.2": 33.243104653619255
  },
  "init_loss": 151.27990332867464,
  "final_loss": 123.21525265275181,
  "total_steps": 1010,
  "elapsed_seconds": 3424.8852566592395,
  "device": "cuda:0",
  "git_sha": "62510d474d3b218ac8c3c0f1b373ca3dddec90a3"
}