{
  "f": 0.001,
  "seed": 3,
  "sigma": 0.1,
  "n_perturbed": 2,
  "n_entries": 2200,
  "m": 8,
  "n": 8,
  "parametrization": "controlled",
  "topk_ratio": 0.1,
  "k_train": 6554,
  "batch": 500,
  "batch_size": 50,
  "epochs": 1008,
  "psnr_untrained": {
    "0.01": 20.98859627479725,
    "0.05": 24.856900686264066,
    "0.1": 27.225069991298625,
    "0.2": 30.550885501026237
  },
  "psnr_trained": {
    "0.01": 22.299030134830858,
    "0.05": 26.549646903756877,
    "0.1": 29.27650631566361,
    "0.2": 33.25271660973512
  },
  "init_loss": 147.9729211808061,
  "final_loss": 123.08395466653485,
  "total_steps": 1010,
  "elapsed_seconds": 3440.703229697421,
  "device": "cuda:0",
  "git_sha": "62510d474d3b218ac8c3c0f1b373ca3dddec90a3"
}