{
  "f": 0.02,
  "seed": 2,
  "sigma": 0.1,
  "n_perturbed": 44,
  "n_entries": 2200,
  "m": 8,
  "n": 8,
  "parametrization": "controlled",
  "topk_ratio": 0.1,
  "k_train": 6554,
  "batch": 500,
  "batch_size": 50,
  "epochs": 1008,
  "psnr_untrained": {
    "0.01": 20.44789271376218,
    "0.05": 24.372552663891625,
    "0.1": 26.715718321604527,
    "0.2": 30.000731670891746
  },
  "psnr_trained": {
    "0.01": 22.05348667863747,
    "0.05": 26.56470812778931,
    "0.1": 29.344298559615428,
    "0.2": 33.38246415879442
  },
  "init_loss": 163.35659470851886,
  "final_loss": 121.70959482998573,
  "total_steps": 1010,
  "elapsed_seconds": 1485.3999310266227,
  "device": "cuda:0",
  "git_sha": "62510d474d3b218ac8c3c0f1b373ca3dddec90a3"
}