{
  "f": 0.1,
  "seed": 3,
  "sigma": 0.1,
  "n_perturbed": 220,
  "n_entries": 2200,
  "m": 8,
  "n": 8,
  "parametrization": "controlled",
  "topk_ratio": 0.1,
  "k_train": 6554,
  "batch": 500,
  "batch_size": 50,
  "epochs": 1008,
  "psnr_untrained": {
    "0.01": 19.13450209096204,
    "0.05": 23.134601420884632,
    "0.1": 25.517178819832246,
    "0.2": 28.829398024454267
  },
  "psnr_trained": {
    "0.01": 22.29397114848741,
    "0.05": 26.54630904260438,
    "0.1": 29.273703326149583,
    "0.2": 33.254501649825194
  },
  "init_loss": 211.96267083632898,
  "final_loss": 123.21021347817994,
  "total_steps": 1010,
  "elapsed_seconds": 1451.287999697961,
  "device": "cuda:0",
  "git_sha": "62510d474d3b218ac8c3c0f1b373ca3dddec90a3"
}