{
  "f": 0.1,
  "seed": 1,
  "sigma": 0.1,
  "n_perturbed": 220,
  "n_entries": 2200,
  "m": 8,
  "n": 8,
  "parametrization": "controlled",
  "topk_ratio": 0.1,
  "k_train": 6554,
  "batch": 500,
  "batch_size": 50,
  "epochs": 1008,
  "psnr_untrained": {
    "0.01": 19.259943314127703,
    "0.05": 23.25156316497867,
    "0.1": 25.582670784371462,
    "0.2": 28.817526062734405
  },
  "psnr_trained": {
    "0.01": 22.290214531515776,
    "0.05": 26.54127523394644,
    "0.1": 29.26675050125961,
    "0.2": 33.24703358836001
  },
  "init_loss": 210.5446020731215,
  "final_loss": 122.98385852406933,
  "total_steps": 1010,
  "elapsed_seconds": 3412.056764055975,
  "device": "cuda:0",
  "git_sha": "62510d474d3b218ac8c3c0f1b373ca3dddec90a3"
}