{
  "f": 0.1,
  "seed": 2,
  "sigma": 0.1,
  "n_perturbed": 220,
  "n_entries": 2200,
  "m": 8,
  "n": 8,
  "parametrization": "controlled",
  "topk_ratio": 0.1,
  "k_train": 6554,
  "batch": 500,
  "batch_size": 50,
  "epochs": 1008,
  "psnr_untrained": {
    "0.01": 19.242729289329013,
    "0.05": 23.180302290741587,
    "0.1": 25.502721884458037,
    "0.2": 28.766848471305174
  },
  "psnr_trained": {
    "0.01": 22.30228454538603,
    "0.05": 26.54888450054154,
    "0.1": 29.271444392540758,
    "0.2": 33.245567005729164
  },
  "init_loss": 211.57184753628226,
  "final_loss": 123.30595582088982,
  "total_steps": 1010,
  "elapsed_seconds": 3425.0975162973627,
  "device": "cuda:0",
  "git_sha": "62510d474d3b218ac8c3c0f1b373ca3dddec90a3"
}