{
  "f": 0.2,
  "seed": 1,
  "sigma": 0.1,
  "n_perturbed": 440,
  "n_entries": 2200,
  "m": 8,
  "n": 8,
  "parametrization": "controlled",
  "topk_ratio": 0.1,
  "k_train": 6554,
  "batch": 500,
  "batch_size": 50,
  "epochs": 1008,
  "psnr_untrained": {
    "0.01": 17.64996684900009,
    "0.05": 21.817555520841935,
    "0.1": 24.247884139465285,
    "0.2": 27.57624427608819
  },
  "psnr_trained": {
    "0.01": 22.151462543149528,
    "0.05": 26.63214466979645,
    "0.1": 29.407727288966917,
    "0.2": 33.44530435120528
  },
  "init_loss": 285.1729154493818,
  "final_loss": 119.53593431516742,
  "total_steps": 1010,
  "elapsed_seconds": 3413.857417018153,
  "device": "cuda:0",
  "git_sha": "781f511cd436c04ff590df7ba671ac0ab0add64b"
}