{
  "f": 0.2,
  "seed": 2,
  "sigma": 0.1,
  "n_perturbed": 440,
  "n_entries": 2200,
  "m": 8,
  "n": 8,
  "parametrization": "controlled",
  "topk_ratio": 0.1,
  "k_train": 6554,
  "batch": 500,
  "batch_size": 50,
  "epochs": 1008,
  "psnr_untrained": {
    "0.01": 17.394233359355336,
    "0.05": 21.340703334125855,
    "0.1": 23.695025787428712,
    "0.2": 26.969919257867033
  },
  "psnr_trained": {
    "0.01": 21.957706501052815,
    "0.05": 26.58498147237737,
    "0.1": 29.420244876084098,
    "0.2": 33.545949966652934
  },
  "init_loss": 318.8628925216712,
  "final_loss": 119.82380720257419,
  "total_steps": 1010,
  "elapsed_seconds": 1486.2223385479301,
  "device": "cuda:0",
  "git_sha": "781f511cd436c04ff590df7ba671ac0ab0add64b"
}