{
  "f": 0.2,
  "seed": 3,
  "sigma": 0.1,
  "n_perturbed": 440,
  "n_entries": 2200,
  "m": 8,
  "n": 8,
  "parametrization": "controlled",
  "topk_ratio": 0.1,
  "k_train": 6554,
  "batch": 500,
  "batch_size": 50,
  "epochs": 1008,
  "psnr_untrained": {
    "0.01": 18.047450444368348,
    "0.05": 22.001040204729144,
    "0.1": 24.344375570985843,
    "0.2": 27.595992300255105
  },
  "psnr_trained": {
    "0.01": 22.251384359158216,
    "0.05": 26.53097895455512,
    "0.1": 29.262259354081223,
    "0.2": 33.247691539158595
  },
  "init_loss": 280.2827327771864,
  "final_loss": 123.30496123472753,
  "total_steps": 1010,
  "elapsed_seconds": 1452.2087440667674,
  "device": "cuda:0",
  "git_sha": "781f511cd436c04ff590df7ba671ac0ab0add64b"
}