{
  "f": 0.5,
  "seed": 3,
  "sigma": 0.1,
  "n_perturbed": 1100,
  "n_entries": 2200,
  "m": 8,
  "n": 8,
  "parametrization": "controlled",
  "topk_ratio": 0.1,
  "k_train": 6554,
  "batch": 500,
  "batch_size": 50,
  "epochs": 1008,
  "psnr_untrained": {
    "0.01": 14.165527997172898,
    "0.05": 17.64710017516211,
    "0.1": 19.84934219534535,
    "0.2": 22.990459859941833
  },
  "psnr_trained": {
    "0.01": 22.039159602035337,
    "0.05": 26.581742405951083,
    "0.1": 29.374739122743627,
    "0.2": 33.434822235845736
  },
  "init_loss": 810.2874913612816,
  "final_loss": 120.74418103273587,
  "total_steps": 1010,
  "elapsed_seconds": 1450.9326462792233,
  "device": "cuda:0",
  "git_sha": "781f511cd436c04ff590df7ba671ac0ab0add64b"
}