{
  "f": 0.5,
  "seed": 2,
  "sigma": 0.1,
  "n_perturbed": 1100,
  "n_entries": 2200,
  "m": 8,
  "n": 8,
  "parametrization": "controlled",
  "topk_ratio": 0.1,
  "k_train": 6554,
  "batch": 500,
  "batch_size": 50,
  "epochs": 1008,
  "psnr_untrained": {
    "0.01": 15.391397207969238,
    "0.05": 19.331399560782756,
    "0.1": 21.748660789065795,
    "0.2": 25.101380518695706
  },
  "psnr_trained": {
    "0.01": 22.12762881159808,
    "0.05": 26.614082570270725,
    "0.1": 29.385609343589543,
    "0.2": 33.41591307821502
  },
  "init_loss": 504.1244044920645,
  "final_loss": 119.83864837408366,
  "total_steps": 1010,
  "elapsed_seconds": 1487.3067446006462,
  "device": "cuda:0",
  "git_sha": "781f511cd436c04ff590df7ba671ac0ab0add64b"
}