{
  "f": 0.5,
  "seed": 1,
  "sigma": 0.1,
  "n_perturbed": 1100,
  "n_entries": 2200,
  "m": 8,
  "n": 8,
  "parametrization": "controlled",
  "topk_ratio": 0.1,
  "k_train": 6554,
  "batch": 500,
  "batch_size": 50,
  "epochs": 1008,
  "psnr_untrained": {
    "0.01": 14.900755711180862,
    "0.05": 19.00821598430632,
    "0.1": 21.539208456178763,
    "0.2": 24.995699127406212
  },
  "psnr_trained": {
    "0.01": 22.306063117806403,
    "0.05": 26.536044675252626,
    "0.1": 29.250112289686044,
    "0.2": 33.20499294211348
  },
  "init_loss": 520.0430522226662,
  "final_loss": 124.06684363964392,
  "total_steps": 1010,
  "elapsed_seconds": 3424.294005631469,
  "device": "cuda:0",
  "git_sha": "781f511cd436c04ff590df7ba671ac0ab0add64b"
}