{
  "f": 0.0,
  "seed": 0,
  "sigma": 0.1,
  "n_perturbed": 0,
  "n_entries": 2200,
  "m": 8,
  "n": 8,
  "parametrization": "controlled",
  "topk_ratio": 0.1,
  "k_train": 6554,
  "batch": 500,
  "batch_size": 50,
  "epochs": 1008,
  "psnr_untrained": {
    "0.01": 20.958655266645692,
    "0.05": 24.842327278720617,
    "0.1": 27.214395072318943,
    "0.2": 30.542843158703835
  },
  "psnr_trained": {
    "0.01": 22.299873822817617,
    "0.05": 26.547015757219132,
    "0.1": 29.271687836035788,
    "0.2": 33.2458136677192
  },
  "init_loss": 148.19001311202382,
  "final_loss": 123.17881621434599,
  "total_steps": 1010,
  "elapsed_seconds": 3442.414699062705,
  "device": "cuda:0",
  "git_sha": "62510d474d3b218ac8c3c0f1b373ca3dddec90a3"
}