{
  "f": 1.0,
  "seed": 1,
  "sigma": 0.1,
  "n_perturbed": 2200,
  "n_entries": 2200,
  "m": 8,
  "n": 8,
  "parametrization": "controlled",
  "topk_ratio": 0.1,
  "k_train": 6554,
  "batch": 500,
  "batch_size": 50,
  "epochs": 1008,
  "psnr_untrained": {
    "0.01": 12.582422129564243,
    "0.05": 15.64295469398168,
    "0.1": 17.780495241573146,
    "0.2": 20.93968993073176
  },
  "psnr_trained": {
    "0.01": 22.267097314003014,
    "0.05": 26.551610073762564,
    "0.1": 29.303340027179864,
    "0.2": 33.31614702872156
  },
  "init_loss": 1306.0454482105768,
  "final_loss": 123.00191263167062,
  "total_steps": 1010,
  "elapsed_seconds": 1484.447648929432,
  "device": "cuda:0",
  "git_sha": "781f511cd436c04ff590df7ba671ac0ab0add64b"
}