{
  "f": 1.0,
  "seed": 2,
  "sigma": 0.1,
  "n_perturbed": 2200,
  "n_entries": 2200,
  "m": 8,
  "n": 8,
  "parametrization": "controlled",
  "topk_ratio": 0.1,
  "k_train": 6554,
  "batch": 500,
  "batch_size": 50,
  "epochs": 1008,
  "psnr_untrained": {
    "0.01": 13.630198494731289,
    "0.05": 17.203213119907733,
    "0.1": 19.48275574649405,
    "0.2": 22.720431848522452
  },
  "psnr_trained": {
    "0.01": 22.119062977479608,
    "0.05": 26.628503320162764,
    "0.1": 29.416294485742977,
    "0.2": 33.4755260339604
  },
  "init_loss": 840.1481281587257,
  "final_loss": 119.46474312248257,
  "total_steps": 1010,
  "elapsed_seconds": 1483.2143962569535,
  "device": "cuda:0",
  "git_sha": "781f511cd436c04ff590df7ba671ac0ab0add64b"
}