{
  "f": 1.0,
  "seed": 3,
  "sigma": 0.1,
  "n_perturbed": 2200,
  "n_entries": 2200,
  "m": 8,
  "n": 8,
  "parametrization": "controlled",
  "topk_ratio": 0.1,
  "k_train": 6554,
  "batch": 500,
  "batch_size": 50,
  "epochs": 1008,
  "psnr_untrained": {
    "0.01": 12.592191996263796,
    "0.05": 16.212038647840274,
    "0.1": 18.579718141360953,
    "0.2": 21.87640731346794
  },
  "psnr_trained": {
    "0.01": 22.023316211745087,
    "0.05": 26.60285129528254,
    "0.1": 29.416390305935735,
    "0.2": 33.5145392565603
  },
  "init_loss": 1093.1355222882091,
  "final_loss": 119.96673533254643,
  "total_steps": 1010,
  "elapsed_seconds": 1451.3808626197278,
  "device": "cuda:0",
  "git_sha": "781f511cd436c04ff590df7ba671ac0ab0add64b"
}