{
  "qft_progressive_k3": {
    "metrics": {
      "0.05": {
        "mean_mse": 0.02163470252234808,
        "std_mse": 0.010982423815294639,
        "mean_psnr": 17.251724506759004,
        "std_psnr": 2.400723119105766,
        "mean_ssim": 0.8190101889877203,
        "std_ssim": 0.06982621341820092,
        "nan_count": 0
      },
      "0.1": {
        "mean_mse": 0.0063242806824280575,
        "std_mse": 0.004783641441487605,
        "mean_psnr": 23.33980918954254,
        "std_psnr": 3.675000201790942,
        "mean_ssim": 0.9451285486153779,
        "std_ssim": 0.032203628447616345,
        "nan_count": 0
      },
      "0.15": {
        "mean_mse": 0.0020434319819679944,
        "std_mse": 0.0021705857375311894,
        "mean_psnr": 30.08338676456789,
        "std_psnr": 6.501186298769562,
        "mean_ssim": 0.9803551027419174,
        "std_ssim": 0.016534405400896787,
        "nan_count": 0
      },
      "0.2": {
        "mean_mse": 0.0006324655661322981,
        "std_mse": 0.0009284646439315214,
        "mean_psnr": 39.554241515717464,
        "std_psnr": 12.044961519083468,
        "mean_ssim": 0.993286409411337,
        "std_ssim": 0.00819836364746455,
        "nan_count": 0
      }
    },
    "time": 12.360246703028679,
    "_pdft_py": {
      "family": "qft",
      "stage_k": 3,
      "n_trainable": 12,
      "block_size": 8,
      "steps": 1008,
      "epochs_completed": 112,
      "device": "cuda:0",
      "n_test": 50
    }
  }
}