{
  "qft_b3": {
    "metrics": {
      "0.01": {
        "mean_mse": 0.03733808218897222,
        "std_mse": 0.019335782725378597,
        "mean_psnr": 14.920206558617007,
        "std_psnr": 2.437621986568469,
        "mean_ssim": 0.28395369870549797,
        "std_ssim": 0.09300951318208513,
        "nan_count": 0
      },
      "0.02": {
        "mean_mse": 0.0079556688152669,
        "std_mse": 0.004635201286740313,
        "mean_psnr": 21.855481964567375,
        "std_psnr": 2.894244684628163,
        "mean_ssim": 0.5148712484882286,
        "std_ssim": 0.10742448048125584,
        "nan_count": 0
      },
      "0.05": {
        "mean_mse": 0.0038778303310467565,
        "std_mse": 0.0024298312263268344,
        "mean_psnr": 25.18484259286322,
        "std_psnr": 3.348508771124825,
        "mean_ssim": 0.7138112487221849,
        "std_ssim": 0.07921907503883856,
        "nan_count": 0
      },
      "0.1": {
        "mean_mse": 0.0020782475752119615,
        "std_mse": 0.0013925027352978876,
        "mean_psnr": 28.086038557196133,
        "std_psnr": 3.7457596167460383,
        "mean_ssim": 0.8256225871786529,
        "std_ssim": 0.05839895388402605,
        "nan_count": 0
      },
      "0.15": {
        "mean_mse": 0.0012943818216268068,
        "std_mse": 0.000911611131974316,
        "mean_psnr": 30.296719902453177,
        "std_psnr": 4.0542806644704275,
        "mean_ssim": 0.8810222674871551,
        "std_ssim": 0.04485825980778217,
        "nan_count": 0
      },
      "0.2": {
        "mean_mse": 0.0008519046843993402,
        "std_mse": 0.0006275644558269936,
        "mean_psnr": 32.26053939214657,
        "std_psnr": 4.32829233922595,
        "mean_ssim": 0.9151508159791183,
        "std_ssim": 0.034938723255179584,
        "nan_count": 0
      }
    },
    "seed": 98,
    "init": "family_random_basis",
    "objective": "top10pct_mse",
    "steps": 1008,
    "epochs_completed": 112,
    "elapsed_seconds": 223.4
  }
}