{
  "tebd_progressive_k6": {
    "metrics": {
      "0.05": {
        "mean_mse": 0.0029264382520968945,
        "std_mse": 0.0014734809804504117,
        "mean_psnr": 26.110714757517776,
        "std_psnr": 2.95907346894841,
        "mean_ssim": 0.8575767392959271,
        "std_ssim": 0.0567905931972335,
        "nan_count": 0
      },
      "0.1": {
        "mean_mse": 0.0015334362806840227,
        "std_mse": 0.00089708752398036,
        "mean_psnr": 29.214514962278248,
        "std_psnr": 3.5199497896680008,
        "mean_ssim": 0.8875433746435871,
        "std_ssim": 0.05156828715070924,
        "nan_count": 0
      },
      "0.15": {
        "mean_mse": 0.0008876286008869948,
        "std_mse": 0.0005867612058915643,
        "mean_psnr": 31.928308179330788,
        "std_psnr": 4.089284706556745,
        "mean_ssim": 0.9117349827443023,
        "std_ssim": 0.046850873085410964,
        "nan_count": 0
      },
      "0.2": {
        "mean_mse": 0.0005345865948243297,
        "std_mse": 0.00039597648230348933,
        "mean_psnr": 34.56421080132265,
        "std_psnr": 4.75306138708528,
        "mean_ssim": 0.9320928663336308,
        "std_ssim": 0.04187502652831837,
        "nan_count": 0
      }
    },
    "time": 422.00116748549044,
    "_pdft_py": {
      "family": "tebd",
      "stage_k": 6,
      "n_trainable": 24,
      "block_size": 64,
      "steps": 1008,
      "epochs_completed": 112,
      "device": "cuda:0",
      "n_test": 50
    }
  }
}