{
  "experiment": "entangled_qft_progressive",
  "family": "entangled_qft",
  "init_policy": "identity",
  "init_seed": null,
  "dataset": "quickdraw_5q",
  "epochs_per_stage": 112,
  "n_stages": 4,
  "k_values": [
    2,
    3,
    4,
    5
  ],
  "total_epochs": 448,
  "stages": [
    {
      "k": 2,
      "n_trainable": 8,
      "block_size": 4,
      "cell": "stage_k2",
      "psnr_rho_020": 39.814067432465336,
      "steps": 1008,
      "elapsed_seconds": 9.786812956444919
    },
    {
      "k": 3,
      "n_trainable": 15,
      "block_size": 8,
      "cell": "stage_k3",
      "psnr_rho_020": 39.554241515717464,
      "steps": 1008,
      "elapsed_seconds": 13.118394468910992
    },
    {
      "k": 4,
      "n_trainable": 24,
      "block_size": 16,
      "cell": "stage_k4",
      "psnr_rho_020": 39.38920879471423,
      "steps": 1008,
      "elapsed_seconds": 16.368059629574418
    },
    {
      "k": 5,
      "n_trainable": 35,
      "block_size": 32,
      "cell": "stage_k5",
      "psnr_rho_020": 39.388294639974355,
      "steps": 1008,
      "elapsed_seconds": 18.66450201254338
    }
  ],
  "anchors": {},
  "git_sha": "7d3738394eee2d92acf973967777b1bf2615afab"
}