{
  "rich_b2": {
    "metrics": {
      "0.01": {
        "mean_mse": 0.07250618187902627,
        "std_mse": 0.015037157551633425,
        "mean_psnr": 11.499073312260599,
        "std_psnr": 0.9729270197712807,
        "mean_ssim": 0.38775687382501767,
        "std_ssim": 0.10704856694958799,
        "nan_count": 0
      },
      "0.02": {
        "mean_mse": 0.05122600492470793,
        "std_mse": 0.012964864968645788,
        "mean_psnr": 13.06236500512502,
        "std_psnr": 1.213568909743326,
        "mean_ssim": 0.5580283872679426,
        "std_ssim": 0.0977140761084531,
        "nan_count": 0
      },
      "0.05": {
        "mean_mse": 0.01877135232671443,
        "std_mse": 0.006805650106781708,
        "mean_psnr": 17.595419990041485,
        "std_psnr": 1.7724237552968778,
        "mean_ssim": 0.8204344407030909,
        "std_ssim": 0.05087657305806819,
        "nan_count": 0
      },
      "0.1": {
        "mean_mse": 0.005037846855904355,
        "std_mse": 0.0026368709824552776,
        "mean_psnr": 23.651605356031073,
        "std_psnr": 2.543708815145113,
        "mean_ssim": 0.932684740387785,
        "std_ssim": 0.02111996918417188,
        "nan_count": 0
      },
      "0.15": {
        "mean_mse": 0.001622630078601059,
        "std_mse": 0.0010907217308269265,
        "mean_psnr": 28.993852802018317,
        "std_psnr": 3.2744969811476152,
        "mean_ssim": 0.9622927397983315,
        "std_ssim": 0.014465620783212433,
        "nan_count": 0
      },
      "0.2": {
        "mean_mse": 0.0005582726431279199,
        "std_mse": 0.00047246656163425847,
        "mean_psnr": 34.324445994235,
        "std_psnr": 4.3462820331552585,
        "mean_ssim": 0.9780057636954816,
        "std_ssim": 0.011208915490771704,
        "nan_count": 0
      }
    },
    "seed": 98,
    "init": "family_random_basis",
    "objective": "top10pct_mse",
    "steps": 1008,
    "epochs_completed": 112,
    "elapsed_seconds": 23.2
  }
}