{
  "qft_topk10": {
    "metrics": {
      "0.05": {
        "mean_mse": 0.025052609880429674,
        "std_mse": 0.007117821902731104,
        "mean_psnr": 16.19633279203033,
        "std_psnr": 1.288904033357194,
        "mean_ssim": 0.6679756456098376,
        "std_ssim": 0.07380716172293215,
        "nan_count": 0
      },
      "0.1": {
        "mean_mse": 0.013646138332927231,
        "std_mse": 0.004674397924887837,
        "mean_psnr": 18.921329730186663,
        "std_psnr": 1.5700120913669713,
        "mean_ssim": 0.7776959352979241,
        "std_ssim": 0.05976443056139243,
        "nan_count": 0
      },
      "0.15": {
        "mean_mse": 0.008157112005004706,
        "std_mse": 0.003246771122982465,
        "mean_psnr": 21.266684401260544,
        "std_psnr": 1.8876932571772131,
        "mean_ssim": 0.8271259704897866,
        "std_ssim": 0.05102938792715106,
        "nan_count": 0
      },
      "0.2": {
        "mean_mse": 0.005102772538867988,
        "std_mse": 0.002279352607284524,
        "mean_psnr": 23.446707689440014,
        "std_psnr": 2.2648708305019016,
        "mean_ssim": 0.864089395722413,
        "std_ssim": 0.04763221848393188,
        "nan_count": 0
      }
    },
    "time": 15.96828887052834,
    "_pdft_py": {
      "train_ratio": 0.1,
      "train_k": 102,
      "steps": 1008,
      "epochs_completed": 112,
      "device": "cuda:0",
      "n_test": 50
    }
  }
}