{
  "qft_progressive_k6": {
    "metrics": {
      "0.05": {
        "mean_mse": 0.0038755395724277713,
        "std_mse": 0.0023918304626964998,
        "mean_psnr": 25.17060744244554,
        "std_psnr": 3.343357173518965,
        "mean_ssim": 0.719675771347045,
        "std_ssim": 0.07744475195055263,
        "nan_count": 0
      },
      "0.1": {
        "mean_mse": 0.002240842340375026,
        "std_mse": 0.0014683449222757208,
        "mean_psnr": 27.716584015654753,
        "std_psnr": 3.699695140336477,
        "mean_ssim": 0.8167723129390957,
        "std_ssim": 0.058985215382956785,
        "nan_count": 0
      },
      "0.15": {
        "mean_mse": 0.0014578356607478234,
        "std_mse": 0.0010007142766030703,
        "mean_psnr": 29.717496125657167,
        "std_psnr": 3.97667560671702,
        "mean_ssim": 0.8689842713013063,
        "std_ssim": 0.04679231933362432,
        "nan_count": 0
      },
      "0.2": {
        "mean_mse": 0.00099223407068126,
        "std_mse": 0.0007102419290069941,
        "mean_psnr": 31.5094286556115,
        "std_psnr": 4.206498085595625,
        "mean_ssim": 0.9030545389383984,
        "std_ssim": 0.03771253287532001,
        "nan_count": 0
      }
    },
    "time": 197.24433473777026,
    "_pdft_py": {
      "stage_k": 6,
      "n_trainable": 42,
      "block_size": 64,
      "steps": 504,
      "epochs_completed": 56,
      "device": "cuda:0",
      "n_test": 50
    }
  }
}