{
  "qft_progressive_k8": {
    "metrics": {
      "0.05": {
        "mean_mse": 0.003875530577341046,
        "std_mse": 0.0023934219943956107,
        "mean_psnr": 25.170640602517896,
        "std_psnr": 3.3419265721417366,
        "mean_ssim": 0.7191910664154907,
        "std_ssim": 0.07737774919434742,
        "nan_count": 0
      },
      "0.1": {
        "mean_mse": 0.002240233094113437,
        "std_mse": 0.0014680838423461575,
        "mean_psnr": 27.716822831803,
        "std_psnr": 3.696174978220069,
        "mean_ssim": 0.8164973446910021,
        "std_ssim": 0.05885375700847154,
        "nan_count": 0
      },
      "0.15": {
        "mean_mse": 0.001457205763610869,
        "std_mse": 0.001000228338646821,
        "mean_psnr": 29.71772316890845,
        "std_psnr": 3.9715093944504716,
        "mean_ssim": 0.8687538086123073,
        "std_ssim": 0.04681660438635198,
        "nan_count": 0
      },
      "0.2": {
        "mean_mse": 0.0009918958561939458,
        "std_mse": 0.0007099891097662109,
        "mean_psnr": 31.50918479952309,
        "std_psnr": 4.201270634325095,
        "mean_ssim": 0.9028134272546866,
        "std_ssim": 0.03770412260435809,
        "nan_count": 0
      }
    },
    "time": 271.1751468461007,
    "_pdft_py": {
      "stage_k": 8,
      "n_trainable": 72,
      "block_size": 256,
      "steps": 504,
      "epochs_completed": 56,
      "device": "cuda:0",
      "n_test": 50
    }
  }
}