{
  "entangled_qft": {
    "metrics": {
      "0.01": {
        "mean_mse": 0.05528341140674765,
        "std_mse": 0.011087613586266783,
        "mean_psnr": 12.665204875265651,
        "std_psnr": 0.9010322812141914,
        "mean_ssim": 0.37825544275234774,
        "std_ssim": 0.12576773816647363,
        "nan_count": 0
      },
      "0.02": {
        "mean_mse": 0.0427059844094443,
        "std_mse": 0.009824624996002666,
        "mean_psnr": 13.814352270885506,
        "std_psnr": 1.0289372138334087,
        "mean_ssim": 0.49003573391190514,
        "std_ssim": 0.10546045197821331,
        "nan_count": 0
      },
      "0.05": {
        "mean_mse": 0.025053515500843764,
        "std_mse": 0.0071280935849352195,
        "mean_psnr": 16.196747220642266,
        "std_psnr": 1.2909890054805555,
        "mean_ssim": 0.6689948882448818,
        "std_ssim": 0.07493865328243299,
        "nan_count": 0
      },
      "0.1": {
        "mean_mse": 0.01364145182673651,
        "std_mse": 0.004668774588260517,
        "mean_psnr": 18.9227437424047,
        "std_psnr": 1.5702661449239024,
        "mean_ssim": 0.7788978015209974,
        "std_ssim": 0.05953144492499355,
        "nan_count": 0
      },
      "0.15": {
        "mean_mse": 0.008163247316597472,
        "std_mse": 0.003249906636913663,
        "mean_psnr": 21.263853530101095,
        "std_psnr": 1.8891841530993494,
        "mean_ssim": 0.8272622824853673,
        "std_ssim": 0.05106002862369647,
        "nan_count": 0
      },
      "0.2": {
        "mean_mse": 0.005105966761955107,
        "std_mse": 0.0022844713116488714,
        "mean_psnr": 23.44498649281188,
        "std_psnr": 2.2662423124258027,
        "mean_ssim": 0.8640837189189253,
        "std_ssim": 0.04765615139047989,
        "nan_count": 0
      }
    },
    "seed": 98,
    "init": "family_random_basis",
    "objective": "top10pct_mse",
    "steps": 1008,
    "epochs_completed": 112,
    "elapsed_seconds": 44.4
  }
}