{
  "rich_progressive_k7": {
    "metrics": {
      "0.05": {
        "mean_mse": 0.003161436870375864,
        "std_mse": 0.0020495480258284973,
        "mean_psnr": 26.155183336942418,
        "std_psnr": 3.5259088331552038,
        "mean_ssim": 0.7521226080905773,
        "std_ssim": 0.07509580707306349,
        "nan_count": 0
      },
      "0.1": {
        "mean_mse": 0.0017493170392675896,
        "std_mse": 0.0012131377427012859,
        "mean_psnr": 28.903695725745873,
        "std_psnr": 3.887347705225089,
        "mean_ssim": 0.8453629033143091,
        "std_ssim": 0.05546656833579677,
        "nan_count": 0
      },
      "0.15": {
        "mean_mse": 0.0011096192901991345,
        "std_mse": 0.0008106299073570148,
        "mean_psnr": 31.022288264835534,
        "std_psnr": 4.157486045658522,
        "mean_ssim": 0.8927016359409905,
        "std_ssim": 0.042824165955437185,
        "nan_count": 0
      },
      "0.2": {
        "mean_mse": 0.000743838683607566,
        "std_mse": 0.0005687943282421785,
        "mean_psnr": 32.88621526001003,
        "std_psnr": 4.377987449970429,
        "mean_ssim": 0.9219434378434754,
        "std_ssim": 0.03405423628283663,
        "nan_count": 0
      }
    },
    "time": 1117.218230118975,
    "_pdft_py": {
      "family": "rich",
      "stage_k": 7,
      "n_trainable": 56,
      "block_size": 128,
      "steps": 1008,
      "epochs_completed": 112,
      "device": "cuda:0",
      "n_test": 50
    }
  }
}