{
  "blocked_8": {
    "metrics": {
      "0.05": {
        "mean_mse": 0.004327818225145755,
        "std_mse": 0.002696571609461917,
        "mean_psnr": 24.688437873933818,
        "std_psnr": 3.307722916946481,
        "mean_ssim": 0.6900843829506778,
        "std_ssim": 0.08523228546283061,
        "nan_count": 0
      },
      "0.1": {
        "mean_mse": 0.0025405774055226806,
        "std_mse": 0.0016811354121461016,
        "mean_psnr": 27.16696272333177,
        "std_psnr": 3.6525852973159294,
        "mean_ssim": 0.7951516972577883,
        "std_ssim": 0.06724854134623436,
        "nan_count": 0
      },
      "0.15": {
        "mean_mse": 0.0017089099663112964,
        "std_mse": 0.001183163125999415,
        "mean_psnr": 29.026111668940374,
        "std_psnr": 3.931671577488713,
        "mean_ssim": 0.849939405520969,
        "std_ssim": 0.055278288862044854,
        "nan_count": 0
      },
      "0.2": {
        "mean_mse": 0.0012055499106277939,
        "std_mse": 0.000870264671118992,
        "mean_psnr": 30.67534293120634,
        "std_psnr": 4.192586777226478,
        "mean_ssim": 0.8858579748367668,
        "std_ssim": 0.04588597673174165,
        "nan_count": 0
      }
    },
    "time": 198.06437221728265,
    "_pdft_py": {
      "basis": "blocked_8",
      "lam": 1.0,
      "regulariser": "L1InitAnchorMSELoss",
      "steps": 1008,
      "epochs_completed": 112,
      "device": "cuda:0",
      "n_test": 50
    }
  }
}