basis,time_s,warmup_s
block_dct_8,0.8538560410961509,NaN
block_fft_8,1.1098007783293724,NaN
blocked,69.50103583186865,3.6571704857051373
dct,0.773845992051065,NaN
fft,0.9740985231474042,NaN
