{
  "experiment": "qft_topk_sweep",
  "dataset": "div2k_8q",
  "m": 8,
  "n": 8,
  "train_keep_ratios": [
    0.05,
    0.1,
    0.15,
    0.2
  ],
  "eval_keep_ratios": [
    0.05,
    0.1,
    0.15,
    0.2
  ],
  "epochs": 112,
  "rows": [
    {
      "train_ratio": 0.05,
      "train_k": 3277,
      "cell": "train_k05",
      "psnr": {
        "0.05": 24.91244318432228,
        "0.1": 27.304371714429852,
        "0.15": 29.201041234868626,
        "0.2": 30.906425741264776
      },
      "steps": 1008,
      "elapsed_seconds": 577.7618609750643
    },
    {
      "train_ratio": 0.1,
      "train_k": 6554,
      "cell": "train_k10",
      "psnr": {
        "0.05": 25.093410112804442,
        "0.1": 27.5720342952763,
        "0.15": 29.5323898278782,
        "0.2": 31.293546360050588
      },
      "steps": 1008,
      "elapsed_seconds": 570.5797285279259
    },
    {
      "train_ratio": 0.15,
      "train_k": 9830,
      "cell": "train_k15",
      "psnr": {
        "0.05": 24.99236696364116,
        "0.1": 27.45560565546803,
        "0.15": 29.404500927109112,
        "0.2": 31.15128847456452
      },
      "steps": 1008,
      "elapsed_seconds": 574.1485715396702
    },
    {
      "train_ratio": 0.2,
      "train_k": 13107,
      "cell": "train_k20",
      "psnr": {
        "0.05": 25.234691442828524,
        "0.1": 27.811428457955248,
        "0.15": 29.841168344684256,
        "0.2": 31.659494515154766
      },
      "steps": 1008,
      "elapsed_seconds": 258.55879779718816
    }
  ],
  "headline_qft_anchor": {
    "0.05": 25.093,
    "0.1": 27.572,
    "0.15": 29.532,
    "0.2": 31.294
  },
  "git_sha": "3229252f7def86c575c60dd3a32d6e40841fc261"
}