{
  "mera": {
    "metrics": {
      "0.05": {
        "mean_mse": 0.005005880372788105,
        "std_mse": 0.0029287225140674404,
        "mean_psnr": 23.834559748554476,
        "std_psnr": 2.8243029365935093,
        "mean_ssim": 0.643755645687124,
        "std_ssim": 0.06824133778363477,
        "nan_count": 0
      },
      "0.1": {
        "mean_mse": 0.0032052770974623957,
        "std_mse": 0.001927341296182852,
        "mean_psnr": 25.812136465060135,
        "std_psnr": 2.902025636806176,
        "mean_ssim": 0.7405190529723749,
        "std_ssim": 0.058058242675358335,
        "nan_count": 0
      },
      "0.15": {
        "mean_mse": 0.0022552240283662405,
        "std_mse": 0.0013732982472613655,
        "mean_psnr": 27.358685694788488,
        "std_psnr": 2.9419681473684114,
        "mean_ssim": 0.7960795199740435,
        "std_ssim": 0.05238923312376315,
        "nan_count": 0
      },
      "0.2": {
        "mean_mse": 0.0016438070160601243,
        "std_mse": 0.0010093089042985661,
        "mean_psnr": 28.743794107860463,
        "std_psnr": 2.9656641135487725,
        "mean_ssim": 0.8351910933467616,
        "std_ssim": 0.04741646135605815,
        "nan_count": 0
      }
    },
    "time": 550.3229589164257,
    "_pdft_py": {
      "basis": "mera",
      "lam": 1.0,
      "regulariser": "L1InitAnchorMSELoss",
      "steps": 1008,
      "epochs_completed": 112,
      "device": "cuda:0",
      "n_test": 50
    }
  }
}