{
  "rich_progressive_k5": {
    "metrics": {
      "0.05": {
        "mean_mse": 0.0032452390650162654,
        "std_mse": 0.0021126363089753503,
        "mean_psnr": 26.03619283997547,
        "std_psnr": 3.49534507317466,
        "mean_ssim": 0.7526568655824429,
        "std_ssim": 0.07597351509561874,
        "nan_count": 0
      },
      "0.1": {
        "mean_mse": 0.0017869065189032077,
        "std_mse": 0.0012397469187255855,
        "mean_psnr": 28.810888371815455,
        "std_psnr": 3.87861901461892,
        "mean_ssim": 0.8469170136008127,
        "std_ssim": 0.055762588390046434,
        "nan_count": 0
      },
      "0.15": {
        "mean_mse": 0.0011253036339004294,
        "std_mse": 0.0008209847283417901,
        "mean_psnr": 30.966564361191736,
        "std_psnr": 4.166952450024294,
        "mean_ssim": 0.8947750575163554,
        "std_ssim": 0.042912237183750694,
        "nan_count": 0
      },
      "0.2": {
        "mean_mse": 0.0007471144761820452,
        "std_mse": 0.0005706682793862772,
        "mean_psnr": 32.87955049678438,
        "std_psnr": 4.404065836347101,
        "mean_ssim": 0.9245148101931667,
        "std_ssim": 0.03368576422645854,
        "nan_count": 0
      }
    },
    "time": 631.1401499612257,
    "_pdft_py": {
      "family": "rich",
      "stage_k": 5,
      "n_trainable": 30,
      "block_size": 32,
      "steps": 1008,
      "epochs_completed": 112,
      "device": "cuda:0",
      "n_test": 50
    }
  }
}