{
  "tebd_progressive_k2": {
    "metrics": {
      "0.05": {
        "mean_mse": 0.17294664118648775,
        "std_mse": 0.008822368835024009,
        "mean_psnr": 7.626540597809946,
        "std_psnr": 0.22189719276669406,
        "mean_ssim": 0.6422248071907879,
        "std_ssim": 0.037706473084130464,
        "nan_count": 0
      },
      "0.1": {
        "mean_mse": 0.0002756735004547183,
        "std_mse": 0.0003304858969576849,
        "mean_psnr": 41.900461089884566,
        "std_psnr": 11.583169328465136,
        "mean_ssim": 0.993972494066734,
        "std_ssim": 0.005927973788461276,
        "nan_count": 0
      },
      "0.15": {
        "mean_mse": 8.075897989661346e-06,
        "std_mse": 1.947629635142973e-05,
        "mean_psnr": 67.69386790737754,
        "std_psnr": 18.52455675246494,
        "mean_ssim": 0.9996379775707055,
        "std_ssim": 0.000546078662837902,
        "nan_count": 0
      },
      "0.2": {
        "mean_mse": 9.350446303078062e-08,
        "std_mse": 2.3078453996296019e-07,
        "mean_psnr": 88.20568677378701,
        "std_psnr": 16.09094997130466,
        "mean_ssim": 0.9999817043771171,
        "std_ssim": 3.141330524662357e-05,
        "nan_count": 0
      }
    },
    "time": 133.14803753979504,
    "_pdft_py": {
      "family": "tebd",
      "stage_k": 2,
      "n_trainable": 8,
      "block_size": 4,
      "steps": 1008,
      "epochs_completed": 112,
      "device": "cuda:0",
      "n_test": 50
    }
  }
}