{
  "qft_topk20": {
    "metrics": {
      "0.05": {
        "mean_mse": 0.003826038675609403,
        "std_mse": 0.0023770884522512055,
        "mean_psnr": 25.234691442828524,
        "std_psnr": 3.3526360217967683,
        "mean_ssim": 0.7263823672800193,
        "std_ssim": 0.07762892326706178,
        "nan_count": 0
      },
      "0.1": {
        "mean_mse": 0.002199692931636331,
        "std_mse": 0.0014534525047183485,
        "mean_psnr": 27.811428457955248,
        "std_psnr": 3.7186704114087394,
        "mean_ssim": 0.8235354675214088,
        "std_ssim": 0.05881956155919066,
        "nan_count": 0
      },
      "0.15": {
        "mean_mse": 0.0014242658392932053,
        "std_mse": 0.000988299399093038,
        "mean_psnr": 29.841168344684256,
        "std_psnr": 4.005031966290501,
        "mean_ssim": 0.8751986722701323,
        "std_ssim": 0.04626902462997848,
        "nan_count": 0
      },
      "0.2": {
        "mean_mse": 0.0009651602751883604,
        "std_mse": 0.0006995173763988799,
        "mean_psnr": 31.659494515154766,
        "std_psnr": 4.244806233908074,
        "mean_ssim": 0.9085145303913498,
        "std_ssim": 0.03690879251844987,
        "nan_count": 0
      }
    },
    "time": 258.55879779718816,
    "_pdft_py": {
      "train_ratio": 0.2,
      "train_k": 13107,
      "steps": 1008,
      "epochs_completed": 112,
      "device": "cuda:0",
      "n_test": 50
    }
  }
}