{
  "qft_progressive_k6": {
    "metrics": {
      "0.05": {
        "mean_mse": 0.00238025658670592,
        "std_mse": 0.0013458291896957136,
        "mean_psnr": 27.289520144225843,
        "std_psnr": 3.5953277996492328,
        "mean_ssim": 0.9057974959704077,
        "std_ssim": 0.04383445655481786,
        "nan_count": 0
      },
      "0.1": {
        "mean_mse": 0.0010728850133614701,
        "std_mse": 0.0007305631843734149,
        "mean_psnr": 31.38344876026184,
        "std_psnr": 4.835335708155221,
        "mean_ssim": 0.9348410514659355,
        "std_ssim": 0.03561379453623254,
        "nan_count": 0
      },
      "0.15": {
        "mean_mse": 0.0005372222317355102,
        "std_mse": 0.0004261334429077429,
        "mean_psnr": 35.22159875329227,
        "std_psnr": 6.348098318026132,
        "mean_ssim": 0.954680252875657,
        "std_ssim": 0.029605619568439642,
        "nan_count": 0
      },
      "0.2": {
        "mean_mse": 0.0002764517468899485,
        "std_mse": 0.00025237721156799443,
        "mean_psnr": 39.61571841525486,
        "std_psnr": 9.54019504046611,
        "mean_ssim": 0.9695830495027025,
        "std_ssim": 0.02401540865219101,
        "nan_count": 0
      }
    },
    "time": 397.32003111578524,
    "_pdft_py": {
      "family": "qft",
      "stage_k": 6,
      "n_trainable": 42,
      "block_size": 64,
      "steps": 1008,
      "epochs_completed": 112,
      "device": "cuda:0",
      "n_test": 50
    }
  }
}