{
  "entangled_qft_progressive_k4": {
    "metrics": {
      "0.05": {
        "mean_mse": 0.01763368227150766,
        "std_mse": 0.00852016849961286,
        "mean_psnr": 18.1184815410018,
        "std_psnr": 2.3905206632017104,
        "mean_ssim": 0.8281508733088873,
        "std_ssim": 0.06004817385173467,
        "nan_count": 0
      },
      "0.1": {
        "mean_mse": 0.007073044275181173,
        "std_mse": 0.004355414165826609,
        "mean_psnr": 22.411264277712004,
        "std_psnr": 2.988959747139059,
        "mean_ssim": 0.9211049952625073,
        "std_ssim": 0.03203995510617685,
        "nan_count": 0
      },
      "0.15": {
        "mean_mse": 0.0032165057426249647,
        "std_mse": 0.0023404991650416603,
        "mean_psnr": 26.199454908375184,
        "std_psnr": 3.5673402868574517,
        "mean_ssim": 0.960282370433633,
        "std_ssim": 0.019739313811750498,
        "nan_count": 0
      },
      "0.2": {
        "mean_mse": 0.0015300982047059739,
        "std_mse": 0.0013109068356269593,
        "mean_psnr": 30.050894065917067,
        "std_psnr": 4.531275717129006,
        "mean_ssim": 0.9797112051551864,
        "std_ssim": 0.01226667698213363,
        "nan_count": 0
      }
    },
    "time": 16.334422072395682,
    "_pdft_py": {
      "family": "entangled_qft",
      "stage_k": 4,
      "n_trainable": 24,
      "block_size": 16,
      "steps": 1008,
      "epochs_completed": 112,
      "device": "cuda:0",
      "n_test": 50
    }
  }
}