{
  "tebd_progressive_k5": {
    "metrics": {
      "0.05": {
        "mean_mse": 0.0018993885563896892,
        "std_mse": 0.0011552542616651426,
        "mean_psnr": 28.494332027209406,
        "std_psnr": 4.112742470593662,
        "mean_ssim": 0.9177388733809968,
        "std_ssim": 0.04123567875580411,
        "nan_count": 0
      },
      "0.1": {
        "mean_mse": 0.0007678378585554074,
        "std_mse": 0.0005608422012765287,
        "mean_psnr": 33.21887486536591,
        "std_psnr": 5.705862728576292,
        "mean_ssim": 0.9458506707397503,
        "std_ssim": 0.03276419414790387,
        "nan_count": 0
      },
      "0.15": {
        "mean_mse": 0.00034401066833235827,
        "std_mse": 0.00029528999257074853,
        "mean_psnr": 38.15029063229526,
        "std_psnr": 8.946004262745735,
        "mean_ssim": 0.9655739512124424,
        "std_ssim": 0.025743115491531184,
        "nan_count": 0
      },
      "0.2": {
        "mean_mse": 0.0001565447157889352,
        "std_mse": 0.00015775406507687897,
        "mean_psnr": 45.9213810759022,
        "std_psnr": 23.94253015171299,
        "mean_ssim": 0.9798880001131076,
        "std_ssim": 0.018548806525620153,
        "nan_count": 0
      }
    },
    "time": 349.6994149973616,
    "_pdft_py": {
      "family": "tebd",
      "stage_k": 5,
      "n_trainable": 20,
      "block_size": 32,
      "steps": 1008,
      "epochs_completed": 112,
      "device": "cuda:0",
      "n_test": 50
    }
  }
}