{
  "rich_progressive_k3": {
    "metrics": {
      "0.05": {
        "mean_mse": 0.0004774069176245192,
        "std_mse": 0.0004956938049633492,
        "mean_psnr": 37.28760213284974,
        "std_psnr": 8.530351301688754,
        "mean_ssim": 0.9778498305952656,
        "std_ssim": 0.01598198936536364,
        "nan_count": 0
      },
      "0.1": {
        "mean_mse": 3.5513274476115044e-05,
        "std_mse": 5.431167767448703e-05,
        "mean_psnr": 53.43416263946249,
        "std_psnr": 12.670908891116778,
        "mean_ssim": 0.9962530567040635,
        "std_ssim": 0.004432802046001251,
        "nan_count": 0
      },
      "0.15": {
        "mean_mse": 2.873486215872476e-06,
        "std_mse": 5.510186175134851e-06,
        "mean_psnr": 67.5128462981112,
        "std_psnr": 13.316310595115443,
        "mean_ssim": 0.9994966268041037,
        "std_ssim": 0.0007952268796930534,
        "nan_count": 0
      },
      "0.2": {
        "mean_mse": 1.6539618574255267e-07,
        "std_mse": 4.1117597352082405e-07,
        "mean_psnr": 78.77315055680324,
        "std_psnr": 10.467302678610128,
        "mean_ssim": 0.9999529534719849,
        "std_ssim": 9.040868584925707e-05,
        "nan_count": 0
      }
    },
    "time": 284.4939315682277,
    "_pdft_py": {
      "family": "rich",
      "stage_k": 3,
      "n_trainable": 12,
      "block_size": 8,
      "steps": 1008,
      "epochs_completed": 112,
      "device": "cuda:0",
      "n_test": 50
    }
  }
}