{
  "tebd": {
    "metrics": {
      "0.05": {
        "mean_mse": 0.0038260074066324545,
        "std_mse": 0.00237721809706344,
        "mean_psnr": 25.234983916681653,
        "std_psnr": 3.353174877677714,
        "mean_ssim": 0.7263845348368524,
        "std_ssim": 0.07764917193939745,
        "nan_count": 0
      },
      "0.1": {
        "mean_mse": 0.0021996603897085454,
        "std_mse": 0.00145353581944994,
        "mean_psnr": 27.81177255574442,
        "std_psnr": 3.7191553769359906,
        "mean_ssim": 0.8235036169999667,
        "std_ssim": 0.05882062175503434,
        "nan_count": 0
      },
      "0.15": {
        "mean_mse": 0.0014242527223395224,
        "std_mse": 0.0009883344838782584,
        "mean_psnr": 29.841490889590695,
        "std_psnr": 4.005427927800504,
        "mean_ssim": 0.875160770152123,
        "std_ssim": 0.04626424742517828,
        "nan_count": 0
      },
      "0.2": {
        "mean_mse": 0.0009651630562240165,
        "std_mse": 0.0006995508866498723,
        "mean_psnr": 31.65981232688986,
        "std_psnr": 4.245210360300731,
        "mean_ssim": 0.9084883719539069,
        "std_ssim": 0.03688794940430478,
        "nan_count": 0
      }
    },
    "time": 543.3221117798239,
    "_pdft_py": {
      "basis": "tebd",
      "lam": 1.0,
      "init_mode": "identity",
      "regulariser": "L1InitAnchorMSELoss",
      "steps": 1008,
      "epochs_completed": 112,
      "device": "cuda:0",
      "n_test": 50
    }
  }
}