{
  "blocked_32": {
    "metrics": {
      "0.05": {
        "mean_mse": 0.004067505495165718,
        "std_mse": 0.0024450692100218,
        "mean_psnr": 24.912211453281945,
        "std_psnr": 3.2688477528438047,
        "mean_ssim": 0.7155644909762329,
        "std_ssim": 0.07713993794292973,
        "nan_count": 0
      },
      "0.1": {
        "mean_mse": 0.002419599289063519,
        "std_mse": 0.0015342023383413663,
        "mean_psnr": 27.30404152045588,
        "std_psnr": 3.5660244727624537,
        "mean_ssim": 0.8100515936225255,
        "std_ssim": 0.05913203995866888,
        "nan_count": 0
      },
      "0.15": {
        "mean_mse": 0.0016053081483162592,
        "std_mse": 0.0010636000555273306,
        "mean_psnr": 29.200798578556924,
        "std_psnr": 3.810504642231153,
        "mean_ssim": 0.8618021782205951,
        "std_ssim": 0.04760520401636278,
        "nan_count": 0
      },
      "0.2": {
        "mean_mse": 0.001110690123511352,
        "std_mse": 0.0007665183300688828,
        "mean_psnr": 30.906255082680364,
        "std_psnr": 4.0201300090903365,
        "mean_ssim": 0.8962577189939737,
        "std_ssim": 0.039143262488384505,
        "nan_count": 0
      }
    },
    "time": 322.31658005248755,
    "_pdft_py": {
      "warmup_s": 1.6417022114619613,
      "device": "cuda:0",
      "epochs_completed": 112,
      "steps": 1008,
      "n_test": 50,
      "eval_failed_count": {
        "0.05": 0,
        "0.1": 0,
        "0.15": 0,
        "0.2": 0
      }
    }
  }
}