{
  "mera": {
    "metrics": {
      "0.05": {
        "mean_mse": 0.004067402500873756,
        "std_mse": 0.002444953383671973,
        "mean_psnr": 24.912289857205334,
        "std_psnr": 3.2687958722195303,
        "mean_ssim": 0.7155888722524795,
        "std_ssim": 0.07716346770744706,
        "nan_count": 0
      },
      "0.1": {
        "mean_mse": 0.002419496174753751,
        "std_mse": 0.0015341305866359042,
        "mean_psnr": 27.30416037124019,
        "std_psnr": 3.565874144633878,
        "mean_ssim": 0.810074445100725,
        "std_ssim": 0.05917543817587969,
        "nan_count": 0
      },
      "0.15": {
        "mean_mse": 0.0016052519211675518,
        "std_mse": 0.0010635361974234438,
        "mean_psnr": 29.200900788229742,
        "std_psnr": 3.8105171495093213,
        "mean_ssim": 0.8617881470057637,
        "std_ssim": 0.04763557957453024,
        "nan_count": 0
      },
      "0.2": {
        "mean_mse": 0.0011106769934702378,
        "std_mse": 0.0007665230504292048,
        "mean_psnr": 30.906301213256903,
        "std_psnr": 4.020140691948553,
        "mean_ssim": 0.8962638594193113,
        "std_ssim": 0.03915512341499162,
        "nan_count": 0
      }
    },
    "time": 538.4564403789118,
    "_pdft_py": {
      "basis": "mera",
      "lam": 0.0,
      "regulariser": "MSELoss",
      "steps": 1008,
      "epochs_completed": 112,
      "device": "cuda:0",
      "n_test": 50
    }
  }
}