{
  "qft_identity_reg": {
    "metrics": {
      "0.05": {
        "mean_mse": 0.003825985440757649,
        "std_mse": 0.0023770656036731876,
        "mean_psnr": 25.23482701111971,
        "std_psnr": 3.352832754368793,
        "mean_ssim": 0.7263820553114486,
        "std_ssim": 0.07762991233768102,
        "nan_count": 0
      },
      "0.1": {
        "mean_mse": 0.0021997071563358795,
        "std_mse": 0.0014535024920151244,
        "mean_psnr": 27.811537019357903,
        "std_psnr": 3.7189764723144183,
        "mean_ssim": 0.8235121571887494,
        "std_ssim": 0.05880188213665667,
        "nan_count": 0
      },
      "0.15": {
        "mean_mse": 0.0014242716808999275,
        "std_mse": 0.0009883166463634796,
        "mean_psnr": 29.841279640657557,
        "std_psnr": 4.005260605587488,
        "mean_ssim": 0.8751721876457954,
        "std_ssim": 0.046269416832935915,
        "nan_count": 0
      },
      "0.2": {
        "mean_mse": 0.0009651622887402335,
        "std_mse": 0.0006995125891571017,
        "mean_psnr": 31.659519645085023,
        "std_psnr": 4.244791198201656,
        "mean_ssim": 0.9084868507243301,
        "std_ssim": 0.03688757765864955,
        "nan_count": 0
      }
    },
    "time": 562.6676643397659,
    "_pdft_py": {
      "lam": 0.01,
      "outer_weight": 10.0,
      "inner_m": 3,
      "inner_n": 3,
      "steps": 1008,
      "epochs_completed": 112,
      "device": "cuda:0",
      "n_test": 50
    }
  }
}