{
  "entangled_qft_b2": {
    "metrics": {
      "0.01": {
        "mean_mse": 0.060105783575117123,
        "std_mse": 0.012706079803950792,
        "mean_psnr": 12.317285098753748,
        "std_psnr": 0.9881387295702321,
        "mean_ssim": 0.43790170292047165,
        "std_ssim": 0.10765826623776988,
        "nan_count": 0
      },
      "0.02": {
        "mean_mse": 0.04178255923388421,
        "std_mse": 0.010634204761345283,
        "mean_psnr": 13.942771479466025,
        "std_psnr": 1.1804305685910115,
        "mean_ssim": 0.5901858294290411,
        "std_ssim": 0.09786881048241872,
        "nan_count": 0
      },
      "0.05": {
        "mean_mse": 0.01925577528217605,
        "std_mse": 0.006467684493950668,
        "mean_psnr": 17.42372374780498,
        "std_psnr": 1.5750131732907824,
        "mean_ssim": 0.8027683485975953,
        "std_ssim": 0.05455996209045609,
        "nan_count": 0
      },
      "0.1": {
        "mean_mse": 0.007661914430681871,
        "std_mse": 0.0034504665990141375,
        "mean_psnr": 21.612483952021567,
        "std_psnr": 2.0437459668977427,
        "mean_ssim": 0.9118005002212568,
        "std_ssim": 0.029930794448047693,
        "nan_count": 0
      },
      "0.15": {
        "mean_mse": 0.003485958263291072,
        "std_mse": 0.0019584632605779257,
        "mean_psnr": 25.29069536249772,
        "std_psnr": 2.5919006993263665,
        "mean_ssim": 0.9534392007571898,
        "std_ssim": 0.019642627202485788,
        "nan_count": 0
      },
      "0.2": {
        "mean_mse": 0.001675684195711421,
        "std_mse": 0.0011622381938240286,
        "mean_psnr": 28.889294350965862,
        "std_psnr": 3.3458652649903855,
        "mean_ssim": 0.976870410733432,
        "std_ssim": 0.012335765389881547,
        "nan_count": 0
      }
    },
    "seed": 98,
    "init": "family_random_basis",
    "objective": "top10pct_mse",
    "steps": 1008,
    "epochs_completed": 112,
    "elapsed_seconds": 21.7
  }
}