{
  "qft_progressive_k3": {
    "metrics": {
      "0.05": {
        "mean_mse": 0.020995589477669406,
        "std_mse": 0.009793494702673215,
        "mean_psnr": 17.30689559702528,
        "std_psnr": 2.251143840942096,
        "mean_ssim": 0.8074018549749102,
        "std_ssim": 0.06953159009959255,
        "nan_count": 0
      },
      "0.1": {
        "mean_mse": 0.007440370519348684,
        "std_mse": 0.004646022116312239,
        "mean_psnr": 22.215608444536635,
        "std_psnr": 3.0128705637306683,
        "mean_ssim": 0.9252556449217175,
        "std_ssim": 0.032559288449762865,
        "nan_count": 0
      },
      "0.15": {
        "mean_mse": 0.0029258873096261267,
        "std_mse": 0.002409688214053056,
        "mean_psnr": 27.002293435526866,
        "std_psnr": 4.1611305832245895,
        "mean_ssim": 0.9683744663798067,
        "std_ssim": 0.018074621877238354,
        "nan_count": 0
      },
      "0.2": {
        "mean_mse": 0.001182002900498484,
        "std_mse": 0.0012582501008796304,
        "mean_psnr": 32.474691629635714,
        "std_psnr": 6.260388763284071,
        "mean_ssim": 0.9848080560203486,
        "std_ssim": 0.012035903234180245,
        "nan_count": 0
      }
    },
    "time": 12.110261721536517,
    "_pdft_py": {
      "family": "qft",
      "stage_k": 3,
      "n_trainable": 12,
      "block_size": 8,
      "steps": 1008,
      "epochs_completed": 112,
      "device": "cuda:0",
      "n_test": 50
    }
  }
}