{
  "dct4_ctl": {
    "metrics": {
      "0.01": {
        "mean_mse": 0.05326892391249368,
        "std_mse": 0.01254492848692144,
        "mean_psnr": 12.862868599917922,
        "std_psnr": 1.0707846457230548,
        "mean_ssim": 0.44955985232466644,
        "std_ssim": 0.09343638412576173,
        "nan_count": 0
      },
      "0.05": {
        "mean_mse": 0.015359730958540539,
        "std_mse": 0.005407927193922746,
        "mean_psnr": 18.430384850588183,
        "std_psnr": 1.6478573068710998,
        "mean_ssim": 0.7803293843193946,
        "std_ssim": 0.03530355160803762,
        "nan_count": 0
      },
      "0.1": {
        "mean_mse": 0.005454691202514549,
        "std_mse": 0.002442919732626197,
        "mean_psnr": 23.10613111934882,
        "std_psnr": 2.114847027815159,
        "mean_ssim": 0.8685211995457293,
        "std_ssim": 0.026527875199348606,
        "nan_count": 0
      },
      "0.15": {
        "mean_mse": 0.0022577430043262585,
        "std_mse": 0.00122983119934304,
        "mean_psnr": 27.169071290723423,
        "std_psnr": 2.6155906684115218,
        "mean_ssim": 0.902042043315875,
        "std_ssim": 0.0285894336022522,
        "nan_count": 0
      },
      "0.2": {
        "mean_mse": 0.0010243314497083104,
        "std_mse": 0.0006548080908784306,
        "mean_psnr": 30.81936688755124,
        "std_psnr": 2.947821834613787,
        "mean_ssim": 0.9214062067125676,
        "std_ssim": 0.024758734075890788,
        "nan_count": 0
      }
    },
    "time": 57.82241673208773,
    "_pdft_py": {
      "warmup_s": 14.627107126638293,
      "device": "cuda:0",
      "epochs_completed": 112,
      "steps": 1008,
      "n_test": 50,
      "eval_failed_count": {
        "0.01": 0,
        "0.05": 0,
        "0.1": 0,
        "0.15": 0,
        "0.2": 0
      }
    }
  }
}