{
  "qft_topk20": {
    "metrics": {
      "0.05": {
        "mean_mse": 0.02739962512952149,
        "std_mse": 0.007682759599759189,
        "mean_psnr": 15.799803398153626,
        "std_psnr": 1.2552179155913403,
        "mean_ssim": 0.652075392985985,
        "std_ssim": 0.0806274594616842,
        "nan_count": 0
      },
      "0.1": {
        "mean_mse": 0.015483098500590714,
        "std_mse": 0.005294622843187485,
        "mean_psnr": 18.36976182897797,
        "std_psnr": 1.5534259617647843,
        "mean_ssim": 0.7639702895304307,
        "std_ssim": 0.06150243036112419,
        "nan_count": 0
      },
      "0.15": {
        "mean_mse": 0.00956799316594596,
        "std_mse": 0.0037541802641999733,
        "mean_psnr": 20.55695021756271,
        "std_psnr": 1.8340228543619703,
        "mean_ssim": 0.8188708129461242,
        "std_ssim": 0.051975923791836735,
        "nan_count": 0
      },
      "0.2": {
        "mean_mse": 0.006184076853186587,
        "std_mse": 0.0027014567015087383,
        "mean_psnr": 22.56784816993691,
        "std_psnr": 2.141257181144306,
        "mean_ssim": 0.8597096614868169,
        "std_ssim": 0.04714799629727833,
        "nan_count": 0
      }
    },
    "time": 16.98826202005148,
    "_pdft_py": {
      "train_ratio": 0.2,
      "train_k": 205,
      "steps": 1008,
      "epochs_completed": 112,
      "device": "cuda:0",
      "n_test": 50
    }
  }
}