{
  "rich_progressive_k4": {
    "metrics": {
      "0.05": {
        "mean_mse": 0.0031168514491486817,
        "std_mse": 0.0020466529077749315,
        "mean_psnr": 26.29254346335659,
        "std_psnr": 3.6966359194567615,
        "mean_ssim": 0.7567320561666474,
        "std_ssim": 0.07889790951219235,
        "nan_count": 0
      },
      "0.1": {
        "mean_mse": 0.0016435812113146672,
        "std_mse": 0.0011591754030251362,
        "mean_psnr": 29.270524977510913,
        "std_psnr": 4.104580625314523,
        "mean_ssim": 0.8553706014025184,
        "std_ssim": 0.05551178347584137,
        "nan_count": 0
      },
      "0.15": {
        "mean_mse": 0.001006424637826711,
        "std_mse": 0.0007481595416467228,
        "mean_psnr": 31.557614152869032,
        "std_psnr": 4.4043711542730595,
        "mean_ssim": 0.9032157901161861,
        "std_ssim": 0.04128715847600574,
        "nan_count": 0
      },
      "0.2": {
        "mean_mse": 0.000652646031552082,
        "std_mse": 0.0005086100507469755,
        "mean_psnr": 33.58333428445408,
        "std_psnr": 4.6495870651226445,
        "mean_ssim": 0.9319913431247281,
        "std_ssim": 0.03161303159336501,
        "nan_count": 0
      }
    },
    "time": 447.4901218600571,
    "_pdft_py": {
      "family": "rich",
      "stage_k": 4,
      "n_trainable": 20,
      "block_size": 16,
      "steps": 1008,
      "epochs_completed": 112,
      "device": "cuda:0",
      "n_test": 50
    }
  }
}