{
  "qft_progressive_k1": {
    "metrics": {
      "0.05": {
        "mean_mse": 0.7729723811437572,
        "std_mse": 0.008838858243338929,
        "mean_psnr": 1.1186441790874226,
        "std_psnr": 0.049662651579719407,
        "mean_ssim": 0.054201128243733666,
        "std_ssim": 0.012549166636385424,
        "nan_count": 0
      },
      "0.1": {
        "mean_mse": 0.5729601741128847,
        "std_mse": 0.008838858243338908,
        "mean_psnr": 2.419272469557201,
        "std_psnr": 0.06700314366943086,
        "mean_ssim": 0.21170016084898546,
        "std_ssim": 0.025358471812951085,
        "nan_count": 0
      },
      "0.15": {
        "mean_mse": 0.37300900223826206,
        "std_mse": 0.008838858243338911,
        "mean_psnr": 4.284026599401962,
        "std_psnr": 0.1029410120458092,
        "mean_ssim": 0.3922151812823271,
        "std_ssim": 0.04899872218313165,
        "nan_count": 0
      },
      "0.2": {
        "mean_mse": 0.17299692678704934,
        "std_mse": 0.00883862365601455,
        "mean_psnr": 7.625296693288401,
        "std_psnr": 0.22227336263720418,
        "mean_ssim": 0.6151047499146829,
        "std_ssim": 0.03004017077899797,
        "nan_count": 0
      }
    },
    "time": 68.70818380545825,
    "_pdft_py": {
      "family": "qft",
      "stage_k": 1,
      "n_trainable": 2,
      "block_size": 2,
      "steps": 1008,
      "epochs_completed": 112,
      "device": "cuda:0",
      "n_test": 50
    }
  }
}