{
  "qft": {
    "metrics": {
      "0.01": {
        "mean_mse": 0.009098977484065317,
        "std_mse": 0.005085623816009907,
        "mean_psnr": 21.21441174901959,
        "std_psnr": 2.8090180370726987,
        "mean_ssim": 0.4834955751510611,
        "std_ssim": 0.1087798578675433,
        "nan_count": 0
      },
      "0.02": {
        "mean_mse": 0.006519540742477562,
        "std_mse": 0.0038135551754006005,
        "mean_psnr": 22.765324702785666,
        "std_psnr": 3.026089004408459,
        "mean_ssim": 0.590446808525497,
        "std_ssim": 0.09739824922650188,
        "nan_count": 0
      },
      "0.05": {
        "mean_mse": 0.003825990621786375,
        "std_mse": 0.002376997131519503,
        "mean_psnr": 25.234743679291444,
        "std_psnr": 3.352684380795401,
        "mean_ssim": 0.726391918733071,
        "std_ssim": 0.07765975601005362,
        "nan_count": 0
      },
      "0.1": {
        "mean_mse": 0.002199654568976095,
        "std_mse": 0.0014534010795520067,
        "mean_psnr": 27.811497116979464,
        "std_psnr": 3.7187082434930923,
        "mean_ssim": 0.8235427675679383,
        "std_ssim": 0.058814067644573,
        "nan_count": 0
      },
      "0.15": {
        "mean_mse": 0.0014242317317559588,
        "std_mse": 0.000988237711680395,
        "mean_psnr": 29.841203090502272,
        "std_psnr": 4.00492974462255,
        "mean_ssim": 0.8751594885792469,
        "std_ssim": 0.04627658090706005,
        "nan_count": 0
      },
      "0.2": {
        "mean_mse": 0.0009651581671248117,
        "std_mse": 0.0006995084448041335,
        "mean_psnr": 31.65947248176157,
        "std_psnr": 4.24470576604478,
        "mean_ssim": 0.9085016834138774,
        "std_ssim": 0.03691373499167793,
        "nan_count": 0
      }
    },
    "seed": 98,
    "init": "family_random_basis",
    "objective": "top10pct_mse",
    "steps": 1008,
    "epochs_completed": 112,
    "elapsed_seconds": 618.1
  }
}