{
  "entangled_qft_progressive_k4": {
    "metrics": {
      "0.05": {
        "mean_mse": 0.0038260284932262897,
        "std_mse": 0.002377088848654224,
        "mean_psnr": 25.23473875629226,
        "std_psnr": 3.35271810195869,
        "mean_ssim": 0.7263705762008408,
        "std_ssim": 0.0776276682502698,
        "nan_count": 0
      },
      "0.1": {
        "mean_mse": 0.0021996937266653724,
        "std_mse": 0.0014534952717107582,
        "mean_psnr": 27.811505257486605,
        "std_psnr": 3.7188041972611954,
        "mean_ssim": 0.8235134306419577,
        "std_ssim": 0.05880953585279191,
        "nan_count": 0
      },
      "0.15": {
        "mean_mse": 0.0014242571506954882,
        "std_mse": 0.0009882840193815158,
        "mean_psnr": 29.841193558105406,
        "std_psnr": 4.005054385565256,
        "mean_ssim": 0.8751882197083926,
        "std_ssim": 0.04626263270820508,
        "nan_count": 0
      },
      "0.2": {
        "mean_mse": 0.0009651681514849586,
        "std_mse": 0.0006995484152756386,
        "mean_psnr": 31.6594964609772,
        "std_psnr": 4.244761096149833,
        "mean_ssim": 0.9085062514664795,
        "std_ssim": 0.036905492496243496,
        "nan_count": 0
      }
    },
    "time": 266.8754572449252,
    "_pdft_py": {
      "family": "entangled_qft",
      "stage_k": 4,
      "n_trainable": 24,
      "block_size": 16,
      "steps": 1008,
      "epochs_completed": 112,
      "device": "cuda:0",
      "n_test": 50
    }
  }
}