{
  "tebd_b2": {
    "metrics": {
      "0.01": {
        "mean_mse": 0.1547871146830437,
        "std_mse": 0.07653595430892524,
        "mean_psnr": 8.709993608589906,
        "std_psnr": 2.4141877704263135,
        "mean_ssim": 0.10876052215549495,
        "std_ssim": 0.022236820411745815,
        "nan_count": 0
      },
      "0.02": {
        "mean_mse": 0.09643915243832409,
        "std_mse": 0.05294427373494403,
        "mean_psnr": 10.883636949893116,
        "std_psnr": 2.62347938166156,
        "mean_ssim": 0.2216429396966774,
        "std_ssim": 0.03972041676817992,
        "nan_count": 0
      },
      "0.05": {
        "mean_mse": 0.014624488697804909,
        "std_mse": 0.007823722825315686,
        "mean_psnr": 19.06319953504209,
        "std_psnr": 2.616642406323491,
        "mean_ssim": 0.5265365318695681,
        "std_ssim": 0.08675673741473786,
        "nan_count": 0
      },
      "0.1": {
        "mean_mse": 0.0026643127930508293,
        "std_mse": 0.0017588465578022773,
        "mean_psnr": 26.93232881030069,
        "std_psnr": 3.567816724450119,
        "mean_ssim": 0.7929648988391443,
        "std_ssim": 0.0655537720458648,
        "nan_count": 0
      },
      "0.15": {
        "mean_mse": 0.0014394061508227031,
        "std_mse": 0.001011746181445174,
        "mean_psnr": 29.764788639157064,
        "std_psnr": 3.880387938233066,
        "mean_ssim": 0.8706104135581983,
        "std_ssim": 0.04745077963072125,
        "nan_count": 0
      },
      "0.2": {
        "mean_mse": 0.0008785400933810929,
        "std_mse": 0.0006481756514115818,
        "mean_psnr": 32.04589756601329,
        "std_psnr": 4.1303187858978445,
        "mean_ssim": 0.9122682736680627,
        "std_ssim": 0.03593319551053893,
        "nan_count": 0
      }
    },
    "seed": 98,
    "init": "family_random_basis",
    "objective": "top10pct_mse",
    "steps": 1008,
    "epochs_completed": 112,
    "elapsed_seconds": 90.0
  }
}