{
  "rich_progressive_k8": {
    "metrics": {
      "0.05": {
        "mean_mse": 0.003087106776996106,
        "std_mse": 0.002015226633361255,
        "mean_psnr": 26.32429207635369,
        "std_psnr": 3.678664949129252,
        "mean_ssim": 0.7607073125835447,
        "std_ssim": 0.07817796147401322,
        "nan_count": 0
      },
      "0.1": {
        "mean_mse": 0.0016460441863881165,
        "std_mse": 0.0011555656206416753,
        "mean_psnr": 29.24353010110044,
        "std_psnr": 4.06024817054816,
        "mean_ssim": 0.8557028359550629,
        "std_ssim": 0.05525139469187044,
        "nan_count": 0
      },
      "0.15": {
        "mean_mse": 0.0010186098098114258,
        "std_mse": 0.0007560815411788724,
        "mean_psnr": 31.478140447629855,
        "std_psnr": 4.3391463641844865,
        "mean_ssim": 0.9023568430473553,
        "std_ssim": 0.04162431988182906,
        "nan_count": 0
      },
      "0.2": {
        "mean_mse": 0.0006679406395058066,
        "std_mse": 0.0005201390854765977,
        "mean_psnr": 33.44551712923103,
        "std_psnr": 4.56314046821217,
        "mean_ssim": 0.930648813082204,
        "std_ssim": 0.032071878347353915,
        "nan_count": 0
      }
    },
    "time": 1405.5332650551572,
    "_pdft_py": {
      "family": "rich",
      "stage_k": 8,
      "n_trainable": 72,
      "block_size": 256,
      "steps": 1008,
      "epochs_completed": 112,
      "device": "cuda:0",
      "n_test": 50
    }
  }
}