{
  "rich_b3": {
    "metrics": {
      "0.01": {
        "mean_mse": 0.03731851381235207,
        "std_mse": 0.019353598313216737,
        "mean_psnr": 14.925434589294381,
        "std_psnr": 2.444531766332568,
        "mean_ssim": 0.28369342616269283,
        "std_ssim": 0.09241412708787694,
        "nan_count": 0
      },
      "0.02": {
        "mean_mse": 0.007581435992918427,
        "std_mse": 0.0044908330697116155,
        "mean_psnr": 22.09624836686813,
        "std_psnr": 2.9484946320262178,
        "mean_ssim": 0.5215751769893145,
        "std_ssim": 0.10632483391010661,
        "nan_count": 0
      },
      "0.05": {
        "mean_mse": 0.0033788050826547133,
        "std_mse": 0.0021769341484595087,
        "mean_psnr": 25.851962018069507,
        "std_psnr": 3.4770888411302088,
        "mean_ssim": 0.7354038752019069,
        "std_ssim": 0.07743172350837212,
        "nan_count": 0
      },
      "0.1": {
        "mean_mse": 0.001698780867451427,
        "std_mse": 0.0011796157105739397,
        "mean_psnr": 29.0519837659378,
        "std_psnr": 3.921997246574572,
        "mean_ssim": 0.8483498920111318,
        "std_ssim": 0.05560020220393851,
        "nan_count": 0
      },
      "0.15": {
        "mean_mse": 0.00101664049666514,
        "std_mse": 0.0007474797800336875,
        "mean_psnr": 31.454106182196448,
        "std_psnr": 4.259755507685876,
        "mean_ssim": 0.9005681596834505,
        "std_ssim": 0.0412419607636209,
        "nan_count": 0
      },
      "0.2": {
        "mean_mse": 0.0006488791685009488,
        "std_mse": 0.0005009349631738793,
        "mean_psnr": 33.55676759600685,
        "std_psnr": 4.527449863296875,
        "mean_ssim": 0.9314352417540741,
        "std_ssim": 0.031081741881515357,
        "nan_count": 0
      }
    },
    "seed": 98,
    "init": "family_random_basis",
    "objective": "top10pct_mse",
    "steps": 1008,
    "epochs_completed": 112,
    "elapsed_seconds": 311.2
  }
}