{
  "tebd_progressive_k7": {
    "metrics": {
      "0.05": {
        "mean_mse": 0.0012144183531830586,
        "std_mse": 0.0009294015551568029,
        "mean_psnr": 31.493148843007372,
        "std_psnr": 6.234591028241955,
        "mean_ssim": 0.9577598752016037,
        "std_ssim": 0.025891035187760432,
        "nan_count": 0
      },
      "0.1": {
        "mean_mse": 0.0003397186424198218,
        "std_mse": 0.0003317813339737224,
        "mean_psnr": 39.93843807842416,
        "std_psnr": 12.188570835063942,
        "mean_ssim": 0.9802312883345037,
        "std_ssim": 0.016757318123067588,
        "nan_count": 0
      },
      "0.15": {
        "mean_mse": 0.00010316564800698258,
        "std_mse": 0.00012295201114649577,
        "mean_psnr": 49.44323181650243,
        "std_psnr": 17.61584712016491,
        "mean_ssim": 0.9914854375989794,
        "std_ssim": 0.009726589427068883,
        "nan_count": 0
      },
      "0.2": {
        "mean_mse": 2.9851459236613167e-05,
        "std_mse": 4.3431319632641025e-05,
        "mean_psnr": 62.880687554126,
        "std_psnr": 24.07134739515446,
        "mean_ssim": 0.9969912800895642,
        "std_ssim": 0.004280940275423997,
        "nan_count": 0
      }
    },
    "time": 472.9854101911187,
    "_pdft_py": {
      "family": "tebd",
      "stage_k": 7,
      "n_trainable": 28,
      "block_size": 128,
      "steps": 1008,
      "epochs_completed": 112,
      "device": "cuda:0",
      "n_test": 50
    }
  }
}